{
  "meta": {
    "data_version": "1.1.0",
    "created": "2025-01-15",
    "revision": 1
  },
  "info": {
    "balls_per_over": 6,
    "city": "Hobart",
    "dates": [
      "2025-01-14"
    ],
    "event": {
      "name": "Big Bash League",
      "match_number": 34
    },
    "gender": "male",
    "match_type": "T20",
    "officials": {
      "match_referees": [
        "RL Parry"
      ],
      "reserve_umpires": [
        "M Qureshi"
      ],
      "tv_umpires": [
        "SJ Nogajski"
      ],
      "umpires": [
        "Andrew Crozier",
        "GA Abood"
      ]
    },
    "outcome": {
      "winner": "Hobart Hurricanes",
      "by": {
        "wickets": 4
      }
    },
    "overs": 20,
    "player_of_match": [
      "JG Bethell"
    ],
    "players": {
      "Melbourne Renegades": [
        "J Brown",
        "MS Harris",
        "J Fraser-McGurk",
        "JG Bethell",
        "TL Seifert",
        "W Sutherland",
        "HT Dixon",
        "TS Rogers",
        "F O'Neill",
        "A Zampa",
        "C Stow"
      ],
      "Hobart Hurricanes": [
        "MJ Owen",
        "CP Jewell",
        "CA Wakim",
        "Nikhil Chaudhary",
        "JR Doran",
        "MS Wade",
        "TH David",
        "NT Ellis",
        "P Hatzoglou",
        "RP Meredith",
        "B Stanlake"
      ]
    },
    "registry": {
      "people": {
        "A Zampa": "14f96089",
        "Andrew Crozier": "00d07580",
        "B Stanlake": "6834d1f2",
        "C Stow": "3f9ec1d2",
        "CA Wakim": "c5e415aa",
        "CP Jewell": "806c4e58",
        "F O'Neill": "39d608d4",
        "GA Abood": "a4af5528",
        "HT Dixon": "ecbad6c6",
        "J Brown": "647e7d44",
        "J Fraser-McGurk": "9b6e1b3f",
        "JG Bethell": "3c55c703",
        "JR Doran": "9cebb612",
        "M Qureshi": "cf34fbef",
        "MJ Owen": "f2c936d7",
        "MS Harris": "9e85455c",
        "MS Wade": "afa7e784",
        "NT Ellis": "9eb1455b",
        "Nikhil Chaudhary": "1f84183a",
        "P Hatzoglou": "6f95e5fa",
        "RL Parry": "86d151dc",
        "RP Meredith": "64775749",
        "SJ Nogajski": "9b3f9323",
        "TH David": "f1f99156",
        "TL Seifert": "4663bd23",
        "TS Rogers": "1b04e02b",
        "W Sutherland": "bc2d4f2e"
      }
    },
    "season": "2024/25",
    "team_type": "club",
    "teams": [
      "Melbourne Renegades",
      "Hobart Hurricanes"
    ],
    "toss": {
      "decision": "field",
      "winner": "Hobart Hurricanes"
    },
    "venue": "Bellerive Oval, Hobart"
  },
  "innings": [
    {
      "team": "Melbourne Renegades",
      "overs": [
        {
          "over": 0,
          "deliveries": [
            {
              "batter": "J Brown",
              "bowler": "RP Meredith",
              "non_striker": "MS Harris",
              "runs": {
                "batter": 0,
                "extras": 0,
                "total": 0
              }
            },
            {
              "batter": "J Brown",
              "bowler": "RP Meredith",
              "non_striker": "MS Harris",
              "runs": {
                "batter": 1,
                "extras": 0,
                "total": 1
              }
            },
            {
              "batter": "MS Harris",
              "bowler": "RP Meredith",
              "non_striker": "J Brown",
              "runs": {
                "batter": 0,
                "extras": 0,
                "total": 0
              }
            },
            {
              "batter": "MS Harris",
              "bowler": "RP Meredith",
              "non_striker": "J Brown",
              "runs": {
                "batter": 1,
                "extras": 0,
                "total": 1
              }
            },
            {
              "batter": "J Brown",
              "bowler": "RP Meredith",
              "non_striker": "MS Harris",
              "runs": {
                "batter": 0,
                "extras": 0,
                "total": 0
              }
            },
            {
              "batter": "J Brown",
              "bowler": "RP Meredith",
              "non_striker": "MS Harris",
              "runs": {
                "batter": 0,
                "extras": 0,
                "total": 0
              }
            }
          ]
        },
        {
          "over": 1,
          "deliveries": [
            {
              "batter": "MS Harris",
              "bowler": "B Stanlake",
              "extras": {
                "legbyes": 1
              },
              "non_striker": "J Brown",
              "runs": {
                "batter": 0,
                "extras": 1,
                "total": 1
              }
            },
            {
              "batter": "J Brown",
              "bowler": "B Stanlake",
              "non_striker": "MS Harris",
              "runs": {
                "batter": 0,
                "extras": 0,
                "total": 0
              }
            },
            {
              "batter": "J Brown",
              "bowler": "B Stanlake",
              "non_striker": "MS Harris",
              "runs": {
                "batter": 0,
                "extras": 0,
                "total": 0
              }
            },
            {
              "batter": "J Brown",
              "bowler": "B Stanlake",
              "non_striker": "MS Harris",
              "runs": {
                "batter": 4,
                "extras": 0,
                "total": 4
              }
            },
            {
              "batter": "J Brown",
              "bowler": "B Stanlake",
              "non_striker": "MS Harris",
              "runs": {
                "batter": 0,
                "extras": 0,
                "total": 0
              }
            },
            {
              "batter": "J Brown",
              "bowler": "B Stanlake",
              "non_striker": "MS Harris",
              "runs": {
                "batter": 1,
                "extras": 0,
                "total": 1
              }
            }
          ]
        },
        {
          "over": 2,
          "deliveries": [
            {
              "batter": "J Brown",
              "bowler": "RP Meredith",
              "non_striker": "MS Harris",
              "runs": {
                "batter": 0,
                "extras": 0,
                "total": 0
              },
              "wickets": [
                {
                  "player_out": "J Brown",
                  "fielders": [
                    {
                      "name": "B Stanlake"
                    }
                  ],
                  "kind": "caught"
                }
              ]
            },
            {
              "batter": "J Fraser-McGurk",
              "bowler": "RP Meredith",
              "non_striker": "MS Harris",
              "runs": {
                "batter": 1,
                "extras": 0,
                "total": 1
              }
            },
            {
              "batter": "MS Harris",
              "bowler": "RP Meredith",
              "non_striker": "J Fraser-McGurk",
              "runs": {
                "batter": 0,
                "extras": 0,
                "total": 0
              }
            },
            {
              "batter": "MS Harris",
              "bowler": "RP Meredith",
              "non_striker": "J Fraser-McGurk",
              "runs": {
                "batter": 0,
                "extras": 0,
                "total": 0
              }
            },
            {
              "batter": "MS Harris",
              "bowler": "RP Meredith",
              "non_striker": "J Fraser-McGurk",
              "runs": {
                "batter": 0,
                "extras": 0,
                "total": 0
              },
              "wickets": [
                {
                  "player_out": "MS Harris",
                  "fielders": [
                    {
                      "name": "MS Wade"
                    }
                  ],
                  "kind": "caught"
                }
              ]
            },
            {
              "batter": "JG Bethell",
              "bowler": "RP Meredith",
              "extras": {
                "wides": 1
              },
              "non_striker": "J Fraser-McGurk",
              "runs": {
                "batter": 0,
                "extras": 1,
                "total": 1
              }
            },
            {
              "batter": "JG Bethell",
              "bowler": "RP Meredith",
              "non_striker": "J Fraser-McGurk",
              "runs": {
                "batter": 3,
                "extras": 0,
                "total": 3
              }
            }
          ]
        },
        {
          "over": 3,
          "deliveries": [
            {
              "batter": "JG Bethell",
              "bowler": "NT Ellis",
              "non_striker": "J Fraser-McGurk",
              "runs": {
                "batter": 1,
                "extras": 0,
                "total": 1
              }
            },
            {
              "batter": "J Fraser-McGurk",
              "bowler": "NT Ellis",
              "non_striker": "JG Bethell",
              "runs": {
                "batter": 0,
                "extras": 0,
                "total": 0
              }
            },
            {
              "batter": "J Fraser-McGurk",
              "bowler": "NT Ellis",
              "non_striker": "JG Bethell",
              "runs": {
                "batter": 2,
                "extras": 0,
                "total": 2
              }
            },
            {
              "batter": "J Fraser-McGurk",
              "bowler": "NT Ellis",
              "non_striker": "JG Bethell",
              "runs": {
                "batter": 2,
                "extras": 0,
                "total": 2
              }
            },
            {
              "batter": "J Fraser-McGurk",
              "bowler": "NT Ellis",
              "non_striker": "JG Bethell",
              "runs": {
                "batter": 1,
                "extras": 0,
                "total": 1
              }
            },
            {
              "batter": "JG Bethell",
              "bowler": "NT Ellis",
              "non_striker": "J Fraser-McGurk",
              "runs": {
                "batter": 1,
                "extras": 0,
                "total": 1
              }
            }
          ]
        },
        {
          "over": 4,
          "deliveries": [
            {
              "batter": "JG Bethell",
              "bowler": "P Hatzoglou",
              "non_striker": "J Fraser-McGurk",
              "runs": {
                "batter": 1,
                "extras": 0,
                "total": 1
              }
            },
            {
              "batter": "J Fraser-McGurk",
              "bowler": "P Hatzoglou",
              "non_striker": "JG Bethell",
              "runs": {
                "batter": 0,
                "extras": 0,
                "total": 0
              }
            },
            {
              "batter": "J Fraser-McGurk",
              "bowler": "P Hatzoglou",
              "non_striker": "JG Bethell",
              "runs": {
                "batter": 1,
                "extras": 0,
                "total": 1
              }
            },
            {
              "batter": "JG Bethell",
              "bowler": "P Hatzoglou",
              "extras": {
                "wides": 1
              },
              "non_striker": "J Fraser-McGurk",
              "runs": {
                "batter": 0,
                "extras": 1,
                "total": 1
              }
            },
            {
              "batter": "JG Bethell",
              "bowler": "P Hatzoglou",
              "non_striker": "J Fraser-McGurk",
              "runs": {
                "batter": 0,
                "extras": 0,
                "total": 0
              }
            },
            {
              "batter": "JG Bethell",
              "bowler": "P Hatzoglou",
              "non_striker": "J Fraser-McGurk",
              "runs": {
                "batter": 0,
                "extras": 0,
                "total": 0
              },
              "wickets": [
                {
                  "player_out": "J Fraser-McGurk",
                  "fielders": [
                    {
                      "name": "MS Wade"
                    },
                    {
                      "name": "NT Ellis"
                    }
                  ],
                  "kind": "run out"
                }
              ]
            },
            {
              "batter": "TL Seifert",
              "bowler": "P Hatzoglou",
              "non_striker": "JG Bethell",
              "runs": {
                "batter": 1,
                "extras": 0,
                "total": 1
              }
            }
          ]
        },
        {
          "over": 5,
          "deliveries": [
            {
              "batter": "TL Seifert",
              "bowler": "MJ Owen",
              "non_striker": "JG Bethell",
              "runs": {
                "batter": 1,
                "extras": 0,
                "total": 1
              }
            },
            {
              "batter": "JG Bethell",
              "bowler": "MJ Owen",
              "non_striker": "TL Seifert",
              "runs": {
                "batter": 4,
                "extras": 0,
                "total": 4
              }
            },
            {
              "batter": "JG Bethell",
              "bowler": "MJ Owen",
              "non_striker": "TL Seifert",
              "runs": {
                "batter": 4,
                "extras": 0,
                "total": 4
              }
            },
            {
              "batter": "JG Bethell",
              "bowler": "MJ Owen",
              "non_striker": "TL Seifert",
              "runs": {
                "batter": 1,
                "extras": 0,
                "total": 1
              }
            },
            {
              "batter": "TL Seifert",
              "bowler": "MJ Owen",
              "non_striker": "JG Bethell",
              "runs": {
                "batter": 0,
                "extras": 0,
                "total": 0
              }
            },
            {
              "batter": "TL Seifert",
              "bowler": "MJ Owen",
              "non_striker": "JG Bethell",
              "runs": {
                "batter": 0,
                "extras": 0,
                "total": 0
              }
            }
          ]
        },
        {
          "over": 6,
          "deliveries": [
            {
              "batter": "JG Bethell",
              "bowler": "TH David",
              "non_striker": "TL Seifert",
              "runs": {
                "batter": 1,
                "extras": 0,
                "total": 1
              }
            },
            {
              "batter": "TL Seifert",
              "bowler": "TH David",
              "non_striker": "JG Bethell",
              "runs": {
                "batter": 1,
                "extras": 0,
                "total": 1
              }
            },
            {
              "batter": "JG Bethell",
              "bowler": "TH David",
              "non_striker": "TL Seifert",
              "runs": {
                "batter": 0,
                "extras": 0,
                "total": 0
              }
            },
            {
              "batter": "JG Bethell",
              "bowler": "TH David",
              "non_striker": "TL Seifert",
              "runs": {
                "batter": 0,
                "extras": 0,
                "total": 0
              }
            },
            {
              "batter": "JG Bethell",
              "bowler": "TH David",
              "non_striker": "TL Seifert",
              "runs": {
                "batter": 1,
                "extras": 0,
                "total": 1
              }
            },
            {
              "batter": "TL Seifert",
              "bowler": "TH David",
              "non_striker": "JG Bethell",
              "runs": {
                "batter": 1,
                "extras": 0,
                "total": 1
              }
            }
          ]
        },
        {
          "over": 7,
          "deliveries": [
            {
              "batter": "TL Seifert",
              "bowler": "P Hatzoglou",
              "non_striker": "JG Bethell",
              "runs": {
                "batter": 1,
                "extras": 0,
                "total": 1
              }
            },
            {
              "batter": "JG Bethell",
              "bowler": "P Hatzoglou",
              "non_striker": "TL Seifert",
              "runs": {
                "batter": 1,
                "extras": 0,
                "total": 1
              }
            },
            {
              "batter": "TL Seifert",
              "bowler": "P Hatzoglou",
              "non_striker": "JG Bethell",
              "runs": {
                "batter": 0,
                "extras": 0,
                "total": 0
              }
            },
            {
              "batter": "TL Seifert",
              "bowler": "P Hatzoglou",
              "non_striker": "JG Bethell",
              "runs": {
                "batter": 2,
                "extras": 0,
                "total": 2
              }
            },
            {
              "batter": "TL Seifert",
              "bowler": "P Hatzoglou",
              "extras": {
                "legbyes": 1
              },
              "non_striker": "JG Bethell",
              "runs": {
                "batter": 0,
                "extras": 1,
                "total": 1
              }
            },
            {
              "batter": "JG Bethell",
              "bowler": "P Hatzoglou",
              "non_striker": "TL Seifert",
              "runs": {
                "batter": 0,
                "extras": 0,
                "total": 0
              }
            }
          ]
        },
        {
          "over": 8,
          "deliveries": [
            {
              "batter": "TL Seifert",
              "bowler": "Nikhil Chaudhary",
              "non_striker": "JG Bethell",
              "runs": {
                "batter": 1,
                "extras": 0,
                "total": 1
              }
            },
            {
              "batter": "JG Bethell",
              "bowler": "Nikhil Chaudhary",
              "non_striker": "TL Seifert",
              "runs": {
                "batter": 0,
                "extras": 0,
                "total": 0
              }
            },
            {
              "batter": "JG Bethell",
              "bowler": "Nikhil Chaudhary",
              "non_striker": "TL Seifert",
              "runs": {
                "batter": 1,
                "extras": 0,
                "total": 1
              }
            },
            {
              "batter": "TL Seifert",
              "bowler": "Nikhil Chaudhary",
              "non_striker": "JG Bethell",
              "runs": {
                "batter": 1,
                "extras": 0,
                "total": 1
              }
            },
            {
              "batter": "JG Bethell",
              "bowler": "Nikhil Chaudhary",
              "non_striker": "TL Seifert",
              "runs": {
                "batter": 0,
                "extras": 0,
                "total": 0
              }
            },
            {
              "batter": "JG Bethell",
              "bowler": "Nikhil Chaudhary",
              "non_striker": "TL Seifert",
              "runs": {
                "batter": 1,
                "extras": 0,
                "total": 1
              }
            }
          ]
        },
        {
          "over": 9,
          "deliveries": [
            {
              "batter": "JG Bethell",
              "bowler": "TH David",
              "extras": {
                "wides": 1
              },
              "non_striker": "TL Seifert",
              "runs": {
                "batter": 0,
                "extras": 1,
                "total": 1
              }
            },
            {
              "batter": "JG Bethell",
              "bowler": "TH David",
              "non_striker": "TL Seifert",
              "runs": {
                "batter": 4,
                "extras": 0,
                "total": 4
              }
            },
            {
              "batter": "JG Bethell",
              "bowler": "TH David",
              "extras": {
                "legbyes": 1
              },
              "non_striker": "TL Seifert",
              "runs": {
                "batter": 0,
                "extras": 1,
                "total": 1
              }
            },
            {
              "batter": "TL Seifert",
              "bowler": "TH David",
              "non_striker": "JG Bethell",
              "runs": {
                "batter": 2,
                "extras": 0,
                "total": 2
              }
            },
            {
              "batter": "TL Seifert",
              "bowler": "TH David",
              "non_striker": "JG Bethell",
              "runs": {
                "batter": 2,
                "extras": 0,
                "total": 2
              }
            },
            {
              "batter": "TL Seifert",
              "bowler": "TH David",
              "non_striker": "JG Bethell",
              "runs": {
                "batter": 6,
                "extras": 0,
                "total": 6
              }
            },
            {
              "batter": "TL Seifert",
              "bowler": "TH David",
              "non_striker": "JG Bethell",
              "runs": {
                "batter": 1,
                "extras": 0,
                "total": 1
              }
            }
          ]
        },
        {
          "over": 10,
          "deliveries": [
            {
              "batter": "TL Seifert",
              "bowler": "Nikhil Chaudhary",
              "non_striker": "JG Bethell",
              "runs": {
                "batter": 1,
                "extras": 0,
                "total": 1
              }
            },
            {
              "batter": "JG Bethell",
              "bowler": "Nikhil Chaudhary",
              "non_striker": "TL Seifert",
              "runs": {
                "batter": 1,
                "extras": 0,
                "total": 1
              }
            },
            {
              "batter": "TL Seifert",
              "bowler": "Nikhil Chaudhary",
              "non_striker": "JG Bethell",
              "runs": {
                "batter": 2,
                "extras": 0,
                "total": 2
              }
            },
            {
              "batter": "TL Seifert",
              "bowler": "Nikhil Chaudhary",
              "non_striker": "JG Bethell",
              "runs": {
                "batter": 0,
                "extras": 0,
                "total": 0
              }
            },
            {
              "batter": "TL Seifert",
              "bowler": "Nikhil Chaudhary",
              "non_striker": "JG Bethell",
              "runs": {
                "batter": 0,
                "extras": 0,
                "total": 0
              }
            },
            {
              "batter": "TL Seifert",
              "bowler": "Nikhil Chaudhary",
              "non_striker": "JG Bethell",
              "runs": {
                "batter": 1,
                "extras": 0,
                "total": 1
              }
            }
          ]
        },
        {
          "over": 11,
          "deliveries": [
            {
              "batter": "TL Seifert",
              "bowler": "MJ Owen",
              "non_striker": "JG Bethell",
              "runs": {
                "batter": 0,
                "extras": 0,
                "total": 0
              }
            },
            {
              "batter": "TL Seifert",
              "bowler": "MJ Owen",
              "non_striker": "JG Bethell",
              "runs": {
                "batter": 0,
                "extras": 0,
                "total": 0
              },
              "wickets": [
                {
                  "player_out": "TL Seifert",
                  "fielders": [
                    {
                      "name": "RP Meredith"
                    }
                  ],
                  "kind": "caught"
                }
              ]
            },
            {
              "batter": "W Sutherland",
              "bowler": "MJ Owen",
              "non_striker": "JG Bethell",
              "runs": {
                "batter": 0,
                "extras": 0,
                "total": 0
              }
            },
            {
              "batter": "W Sutherland",
              "bowler": "MJ Owen",
              "non_striker": "JG Bethell",
              "runs": {
                "batter": 1,
                "extras": 0,
                "total": 1
              }
            },
            {
              "batter": "JG Bethell",
              "bowler": "MJ Owen",
              "non_striker": "W Sutherland",
              "runs": {
                "batter": 1,
                "extras": 0,
                "total": 1
              }
            },
            {
              "batter": "W Sutherland",
              "bowler": "MJ Owen",
              "non_striker": "JG Bethell",
              "runs": {
                "batter": 1,
                "extras": 0,
                "total": 1
              }
            }
          ]
        },
        {
          "over": 12,
          "deliveries": [
            {
              "batter": "W Sutherland",
              "bowler": "P Hatzoglou",
              "non_striker": "JG Bethell",
              "runs": {
                "batter": 1,
                "extras": 0,
                "total": 1
              }
            },
            {
              "batter": "JG Bethell",
              "bowler": "P Hatzoglou",
              "non_striker": "W Sutherland",
              "runs": {
                "batter": 0,
                "extras": 0,
                "total": 0
              }
            },
            {
              "batter": "JG Bethell",
              "bowler": "P Hatzoglou",
              "non_striker": "W Sutherland",
              "runs": {
                "batter": 4,
                "extras": 0,
                "total": 4
              }
            },
            {
              "batter": "JG Bethell",
              "bowler": "P Hatzoglou",
              "non_striker": "W Sutherland",
              "runs": {
                "batter": 2,
                "extras": 0,
                "total": 2
              }
            },
            {
              "batter": "JG Bethell",
              "bowler": "P Hatzoglou",
              "non_striker": "W Sutherland",
              "runs": {
                "batter": 2,
                "extras": 0,
                "total": 2
              }
            },
            {
              "batter": "JG Bethell",
              "bowler": "P Hatzoglou",
              "non_striker": "W Sutherland",
              "runs": {
                "batter": 1,
                "extras": 0,
                "total": 1
              }
            }
          ]
        },
        {
          "over": 13,
          "deliveries": [
            {
              "batter": "JG Bethell",
              "bowler": "Nikhil Chaudhary",
              "non_striker": "W Sutherland",
              "runs": {
                "batter": 1,
                "extras": 0,
                "total": 1
              }
            },
            {
              "batter": "W Sutherland",
              "bowler": "Nikhil Chaudhary",
              "non_striker": "JG Bethell",
              "runs": {
                "batter": 0,
                "extras": 0,
                "total": 0
              }
            },
            {
              "batter": "W Sutherland",
              "bowler": "Nikhil Chaudhary",
              "non_striker": "JG Bethell",
              "runs": {
                "batter": 2,
                "extras": 0,
                "total": 2
              }
            },
            {
              "batter": "W Sutherland",
              "bowler": "Nikhil Chaudhary",
              "non_striker": "JG Bethell",
              "runs": {
                "batter": 1,
                "extras": 0,
                "total": 1
              }
            },
            {
              "batter": "JG Bethell",
              "bowler": "Nikhil Chaudhary",
              "non_striker": "W Sutherland",
              "runs": {
                "batter": 4,
                "extras": 0,
                "total": 4
              }
            },
            {
              "batter": "JG Bethell",
              "bowler": "Nikhil Chaudhary",
              "non_striker": "W Sutherland",
              "runs": {
                "batter": 0,
                "extras": 0,
                "total": 0
              }
            }
          ]
        },
        {
          "over": 14,
          "deliveries": [
            {
              "batter": "W Sutherland",
              "bowler": "P Hatzoglou",
              "non_striker": "JG Bethell",
              "runs": {
                "batter": 1,
                "extras": 0,
                "total": 1
              }
            },
            {
              "batter": "JG Bethell",
              "bowler": "P Hatzoglou",
              "non_striker": "W Sutherland",
              "runs": {
                "batter": 1,
                "extras": 0,
                "total": 1
              }
            },
            {
              "batter": "W Sutherland",
              "bowler": "P Hatzoglou",
              "non_striker": "JG Bethell",
              "runs": {
                "batter": 4,
                "extras": 0,
                "total": 4
              }
            },
            {
              "batter": "W Sutherland",
              "bowler": "P Hatzoglou",
              "non_striker": "JG Bethell",
              "runs": {
                "batter": 1,
                "extras": 0,
                "total": 1
              }
            },
            {
              "batter": "JG Bethell",
              "bowler": "P Hatzoglou",
              "non_striker": "W Sutherland",
              "runs": {
                "batter": 0,
                "extras": 0,
                "total": 0
              }
            },
            {
              "batter": "JG Bethell",
              "bowler": "P Hatzoglou",
              "non_striker": "W Sutherland",
              "runs": {
                "batter": 4,
                "extras": 0,
                "total": 4
              }
            }
          ]
        },
        {
          "over": 15,
          "deliveries": [
            {
              "batter": "W Sutherland",
              "bowler": "NT Ellis",
              "non_striker": "JG Bethell",
              "runs": {
                "batter": 2,
                "extras": 0,
                "total": 2
              }
            },
            {
              "batter": "W Sutherland",
              "bowler": "NT Ellis",
              "non_striker": "JG Bethell",
              "runs": {
                "batter": 0,
                "extras": 0,
                "total": 0
              }
            },
            {
              "batter": "W Sutherland",
              "bowler": "NT Ellis",
              "non_striker": "JG Bethell",
              "runs": {
                "batter": 1,
                "extras": 0,
                "total": 1
              }
            },
            {
              "batter": "JG Bethell",
              "bowler": "NT Ellis",
              "non_striker": "W Sutherland",
              "runs": {
                "batter": 0,
                "extras": 0,
                "total": 0
              }
            },
            {
              "batter": "JG Bethell",
              "bowler": "NT Ellis",
              "non_striker": "W Sutherland",
              "review": {
                "by": "Hobart Hurricanes",
                "umpire": "Andrew Crozier",
                "batter": "JG Bethell",
                "decision": "struck down",
                "type": "wicket"
              },
              "runs": {
                "batter": 0,
                "extras": 0,
                "total": 0
              }
            },
            {
              "batter": "JG Bethell",
              "bowler": "NT Ellis",
              "non_striker": "W Sutherland",
              "runs": {
                "batter": 1,
                "extras": 0,
                "total": 1
              }
            }
          ]
        },
        {
          "over": 16,
          "deliveries": [
            {
              "batter": "JG Bethell",
              "bowler": "RP Meredith",
              "non_striker": "W Sutherland",
              "runs": {
                "batter": 4,
                "extras": 0,
                "total": 4
              }
            },
            {
              "batter": "JG Bethell",
              "bowler": "RP Meredith",
              "non_striker": "W Sutherland",
              "runs": {
                "batter": 1,
                "extras": 0,
                "total": 1
              }
            },
            {
              "batter": "W Sutherland",
              "bowler": "RP Meredith",
              "non_striker": "JG Bethell",
              "runs": {
                "batter": 0,
                "extras": 0,
                "total": 0
              },
              "wickets": [
                {
                  "player_out": "W Sutherland",
                  "fielders": [
                    {
                      "name": "MJ Owen"
                    }
                  ],
                  "kind": "caught"
                }
              ]
            },
            {
              "batter": "HT Dixon",
              "bowler": "RP Meredith",
              "non_striker": "JG Bethell",
              "runs": {
                "batter": 1,
                "extras": 0,
                "total": 1
              }
            },
            {
              "batter": "JG Bethell",
              "bowler": "RP Meredith",
              "non_striker": "HT Dixon",
              "runs": {
                "batter": 2,
                "extras": 0,
                "total": 2
              }
            },
            {
              "batter": "JG Bethell",
              "bowler": "RP Meredith",
              "non_striker": "HT Dixon",
              "runs": {
                "batter": 1,
                "extras": 0,
                "total": 1
              }
            }
          ]
        },
        {
          "over": 17,
          "deliveries": [
            {
              "batter": "JG Bethell",
              "bowler": "NT Ellis",
              "non_striker": "HT Dixon",
              "runs": {
                "batter": 6,
                "extras": 0,
                "total": 6
              }
            },
            {
              "batter": "JG Bethell",
              "bowler": "NT Ellis",
              "non_striker": "HT Dixon",
              "runs": {
                "batter": 6,
                "extras": 0,
                "total": 6
              }
            },
            {
              "batter": "JG Bethell",
              "bowler": "NT Ellis",
              "non_striker": "HT Dixon",
              "runs": {
                "batter": 1,
                "extras": 0,
                "total": 1
              }
            },
            {
              "batter": "HT Dixon",
              "bowler": "NT Ellis",
              "non_striker": "JG Bethell",
              "runs": {
                "batter": 0,
                "extras": 0,
                "total": 0
              }
            },
            {
              "batter": "HT Dixon",
              "bowler": "NT Ellis",
              "non_striker": "JG Bethell",
              "runs": {
                "batter": 0,
                "extras": 0,
                "total": 0
              },
              "wickets": [
                {
                  "player_out": "HT Dixon",
                  "fielders": [
                    {
                      "name": "MJ Owen"
                    }
                  ],
                  "kind": "caught"
                }
              ]
            },
            {
              "batter": "TS Rogers",
              "bowler": "NT Ellis",
              "non_striker": "JG Bethell",
              "runs": {
                "batter": 1,
                "extras": 0,
                "total": 1
              }
            }
          ]
        },
        {
          "over": 18,
          "deliveries": [
            {
              "batter": "TS Rogers",
              "bowler": "RP Meredith",
              "non_striker": "JG Bethell",
              "runs": {
                "batter": 1,
                "extras": 0,
                "total": 1
              }
            },
            {
              "batter": "JG Bethell",
              "bowler": "RP Meredith",
              "non_striker": "TS Rogers",
              "runs": {
                "batter": 6,
                "extras": 0,
                "total": 6
              }
            },
            {
              "batter": "JG Bethell",
              "bowler": "RP Meredith",
              "non_striker": "TS Rogers",
              "runs": {
                "batter": 6,
                "extras": 0,
                "total": 6
              }
            },
            {
              "batter": "JG Bethell",
              "bowler": "RP Meredith",
              "non_striker": "TS Rogers",
              "runs": {
                "batter": 4,
                "extras": 0,
                "total": 4
              }
            },
            {
              "batter": "JG Bethell",
              "bowler": "RP Meredith",
              "non_striker": "TS Rogers",
              "runs": {
                "batter": 2,
                "extras": 0,
                "total": 2
              }
            },
            {
              "batter": "JG Bethell",
              "bowler": "RP Meredith",
              "non_striker": "TS Rogers",
              "runs": {
                "batter": 1,
                "extras": 0,
                "total": 1
              }
            }
          ]
        },
        {
          "over": 19,
          "deliveries": [
            {
              "batter": "JG Bethell",
              "bowler": "NT Ellis",
              "non_striker": "TS Rogers",
              "runs": {
                "batter": 1,
                "extras": 0,
                "total": 1
              },
              "wickets": [
                {
                  "player_out": "JG Bethell",
                  "fielders": [
                    {
                      "name": "MJ Owen"
                    }
                  ],
                  "kind": "run out"
                }
              ]
            },
            {
              "batter": "F O'Neill",
              "bowler": "NT Ellis",
              "non_striker": "TS Rogers",
              "runs": {
                "batter": 1,
                "extras": 0,
                "total": 1
              }
            },
            {
              "batter": "TS Rogers",
              "bowler": "NT Ellis",
              "non_striker": "F O'Neill",
              "runs": {
                "batter": 1,
                "extras": 0,
                "total": 1
              }
            },
            {
              "batter": "F O'Neill",
              "bowler": "NT Ellis",
              "non_striker": "TS Rogers",
              "runs": {
                "batter": 1,
                "extras": 0,
                "total": 1
              }
            },
            {
              "batter": "TS Rogers",
              "bowler": "NT Ellis",
              "non_striker": "F O'Neill",
              "runs": {
                "batter": 2,
                "extras": 0,
                "total": 2
              }
            },
            {
              "batter": "TS Rogers",
              "bowler": "NT Ellis",
              "non_striker": "F O'Neill",
              "runs": {
                "batter": 0,
                "extras": 0,
                "total": 0
              }
            }
          ]
        }
      ],
      "powerplays": [
        {
          "from": 0.1,
          "to": 3.6,
          "type": "mandatory"
        },
        {
          "from": 16.1,
          "to": 17.6,
          "type": "batting"
        }
      ]
    },
    {
      "team": "Hobart Hurricanes",
      "overs": [
        {
          "over": 0,
          "deliveries": [
            {
              "batter": "MJ Owen",
              "bowler": "JG Bethell",
              "extras": {
                "wides": 5
              },
              "non_striker": "CP Jewell",
              "runs": {
                "batter": 0,
                "extras": 5,
                "total": 5
              }
            },
            {
              "batter": "MJ Owen",
              "bowler": "JG Bethell",
              "non_striker": "CP Jewell",
              "runs": {
                "batter": 0,
                "extras": 0,
                "total": 0
              }
            },
            {
              "batter": "MJ Owen",
              "bowler": "JG Bethell",
              "non_striker": "CP Jewell",
              "runs": {
                "batter": 2,
                "extras": 0,
                "total": 2
              }
            },
            {
              "batter": "MJ Owen",
              "bowler": "JG Bethell",
              "non_striker": "CP Jewell",
              "runs": {
                "batter": 6,
                "extras": 0,
                "total": 6
              }
            },
            {
              "batter": "MJ Owen",
              "bowler": "JG Bethell",
              "non_striker": "CP Jewell",
              "runs": {
                "batter": 4,
                "extras": 0,
                "total": 4
              }
            },
            {
              "batter": "MJ Owen",
              "bowler": "JG Bethell",
              "non_striker": "CP Jewell",
              "runs": {
                "batter": 0,
                "extras": 0,
                "total": 0
              }
            },
            {
              "batter": "MJ Owen",
              "bowler": "JG Bethell",
              "non_striker": "CP Jewell",
              "runs": {
                "batter": 0,
                "extras": 0,
                "total": 0
              }
            }
          ]
        },
        {
          "over": 1,
          "deliveries": [
            {
              "batter": "CP Jewell",
              "bowler": "TS Rogers",
              "non_striker": "MJ Owen",
              "runs": {
                "batter": 0,
                "extras": 0,
                "total": 0
              }
            },
            {
              "batter": "CP Jewell",
              "bowler": "TS Rogers",
              "non_striker": "MJ Owen",
              "runs": {
                "batter": 1,
                "extras": 0,
                "total": 1
              }
            },
            {
              "batter": "MJ Owen",
              "bowler": "TS Rogers",
              "non_striker": "CP Jewell",
              "runs": {
                "batter": 1,
                "extras": 0,
                "total": 1
              }
            },
            {
              "batter": "CP Jewell",
              "bowler": "TS Rogers",
              "non_striker": "MJ Owen",
              "runs": {
                "batter": 0,
                "extras": 0,
                "total": 0
              }
            },
            {
              "batter": "CP Jewell",
              "bowler": "TS Rogers",
              "non_striker": "MJ Owen",
              "runs": {
                "batter": 0,
                "extras": 0,
                "total": 0
              }
            },
            {
              "batter": "CP Jewell",
              "bowler": "TS Rogers",
              "non_striker": "MJ Owen",
              "runs": {
                "batter": 0,
                "extras": 0,
                "total": 0
              }
            }
          ]
        },
        {
          "over": 2,
          "deliveries": [
            {
              "batter": "MJ Owen",
              "bowler": "F O'Neill",
              "non_striker": "CP Jewell",
              "runs": {
                "batter": 0,
                "extras": 0,
                "total": 0
              }
            },
            {
              "batter": "MJ Owen",
              "bowler": "F O'Neill",
              "non_striker": "CP Jewell",
              "runs": {
                "batter": 0,
                "extras": 0,
                "total": 0
              }
            },
            {
              "batter": "MJ Owen",
              "bowler": "F O'Neill",
              "non_striker": "CP Jewell",
              "runs": {
                "batter": 6,
                "extras": 0,
                "total": 6
              }
            },
            {
              "batter": "MJ Owen",
              "bowler": "F O'Neill",
              "non_striker": "CP Jewell",
              "runs": {
                "batter": 1,
                "extras": 0,
                "total": 1
              }
            },
            {
              "batter": "CP Jewell",
              "bowler": "F O'Neill",
              "non_striker": "MJ Owen",
              "runs": {
                "batter": 0,
                "extras": 0,
                "total": 0
              },
              "wickets": [
                {
                  "player_out": "CP Jewell",
                  "kind": "bowled"
                }
              ]
            },
            {
              "batter": "CA Wakim",
              "bowler": "F O'Neill",
              "non_striker": "MJ Owen",
              "runs": {
                "batter": 1,
                "extras": 0,
                "total": 1
              }
            }
          ]
        },
        {
          "over": 3,
          "deliveries": [
            {
              "batter": "CA Wakim",
              "bowler": "W Sutherland",
              "non_striker": "MJ Owen",
              "runs": {
                "batter": 0,
                "extras": 0,
                "total": 0
              }
            },
            {
              "batter": "CA Wakim",
              "bowler": "W Sutherland",
              "non_striker": "MJ Owen",
              "runs": {
                "batter": 0,
                "extras": 0,
                "total": 0
              }
            },
            {
              "batter": "CA Wakim",
              "bowler": "W Sutherland",
              "non_striker": "MJ Owen",
              "runs": {
                "batter": 1,
                "extras": 0,
                "total": 1
              }
            },
            {
              "batter": "MJ Owen",
              "bowler": "W Sutherland",
              "extras": {
                "legbyes": 4
              },
              "non_striker": "CA Wakim",
              "runs": {
                "batter": 0,
                "extras": 4,
                "total": 4
              }
            },
            {
              "batter": "MJ Owen",
              "bowler": "W Sutherland",
              "non_striker": "CA Wakim",
              "runs": {
                "batter": 0,
                "extras": 0,
                "total": 0
              }
            },
            {
              "batter": "MJ Owen",
              "bowler": "W Sutherland",
              "non_striker": "CA Wakim",
              "runs": {
                "batter": 4,
                "extras": 0,
                "total": 4
              }
            }
          ]
        },
        {
          "over": 4,
          "deliveries": [
            {
              "batter": "CA Wakim",
              "bowler": "C Stow",
              "non_striker": "MJ Owen",
              "runs": {
                "batter": 0,
                "extras": 0,
                "total": 0
              },
              "wickets": [
                {
                  "player_out": "MJ Owen",
                  "fielders": [
                    {
                      "name": "TL Seifert"
                    },
                    {
                      "name": "W Sutherland"
                    }
                  ],
                  "kind": "run out"
                }
              ]
            },
            {
              "batter": "Nikhil Chaudhary",
              "bowler": "C Stow",
              "non_striker": "CA Wakim",
              "runs": {
                "batter": 1,
                "extras": 0,
                "total": 1
              }
            },
            {
              "batter": "CA Wakim",
              "bowler": "C Stow",
              "non_striker": "Nikhil Chaudhary",
              "runs": {
                "batter": 0,
                "extras": 0,
                "total": 0
              }
            },
            {
              "batter": "CA Wakim",
              "bowler": "C Stow",
              "non_striker": "Nikhil Chaudhary",
              "runs": {
                "batter": 0,
                "extras": 0,
                "total": 0
              }
            },
            {
              "batter": "CA Wakim",
              "bowler": "C Stow",
              "non_striker": "Nikhil Chaudhary",
              "runs": {
                "batter": 4,
                "extras": 0,
                "total": 4
              }
            },
            {
              "batter": "CA Wakim",
              "bowler": "C Stow",
              "non_striker": "Nikhil Chaudhary",
              "runs": {
                "batter": 1,
                "extras": 0,
                "total": 1
              }
            }
          ]
        },
        {
          "over": 5,
          "deliveries": [
            {
              "batter": "CA Wakim",
              "bowler": "F O'Neill",
              "non_striker": "Nikhil Chaudhary",
              "runs": {
                "batter": 0,
                "extras": 0,
                "total": 0
              }
            },
            {
              "batter": "CA Wakim",
              "bowler": "F O'Neill",
              "non_striker": "Nikhil Chaudhary",
              "runs": {
                "batter": 0,
                "extras": 0,
                "total": 0
              }
            },
            {
              "batter": "CA Wakim",
              "bowler": "F O'Neill",
              "non_striker": "Nikhil Chaudhary",
              "runs": {
                "batter": 0,
                "extras": 0,
                "total": 0
              }
            },
            {
              "batter": "CA Wakim",
              "bowler": "F O'Neill",
              "non_striker": "Nikhil Chaudhary",
              "runs": {
                "batter": 0,
                "extras": 0,
                "total": 0
              }
            },
            {
              "batter": "CA Wakim",
              "bowler": "F O'Neill",
              "non_striker": "Nikhil Chaudhary",
              "runs": {
                "batter": 0,
                "extras": 0,
                "total": 0
              }
            },
            {
              "batter": "CA Wakim",
              "bowler": "F O'Neill",
              "non_striker": "Nikhil Chaudhary",
              "runs": {
                "batter": 3,
                "extras": 0,
                "total": 3
              }
            }
          ]
        },
        {
          "over": 6,
          "deliveries": [
            {
              "batter": "CA Wakim",
              "bowler": "A Zampa",
              "non_striker": "Nikhil Chaudhary",
              "runs": {
                "batter": 1,
                "extras": 0,
                "total": 1
              }
            },
            {
              "batter": "Nikhil Chaudhary",
              "bowler": "A Zampa",
              "non_striker": "CA Wakim",
              "runs": {
                "batter": 1,
                "extras": 0,
                "total": 1
              }
            },
            {
              "batter": "CA Wakim",
              "bowler": "A Zampa",
              "non_striker": "Nikhil Chaudhary",
              "runs": {
                "batter": 1,
                "extras": 0,
                "total": 1
              }
            },
            {
              "batter": "Nikhil Chaudhary",
              "bowler": "A Zampa",
              "non_striker": "CA Wakim",
              "runs": {
                "batter": 2,
                "extras": 0,
                "total": 2
              }
            },
            {
              "batter": "Nikhil Chaudhary",
              "bowler": "A Zampa",
              "non_striker": "CA Wakim",
              "runs": {
                "batter": 0,
                "extras": 0,
                "total": 0
              }
            },
            {
              "batter": "Nikhil Chaudhary",
              "bowler": "A Zampa",
              "non_striker": "CA Wakim",
              "runs": {
                "batter": 0,
                "extras": 0,
                "total": 0
              }
            }
          ]
        },
        {
          "over": 7,
          "deliveries": [
            {
              "batter": "CA Wakim",
              "bowler": "JG Bethell",
              "non_striker": "Nikhil Chaudhary",
              "runs": {
                "batter": 0,
                "extras": 0,
                "total": 0
              },
              "wickets": [
                {
                  "player_out": "CA Wakim",
                  "fielders": [
                    {
                      "name": "TS Rogers"
                    }
                  ],
                  "kind": "caught"
                }
              ]
            },
            {
              "batter": "JR Doran",
              "bowler": "JG Bethell",
              "non_striker": "Nikhil Chaudhary",
              "runs": {
                "batter": 4,
                "extras": 0,
                "total": 4
              }
            },
            {
              "batter": "JR Doran",
              "bowler": "JG Bethell",
              "non_striker": "Nikhil Chaudhary",
              "runs": {
                "batter": 1,
                "extras": 0,
                "total": 1
              }
            },
            {
              "batter": "Nikhil Chaudhary",
              "bowler": "JG Bethell",
              "non_striker": "JR Doran",
              "runs": {
                "batter": 0,
                "extras": 0,
                "total": 0
              }
            },
            {
              "batter": "Nikhil Chaudhary",
              "bowler": "JG Bethell",
              "non_striker": "JR Doran",
              "runs": {
                "batter": 0,
                "extras": 0,
                "total": 0
              }
            },
            {
              "batter": "Nikhil Chaudhary",
              "bowler": "JG Bethell",
              "non_striker": "JR Doran",
              "runs": {
                "batter": 4,
                "extras": 0,
                "total": 4
              }
            }
          ]
        },
        {
          "over": 8,
          "deliveries": [
            {
              "batter": "JR Doran",
              "bowler": "C Stow",
              "non_striker": "Nikhil Chaudhary",
              "runs": {
                "batter": 1,
                "extras": 0,
                "total": 1
              }
            },
            {
              "batter": "Nikhil Chaudhary",
              "bowler": "C Stow",
              "non_striker": "JR Doran",
              "runs": {
                "batter": 1,
                "extras": 0,
                "total": 1
              }
            },
            {
              "batter": "JR Doran",
              "bowler": "C Stow",
              "non_striker": "Nikhil Chaudhary",
              "runs": {
                "batter": 1,
                "extras": 0,
                "total": 1
              }
            },
            {
              "batter": "Nikhil Chaudhary",
              "bowler": "C Stow",
              "non_striker": "JR Doran",
              "runs": {
                "batter": 0,
                "extras": 0,
                "total": 0
              }
            },
            {
              "batter": "Nikhil Chaudhary",
              "bowler": "C Stow",
              "non_striker": "JR Doran",
              "runs": {
                "batter": 1,
                "extras": 0,
                "total": 1
              }
            },
            {
              "batter": "JR Doran",
              "bowler": "C Stow",
              "non_striker": "Nikhil Chaudhary",
              "runs": {
                "batter": 0,
                "extras": 0,
                "total": 0
              },
              "wickets": [
                {
                  "player_out": "JR Doran",
                  "kind": "bowled"
                }
              ]
            }
          ]
        },
        {
          "over": 9,
          "deliveries": [
            {
              "batter": "Nikhil Chaudhary",
              "bowler": "F O'Neill",
              "non_striker": "MS Wade",
              "runs": {
                "batter": 1,
                "extras": 0,
                "total": 1
              }
            },
            {
              "batter": "MS Wade",
              "bowler": "F O'Neill",
              "non_striker": "Nikhil Chaudhary",
              "runs": {
                "batter": 0,
                "extras": 0,
                "total": 0
              }
            },
            {
              "batter": "MS Wade",
              "bowler": "F O'Neill",
              "non_striker": "Nikhil Chaudhary",
              "runs": {
                "batter": 0,
                "extras": 0,
                "total": 0
              }
            },
            {
              "batter": "MS Wade",
              "bowler": "F O'Neill",
              "non_striker": "Nikhil Chaudhary",
              "runs": {
                "batter": 1,
                "extras": 0,
                "total": 1
              }
            },
            {
              "batter": "Nikhil Chaudhary",
              "bowler": "F O'Neill",
              "non_striker": "MS Wade",
              "runs": {
                "batter": 1,
                "extras": 0,
                "total": 1
              }
            },
            {
              "batter": "MS Wade",
              "bowler": "F O'Neill",
              "non_striker": "Nikhil Chaudhary",
              "runs": {
                "batter": 0,
                "extras": 0,
                "total": 0
              }
            }
          ]
        },
        {
          "over": 10,
          "deliveries": [
            {
              "batter": "Nikhil Chaudhary",
              "bowler": "A Zampa",
              "non_striker": "MS Wade",
              "runs": {
                "batter": 2,
                "extras": 0,
                "total": 2
              }
            },
            {
              "batter": "Nikhil Chaudhary",
              "bowler": "A Zampa",
              "non_striker": "MS Wade",
              "runs": {
                "batter": 1,
                "extras": 0,
                "total": 1
              }
            },
            {
              "batter": "MS Wade",
              "bowler": "A Zampa",
              "non_striker": "Nikhil Chaudhary",
              "runs": {
                "batter": 1,
                "extras": 0,
                "total": 1
              }
            },
            {
              "batter": "Nikhil Chaudhary",
              "bowler": "A Zampa",
              "non_striker": "MS Wade",
              "runs": {
                "batter": 1,
                "extras": 0,
                "total": 1
              }
            },
            {
              "batter": "MS Wade",
              "bowler": "A Zampa",
              "non_striker": "Nikhil Chaudhary",
              "runs": {
                "batter": 0,
                "extras": 0,
                "total": 0
              }
            },
            {
              "batter": "MS Wade",
              "bowler": "A Zampa",
              "non_striker": "Nikhil Chaudhary",
              "runs": {
                "batter": 1,
                "extras": 0,
                "total": 1
              }
            }
          ]
        },
        {
          "over": 11,
          "deliveries": [
            {
              "batter": "MS Wade",
              "bowler": "W Sutherland",
              "non_striker": "Nikhil Chaudhary",
              "runs": {
                "batter": 4,
                "extras": 0,
                "total": 4
              }
            },
            {
              "batter": "MS Wade",
              "bowler": "W Sutherland",
              "non_striker": "Nikhil Chaudhary",
              "runs": {
                "batter": 1,
                "extras": 0,
                "total": 1
              }
            },
            {
              "batter": "Nikhil Chaudhary",
              "bowler": "W Sutherland",
              "non_striker": "MS Wade",
              "runs": {
                "batter": 6,
                "extras": 0,
                "total": 6
              }
            },
            {
              "batter": "Nikhil Chaudhary",
              "bowler": "W Sutherland",
              "non_striker": "MS Wade",
              "runs": {
                "batter": 0,
                "extras": 0,
                "total": 0
              }
            },
            {
              "batter": "Nikhil Chaudhary",
              "bowler": "W Sutherland",
              "non_striker": "MS Wade",
              "runs": {
                "batter": 0,
                "extras": 0,
                "total": 0
              }
            },
            {
              "batter": "Nikhil Chaudhary",
              "bowler": "W Sutherland",
              "non_striker": "MS Wade",
              "runs": {
                "batter": 0,
                "extras": 0,
                "total": 0
              }
            }
          ]
        },
        {
          "over": 12,
          "deliveries": [
            {
              "batter": "MS Wade",
              "bowler": "C Stow",
              "non_striker": "Nikhil Chaudhary",
              "runs": {
                "batter": 2,
                "extras": 0,
                "total": 2
              }
            },
            {
              "batter": "MS Wade",
              "bowler": "C Stow",
              "non_striker": "Nikhil Chaudhary",
              "runs": {
                "batter": 0,
                "extras": 0,
                "total": 0
              }
            },
            {
              "batter": "MS Wade",
              "bowler": "C Stow",
              "non_striker": "Nikhil Chaudhary",
              "runs": {
                "batter": 1,
                "extras": 0,
                "total": 1
              }
            },
            {
              "batter": "Nikhil Chaudhary",
              "bowler": "C Stow",
              "non_striker": "MS Wade",
              "runs": {
                "batter": 6,
                "extras": 0,
                "total": 6
              }
            },
            {
              "batter": "Nikhil Chaudhary",
              "bowler": "C Stow",
              "non_striker": "MS Wade",
              "runs": {
                "batter": 2,
                "extras": 0,
                "total": 2
              }
            },
            {
              "batter": "Nikhil Chaudhary",
              "bowler": "C Stow",
              "non_striker": "MS Wade",
              "runs": {
                "batter": 1,
                "extras": 0,
                "total": 1
              }
            }
          ]
        },
        {
          "over": 13,
          "deliveries": [
            {
              "batter": "Nikhil Chaudhary",
              "bowler": "TS Rogers",
              "non_striker": "MS Wade",
              "runs": {
                "batter": 4,
                "extras": 0,
                "total": 4
              }
            },
            {
              "batter": "Nikhil Chaudhary",
              "bowler": "TS Rogers",
              "non_striker": "MS Wade",
              "runs": {
                "batter": 0,
                "extras": 0,
                "total": 0
              }
            },
            {
              "batter": "Nikhil Chaudhary",
              "bowler": "TS Rogers",
              "non_striker": "MS Wade",
              "runs": {
                "batter": 1,
                "extras": 0,
                "total": 1
              }
            },
            {
              "batter": "MS Wade",
              "bowler": "TS Rogers",
              "non_striker": "Nikhil Chaudhary",
              "runs": {
                "batter": 1,
                "extras": 0,
                "total": 1
              }
            },
            {
              "batter": "Nikhil Chaudhary",
              "bowler": "TS Rogers",
              "non_striker": "MS Wade",
              "runs": {
                "batter": 0,
                "extras": 0,
                "total": 0
              },
              "wickets": [
                {
                  "player_out": "Nikhil Chaudhary",
                  "fielders": [
                    {
                      "name": "J Fraser-McGurk"
                    }
                  ],
                  "kind": "caught"
                }
              ]
            },
            {
              "batter": "TH David",
              "bowler": "TS Rogers",
              "non_striker": "MS Wade",
              "runs": {
                "batter": 4,
                "extras": 0,
                "total": 4
              }
            }
          ]
        },
        {
          "over": 14,
          "deliveries": [
            {
              "batter": "MS Wade",
              "bowler": "F O'Neill",
              "non_striker": "TH David",
              "runs": {
                "batter": 4,
                "extras": 0,
                "total": 4
              }
            },
            {
              "batter": "MS Wade",
              "bowler": "F O'Neill",
              "non_striker": "TH David",
              "runs": {
                "batter": 6,
                "extras": 0,
                "total": 6
              }
            },
            {
              "batter": "MS Wade",
              "bowler": "F O'Neill",
              "non_striker": "TH David",
              "runs": {
                "batter": 0,
                "extras": 0,
                "total": 0
              }
            },
            {
              "batter": "MS Wade",
              "bowler": "F O'Neill",
              "non_striker": "TH David",
              "runs": {
                "batter": 4,
                "extras": 0,
                "total": 4
              }
            },
            {
              "batter": "MS Wade",
              "bowler": "F O'Neill",
              "non_striker": "TH David",
              "runs": {
                "batter": 4,
                "extras": 0,
                "total": 4
              }
            },
            {
              "batter": "MS Wade",
              "bowler": "F O'Neill",
              "non_striker": "TH David",
              "runs": {
                "batter": 0,
                "extras": 0,
                "total": 0
              }
            }
          ]
        },
        {
          "over": 15,
          "deliveries": [
            {
              "batter": "TH David",
              "bowler": "A Zampa",
              "non_striker": "MS Wade",
              "runs": {
                "batter": 1,
                "extras": 0,
                "total": 1
              }
            },
            {
              "batter": "MS Wade",
              "bowler": "A Zampa",
              "non_striker": "TH David",
              "runs": {
                "batter": 1,
                "extras": 0,
                "total": 1
              }
            },
            {
              "batter": "TH David",
              "bowler": "A Zampa",
              "non_striker": "MS Wade",
              "runs": {
                "batter": 0,
                "extras": 0,
                "total": 0
              }
            },
            {
              "batter": "TH David",
              "bowler": "A Zampa",
              "non_striker": "MS Wade",
              "runs": {
                "batter": 1,
                "extras": 0,
                "total": 1
              }
            },
            {
              "batter": "MS Wade",
              "bowler": "A Zampa",
              "non_striker": "TH David",
              "runs": {
                "batter": 4,
                "extras": 0,
                "total": 4
              }
            },
            {
              "batter": "MS Wade",
              "bowler": "A Zampa",
              "non_striker": "TH David",
              "runs": {
                "batter": 1,
                "extras": 0,
                "total": 1
              }
            }
          ]
        },
        {
          "over": 16,
          "deliveries": [
            {
              "batter": "MS Wade",
              "bowler": "JG Bethell",
              "non_striker": "TH David",
              "runs": {
                "batter": 0,
                "extras": 0,
                "total": 0
              },
              "wickets": [
                {
                  "player_out": "MS Wade",
                  "fielders": [
                    {
                      "name": "MS Harris"
                    }
                  ],
                  "kind": "caught"
                }
              ]
            },
            {
              "batter": "NT Ellis",
              "bowler": "JG Bethell",
              "non_striker": "TH David",
              "runs": {
                "batter": 0,
                "extras": 0,
                "total": 0
              }
            },
            {
              "batter": "NT Ellis",
              "bowler": "JG Bethell",
              "non_striker": "TH David",
              "runs": {
                "batter": 1,
                "extras": 0,
                "total": 1
              }
            },
            {
              "batter": "TH David",
              "bowler": "JG Bethell",
              "non_striker": "NT Ellis",
              "runs": {
                "batter": 1,
                "extras": 0,
                "total": 1
              }
            },
            {
              "batter": "NT Ellis",
              "bowler": "JG Bethell",
              "non_striker": "TH David",
              "runs": {
                "batter": 0,
                "extras": 0,
                "total": 0
              }
            },
            {
              "batter": "NT Ellis",
              "bowler": "JG Bethell",
              "non_striker": "TH David",
              "runs": {
                "batter": 1,
                "extras": 0,
                "total": 1
              }
            }
          ]
        },
        {
          "over": 17,
          "deliveries": [
            {
              "batter": "NT Ellis",
              "bowler": "A Zampa",
              "non_striker": "TH David",
              "runs": {
                "batter": 1,
                "extras": 0,
                "total": 1
              }
            },
            {
              "batter": "TH David",
              "bowler": "A Zampa",
              "non_striker": "NT Ellis",
              "runs": {
                "batter": 1,
                "extras": 0,
                "total": 1
              }
            },
            {
              "batter": "NT Ellis",
              "bowler": "A Zampa",
              "non_striker": "TH David",
              "runs": {
                "batter": 1,
                "extras": 0,
                "total": 1
              }
            },
            {
              "batter": "TH David",
              "bowler": "A Zampa",
              "non_striker": "NT Ellis",
              "runs": {
                "batter": 1,
                "extras": 0,
                "total": 1
              }
            },
            {
              "batter": "NT Ellis",
              "bowler": "A Zampa",
              "non_striker": "TH David",
              "runs": {
                "batter": 0,
                "extras": 0,
                "total": 0
              }
            },
            {
              "batter": "NT Ellis",
              "bowler": "A Zampa",
              "non_striker": "TH David",
              "runs": {
                "batter": 0,
                "extras": 0,
                "total": 0
              }
            }
          ]
        },
        {
          "over": 18,
          "deliveries": [
            {
              "batter": "TH David",
              "bowler": "C Stow",
              "non_striker": "NT Ellis",
              "runs": {
                "batter": 2,
                "extras": 0,
                "total": 2
              }
            },
            {
              "batter": "TH David",
              "bowler": "C Stow",
              "non_striker": "NT Ellis",
              "runs": {
                "batter": 1,
                "extras": 0,
                "total": 1
              }
            },
            {
              "batter": "NT Ellis",
              "bowler": "C Stow",
              "non_striker": "TH David",
              "runs": {
                "batter": 1,
                "extras": 0,
                "total": 1
              }
            },
            {
              "batter": "TH David",
              "bowler": "C Stow",
              "non_striker": "NT Ellis",
              "runs": {
                "batter": 4,
                "extras": 0,
                "total": 4
              }
            },
            {
              "batter": "TH David",
              "bowler": "C Stow",
              "non_striker": "NT Ellis",
              "runs": {
                "batter": 1,
                "extras": 0,
                "total": 1
              }
            },
            {
              "batter": "NT Ellis",
              "bowler": "C Stow",
              "non_striker": "TH David",
              "runs": {
                "batter": 0,
                "extras": 0,
                "total": 0
              }
            }
          ]
        },
        {
          "over": 19,
          "deliveries": [
            {
              "batter": "TH David",
              "bowler": "TS Rogers",
              "non_striker": "NT Ellis",
              "runs": {
                "batter": 0,
                "extras": 0,
                "total": 0
              }
            },
            {
              "batter": "TH David",
              "bowler": "TS Rogers",
              "extras": {
                "wides": 1
              },
              "non_striker": "NT Ellis",
              "runs": {
                "batter": 0,
                "extras": 1,
                "total": 1
              }
            },
            {
              "batter": "TH David",
              "bowler": "TS Rogers",
              "non_striker": "NT Ellis",
              "review": {
                "by": "Melbourne Renegades",
                "umpire": "GA Abood",
                "batter": "TH David",
                "decision": "struck down",
                "type": "wicket"
              },
              "runs": {
                "batter": 0,
                "extras": 0,
                "total": 0
              }
            },
            {
              "batter": "TH David",
              "bowler": "TS Rogers",
              "non_striker": "NT Ellis",
              "runs": {
                "batter": 6,
                "extras": 0,
                "total": 6
              }
            },
            {
              "batter": "TH David",
              "bowler": "TS Rogers",
              "non_striker": "NT Ellis",
              "runs": {
                "batter": 1,
                "extras": 0,
                "total": 1
              }
            }
          ]
        }
      ],
      "powerplays": [
        {
          "from": 0.1,
          "to": 3.6,
          "type": "mandatory"
        },
        {
          "from": 13.1,
          "to": 14.6,
          "type": "batting"
        }
      ],
      "target": {
        "overs": 20,
        "runs": 155
      }
    }
  ]
}