{
  "meta": {
    "data_version": "1.1.0",
    "created": "2025-01-10",
    "revision": 1
  },
  "info": {
    "balls_per_over": 6,
    "city": "Hobart",
    "dates": [
      "2025-01-10"
    ],
    "event": {
      "name": "Big Bash League",
      "match_number": 29
    },
    "gender": "male",
    "match_type": "T20",
    "officials": {
      "match_referees": [
        "David Johnston"
      ],
      "reserve_umpires": [
        "Simon Burns"
      ],
      "tv_umpires": [
        "SE Dionysius"
      ],
      "umpires": [
        "MW Graham-Smith",
        "Troy Penman"
      ]
    },
    "outcome": {
      "winner": "Hobart Hurricanes",
      "by": {
        "wickets": 6
      }
    },
    "overs": 20,
    "player_of_match": [
      "TH David"
    ],
    "players": {
      "Sydney Thunder": [
        "S Konstas",
        "DA Warner",
        "M Gilkes",
        "O Davies",
        "SW Billings",
        "CJ Green",
        "DT Christian",
        "GHS Garton",
        "TD Andrews",
        "WA Agar",
        "Mohammad Hasnain"
      ],
      "Hobart Hurricanes": [
        "MJ Owen",
        "MS Wade",
        "CA Wakim",
        "Nikhil Chaudhary",
        "TH David",
        "CJ Jordan",
        "BR McDermott",
        "NT Ellis",
        "P Hatzoglou",
        "RP Meredith",
        "B Stanlake"
      ]
    },
    "registry": {
      "people": {
        "B Stanlake": "6834d1f2",
        "BR McDermott": "c41043e6",
        "CA Wakim": "c5e415aa",
        "CJ Green": "19b9f399",
        "CJ Jordan": "ffe699c0",
        "DA Warner": "dcce6f09",
        "DT Christian": "2a2e6343",
        "David Johnston": "92cef862",
        "GHS Garton": "be869ccf",
        "M Gilkes": "d85b0f8b",
        "MJ Owen": "f2c936d7",
        "MS Wade": "afa7e784",
        "MW Graham-Smith": "18aca3ce",
        "Mohammad Hasnain": "8596fe80",
        "NT Ellis": "9eb1455b",
        "Nikhil Chaudhary": "1f84183a",
        "O Davies": "0ea54eca",
        "P Hatzoglou": "6f95e5fa",
        "RP Meredith": "64775749",
        "S Konstas": "3c34c9e1",
        "SE Dionysius": "ac886e6f",
        "SW Billings": "c16d4035",
        "Simon Burns": "c0741b3f",
        "TD Andrews": "a0f612b6",
        "TH David": "f1f99156",
        "Troy Penman": "0aa42c26",
        "WA Agar": "15de1f5d"
      }
    },
    "season": "2024/25",
    "team_type": "club",
    "teams": [
      "Sydney Thunder",
      "Hobart Hurricanes"
    ],
    "toss": {
      "decision": "field",
      "winner": "Hobart Hurricanes"
    },
    "venue": "Bellerive Oval, Hobart"
  },
  "innings": [
    {
      "team": "Sydney Thunder",
      "overs": [
        {
          "over": 0,
          "deliveries": [
            {
              "batter": "S Konstas",
              "bowler": "RP Meredith",
              "non_striker": "DA Warner",
              "runs": {
                "batter": 1,
                "extras": 0,
                "total": 1
              }
            },
            {
              "batter": "DA Warner",
              "bowler": "RP Meredith",
              "non_striker": "S Konstas",
              "runs": {
                "batter": 2,
                "extras": 0,
                "total": 2
              }
            },
            {
              "batter": "DA Warner",
              "bowler": "RP Meredith",
              "non_striker": "S Konstas",
              "runs": {
                "batter": 0,
                "extras": 0,
                "total": 0
              }
            },
            {
              "batter": "DA Warner",
              "bowler": "RP Meredith",
              "non_striker": "S Konstas",
              "runs": {
                "batter": 0,
                "extras": 0,
                "total": 0
              }
            },
            {
              "batter": "DA Warner",
              "bowler": "RP Meredith",
              "non_striker": "S Konstas",
              "runs": {
                "batter": 2,
                "extras": 0,
                "total": 2
              }
            },
            {
              "batter": "DA Warner",
              "bowler": "RP Meredith",
              "non_striker": "S Konstas",
              "runs": {
                "batter": 2,
                "extras": 0,
                "total": 2
              }
            }
          ]
        },
        {
          "over": 1,
          "deliveries": [
            {
              "batter": "S Konstas",
              "bowler": "B Stanlake",
              "extras": {
                "wides": 1
              },
              "non_striker": "DA Warner",
              "runs": {
                "batter": 0,
                "extras": 1,
                "total": 1
              }
            },
            {
              "batter": "S Konstas",
              "bowler": "B Stanlake",
              "non_striker": "DA Warner",
              "runs": {
                "batter": 0,
                "extras": 0,
                "total": 0
              }
            },
            {
              "batter": "S Konstas",
              "bowler": "B Stanlake",
              "non_striker": "DA Warner",
              "runs": {
                "batter": 1,
                "extras": 0,
                "total": 1
              }
            },
            {
              "batter": "DA Warner",
              "bowler": "B Stanlake",
              "non_striker": "S Konstas",
              "runs": {
                "batter": 1,
                "extras": 0,
                "total": 1
              }
            },
            {
              "batter": "S Konstas",
              "bowler": "B Stanlake",
              "non_striker": "DA Warner",
              "runs": {
                "batter": 0,
                "extras": 0,
                "total": 0
              }
            },
            {
              "batter": "S Konstas",
              "bowler": "B Stanlake",
              "non_striker": "DA Warner",
              "runs": {
                "batter": 1,
                "extras": 0,
                "total": 1
              }
            },
            {
              "batter": "DA Warner",
              "bowler": "B Stanlake",
              "non_striker": "S Konstas",
              "runs": {
                "batter": 1,
                "extras": 0,
                "total": 1
              }
            }
          ]
        },
        {
          "over": 2,
          "deliveries": [
            {
              "batter": "DA Warner",
              "bowler": "NT Ellis",
              "non_striker": "S Konstas",
              "runs": {
                "batter": 1,
                "extras": 0,
                "total": 1
              }
            },
            {
              "batter": "S Konstas",
              "bowler": "NT Ellis",
              "non_striker": "DA Warner",
              "runs": {
                "batter": 1,
                "extras": 0,
                "total": 1
              }
            },
            {
              "batter": "DA Warner",
              "bowler": "NT Ellis",
              "non_striker": "S Konstas",
              "runs": {
                "batter": 0,
                "extras": 0,
                "total": 0
              }
            },
            {
              "batter": "DA Warner",
              "bowler": "NT Ellis",
              "non_striker": "S Konstas",
              "runs": {
                "batter": 1,
                "extras": 0,
                "total": 1
              }
            },
            {
              "batter": "S Konstas",
              "bowler": "NT Ellis",
              "extras": {
                "legbyes": 1
              },
              "non_striker": "DA Warner",
              "runs": {
                "batter": 0,
                "extras": 1,
                "total": 1
              }
            },
            {
              "batter": "DA Warner",
              "bowler": "NT Ellis",
              "non_striker": "S Konstas",
              "runs": {
                "batter": 3,
                "extras": 0,
                "total": 3
              }
            }
          ]
        },
        {
          "over": 3,
          "deliveries": [
            {
              "batter": "DA Warner",
              "bowler": "RP Meredith",
              "non_striker": "S Konstas",
              "runs": {
                "batter": 0,
                "extras": 0,
                "total": 0
              }
            },
            {
              "batter": "DA Warner",
              "bowler": "RP Meredith",
              "non_striker": "S Konstas",
              "runs": {
                "batter": 0,
                "extras": 0,
                "total": 0
              }
            },
            {
              "batter": "DA Warner",
              "bowler": "RP Meredith",
              "non_striker": "S Konstas",
              "runs": {
                "batter": 1,
                "extras": 0,
                "total": 1
              }
            },
            {
              "batter": "S Konstas",
              "bowler": "RP Meredith",
              "non_striker": "DA Warner",
              "runs": {
                "batter": 0,
                "extras": 0,
                "total": 0
              }
            },
            {
              "batter": "S Konstas",
              "bowler": "RP Meredith",
              "non_striker": "DA Warner",
              "runs": {
                "batter": 0,
                "extras": 0,
                "total": 0
              },
              "wickets": [
                {
                  "player_out": "S Konstas",
                  "fielders": [
                    {
                      "name": "MS Wade"
                    }
                  ],
                  "kind": "caught"
                }
              ]
            },
            {
              "batter": "M Gilkes",
              "bowler": "RP Meredith",
              "non_striker": "DA Warner",
              "runs": {
                "batter": 2,
                "extras": 0,
                "total": 2
              }
            }
          ]
        },
        {
          "over": 4,
          "deliveries": [
            {
              "batter": "DA Warner",
              "bowler": "B Stanlake",
              "non_striker": "M Gilkes",
              "runs": {
                "batter": 2,
                "extras": 0,
                "total": 2
              }
            },
            {
              "batter": "DA Warner",
              "bowler": "B Stanlake",
              "non_striker": "M Gilkes",
              "runs": {
                "batter": 1,
                "extras": 0,
                "total": 1
              }
            },
            {
              "batter": "M Gilkes",
              "bowler": "B Stanlake",
              "non_striker": "DA Warner",
              "runs": {
                "batter": 4,
                "extras": 0,
                "total": 4
              }
            },
            {
              "batter": "M Gilkes",
              "bowler": "B Stanlake",
              "non_striker": "DA Warner",
              "runs": {
                "batter": 1,
                "extras": 0,
                "total": 1
              }
            },
            {
              "batter": "DA Warner",
              "bowler": "B Stanlake",
              "extras": {
                "wides": 1
              },
              "non_striker": "M Gilkes",
              "runs": {
                "batter": 0,
                "extras": 1,
                "total": 1
              }
            },
            {
              "batter": "DA Warner",
              "bowler": "B Stanlake",
              "non_striker": "M Gilkes",
              "runs": {
                "batter": 2,
                "extras": 0,
                "total": 2
              }
            },
            {
              "batter": "DA Warner",
              "bowler": "B Stanlake",
              "non_striker": "M Gilkes",
              "runs": {
                "batter": 1,
                "extras": 0,
                "total": 1
              }
            }
          ]
        },
        {
          "over": 5,
          "deliveries": [
            {
              "batter": "DA Warner",
              "bowler": "P Hatzoglou",
              "non_striker": "M Gilkes",
              "runs": {
                "batter": 0,
                "extras": 0,
                "total": 0
              }
            },
            {
              "batter": "DA Warner",
              "bowler": "P Hatzoglou",
              "non_striker": "M Gilkes",
              "review": {
                "by": "Hobart Hurricanes",
                "umpire": "Troy Penman",
                "batter": "DA Warner",
                "decision": "struck down",
                "type": "wicket"
              },
              "runs": {
                "batter": 0,
                "extras": 0,
                "total": 0
              }
            },
            {
              "batter": "DA Warner",
              "bowler": "P Hatzoglou",
              "non_striker": "M Gilkes",
              "runs": {
                "batter": 4,
                "extras": 0,
                "total": 4
              }
            },
            {
              "batter": "DA Warner",
              "bowler": "P Hatzoglou",
              "non_striker": "M Gilkes",
              "runs": {
                "batter": 1,
                "extras": 0,
                "total": 1
              }
            },
            {
              "batter": "M Gilkes",
              "bowler": "P Hatzoglou",
              "non_striker": "DA Warner",
              "runs": {
                "batter": 0,
                "extras": 0,
                "total": 0
              }
            },
            {
              "batter": "M Gilkes",
              "bowler": "P Hatzoglou",
              "non_striker": "DA Warner",
              "runs": {
                "batter": 1,
                "extras": 0,
                "total": 1
              }
            }
          ]
        },
        {
          "over": 6,
          "deliveries": [
            {
              "batter": "M Gilkes",
              "bowler": "CJ Jordan",
              "non_striker": "DA Warner",
              "runs": {
                "batter": 1,
                "extras": 0,
                "total": 1
              }
            },
            {
              "batter": "DA Warner",
              "bowler": "CJ Jordan",
              "non_striker": "M Gilkes",
              "runs": {
                "batter": 1,
                "extras": 0,
                "total": 1
              }
            },
            {
              "batter": "M Gilkes",
              "bowler": "CJ Jordan",
              "non_striker": "DA Warner",
              "runs": {
                "batter": 0,
                "extras": 0,
                "total": 0
              },
              "wickets": [
                {
                  "player_out": "M Gilkes",
                  "fielders": [
                    {
                      "name": "MS Wade"
                    }
                  ],
                  "kind": "caught"
                }
              ]
            },
            {
              "batter": "O Davies",
              "bowler": "CJ Jordan",
              "non_striker": "DA Warner",
              "runs": {
                "batter": 1,
                "extras": 0,
                "total": 1
              }
            },
            {
              "batter": "DA Warner",
              "bowler": "CJ Jordan",
              "non_striker": "O Davies",
              "runs": {
                "batter": 1,
                "extras": 0,
                "total": 1
              }
            },
            {
              "batter": "O Davies",
              "bowler": "CJ Jordan",
              "non_striker": "DA Warner",
              "runs": {
                "batter": 0,
                "extras": 0,
                "total": 0
              }
            }
          ]
        },
        {
          "over": 7,
          "deliveries": [
            {
              "batter": "DA Warner",
              "bowler": "P Hatzoglou",
              "non_striker": "O Davies",
              "runs": {
                "batter": 1,
                "extras": 0,
                "total": 1
              }
            },
            {
              "batter": "O Davies",
              "bowler": "P Hatzoglou",
              "non_striker": "DA Warner",
              "runs": {
                "batter": 2,
                "extras": 0,
                "total": 2
              }
            },
            {
              "batter": "O Davies",
              "bowler": "P Hatzoglou",
              "non_striker": "DA Warner",
              "runs": {
                "batter": 1,
                "extras": 0,
                "total": 1
              }
            },
            {
              "batter": "DA Warner",
              "bowler": "P Hatzoglou",
              "non_striker": "O Davies",
              "runs": {
                "batter": 4,
                "extras": 0,
                "total": 4
              }
            },
            {
              "batter": "DA Warner",
              "bowler": "P Hatzoglou",
              "non_striker": "O Davies",
              "runs": {
                "batter": 1,
                "extras": 0,
                "total": 1
              }
            },
            {
              "batter": "O Davies",
              "bowler": "P Hatzoglou",
              "non_striker": "DA Warner",
              "runs": {
                "batter": 0,
                "extras": 0,
                "total": 0
              }
            }
          ]
        },
        {
          "over": 8,
          "deliveries": [
            {
              "batter": "DA Warner",
              "bowler": "B Stanlake",
              "non_striker": "O Davies",
              "runs": {
                "batter": 1,
                "extras": 0,
                "total": 1
              }
            },
            {
              "batter": "O Davies",
              "bowler": "B Stanlake",
              "non_striker": "DA Warner",
              "runs": {
                "batter": 1,
                "extras": 0,
                "total": 1
              }
            },
            {
              "batter": "DA Warner",
              "bowler": "B Stanlake",
              "non_striker": "O Davies",
              "runs": {
                "batter": 0,
                "extras": 0,
                "total": 0
              }
            },
            {
              "batter": "DA Warner",
              "bowler": "B Stanlake",
              "non_striker": "O Davies",
              "runs": {
                "batter": 1,
                "extras": 0,
                "total": 1
              }
            },
            {
              "batter": "O Davies",
              "bowler": "B Stanlake",
              "non_striker": "DA Warner",
              "runs": {
                "batter": 1,
                "extras": 0,
                "total": 1
              }
            },
            {
              "batter": "DA Warner",
              "bowler": "B Stanlake",
              "non_striker": "O Davies",
              "runs": {
                "batter": 1,
                "extras": 0,
                "total": 1
              }
            }
          ]
        },
        {
          "over": 9,
          "deliveries": [
            {
              "batter": "DA Warner",
              "bowler": "NT Ellis",
              "non_striker": "O Davies",
              "runs": {
                "batter": 1,
                "extras": 0,
                "total": 1
              }
            },
            {
              "batter": "O Davies",
              "bowler": "NT Ellis",
              "non_striker": "DA Warner",
              "runs": {
                "batter": 1,
                "extras": 0,
                "total": 1
              }
            },
            {
              "batter": "DA Warner",
              "bowler": "NT Ellis",
              "non_striker": "O Davies",
              "runs": {
                "batter": 2,
                "extras": 0,
                "total": 2
              }
            },
            {
              "batter": "DA Warner",
              "bowler": "NT Ellis",
              "non_striker": "O Davies",
              "runs": {
                "batter": 1,
                "extras": 0,
                "total": 1
              }
            },
            {
              "batter": "O Davies",
              "bowler": "NT Ellis",
              "non_striker": "DA Warner",
              "runs": {
                "batter": 1,
                "extras": 0,
                "total": 1
              }
            },
            {
              "batter": "DA Warner",
              "bowler": "NT Ellis",
              "non_striker": "O Davies",
              "runs": {
                "batter": 1,
                "extras": 0,
                "total": 1
              }
            }
          ]
        },
        {
          "over": 10,
          "deliveries": [
            {
              "batter": "DA Warner",
              "bowler": "CJ Jordan",
              "non_striker": "O Davies",
              "runs": {
                "batter": 0,
                "extras": 0,
                "total": 0
              }
            },
            {
              "batter": "DA Warner",
              "bowler": "CJ Jordan",
              "non_striker": "O Davies",
              "runs": {
                "batter": 2,
                "extras": 0,
                "total": 2
              }
            },
            {
              "batter": "DA Warner",
              "bowler": "CJ Jordan",
              "non_striker": "O Davies",
              "runs": {
                "batter": 1,
                "extras": 0,
                "total": 1
              }
            },
            {
              "batter": "O Davies",
              "bowler": "CJ Jordan",
              "non_striker": "DA Warner",
              "runs": {
                "batter": 0,
                "extras": 0,
                "total": 0
              }
            },
            {
              "batter": "O Davies",
              "bowler": "CJ Jordan",
              "non_striker": "DA Warner",
              "runs": {
                "batter": 2,
                "extras": 0,
                "total": 2
              }
            },
            {
              "batter": "O Davies",
              "bowler": "CJ Jordan",
              "non_striker": "DA Warner",
              "runs": {
                "batter": 4,
                "extras": 0,
                "total": 4
              }
            }
          ]
        },
        {
          "over": 11,
          "deliveries": [
            {
              "batter": "DA Warner",
              "bowler": "P Hatzoglou",
              "extras": {
                "byes": 3
              },
              "non_striker": "O Davies",
              "runs": {
                "batter": 0,
                "extras": 3,
                "total": 3
              }
            },
            {
              "batter": "O Davies",
              "bowler": "P Hatzoglou",
              "non_striker": "DA Warner",
              "runs": {
                "batter": 2,
                "extras": 0,
                "total": 2
              }
            },
            {
              "batter": "O Davies",
              "bowler": "P Hatzoglou",
              "non_striker": "DA Warner",
              "runs": {
                "batter": 0,
                "extras": 0,
                "total": 0
              }
            },
            {
              "batter": "O Davies",
              "bowler": "P Hatzoglou",
              "non_striker": "DA Warner",
              "runs": {
                "batter": 1,
                "extras": 0,
                "total": 1
              }
            },
            {
              "batter": "DA Warner",
              "bowler": "P Hatzoglou",
              "non_striker": "O Davies",
              "runs": {
                "batter": 1,
                "extras": 0,
                "total": 1
              }
            },
            {
              "batter": "O Davies",
              "bowler": "P Hatzoglou",
              "non_striker": "DA Warner",
              "runs": {
                "batter": 0,
                "extras": 0,
                "total": 0
              }
            }
          ]
        },
        {
          "over": 12,
          "deliveries": [
            {
              "batter": "DA Warner",
              "bowler": "B Stanlake",
              "non_striker": "O Davies",
              "runs": {
                "batter": 1,
                "extras": 0,
                "total": 1
              }
            },
            {
              "batter": "O Davies",
              "bowler": "B Stanlake",
              "non_striker": "DA Warner",
              "runs": {
                "batter": 0,
                "extras": 0,
                "total": 0
              },
              "wickets": [
                {
                  "player_out": "O Davies",
                  "kind": "caught and bowled"
                }
              ]
            },
            {
              "batter": "SW Billings",
              "bowler": "B Stanlake",
              "non_striker": "DA Warner",
              "runs": {
                "batter": 1,
                "extras": 0,
                "total": 1
              }
            },
            {
              "batter": "DA Warner",
              "bowler": "B Stanlake",
              "non_striker": "SW Billings",
              "runs": {
                "batter": 0,
                "extras": 0,
                "total": 0
              }
            },
            {
              "batter": "DA Warner",
              "bowler": "B Stanlake",
              "non_striker": "SW Billings",
              "runs": {
                "batter": 1,
                "extras": 0,
                "total": 1
              }
            },
            {
              "batter": "SW Billings",
              "bowler": "B Stanlake",
              "extras": {
                "legbyes": 1
              },
              "non_striker": "DA Warner",
              "runs": {
                "batter": 0,
                "extras": 1,
                "total": 1
              }
            }
          ]
        },
        {
          "over": 13,
          "deliveries": [
            {
              "batter": "SW Billings",
              "bowler": "P Hatzoglou",
              "non_striker": "DA Warner",
              "runs": {
                "batter": 2,
                "extras": 0,
                "total": 2
              }
            },
            {
              "batter": "SW Billings",
              "bowler": "P Hatzoglou",
              "non_striker": "DA Warner",
              "runs": {
                "batter": 0,
                "extras": 0,
                "total": 0
              }
            },
            {
              "batter": "SW Billings",
              "bowler": "P Hatzoglou",
              "non_striker": "DA Warner",
              "runs": {
                "batter": 4,
                "extras": 0,
                "total": 4
              }
            },
            {
              "batter": "SW Billings",
              "bowler": "P Hatzoglou",
              "non_striker": "DA Warner",
              "runs": {
                "batter": 4,
                "extras": 0,
                "total": 4
              }
            },
            {
              "batter": "SW Billings",
              "bowler": "P Hatzoglou",
              "non_striker": "DA Warner",
              "runs": {
                "batter": 0,
                "extras": 0,
                "total": 0
              }
            },
            {
              "batter": "SW Billings",
              "bowler": "P Hatzoglou",
              "non_striker": "DA Warner",
              "runs": {
                "batter": 0,
                "extras": 0,
                "total": 0
              }
            }
          ]
        },
        {
          "over": 14,
          "deliveries": [
            {
              "batter": "DA Warner",
              "bowler": "RP Meredith",
              "non_striker": "SW Billings",
              "runs": {
                "batter": 1,
                "extras": 0,
                "total": 1
              }
            },
            {
              "batter": "SW Billings",
              "bowler": "RP Meredith",
              "non_striker": "DA Warner",
              "runs": {
                "batter": 1,
                "extras": 0,
                "total": 1
              }
            },
            {
              "batter": "DA Warner",
              "bowler": "RP Meredith",
              "non_striker": "SW Billings",
              "runs": {
                "batter": 1,
                "extras": 0,
                "total": 1
              }
            },
            {
              "batter": "SW Billings",
              "bowler": "RP Meredith",
              "non_striker": "DA Warner",
              "runs": {
                "batter": 6,
                "extras": 0,
                "non_boundary": true,
                "total": 6
              }
            },
            {
              "batter": "SW Billings",
              "bowler": "RP Meredith",
              "extras": {
                "wides": 1
              },
              "non_striker": "DA Warner",
              "runs": {
                "batter": 0,
                "extras": 1,
                "total": 1
              }
            },
            {
              "batter": "SW Billings",
              "bowler": "RP Meredith",
              "non_striker": "DA Warner",
              "runs": {
                "batter": 0,
                "extras": 0,
                "total": 0
              }
            },
            {
              "batter": "SW Billings",
              "bowler": "RP Meredith",
              "non_striker": "DA Warner",
              "runs": {
                "batter": 4,
                "extras": 0,
                "total": 4
              }
            }
          ]
        },
        {
          "over": 15,
          "deliveries": [
            {
              "batter": "DA Warner",
              "bowler": "Nikhil Chaudhary",
              "non_striker": "SW Billings",
              "runs": {
                "batter": 1,
                "extras": 0,
                "total": 1
              }
            },
            {
              "batter": "SW Billings",
              "bowler": "Nikhil Chaudhary",
              "non_striker": "DA Warner",
              "runs": {
                "batter": 4,
                "extras": 0,
                "total": 4
              }
            },
            {
              "batter": "SW Billings",
              "bowler": "Nikhil Chaudhary",
              "non_striker": "DA Warner",
              "runs": {
                "batter": 2,
                "extras": 0,
                "total": 2
              }
            },
            {
              "batter": "SW Billings",
              "bowler": "Nikhil Chaudhary",
              "non_striker": "DA Warner",
              "runs": {
                "batter": 0,
                "extras": 0,
                "total": 0
              },
              "wickets": [
                {
                  "player_out": "SW Billings",
                  "kind": "bowled"
                }
              ]
            },
            {
              "batter": "CJ Green",
              "bowler": "Nikhil Chaudhary",
              "non_striker": "DA Warner",
              "runs": {
                "batter": 1,
                "extras": 0,
                "total": 1
              }
            },
            {
              "batter": "DA Warner",
              "bowler": "Nikhil Chaudhary",
              "non_striker": "CJ Green",
              "runs": {
                "batter": 1,
                "extras": 0,
                "total": 1
              }
            }
          ]
        },
        {
          "over": 16,
          "deliveries": [
            {
              "batter": "DA Warner",
              "bowler": "CJ Jordan",
              "non_striker": "CJ Green",
              "runs": {
                "batter": 1,
                "extras": 0,
                "total": 1
              }
            },
            {
              "batter": "CJ Green",
              "bowler": "CJ Jordan",
              "non_striker": "DA Warner",
              "runs": {
                "batter": 1,
                "extras": 0,
                "total": 1
              }
            },
            {
              "batter": "DA Warner",
              "bowler": "CJ Jordan",
              "non_striker": "CJ Green",
              "runs": {
                "batter": 4,
                "extras": 0,
                "total": 4
              }
            },
            {
              "batter": "DA Warner",
              "bowler": "CJ Jordan",
              "non_striker": "CJ Green",
              "runs": {
                "batter": 4,
                "extras": 0,
                "total": 4
              }
            },
            {
              "batter": "DA Warner",
              "bowler": "CJ Jordan",
              "non_striker": "CJ Green",
              "runs": {
                "batter": 0,
                "extras": 0,
                "total": 0
              }
            },
            {
              "batter": "DA Warner",
              "bowler": "CJ Jordan",
              "non_striker": "CJ Green",
              "runs": {
                "batter": 1,
                "extras": 0,
                "total": 1
              }
            }
          ]
        },
        {
          "over": 17,
          "deliveries": [
            {
              "batter": "DA Warner",
              "bowler": "NT Ellis",
              "non_striker": "CJ Green",
              "runs": {
                "batter": 2,
                "extras": 0,
                "total": 2
              }
            },
            {
              "batter": "DA Warner",
              "bowler": "NT Ellis",
              "non_striker": "CJ Green",
              "runs": {
                "batter": 2,
                "extras": 0,
                "total": 2
              }
            },
            {
              "batter": "DA Warner",
              "bowler": "NT Ellis",
              "non_striker": "CJ Green",
              "runs": {
                "batter": 2,
                "extras": 0,
                "total": 2
              }
            },
            {
              "batter": "DA Warner",
              "bowler": "NT Ellis",
              "non_striker": "CJ Green",
              "runs": {
                "batter": 4,
                "extras": 0,
                "total": 4
              }
            },
            {
              "batter": "DA Warner",
              "bowler": "NT Ellis",
              "non_striker": "CJ Green",
              "runs": {
                "batter": 1,
                "extras": 0,
                "total": 1
              }
            },
            {
              "batter": "CJ Green",
              "bowler": "NT Ellis",
              "non_striker": "DA Warner",
              "runs": {
                "batter": 1,
                "extras": 0,
                "total": 1
              }
            }
          ]
        },
        {
          "over": 18,
          "deliveries": [
            {
              "batter": "CJ Green",
              "bowler": "RP Meredith",
              "non_striker": "DA Warner",
              "runs": {
                "batter": 2,
                "extras": 0,
                "total": 2
              }
            },
            {
              "batter": "CJ Green",
              "bowler": "RP Meredith",
              "non_striker": "DA Warner",
              "runs": {
                "batter": 2,
                "extras": 0,
                "total": 2
              }
            },
            {
              "batter": "CJ Green",
              "bowler": "RP Meredith",
              "non_striker": "DA Warner",
              "runs": {
                "batter": 1,
                "extras": 0,
                "total": 1
              }
            },
            {
              "batter": "DA Warner",
              "bowler": "RP Meredith",
              "non_striker": "CJ Green",
              "runs": {
                "batter": 0,
                "extras": 0,
                "total": 0
              }
            },
            {
              "batter": "DA Warner",
              "bowler": "RP Meredith",
              "non_striker": "CJ Green",
              "runs": {
                "batter": 1,
                "extras": 0,
                "total": 1
              }
            },
            {
              "batter": "CJ Green",
              "bowler": "RP Meredith",
              "non_striker": "DA Warner",
              "runs": {
                "batter": 0,
                "extras": 0,
                "total": 0
              },
              "wickets": [
                {
                  "player_out": "CJ Green",
                  "fielders": [
                    {
                      "name": "NT Ellis"
                    }
                  ],
                  "kind": "caught"
                }
              ]
            }
          ]
        },
        {
          "over": 19,
          "deliveries": [
            {
              "batter": "DA Warner",
              "bowler": "NT Ellis",
              "non_striker": "DT Christian",
              "runs": {
                "batter": 0,
                "extras": 0,
                "total": 0
              }
            },
            {
              "batter": "DA Warner",
              "bowler": "NT Ellis",
              "extras": {
                "wides": 1
              },
              "non_striker": "DT Christian",
              "runs": {
                "batter": 0,
                "extras": 1,
                "total": 1
              }
            },
            {
              "batter": "DA Warner",
              "bowler": "NT Ellis",
              "non_striker": "DT Christian",
              "runs": {
                "batter": 2,
                "extras": 0,
                "total": 2
              }
            },
            {
              "batter": "DA Warner",
              "bowler": "NT Ellis",
              "non_striker": "DT Christian",
              "runs": {
                "batter": 1,
                "extras": 0,
                "total": 1
              },
              "wickets": [
                {
                  "player_out": "DT Christian",
                  "fielders": [
                    {
                      "name": "CA Wakim"
                    },
                    {
                      "name": "NT Ellis"
                    }
                  ],
                  "kind": "run out"
                }
              ]
            },
            {
              "batter": "DA Warner",
              "bowler": "NT Ellis",
              "extras": {
                "noballs": 1
              },
              "non_striker": "GHS Garton",
              "runs": {
                "batter": 4,
                "extras": 1,
                "total": 5
              }
            },
            {
              "batter": "DA Warner",
              "bowler": "NT Ellis",
              "non_striker": "GHS Garton",
              "runs": {
                "batter": 2,
                "extras": 0,
                "total": 2
              }
            },
            {
              "batter": "DA Warner",
              "bowler": "NT Ellis",
              "non_striker": "GHS Garton",
              "runs": {
                "batter": 4,
                "extras": 0,
                "total": 4
              }
            },
            {
              "batter": "DA Warner",
              "bowler": "NT Ellis",
              "non_striker": "GHS Garton",
              "runs": {
                "batter": 2,
                "extras": 0,
                "total": 2
              }
            }
          ]
        }
      ],
      "powerplays": [
        {
          "from": 0.1,
          "to": 3.6,
          "type": "mandatory"
        },
        {
          "from": 16.1,
          "to": 17.6,
          "type": "batting"
        }
      ]
    },
    {
      "team": "Hobart Hurricanes",
      "overs": [
        {
          "over": 0,
          "deliveries": [
            {
              "batter": "MJ Owen",
              "bowler": "Mohammad Hasnain",
              "extras": {
                "wides": 1
              },
              "non_striker": "MS Wade",
              "runs": {
                "batter": 0,
                "extras": 1,
                "total": 1
              }
            },
            {
              "batter": "MJ Owen",
              "bowler": "Mohammad Hasnain",
              "non_striker": "MS Wade",
              "runs": {
                "batter": 2,
                "extras": 0,
                "total": 2
              }
            },
            {
              "batter": "MJ Owen",
              "bowler": "Mohammad Hasnain",
              "non_striker": "MS Wade",
              "runs": {
                "batter": 4,
                "extras": 0,
                "total": 4
              }
            },
            {
              "batter": "MJ Owen",
              "bowler": "Mohammad Hasnain",
              "non_striker": "MS Wade",
              "runs": {
                "batter": 6,
                "extras": 0,
                "total": 6
              }
            },
            {
              "batter": "MJ Owen",
              "bowler": "Mohammad Hasnain",
              "non_striker": "MS Wade",
              "runs": {
                "batter": 0,
                "extras": 0,
                "total": 0
              }
            },
            {
              "batter": "MJ Owen",
              "bowler": "Mohammad Hasnain",
              "non_striker": "MS Wade",
              "runs": {
                "batter": 1,
                "extras": 0,
                "total": 1
              }
            },
            {
              "batter": "MS Wade",
              "bowler": "Mohammad Hasnain",
              "non_striker": "MJ Owen",
              "runs": {
                "batter": 1,
                "extras": 0,
                "total": 1
              }
            }
          ]
        },
        {
          "over": 1,
          "deliveries": [
            {
              "batter": "MS Wade",
              "bowler": "GHS Garton",
              "extras": {
                "wides": 1
              },
              "non_striker": "MJ Owen",
              "runs": {
                "batter": 0,
                "extras": 1,
                "total": 1
              }
            },
            {
              "batter": "MS Wade",
              "bowler": "GHS Garton",
              "non_striker": "MJ Owen",
              "runs": {
                "batter": 0,
                "extras": 0,
                "total": 0
              }
            },
            {
              "batter": "MS Wade",
              "bowler": "GHS Garton",
              "non_striker": "MJ Owen",
              "runs": {
                "batter": 6,
                "extras": 0,
                "total": 6
              }
            },
            {
              "batter": "MS Wade",
              "bowler": "GHS Garton",
              "non_striker": "MJ Owen",
              "runs": {
                "batter": 6,
                "extras": 0,
                "total": 6
              }
            },
            {
              "batter": "MS Wade",
              "bowler": "GHS Garton",
              "non_striker": "MJ Owen",
              "runs": {
                "batter": 0,
                "extras": 0,
                "total": 0
              },
              "wickets": [
                {
                  "player_out": "MS Wade",
                  "kind": "lbw"
                }
              ]
            },
            {
              "batter": "CA Wakim",
              "bowler": "GHS Garton",
              "non_striker": "MJ Owen",
              "runs": {
                "batter": 0,
                "extras": 0,
                "total": 0
              }
            },
            {
              "batter": "CA Wakim",
              "bowler": "GHS Garton",
              "non_striker": "MJ Owen",
              "runs": {
                "batter": 4,
                "extras": 0,
                "total": 4
              }
            }
          ]
        },
        {
          "over": 2,
          "deliveries": [
            {
              "batter": "MJ Owen",
              "bowler": "WA Agar",
              "non_striker": "CA Wakim",
              "runs": {
                "batter": 0,
                "extras": 0,
                "total": 0
              },
              "wickets": [
                {
                  "player_out": "MJ Owen",
                  "fielders": [
                    {
                      "name": "S Konstas"
                    }
                  ],
                  "kind": "caught"
                }
              ]
            },
            {
              "batter": "Nikhil Chaudhary",
              "bowler": "WA Agar",
              "non_striker": "CA Wakim",
              "runs": {
                "batter": 1,
                "extras": 0,
                "total": 1
              }
            },
            {
              "batter": "CA Wakim",
              "bowler": "WA Agar",
              "non_striker": "Nikhil Chaudhary",
              "runs": {
                "batter": 0,
                "extras": 0,
                "total": 0
              }
            },
            {
              "batter": "CA Wakim",
              "bowler": "WA Agar",
              "non_striker": "Nikhil Chaudhary",
              "runs": {
                "batter": 0,
                "extras": 0,
                "total": 0
              }
            },
            {
              "batter": "CA Wakim",
              "bowler": "WA Agar",
              "non_striker": "Nikhil Chaudhary",
              "runs": {
                "batter": 4,
                "extras": 0,
                "total": 4
              }
            },
            {
              "batter": "CA Wakim",
              "bowler": "WA Agar",
              "non_striker": "Nikhil Chaudhary",
              "runs": {
                "batter": 0,
                "extras": 0,
                "total": 0
              }
            }
          ]
        },
        {
          "over": 3,
          "deliveries": [
            {
              "batter": "Nikhil Chaudhary",
              "bowler": "Mohammad Hasnain",
              "non_striker": "CA Wakim",
              "runs": {
                "batter": 0,
                "extras": 0,
                "total": 0
              }
            },
            {
              "batter": "Nikhil Chaudhary",
              "bowler": "Mohammad Hasnain",
              "non_striker": "CA Wakim",
              "runs": {
                "batter": 4,
                "extras": 0,
                "total": 4
              }
            },
            {
              "batter": "Nikhil Chaudhary",
              "bowler": "Mohammad Hasnain",
              "non_striker": "CA Wakim",
              "runs": {
                "batter": 4,
                "extras": 0,
                "total": 4
              }
            },
            {
              "batter": "Nikhil Chaudhary",
              "bowler": "Mohammad Hasnain",
              "non_striker": "CA Wakim",
              "runs": {
                "batter": 1,
                "extras": 0,
                "total": 1
              }
            },
            {
              "batter": "CA Wakim",
              "bowler": "Mohammad Hasnain",
              "non_striker": "Nikhil Chaudhary",
              "runs": {
                "batter": 0,
                "extras": 0,
                "total": 0
              }
            },
            {
              "batter": "CA Wakim",
              "bowler": "Mohammad Hasnain",
              "non_striker": "Nikhil Chaudhary",
              "runs": {
                "batter": 4,
                "extras": 0,
                "total": 4
              }
            }
          ]
        },
        {
          "over": 4,
          "deliveries": [
            {
              "batter": "Nikhil Chaudhary",
              "bowler": "TD Andrews",
              "non_striker": "CA Wakim",
              "runs": {
                "batter": 2,
                "extras": 0,
                "total": 2
              }
            },
            {
              "batter": "Nikhil Chaudhary",
              "bowler": "TD Andrews",
              "non_striker": "CA Wakim",
              "runs": {
                "batter": 1,
                "extras": 0,
                "total": 1
              }
            },
            {
              "batter": "CA Wakim",
              "bowler": "TD Andrews",
              "non_striker": "Nikhil Chaudhary",
              "runs": {
                "batter": 1,
                "extras": 0,
                "total": 1
              }
            },
            {
              "batter": "Nikhil Chaudhary",
              "bowler": "TD Andrews",
              "non_striker": "CA Wakim",
              "runs": {
                "batter": 0,
                "extras": 0,
                "total": 0
              }
            },
            {
              "batter": "Nikhil Chaudhary",
              "bowler": "TD Andrews",
              "non_striker": "CA Wakim",
              "runs": {
                "batter": 1,
                "extras": 0,
                "total": 1
              }
            },
            {
              "batter": "CA Wakim",
              "bowler": "TD Andrews",
              "non_striker": "Nikhil Chaudhary",
              "runs": {
                "batter": 1,
                "extras": 0,
                "total": 1
              }
            }
          ]
        },
        {
          "over": 5,
          "deliveries": [
            {
              "batter": "CA Wakim",
              "bowler": "CJ Green",
              "non_striker": "Nikhil Chaudhary",
              "runs": {
                "batter": 0,
                "extras": 0,
                "total": 0
              }
            },
            {
              "batter": "CA Wakim",
              "bowler": "CJ Green",
              "non_striker": "Nikhil Chaudhary",
              "runs": {
                "batter": 0,
                "extras": 0,
                "total": 0
              }
            },
            {
              "batter": "CA Wakim",
              "bowler": "CJ Green",
              "non_striker": "Nikhil Chaudhary",
              "runs": {
                "batter": 0,
                "extras": 0,
                "total": 0
              }
            },
            {
              "batter": "CA Wakim",
              "bowler": "CJ Green",
              "non_striker": "Nikhil Chaudhary",
              "runs": {
                "batter": 1,
                "extras": 0,
                "total": 1
              }
            },
            {
              "batter": "Nikhil Chaudhary",
              "bowler": "CJ Green",
              "non_striker": "CA Wakim",
              "runs": {
                "batter": 1,
                "extras": 0,
                "total": 1
              }
            },
            {
              "batter": "CA Wakim",
              "bowler": "CJ Green",
              "non_striker": "Nikhil Chaudhary",
              "runs": {
                "batter": 1,
                "extras": 0,
                "total": 1
              }
            }
          ]
        },
        {
          "over": 6,
          "deliveries": [
            {
              "batter": "CA Wakim",
              "bowler": "TD Andrews",
              "non_striker": "Nikhil Chaudhary",
              "runs": {
                "batter": 0,
                "extras": 0,
                "total": 0
              },
              "wickets": [
                {
                  "player_out": "CA Wakim",
                  "kind": "bowled"
                }
              ]
            },
            {
              "batter": "TH David",
              "bowler": "TD Andrews",
              "non_striker": "Nikhil Chaudhary",
              "runs": {
                "batter": 0,
                "extras": 0,
                "total": 0
              }
            },
            {
              "batter": "TH David",
              "bowler": "TD Andrews",
              "non_striker": "Nikhil Chaudhary",
              "runs": {
                "batter": 0,
                "extras": 0,
                "total": 0
              }
            },
            {
              "batter": "TH David",
              "bowler": "TD Andrews",
              "non_striker": "Nikhil Chaudhary",
              "runs": {
                "batter": 1,
                "extras": 0,
                "total": 1
              }
            },
            {
              "batter": "Nikhil Chaudhary",
              "bowler": "TD Andrews",
              "non_striker": "TH David",
              "runs": {
                "batter": 1,
                "extras": 0,
                "total": 1
              }
            },
            {
              "batter": "TH David",
              "bowler": "TD Andrews",
              "non_striker": "Nikhil Chaudhary",
              "runs": {
                "batter": 0,
                "extras": 0,
                "total": 0
              }
            }
          ]
        },
        {
          "over": 7,
          "deliveries": [
            {
              "batter": "Nikhil Chaudhary",
              "bowler": "CJ Green",
              "non_striker": "TH David",
              "runs": {
                "batter": 1,
                "extras": 0,
                "total": 1
              }
            },
            {
              "batter": "TH David",
              "bowler": "CJ Green",
              "non_striker": "Nikhil Chaudhary",
              "runs": {
                "batter": 1,
                "extras": 0,
                "total": 1
              }
            },
            {
              "batter": "Nikhil Chaudhary",
              "bowler": "CJ Green",
              "non_striker": "TH David",
              "runs": {
                "batter": 1,
                "extras": 0,
                "total": 1
              }
            },
            {
              "batter": "TH David",
              "bowler": "CJ Green",
              "non_striker": "Nikhil Chaudhary",
              "runs": {
                "batter": 0,
                "extras": 0,
                "total": 0
              }
            },
            {
              "batter": "TH David",
              "bowler": "CJ Green",
              "non_striker": "Nikhil Chaudhary",
              "runs": {
                "batter": 0,
                "extras": 0,
                "total": 0
              }
            },
            {
              "batter": "TH David",
              "bowler": "CJ Green",
              "extras": {
                "wides": 1
              },
              "non_striker": "Nikhil Chaudhary",
              "runs": {
                "batter": 0,
                "extras": 1,
                "total": 1
              }
            },
            {
              "batter": "TH David",
              "bowler": "CJ Green",
              "non_striker": "Nikhil Chaudhary",
              "runs": {
                "batter": 1,
                "extras": 0,
                "total": 1
              }
            }
          ]
        },
        {
          "over": 8,
          "deliveries": [
            {
              "batter": "TH David",
              "bowler": "TD Andrews",
              "non_striker": "Nikhil Chaudhary",
              "runs": {
                "batter": 4,
                "extras": 0,
                "total": 4
              }
            },
            {
              "batter": "TH David",
              "bowler": "TD Andrews",
              "non_striker": "Nikhil Chaudhary",
              "runs": {
                "batter": 1,
                "extras": 0,
                "total": 1
              }
            },
            {
              "batter": "Nikhil Chaudhary",
              "bowler": "TD Andrews",
              "non_striker": "TH David",
              "runs": {
                "batter": 1,
                "extras": 0,
                "total": 1
              }
            },
            {
              "batter": "TH David",
              "bowler": "TD Andrews",
              "non_striker": "Nikhil Chaudhary",
              "runs": {
                "batter": 0,
                "extras": 0,
                "total": 0
              }
            },
            {
              "batter": "TH David",
              "bowler": "TD Andrews",
              "non_striker": "Nikhil Chaudhary",
              "runs": {
                "batter": 0,
                "extras": 0,
                "total": 0
              }
            },
            {
              "batter": "TH David",
              "bowler": "TD Andrews",
              "non_striker": "Nikhil Chaudhary",
              "runs": {
                "batter": 0,
                "extras": 0,
                "total": 0
              }
            }
          ]
        },
        {
          "over": 9,
          "deliveries": [
            {
              "batter": "Nikhil Chaudhary",
              "bowler": "DT Christian",
              "non_striker": "TH David",
              "runs": {
                "batter": 1,
                "extras": 0,
                "total": 1
              }
            },
            {
              "batter": "TH David",
              "bowler": "DT Christian",
              "non_striker": "Nikhil Chaudhary",
              "runs": {
                "batter": 1,
                "extras": 0,
                "total": 1
              }
            },
            {
              "batter": "Nikhil Chaudhary",
              "bowler": "DT Christian",
              "non_striker": "TH David",
              "runs": {
                "batter": 4,
                "extras": 0,
                "total": 4
              }
            },
            {
              "batter": "Nikhil Chaudhary",
              "bowler": "DT Christian",
              "non_striker": "TH David",
              "runs": {
                "batter": 1,
                "extras": 0,
                "total": 1
              }
            },
            {
              "batter": "TH David",
              "bowler": "DT Christian",
              "non_striker": "Nikhil Chaudhary",
              "runs": {
                "batter": 4,
                "extras": 0,
                "total": 4
              }
            },
            {
              "batter": "TH David",
              "bowler": "DT Christian",
              "non_striker": "Nikhil Chaudhary",
              "runs": {
                "batter": 6,
                "extras": 0,
                "total": 6
              }
            }
          ]
        },
        {
          "over": 10,
          "deliveries": [
            {
              "batter": "Nikhil Chaudhary",
              "bowler": "TD Andrews",
              "non_striker": "TH David",
              "runs": {
                "batter": 0,
                "extras": 0,
                "total": 0
              }
            },
            {
              "batter": "Nikhil Chaudhary",
              "bowler": "TD Andrews",
              "non_striker": "TH David",
              "runs": {
                "batter": 1,
                "extras": 0,
                "total": 1
              }
            },
            {
              "batter": "TH David",
              "bowler": "TD Andrews",
              "non_striker": "Nikhil Chaudhary",
              "runs": {
                "batter": 0,
                "extras": 0,
                "total": 0
              }
            },
            {
              "batter": "TH David",
              "bowler": "TD Andrews",
              "non_striker": "Nikhil Chaudhary",
              "runs": {
                "batter": 1,
                "extras": 0,
                "total": 1
              }
            },
            {
              "batter": "Nikhil Chaudhary",
              "bowler": "TD Andrews",
              "non_striker": "TH David",
              "runs": {
                "batter": 1,
                "extras": 0,
                "total": 1
              }
            },
            {
              "batter": "TH David",
              "bowler": "TD Andrews",
              "non_striker": "Nikhil Chaudhary",
              "runs": {
                "batter": 0,
                "extras": 0,
                "total": 0
              }
            }
          ]
        },
        {
          "over": 11,
          "deliveries": [
            {
              "batter": "Nikhil Chaudhary",
              "bowler": "CJ Green",
              "extras": {
                "wides": 2
              },
              "non_striker": "TH David",
              "runs": {
                "batter": 0,
                "extras": 2,
                "total": 2
              }
            },
            {
              "batter": "TH David",
              "bowler": "CJ Green",
              "extras": {
                "wides": 1
              },
              "non_striker": "Nikhil Chaudhary",
              "runs": {
                "batter": 0,
                "extras": 1,
                "total": 1
              }
            },
            {
              "batter": "TH David",
              "bowler": "CJ Green",
              "non_striker": "Nikhil Chaudhary",
              "runs": {
                "batter": 0,
                "extras": 0,
                "total": 0
              }
            },
            {
              "batter": "TH David",
              "bowler": "CJ Green",
              "non_striker": "Nikhil Chaudhary",
              "runs": {
                "batter": 1,
                "extras": 0,
                "total": 1
              }
            },
            {
              "batter": "Nikhil Chaudhary",
              "bowler": "CJ Green",
              "non_striker": "TH David",
              "runs": {
                "batter": 1,
                "extras": 0,
                "total": 1
              }
            },
            {
              "batter": "TH David",
              "bowler": "CJ Green",
              "non_striker": "Nikhil Chaudhary",
              "runs": {
                "batter": 0,
                "extras": 0,
                "total": 0
              }
            },
            {
              "batter": "TH David",
              "bowler": "CJ Green",
              "non_striker": "Nikhil Chaudhary",
              "runs": {
                "batter": 1,
                "extras": 0,
                "total": 1
              }
            },
            {
              "batter": "Nikhil Chaudhary",
              "bowler": "CJ Green",
              "non_striker": "TH David",
              "runs": {
                "batter": 1,
                "extras": 0,
                "total": 1
              }
            }
          ]
        },
        {
          "over": 12,
          "deliveries": [
            {
              "batter": "Nikhil Chaudhary",
              "bowler": "GHS Garton",
              "extras": {
                "wides": 1
              },
              "non_striker": "TH David",
              "runs": {
                "batter": 0,
                "extras": 1,
                "total": 1
              }
            },
            {
              "batter": "Nikhil Chaudhary",
              "bowler": "GHS Garton",
              "non_striker": "TH David",
              "runs": {
                "batter": 0,
                "extras": 0,
                "total": 0
              },
              "wickets": [
                {
                  "player_out": "Nikhil Chaudhary",
                  "fielders": [
                    {
                      "name": "SW Billings"
                    }
                  ],
                  "kind": "caught"
                }
              ]
            },
            {
              "batter": "CJ Jordan",
              "bowler": "GHS Garton",
              "non_striker": "TH David",
              "runs": {
                "batter": 2,
                "extras": 0,
                "total": 2
              }
            },
            {
              "batter": "CJ Jordan",
              "bowler": "GHS Garton",
              "non_striker": "TH David",
              "runs": {
                "batter": 1,
                "extras": 0,
                "total": 1
              }
            },
            {
              "batter": "TH David",
              "bowler": "GHS Garton",
              "non_striker": "CJ Jordan",
              "runs": {
                "batter": 2,
                "extras": 0,
                "total": 2
              }
            },
            {
              "batter": "TH David",
              "bowler": "GHS Garton",
              "non_striker": "CJ Jordan",
              "runs": {
                "batter": 1,
                "extras": 0,
                "total": 1
              }
            },
            {
              "batter": "CJ Jordan",
              "bowler": "GHS Garton",
              "non_striker": "TH David",
              "runs": {
                "batter": 1,
                "extras": 0,
                "total": 1
              }
            }
          ]
        },
        {
          "over": 13,
          "deliveries": [
            {
              "batter": "CJ Jordan",
              "bowler": "WA Agar",
              "non_striker": "TH David",
              "runs": {
                "batter": 1,
                "extras": 0,
                "total": 1
              }
            },
            {
              "batter": "TH David",
              "bowler": "WA Agar",
              "non_striker": "CJ Jordan",
              "runs": {
                "batter": 4,
                "extras": 0,
                "total": 4
              }
            },
            {
              "batter": "TH David",
              "bowler": "WA Agar",
              "extras": {
                "legbyes": 1
              },
              "non_striker": "CJ Jordan",
              "runs": {
                "batter": 0,
                "extras": 1,
                "total": 1
              }
            },
            {
              "batter": "CJ Jordan",
              "bowler": "WA Agar",
              "non_striker": "TH David",
              "runs": {
                "batter": 1,
                "extras": 0,
                "total": 1
              }
            },
            {
              "batter": "TH David",
              "bowler": "WA Agar",
              "non_striker": "CJ Jordan",
              "runs": {
                "batter": 4,
                "extras": 0,
                "total": 4
              }
            },
            {
              "batter": "TH David",
              "bowler": "WA Agar",
              "non_striker": "CJ Jordan",
              "runs": {
                "batter": 6,
                "extras": 0,
                "total": 6
              }
            }
          ]
        },
        {
          "over": 14,
          "deliveries": [
            {
              "batter": "CJ Jordan",
              "bowler": "Mohammad Hasnain",
              "non_striker": "TH David",
              "runs": {
                "batter": 4,
                "extras": 0,
                "total": 4
              }
            },
            {
              "batter": "CJ Jordan",
              "bowler": "Mohammad Hasnain",
              "non_striker": "TH David",
              "runs": {
                "batter": 0,
                "extras": 0,
                "total": 0
              }
            },
            {
              "batter": "CJ Jordan",
              "bowler": "Mohammad Hasnain",
              "non_striker": "TH David",
              "runs": {
                "batter": 4,
                "extras": 0,
                "total": 4
              }
            },
            {
              "batter": "CJ Jordan",
              "bowler": "Mohammad Hasnain",
              "non_striker": "TH David",
              "runs": {
                "batter": 1,
                "extras": 0,
                "total": 1
              }
            },
            {
              "batter": "TH David",
              "bowler": "Mohammad Hasnain",
              "non_striker": "CJ Jordan",
              "runs": {
                "batter": 6,
                "extras": 0,
                "total": 6
              }
            },
            {
              "batter": "TH David",
              "bowler": "Mohammad Hasnain",
              "non_striker": "CJ Jordan",
              "runs": {
                "batter": 6,
                "extras": 0,
                "total": 6
              }
            }
          ]
        },
        {
          "over": 15,
          "deliveries": [
            {
              "batter": "CJ Jordan",
              "bowler": "GHS Garton",
              "non_striker": "TH David",
              "runs": {
                "batter": 0,
                "extras": 0,
                "total": 0
              }
            },
            {
              "batter": "CJ Jordan",
              "bowler": "GHS Garton",
              "non_striker": "TH David",
              "runs": {
                "batter": 1,
                "extras": 0,
                "total": 1
              }
            },
            {
              "batter": "TH David",
              "bowler": "GHS Garton",
              "non_striker": "CJ Jordan",
              "runs": {
                "batter": 1,
                "extras": 0,
                "total": 1
              }
            },
            {
              "batter": "CJ Jordan",
              "bowler": "GHS Garton",
              "non_striker": "TH David",
              "runs": {
                "batter": 1,
                "extras": 0,
                "total": 1
              }
            },
            {
              "batter": "TH David",
              "bowler": "GHS Garton",
              "non_striker": "CJ Jordan",
              "runs": {
                "batter": 2,
                "extras": 0,
                "total": 2
              }
            },
            {
              "batter": "TH David",
              "bowler": "GHS Garton",
              "non_striker": "CJ Jordan",
              "runs": {
                "batter": 1,
                "extras": 0,
                "total": 1
              }
            }
          ]
        },
        {
          "over": 16,
          "deliveries": [
            {
              "batter": "TH David",
              "bowler": "WA Agar",
              "non_striker": "CJ Jordan",
              "runs": {
                "batter": 1,
                "extras": 0,
                "total": 1
              }
            },
            {
              "batter": "CJ Jordan",
              "bowler": "WA Agar",
              "non_striker": "TH David",
              "runs": {
                "batter": 1,
                "extras": 0,
                "total": 1
              }
            },
            {
              "batter": "TH David",
              "bowler": "WA Agar",
              "non_striker": "CJ Jordan",
              "runs": {
                "batter": 6,
                "extras": 0,
                "total": 6
              }
            },
            {
              "batter": "TH David",
              "bowler": "WA Agar",
              "non_striker": "CJ Jordan",
              "runs": {
                "batter": 0,
                "extras": 0,
                "total": 0
              }
            },
            {
              "batter": "TH David",
              "bowler": "WA Agar",
              "non_striker": "CJ Jordan",
              "runs": {
                "batter": 6,
                "extras": 0,
                "total": 6
              }
            }
          ]
        }
      ],
      "powerplays": [
        {
          "from": 0.1,
          "to": 3.6,
          "type": "mandatory"
        },
        {
          "from": 13.1,
          "to": 14.6,
          "type": "batting"
        }
      ],
      "target": {
        "overs": 20,
        "runs": 165
      }
    }
  ]
}