{
  "meta": {
    "data_version": "1.1.0",
    "created": "2025-01-18",
    "revision": 1
  },
  "info": {
    "balls_per_over": 6,
    "city": "Sydney",
    "dates": [
      "2025-01-17"
    ],
    "event": {
      "name": "Big Bash League",
      "match_number": 37
    },
    "gender": "male",
    "match_type": "T20",
    "officials": {
      "match_referees": [
        "RW Stratford"
      ],
      "reserve_umpires": [
        "Troy Penman"
      ],
      "tv_umpires": [
        "GA Abood"
      ],
      "umpires": [
        "SJ Nogajski",
        "AR Crafter"
      ]
    },
    "outcome": {
      "result": "no result"
    },
    "overs": 20,
    "players": {
      "Sydney Thunder": [
        "S Konstas",
        "DA Warner",
        "HD Weibgen",
        "SW Billings",
        "M Gilkes",
        "CJ Green",
        "GHS Garton",
        "DT Christian",
        "N McAndrew",
        "TD Andrews",
        "Mohammad Hasnain"
      ],
      "Sydney Sixers": [
        "JR Philippe",
        "SPD Smith",
        "J Edwards",
        "MC Henriques",
        "JC Silk",
        "L Shaw",
        "BJ Dwarshuis",
        "H Kerr",
        "SA Abbott",
        "JA Chohan",
        "T Murphy"
      ]
    },
    "registry": {
      "people": {
        "AR Crafter": "737820de",
        "BJ Dwarshuis": "e1b9f3a9",
        "CJ Green": "19b9f399",
        "DA Warner": "dcce6f09",
        "DT Christian": "2a2e6343",
        "GA Abood": "a4af5528",
        "GHS Garton": "be869ccf",
        "H Kerr": "f422728b",
        "HD Weibgen": "2535b30f",
        "J Edwards": "f787e0eb",
        "JA Chohan": "58be5e46",
        "JC Silk": "7a6dc294",
        "JR Philippe": "39086549",
        "L Shaw": "b34e4b15",
        "M Gilkes": "d85b0f8b",
        "MC Henriques": "32198ae0",
        "Mohammad Hasnain": "8596fe80",
        "N McAndrew": "38c276e1",
        "RW Stratford": "85489579",
        "S Konstas": "3c34c9e1",
        "SA Abbott": "1a2676c5",
        "SJ Nogajski": "9b3f9323",
        "SPD Smith": "30a45b23",
        "SW Billings": "c16d4035",
        "T Murphy": "ac2e7ec0",
        "TD Andrews": "a0f612b6",
        "Troy Penman": "0aa42c26"
      }
    },
    "season": "2024/25",
    "team_type": "club",
    "teams": [
      "Sydney Thunder",
      "Sydney Sixers"
    ],
    "toss": {
      "decision": "field",
      "winner": "Sydney Sixers"
    },
    "venue": "Sydney Cricket Ground"
  },
  "innings": [
    {
      "team": "Sydney Thunder",
      "overs": [
        {
          "over": 0,
          "deliveries": [
            {
              "batter": "S Konstas",
              "bowler": "J Edwards",
              "non_striker": "DA Warner",
              "runs": {
                "batter": 0,
                "extras": 0,
                "total": 0
              }
            },
            {
              "batter": "S Konstas",
              "bowler": "J Edwards",
              "non_striker": "DA Warner",
              "runs": {
                "batter": 0,
                "extras": 0,
                "total": 0
              }
            },
            {
              "batter": "S Konstas",
              "bowler": "J Edwards",
              "non_striker": "DA Warner",
              "runs": {
                "batter": 0,
                "extras": 0,
                "total": 0
              }
            },
            {
              "batter": "S Konstas",
              "bowler": "J Edwards",
              "non_striker": "DA Warner",
              "runs": {
                "batter": 0,
                "extras": 0,
                "total": 0
              }
            },
            {
              "batter": "S Konstas",
              "bowler": "J Edwards",
              "non_striker": "DA Warner",
              "runs": {
                "batter": 0,
                "extras": 0,
                "total": 0
              }
            },
            {
              "batter": "S Konstas",
              "bowler": "J Edwards",
              "non_striker": "DA Warner",
              "runs": {
                "batter": 0,
                "extras": 0,
                "total": 0
              }
            }
          ]
        },
        {
          "over": 1,
          "deliveries": [
            {
              "batter": "DA Warner",
              "bowler": "H Kerr",
              "non_striker": "S Konstas",
              "runs": {
                "batter": 4,
                "extras": 0,
                "total": 4
              }
            },
            {
              "batter": "DA Warner",
              "bowler": "H Kerr",
              "non_striker": "S Konstas",
              "runs": {
                "batter": 0,
                "extras": 0,
                "total": 0
              }
            },
            {
              "batter": "DA Warner",
              "bowler": "H Kerr",
              "non_striker": "S Konstas",
              "runs": {
                "batter": 0,
                "extras": 0,
                "total": 0
              }
            },
            {
              "batter": "DA Warner",
              "bowler": "H Kerr",
              "non_striker": "S Konstas",
              "runs": {
                "batter": 0,
                "extras": 0,
                "total": 0
              }
            },
            {
              "batter": "DA Warner",
              "bowler": "H Kerr",
              "non_striker": "S Konstas",
              "runs": {
                "batter": 4,
                "extras": 0,
                "total": 4
              }
            },
            {
              "batter": "DA Warner",
              "bowler": "H Kerr",
              "non_striker": "S Konstas",
              "runs": {
                "batter": 4,
                "extras": 0,
                "total": 4
              }
            }
          ]
        },
        {
          "over": 2,
          "deliveries": [
            {
              "batter": "S Konstas",
              "bowler": "SA Abbott",
              "non_striker": "DA Warner",
              "runs": {
                "batter": 4,
                "extras": 0,
                "total": 4
              }
            },
            {
              "batter": "S Konstas",
              "bowler": "SA Abbott",
              "non_striker": "DA Warner",
              "runs": {
                "batter": 1,
                "extras": 0,
                "total": 1
              }
            },
            {
              "batter": "DA Warner",
              "bowler": "SA Abbott",
              "non_striker": "S Konstas",
              "runs": {
                "batter": 1,
                "extras": 0,
                "total": 1
              }
            },
            {
              "batter": "S Konstas",
              "bowler": "SA Abbott",
              "extras": {
                "legbyes": 1
              },
              "non_striker": "DA Warner",
              "runs": {
                "batter": 0,
                "extras": 1,
                "total": 1
              }
            },
            {
              "batter": "DA Warner",
              "bowler": "SA Abbott",
              "non_striker": "S Konstas",
              "runs": {
                "batter": 0,
                "extras": 0,
                "total": 0
              }
            },
            {
              "batter": "DA Warner",
              "bowler": "SA Abbott",
              "non_striker": "S Konstas",
              "runs": {
                "batter": 6,
                "extras": 0,
                "total": 6
              }
            }
          ]
        },
        {
          "over": 3,
          "deliveries": [
            {
              "batter": "S Konstas",
              "bowler": "J Edwards",
              "non_striker": "DA Warner",
              "runs": {
                "batter": 4,
                "extras": 0,
                "total": 4
              }
            },
            {
              "batter": "S Konstas",
              "bowler": "J Edwards",
              "non_striker": "DA Warner",
              "runs": {
                "batter": 0,
                "extras": 0,
                "total": 0
              }
            },
            {
              "batter": "S Konstas",
              "bowler": "J Edwards",
              "extras": {
                "wides": 1
              },
              "non_striker": "DA Warner",
              "runs": {
                "batter": 0,
                "extras": 1,
                "total": 1
              }
            },
            {
              "batter": "S Konstas",
              "bowler": "J Edwards",
              "non_striker": "DA Warner",
              "runs": {
                "batter": 0,
                "extras": 0,
                "total": 0
              }
            },
            {
              "batter": "S Konstas",
              "bowler": "J Edwards",
              "extras": {
                "legbyes": 2
              },
              "non_striker": "DA Warner",
              "runs": {
                "batter": 0,
                "extras": 2,
                "total": 2
              }
            },
            {
              "batter": "S Konstas",
              "bowler": "J Edwards",
              "non_striker": "DA Warner",
              "runs": {
                "batter": 0,
                "extras": 0,
                "total": 0
              },
              "wickets": [
                {
                  "player_out": "S Konstas",
                  "kind": "bowled"
                }
              ]
            },
            {
              "batter": "HD Weibgen",
              "bowler": "J Edwards",
              "non_striker": "DA Warner",
              "runs": {
                "batter": 0,
                "extras": 0,
                "total": 0
              }
            }
          ]
        },
        {
          "over": 4,
          "deliveries": [
            {
              "batter": "DA Warner",
              "bowler": "T Murphy",
              "non_striker": "HD Weibgen",
              "runs": {
                "batter": 2,
                "extras": 0,
                "total": 2
              }
            },
            {
              "batter": "DA Warner",
              "bowler": "T Murphy",
              "non_striker": "HD Weibgen",
              "runs": {
                "batter": 0,
                "extras": 0,
                "total": 0
              }
            },
            {
              "batter": "DA Warner",
              "bowler": "T Murphy",
              "non_striker": "HD Weibgen",
              "runs": {
                "batter": 0,
                "extras": 0,
                "total": 0
              }
            },
            {
              "batter": "DA Warner",
              "bowler": "T Murphy",
              "non_striker": "HD Weibgen",
              "runs": {
                "batter": 0,
                "extras": 0,
                "total": 0
              }
            },
            {
              "batter": "DA Warner",
              "bowler": "T Murphy",
              "non_striker": "HD Weibgen",
              "runs": {
                "batter": 1,
                "extras": 0,
                "total": 1
              }
            },
            {
              "batter": "HD Weibgen",
              "bowler": "T Murphy",
              "non_striker": "DA Warner",
              "runs": {
                "batter": 1,
                "extras": 0,
                "total": 1
              }
            }
          ]
        },
        {
          "over": 5,
          "deliveries": [
            {
              "batter": "HD Weibgen",
              "bowler": "BJ Dwarshuis",
              "non_striker": "DA Warner",
              "runs": {
                "batter": 0,
                "extras": 0,
                "total": 0
              }
            }
          ]
        }
      ],
      "powerplays": [
        {
          "from": 0.1,
          "to": 3.7,
          "type": "mandatory"
        }
      ]
    }
  ]
}