{
  "meta": {
    "data_version": "1.1.0",
    "created": "2025-01-19",
    "revision": 1
  },
  "info": {
    "balls_per_over": 6,
    "city": "Gqeberha",
    "dates": [
      "2025-01-19"
    ],
    "event": {
      "name": "SA20",
      "match_number": 14
    },
    "gender": "male",
    "match_type": "T20",
    "officials": {
      "match_referees": [
        "SA Fritz"
      ],
      "reserve_umpires": [
        "AM Sodumo"
      ],
      "tv_umpires": [
        "Siphelele Gasa"
      ],
      "umpires": [
        "PJ Vosloo",
        "Stephen Harris"
      ]
    },
    "outcome": {
      "winner": "Sunrisers Eastern Cape",
      "by": {
        "wickets": 6
      }
    },
    "overs": 20,
    "player_of_match": [
      "M Jansen"
    ],
    "players": {
      "Durban's Super Giants": [
        "BA King",
        "MP Breetzke",
        "KS Williamson",
        "Q de Kock",
        "JT Smuts",
        "PWA Mulder",
        "H Klaasen",
        "KA Maharaj",
        "CJ Dala",
        "Naveen-ul-Haq",
        "Noor Ahmad"
      ],
      "Sunrisers Eastern Cape": [
        "DG Bedingham",
        "Z Crawley",
        "TB Abell",
        "J Hermann",
        "AK Markram",
        "M Jansen",
        "T Stubbs",
        "LA Dawson",
        "SR Harmer",
        "OEG Baartman",
        "RJ Gleeson"
      ]
    },
    "registry": {
      "people": {
        "AK Markram": "6a26221c",
        "AM Sodumo": "cc6850ec",
        "BA King": "7fca84b7",
        "CJ Dala": "1cb14aa4",
        "DG Bedingham": "a1b69936",
        "H Klaasen": "235c2bb6",
        "J Hermann": "e87aeca2",
        "JT Smuts": "42172c3c",
        "KA Maharaj": "0b60eb09",
        "KS Williamson": "d027ba9f",
        "LA Dawson": "4a461c24",
        "M Jansen": "81c36ee9",
        "MP Breetzke": "35f173a0",
        "Naveen-ul-Haq": "c0c411cb",
        "Noor Ahmad": "efc04be7",
        "OEG Baartman": "6b9eb501",
        "PJ Vosloo": "93a6d2d0",
        "PWA Mulder": "c96f6ac5",
        "Q de Kock": "372455c4",
        "RJ Gleeson": "402f8494",
        "SA Fritz": "d15e60c8",
        "SR Harmer": "23638956",
        "Siphelele Gasa": "e50baa87",
        "Stephen Harris": "fdcfd4aa",
        "T Stubbs": "85b3fab2",
        "TB Abell": "ba9258a7",
        "Z Crawley": "922e1b19"
      }
    },
    "season": "2024/25",
    "team_type": "club",
    "teams": [
      "Durban's Super Giants",
      "Sunrisers Eastern Cape"
    ],
    "toss": {
      "decision": "bat",
      "winner": "Durban's Super Giants"
    },
    "venue": "St George's Park, Gqeberha"
  },
  "innings": [
    {
      "team": "Durban's Super Giants",
      "overs": [
        {
          "over": 0,
          "deliveries": [
            {
              "batter": "BA King",
              "bowler": "M Jansen",
              "non_striker": "MP Breetzke",
              "runs": {
                "batter": 0,
                "extras": 0,
                "total": 0
              }
            },
            {
              "batter": "BA King",
              "bowler": "M Jansen",
              "non_striker": "MP Breetzke",
              "runs": {
                "batter": 0,
                "extras": 0,
                "total": 0
              },
              "wickets": [
                {
                  "player_out": "BA King",
                  "fielders": [
                    {
                      "name": "SR Harmer"
                    }
                  ],
                  "kind": "caught"
                }
              ]
            },
            {
              "batter": "KS Williamson",
              "bowler": "M Jansen",
              "non_striker": "MP Breetzke",
              "runs": {
                "batter": 0,
                "extras": 0,
                "total": 0
              }
            },
            {
              "batter": "KS Williamson",
              "bowler": "M Jansen",
              "non_striker": "MP Breetzke",
              "runs": {
                "batter": 1,
                "extras": 0,
                "total": 1
              }
            },
            {
              "batter": "MP Breetzke",
              "bowler": "M Jansen",
              "non_striker": "KS Williamson",
              "runs": {
                "batter": 0,
                "extras": 0,
                "total": 0
              }
            },
            {
              "batter": "MP Breetzke",
              "bowler": "M Jansen",
              "non_striker": "KS Williamson",
              "runs": {
                "batter": 1,
                "extras": 0,
                "total": 1
              }
            }
          ]
        },
        {
          "over": 1,
          "deliveries": [
            {
              "batter": "MP Breetzke",
              "bowler": "RJ Gleeson",
              "non_striker": "KS Williamson",
              "runs": {
                "batter": 1,
                "extras": 0,
                "total": 1
              }
            },
            {
              "batter": "KS Williamson",
              "bowler": "RJ Gleeson",
              "non_striker": "MP Breetzke",
              "runs": {
                "batter": 0,
                "extras": 0,
                "total": 0
              }
            },
            {
              "batter": "KS Williamson",
              "bowler": "RJ Gleeson",
              "non_striker": "MP Breetzke",
              "runs": {
                "batter": 0,
                "extras": 0,
                "total": 0
              }
            },
            {
              "batter": "KS Williamson",
              "bowler": "RJ Gleeson",
              "non_striker": "MP Breetzke",
              "runs": {
                "batter": 0,
                "extras": 0,
                "total": 0
              }
            },
            {
              "batter": "KS Williamson",
              "bowler": "RJ Gleeson",
              "non_striker": "MP Breetzke",
              "runs": {
                "batter": 0,
                "extras": 0,
                "total": 0
              }
            },
            {
              "batter": "KS Williamson",
              "bowler": "RJ Gleeson",
              "non_striker": "MP Breetzke",
              "runs": {
                "batter": 0,
                "extras": 0,
                "total": 0
              }
            }
          ]
        },
        {
          "over": 2,
          "deliveries": [
            {
              "batter": "MP Breetzke",
              "bowler": "M Jansen",
              "non_striker": "KS Williamson",
              "runs": {
                "batter": 0,
                "extras": 0,
                "total": 0
              }
            },
            {
              "batter": "MP Breetzke",
              "bowler": "M Jansen",
              "non_striker": "KS Williamson",
              "runs": {
                "batter": 0,
                "extras": 0,
                "total": 0
              }
            },
            {
              "batter": "MP Breetzke",
              "bowler": "M Jansen",
              "non_striker": "KS Williamson",
              "runs": {
                "batter": 0,
                "extras": 0,
                "total": 0
              },
              "wickets": [
                {
                  "player_out": "MP Breetzke",
                  "kind": "bowled"
                }
              ]
            },
            {
              "batter": "Q de Kock",
              "bowler": "M Jansen",
              "non_striker": "KS Williamson",
              "runs": {
                "batter": 0,
                "extras": 0,
                "total": 0
              }
            },
            {
              "batter": "Q de Kock",
              "bowler": "M Jansen",
              "extras": {
                "wides": 1
              },
              "non_striker": "KS Williamson",
              "runs": {
                "batter": 0,
                "extras": 1,
                "total": 1
              }
            },
            {
              "batter": "Q de Kock",
              "bowler": "M Jansen",
              "non_striker": "KS Williamson",
              "runs": {
                "batter": 0,
                "extras": 0,
                "total": 0
              }
            },
            {
              "batter": "Q de Kock",
              "bowler": "M Jansen",
              "non_striker": "KS Williamson",
              "runs": {
                "batter": 0,
                "extras": 0,
                "total": 0
              }
            }
          ]
        },
        {
          "over": 3,
          "deliveries": [
            {
              "batter": "KS Williamson",
              "bowler": "OEG Baartman",
              "non_striker": "Q de Kock",
              "runs": {
                "batter": 0,
                "extras": 0,
                "total": 0
              }
            },
            {
              "batter": "KS Williamson",
              "bowler": "OEG Baartman",
              "non_striker": "Q de Kock",
              "runs": {
                "batter": 0,
                "extras": 0,
                "total": 0
              }
            },
            {
              "batter": "KS Williamson",
              "bowler": "OEG Baartman",
              "non_striker": "Q de Kock",
              "runs": {
                "batter": 2,
                "extras": 0,
                "total": 2
              }
            },
            {
              "batter": "KS Williamson",
              "bowler": "OEG Baartman",
              "non_striker": "Q de Kock",
              "runs": {
                "batter": 0,
                "extras": 0,
                "total": 0
              }
            },
            {
              "batter": "KS Williamson",
              "bowler": "OEG Baartman",
              "non_striker": "Q de Kock",
              "runs": {
                "batter": 1,
                "extras": 0,
                "total": 1
              }
            },
            {
              "batter": "Q de Kock",
              "bowler": "OEG Baartman",
              "non_striker": "KS Williamson",
              "runs": {
                "batter": 4,
                "extras": 0,
                "total": 4
              }
            }
          ]
        },
        {
          "over": 4,
          "deliveries": [
            {
              "batter": "KS Williamson",
              "bowler": "M Jansen",
              "non_striker": "Q de Kock",
              "runs": {
                "batter": 0,
                "extras": 0,
                "total": 0
              }
            },
            {
              "batter": "KS Williamson",
              "bowler": "M Jansen",
              "non_striker": "Q de Kock",
              "runs": {
                "batter": 0,
                "extras": 0,
                "total": 0
              }
            },
            {
              "batter": "KS Williamson",
              "bowler": "M Jansen",
              "extras": {
                "wides": 1
              },
              "non_striker": "Q de Kock",
              "runs": {
                "batter": 0,
                "extras": 1,
                "total": 1
              }
            },
            {
              "batter": "KS Williamson",
              "bowler": "M Jansen",
              "non_striker": "Q de Kock",
              "runs": {
                "batter": 0,
                "extras": 0,
                "total": 0
              }
            },
            {
              "batter": "KS Williamson",
              "bowler": "M Jansen",
              "non_striker": "Q de Kock",
              "runs": {
                "batter": 4,
                "extras": 0,
                "total": 4
              }
            },
            {
              "batter": "KS Williamson",
              "bowler": "M Jansen",
              "non_striker": "Q de Kock",
              "runs": {
                "batter": 0,
                "extras": 0,
                "total": 0
              }
            },
            {
              "batter": "KS Williamson",
              "bowler": "M Jansen",
              "non_striker": "Q de Kock",
              "runs": {
                "batter": 0,
                "extras": 0,
                "total": 0
              }
            }
          ]
        },
        {
          "over": 5,
          "deliveries": [
            {
              "batter": "Q de Kock",
              "bowler": "RJ Gleeson",
              "non_striker": "KS Williamson",
              "runs": {
                "batter": 0,
                "extras": 0,
                "total": 0
              },
              "wickets": [
                {
                  "player_out": "Q de Kock",
                  "fielders": [
                    {
                      "name": "T Stubbs"
                    }
                  ],
                  "kind": "caught"
                }
              ]
            },
            {
              "batter": "JT Smuts",
              "bowler": "RJ Gleeson",
              "non_striker": "KS Williamson",
              "runs": {
                "batter": 2,
                "extras": 0,
                "total": 2
              }
            },
            {
              "batter": "JT Smuts",
              "bowler": "RJ Gleeson",
              "non_striker": "KS Williamson",
              "runs": {
                "batter": 0,
                "extras": 0,
                "total": 0
              }
            },
            {
              "batter": "JT Smuts",
              "bowler": "RJ Gleeson",
              "non_striker": "KS Williamson",
              "runs": {
                "batter": 0,
                "extras": 0,
                "total": 0
              },
              "wickets": [
                {
                  "player_out": "JT Smuts",
                  "fielders": [
                    {
                      "name": "LA Dawson"
                    }
                  ],
                  "kind": "caught"
                }
              ]
            },
            {
              "batter": "PWA Mulder",
              "bowler": "RJ Gleeson",
              "non_striker": "KS Williamson",
              "runs": {
                "batter": 0,
                "extras": 0,
                "total": 0
              }
            },
            {
              "batter": "PWA Mulder",
              "bowler": "RJ Gleeson",
              "non_striker": "KS Williamson",
              "runs": {
                "batter": 0,
                "extras": 0,
                "total": 0
              }
            }
          ]
        },
        {
          "over": 6,
          "deliveries": [
            {
              "batter": "KS Williamson",
              "bowler": "LA Dawson",
              "non_striker": "PWA Mulder",
              "runs": {
                "batter": 2,
                "extras": 0,
                "total": 2
              }
            },
            {
              "batter": "KS Williamson",
              "bowler": "LA Dawson",
              "non_striker": "PWA Mulder",
              "runs": {
                "batter": 1,
                "extras": 0,
                "total": 1
              }
            },
            {
              "batter": "PWA Mulder",
              "bowler": "LA Dawson",
              "non_striker": "KS Williamson",
              "runs": {
                "batter": 0,
                "extras": 0,
                "total": 0
              }
            },
            {
              "batter": "PWA Mulder",
              "bowler": "LA Dawson",
              "non_striker": "KS Williamson",
              "runs": {
                "batter": 0,
                "extras": 0,
                "total": 0
              }
            },
            {
              "batter": "PWA Mulder",
              "bowler": "LA Dawson",
              "non_striker": "KS Williamson",
              "runs": {
                "batter": 0,
                "extras": 0,
                "total": 0
              }
            },
            {
              "batter": "PWA Mulder",
              "bowler": "LA Dawson",
              "non_striker": "KS Williamson",
              "runs": {
                "batter": 2,
                "extras": 0,
                "total": 2
              }
            }
          ]
        },
        {
          "over": 7,
          "deliveries": [
            {
              "batter": "KS Williamson",
              "bowler": "SR Harmer",
              "non_striker": "PWA Mulder",
              "runs": {
                "batter": 1,
                "extras": 0,
                "total": 1
              }
            },
            {
              "batter": "PWA Mulder",
              "bowler": "SR Harmer",
              "non_striker": "KS Williamson",
              "runs": {
                "batter": 0,
                "extras": 0,
                "total": 0
              }
            },
            {
              "batter": "PWA Mulder",
              "bowler": "SR Harmer",
              "non_striker": "KS Williamson",
              "runs": {
                "batter": 1,
                "extras": 0,
                "total": 1
              }
            },
            {
              "batter": "KS Williamson",
              "bowler": "SR Harmer",
              "non_striker": "PWA Mulder",
              "runs": {
                "batter": 3,
                "extras": 0,
                "total": 3
              }
            },
            {
              "batter": "PWA Mulder",
              "bowler": "SR Harmer",
              "non_striker": "KS Williamson",
              "runs": {
                "batter": 1,
                "extras": 0,
                "total": 1
              }
            },
            {
              "batter": "KS Williamson",
              "bowler": "SR Harmer",
              "non_striker": "PWA Mulder",
              "runs": {
                "batter": 0,
                "extras": 0,
                "total": 0
              }
            }
          ]
        },
        {
          "over": 8,
          "deliveries": [
            {
              "batter": "PWA Mulder",
              "bowler": "LA Dawson",
              "non_striker": "KS Williamson",
              "runs": {
                "batter": 0,
                "extras": 0,
                "total": 0
              }
            },
            {
              "batter": "PWA Mulder",
              "bowler": "LA Dawson",
              "non_striker": "KS Williamson",
              "runs": {
                "batter": 1,
                "extras": 0,
                "total": 1
              }
            },
            {
              "batter": "KS Williamson",
              "bowler": "LA Dawson",
              "non_striker": "PWA Mulder",
              "runs": {
                "batter": 0,
                "extras": 0,
                "total": 0
              }
            },
            {
              "batter": "KS Williamson",
              "bowler": "LA Dawson",
              "non_striker": "PWA Mulder",
              "runs": {
                "batter": 1,
                "extras": 0,
                "total": 1
              }
            },
            {
              "batter": "PWA Mulder",
              "bowler": "LA Dawson",
              "non_striker": "KS Williamson",
              "runs": {
                "batter": 0,
                "extras": 0,
                "total": 0
              }
            },
            {
              "batter": "PWA Mulder",
              "bowler": "LA Dawson",
              "non_striker": "KS Williamson",
              "review": {
                "by": "Durban's Super Giants",
                "umpire": "Stephen Harris",
                "batter": "PWA Mulder",
                "decision": "upheld",
                "type": "wicket"
              },
              "runs": {
                "batter": 0,
                "extras": 0,
                "total": 0
              }
            }
          ]
        },
        {
          "over": 9,
          "deliveries": [
            {
              "batter": "KS Williamson",
              "bowler": "SR Harmer",
              "non_striker": "PWA Mulder",
              "runs": {
                "batter": 2,
                "extras": 0,
                "total": 2
              }
            },
            {
              "batter": "KS Williamson",
              "bowler": "SR Harmer",
              "non_striker": "PWA Mulder",
              "runs": {
                "batter": 1,
                "extras": 0,
                "total": 1
              }
            },
            {
              "batter": "PWA Mulder",
              "bowler": "SR Harmer",
              "non_striker": "KS Williamson",
              "runs": {
                "batter": 1,
                "extras": 0,
                "total": 1
              }
            },
            {
              "batter": "KS Williamson",
              "bowler": "SR Harmer",
              "non_striker": "PWA Mulder",
              "runs": {
                "batter": 1,
                "extras": 0,
                "total": 1
              }
            },
            {
              "batter": "PWA Mulder",
              "bowler": "SR Harmer",
              "non_striker": "KS Williamson",
              "runs": {
                "batter": 0,
                "extras": 0,
                "total": 0
              }
            },
            {
              "batter": "PWA Mulder",
              "bowler": "SR Harmer",
              "non_striker": "KS Williamson",
              "runs": {
                "batter": 1,
                "extras": 0,
                "total": 1
              }
            }
          ]
        },
        {
          "over": 10,
          "deliveries": [
            {
              "batter": "PWA Mulder",
              "bowler": "LA Dawson",
              "non_striker": "KS Williamson",
              "runs": {
                "batter": 0,
                "extras": 0,
                "total": 0
              }
            },
            {
              "batter": "PWA Mulder",
              "bowler": "LA Dawson",
              "non_striker": "KS Williamson",
              "runs": {
                "batter": 0,
                "extras": 0,
                "total": 0
              },
              "wickets": [
                {
                  "player_out": "PWA Mulder",
                  "fielders": [
                    {
                      "name": "SR Harmer"
                    }
                  ],
                  "kind": "caught"
                }
              ]
            },
            {
              "batter": "H Klaasen",
              "bowler": "LA Dawson",
              "non_striker": "KS Williamson",
              "runs": {
                "batter": 0,
                "extras": 0,
                "total": 0
              }
            },
            {
              "batter": "H Klaasen",
              "bowler": "LA Dawson",
              "non_striker": "KS Williamson",
              "runs": {
                "batter": 1,
                "extras": 0,
                "total": 1
              }
            },
            {
              "batter": "KS Williamson",
              "bowler": "LA Dawson",
              "non_striker": "H Klaasen",
              "runs": {
                "batter": 1,
                "extras": 0,
                "total": 1
              }
            },
            {
              "batter": "H Klaasen",
              "bowler": "LA Dawson",
              "non_striker": "KS Williamson",
              "runs": {
                "batter": 1,
                "extras": 0,
                "total": 1
              }
            }
          ]
        },
        {
          "over": 11,
          "deliveries": [
            {
              "batter": "H Klaasen",
              "bowler": "SR Harmer",
              "non_striker": "KS Williamson",
              "runs": {
                "batter": 1,
                "extras": 0,
                "total": 1
              }
            },
            {
              "batter": "KS Williamson",
              "bowler": "SR Harmer",
              "non_striker": "H Klaasen",
              "runs": {
                "batter": 1,
                "extras": 0,
                "total": 1
              }
            },
            {
              "batter": "H Klaasen",
              "bowler": "SR Harmer",
              "non_striker": "KS Williamson",
              "runs": {
                "batter": 4,
                "extras": 0,
                "total": 4
              }
            },
            {
              "batter": "H Klaasen",
              "bowler": "SR Harmer",
              "non_striker": "KS Williamson",
              "runs": {
                "batter": 1,
                "extras": 0,
                "total": 1
              }
            },
            {
              "batter": "KS Williamson",
              "bowler": "SR Harmer",
              "non_striker": "H Klaasen",
              "runs": {
                "batter": 2,
                "extras": 0,
                "total": 2
              }
            },
            {
              "batter": "KS Williamson",
              "bowler": "SR Harmer",
              "non_striker": "H Klaasen",
              "runs": {
                "batter": 1,
                "extras": 0,
                "total": 1
              }
            }
          ]
        },
        {
          "over": 12,
          "deliveries": [
            {
              "batter": "KS Williamson",
              "bowler": "LA Dawson",
              "non_striker": "H Klaasen",
              "runs": {
                "batter": 1,
                "extras": 0,
                "total": 1
              }
            },
            {
              "batter": "H Klaasen",
              "bowler": "LA Dawson",
              "non_striker": "KS Williamson",
              "runs": {
                "batter": 0,
                "extras": 0,
                "total": 0
              }
            },
            {
              "batter": "H Klaasen",
              "bowler": "LA Dawson",
              "non_striker": "KS Williamson",
              "runs": {
                "batter": 0,
                "extras": 0,
                "total": 0
              }
            },
            {
              "batter": "H Klaasen",
              "bowler": "LA Dawson",
              "non_striker": "KS Williamson",
              "runs": {
                "batter": 0,
                "extras": 0,
                "total": 0
              }
            },
            {
              "batter": "H Klaasen",
              "bowler": "LA Dawson",
              "non_striker": "KS Williamson",
              "runs": {
                "batter": 0,
                "extras": 0,
                "total": 0
              },
              "wickets": [
                {
                  "player_out": "H Klaasen",
                  "fielders": [
                    {
                      "name": "M Jansen"
                    }
                  ],
                  "kind": "caught"
                }
              ]
            },
            {
              "batter": "KA Maharaj",
              "bowler": "LA Dawson",
              "non_striker": "KS Williamson",
              "runs": {
                "batter": 0,
                "extras": 0,
                "total": 0
              }
            }
          ]
        },
        {
          "over": 13,
          "deliveries": [
            {
              "batter": "KS Williamson",
              "bowler": "SR Harmer",
              "non_striker": "KA Maharaj",
              "runs": {
                "batter": 1,
                "extras": 0,
                "total": 1
              }
            },
            {
              "batter": "KA Maharaj",
              "bowler": "SR Harmer",
              "non_striker": "KS Williamson",
              "runs": {
                "batter": 0,
                "extras": 0,
                "total": 0
              }
            },
            {
              "batter": "KA Maharaj",
              "bowler": "SR Harmer",
              "non_striker": "KS Williamson",
              "runs": {
                "batter": 0,
                "extras": 0,
                "total": 0
              }
            },
            {
              "batter": "KA Maharaj",
              "bowler": "SR Harmer",
              "non_striker": "KS Williamson",
              "runs": {
                "batter": 6,
                "extras": 0,
                "total": 6
              }
            },
            {
              "batter": "KA Maharaj",
              "bowler": "SR Harmer",
              "non_striker": "KS Williamson",
              "runs": {
                "batter": 1,
                "extras": 0,
                "total": 1
              }
            },
            {
              "batter": "KS Williamson",
              "bowler": "SR Harmer",
              "non_striker": "KA Maharaj",
              "runs": {
                "batter": 2,
                "extras": 0,
                "total": 2
              }
            }
          ]
        },
        {
          "over": 14,
          "deliveries": [
            {
              "batter": "KA Maharaj",
              "bowler": "OEG Baartman",
              "non_striker": "KS Williamson",
              "runs": {
                "batter": 0,
                "extras": 0,
                "total": 0
              }
            },
            {
              "batter": "KA Maharaj",
              "bowler": "OEG Baartman",
              "non_striker": "KS Williamson",
              "runs": {
                "batter": 0,
                "extras": 0,
                "total": 0
              },
              "wickets": [
                {
                  "player_out": "KA Maharaj",
                  "kind": "caught and bowled"
                }
              ]
            },
            {
              "batter": "CJ Dala",
              "bowler": "OEG Baartman",
              "non_striker": "KS Williamson",
              "runs": {
                "batter": 0,
                "extras": 0,
                "total": 0
              }
            },
            {
              "batter": "CJ Dala",
              "bowler": "OEG Baartman",
              "non_striker": "KS Williamson",
              "runs": {
                "batter": 1,
                "extras": 0,
                "total": 1
              }
            },
            {
              "batter": "KS Williamson",
              "bowler": "OEG Baartman",
              "non_striker": "CJ Dala",
              "runs": {
                "batter": 0,
                "extras": 0,
                "total": 0
              }
            },
            {
              "batter": "KS Williamson",
              "bowler": "OEG Baartman",
              "non_striker": "CJ Dala",
              "runs": {
                "batter": 1,
                "extras": 0,
                "total": 1
              }
            }
          ]
        },
        {
          "over": 15,
          "deliveries": [
            {
              "batter": "KS Williamson",
              "bowler": "RJ Gleeson",
              "non_striker": "CJ Dala",
              "runs": {
                "batter": 1,
                "extras": 0,
                "total": 1
              }
            },
            {
              "batter": "CJ Dala",
              "bowler": "RJ Gleeson",
              "non_striker": "KS Williamson",
              "runs": {
                "batter": 0,
                "extras": 0,
                "total": 0
              }
            },
            {
              "batter": "CJ Dala",
              "bowler": "RJ Gleeson",
              "non_striker": "KS Williamson",
              "runs": {
                "batter": 0,
                "extras": 0,
                "total": 0
              }
            },
            {
              "batter": "CJ Dala",
              "bowler": "RJ Gleeson",
              "extras": {
                "wides": 1
              },
              "non_striker": "KS Williamson",
              "runs": {
                "batter": 0,
                "extras": 1,
                "total": 1
              }
            },
            {
              "batter": "CJ Dala",
              "bowler": "RJ Gleeson",
              "non_striker": "KS Williamson",
              "runs": {
                "batter": 0,
                "extras": 0,
                "total": 0
              }
            },
            {
              "batter": "CJ Dala",
              "bowler": "RJ Gleeson",
              "non_striker": "KS Williamson",
              "runs": {
                "batter": 1,
                "extras": 0,
                "total": 1
              }
            },
            {
              "batter": "KS Williamson",
              "bowler": "RJ Gleeson",
              "non_striker": "CJ Dala",
              "runs": {
                "batter": 1,
                "extras": 0,
                "total": 1
              }
            }
          ]
        },
        {
          "over": 16,
          "deliveries": [
            {
              "batter": "KS Williamson",
              "bowler": "M Jansen",
              "non_striker": "CJ Dala",
              "runs": {
                "batter": 4,
                "extras": 0,
                "total": 4
              }
            },
            {
              "batter": "KS Williamson",
              "bowler": "M Jansen",
              "extras": {
                "wides": 1
              },
              "non_striker": "CJ Dala",
              "runs": {
                "batter": 0,
                "extras": 1,
                "total": 1
              }
            },
            {
              "batter": "KS Williamson",
              "bowler": "M Jansen",
              "non_striker": "CJ Dala",
              "runs": {
                "batter": 4,
                "extras": 0,
                "total": 4
              }
            },
            {
              "batter": "KS Williamson",
              "bowler": "M Jansen",
              "non_striker": "CJ Dala",
              "runs": {
                "batter": 1,
                "extras": 0,
                "total": 1
              }
            },
            {
              "batter": "CJ Dala",
              "bowler": "M Jansen",
              "non_striker": "KS Williamson",
              "runs": {
                "batter": 1,
                "extras": 0,
                "total": 1
              }
            },
            {
              "batter": "KS Williamson",
              "bowler": "M Jansen",
              "extras": {
                "wides": 1
              },
              "non_striker": "CJ Dala",
              "runs": {
                "batter": 0,
                "extras": 1,
                "total": 1
              }
            },
            {
              "batter": "KS Williamson",
              "bowler": "M Jansen",
              "non_striker": "CJ Dala",
              "runs": {
                "batter": 2,
                "extras": 0,
                "total": 2
              }
            },
            {
              "batter": "KS Williamson",
              "bowler": "M Jansen",
              "non_striker": "CJ Dala",
              "runs": {
                "batter": 1,
                "extras": 0,
                "total": 1
              }
            }
          ]
        },
        {
          "over": 17,
          "deliveries": [
            {
              "batter": "KS Williamson",
              "bowler": "OEG Baartman",
              "non_striker": "CJ Dala",
              "runs": {
                "batter": 0,
                "extras": 0,
                "total": 0
              },
              "wickets": [
                {
                  "player_out": "KS Williamson",
                  "fielders": [
                    {
                      "name": "LA Dawson"
                    }
                  ],
                  "kind": "caught"
                }
              ]
            },
            {
              "batter": "Naveen-ul-Haq",
              "bowler": "OEG Baartman",
              "non_striker": "CJ Dala",
              "runs": {
                "batter": 0,
                "extras": 0,
                "total": 0
              }
            },
            {
              "batter": "Naveen-ul-Haq",
              "bowler": "OEG Baartman",
              "non_striker": "CJ Dala",
              "runs": {
                "batter": 0,
                "extras": 0,
                "total": 0
              }
            },
            {
              "batter": "Naveen-ul-Haq",
              "bowler": "OEG Baartman",
              "non_striker": "CJ Dala",
              "runs": {
                "batter": 1,
                "extras": 0,
                "total": 1
              }
            },
            {
              "batter": "CJ Dala",
              "bowler": "OEG Baartman",
              "non_striker": "Naveen-ul-Haq",
              "runs": {
                "batter": 1,
                "extras": 0,
                "total": 1
              }
            },
            {
              "batter": "Naveen-ul-Haq",
              "bowler": "OEG Baartman",
              "non_striker": "CJ Dala",
              "runs": {
                "batter": 1,
                "extras": 0,
                "total": 1
              }
            }
          ]
        },
        {
          "over": 18,
          "deliveries": [
            {
              "batter": "Naveen-ul-Haq",
              "bowler": "RJ Gleeson",
              "non_striker": "CJ Dala",
              "runs": {
                "batter": 0,
                "extras": 0,
                "total": 0
              }
            },
            {
              "batter": "Naveen-ul-Haq",
              "bowler": "RJ Gleeson",
              "non_striker": "CJ Dala",
              "runs": {
                "batter": 0,
                "extras": 0,
                "total": 0
              }
            },
            {
              "batter": "Naveen-ul-Haq",
              "bowler": "RJ Gleeson",
              "non_striker": "CJ Dala",
              "runs": {
                "batter": 4,
                "extras": 0,
                "total": 4
              }
            },
            {
              "batter": "Naveen-ul-Haq",
              "bowler": "RJ Gleeson",
              "non_striker": "CJ Dala",
              "runs": {
                "batter": 2,
                "extras": 0,
                "total": 2
              }
            },
            {
              "batter": "Naveen-ul-Haq",
              "bowler": "RJ Gleeson",
              "non_striker": "CJ Dala",
              "runs": {
                "batter": 4,
                "extras": 0,
                "total": 4
              }
            },
            {
              "batter": "Naveen-ul-Haq",
              "bowler": "RJ Gleeson",
              "non_striker": "CJ Dala",
              "runs": {
                "batter": 2,
                "extras": 0,
                "total": 2
              }
            }
          ]
        },
        {
          "over": 19,
          "deliveries": [
            {
              "batter": "CJ Dala",
              "bowler": "OEG Baartman",
              "non_striker": "Naveen-ul-Haq",
              "runs": {
                "batter": 1,
                "extras": 0,
                "total": 1
              }
            },
            {
              "batter": "Naveen-ul-Haq",
              "bowler": "OEG Baartman",
              "non_striker": "CJ Dala",
              "runs": {
                "batter": 6,
                "extras": 0,
                "total": 6
              }
            },
            {
              "batter": "Naveen-ul-Haq",
              "bowler": "OEG Baartman",
              "non_striker": "CJ Dala",
              "runs": {
                "batter": 0,
                "extras": 0,
                "total": 0
              }
            },
            {
              "batter": "Naveen-ul-Haq",
              "bowler": "OEG Baartman",
              "non_striker": "CJ Dala",
              "runs": {
                "batter": 4,
                "extras": 0,
                "total": 4
              }
            },
            {
              "batter": "Naveen-ul-Haq",
              "bowler": "OEG Baartman",
              "non_striker": "CJ Dala",
              "runs": {
                "batter": 4,
                "extras": 0,
                "total": 4
              }
            },
            {
              "batter": "Naveen-ul-Haq",
              "bowler": "OEG Baartman",
              "extras": {
                "wides": 1
              },
              "non_striker": "CJ Dala",
              "runs": {
                "batter": 0,
                "extras": 1,
                "total": 1
              }
            },
            {
              "batter": "Naveen-ul-Haq",
              "bowler": "OEG Baartman",
              "non_striker": "CJ Dala",
              "runs": {
                "batter": 2,
                "extras": 0,
                "total": 2
              }
            }
          ]
        }
      ],
      "powerplays": [
        {
          "from": 0.1,
          "to": 5.6,
          "type": "mandatory"
        }
      ]
    },
    {
      "team": "Sunrisers Eastern Cape",
      "overs": [
        {
          "over": 0,
          "deliveries": [
            {
              "batter": "DG Bedingham",
              "bowler": "Naveen-ul-Haq",
              "non_striker": "Z Crawley",
              "runs": {
                "batter": 1,
                "extras": 0,
                "total": 1
              }
            },
            {
              "batter": "Z Crawley",
              "bowler": "Naveen-ul-Haq",
              "non_striker": "DG Bedingham",
              "runs": {
                "batter": 4,
                "extras": 0,
                "total": 4
              }
            },
            {
              "batter": "Z Crawley",
              "bowler": "Naveen-ul-Haq",
              "non_striker": "DG Bedingham",
              "runs": {
                "batter": 0,
                "extras": 0,
                "total": 0
              }
            },
            {
              "batter": "Z Crawley",
              "bowler": "Naveen-ul-Haq",
              "non_striker": "DG Bedingham",
              "review": {
                "by": "Sunrisers Eastern Cape",
                "umpire": "Stephen Harris",
                "batter": "Z Crawley",
                "decision": "upheld",
                "type": "wicket"
              },
              "runs": {
                "batter": 0,
                "extras": 0,
                "total": 0
              }
            },
            {
              "batter": "Z Crawley",
              "bowler": "Naveen-ul-Haq",
              "non_striker": "DG Bedingham",
              "runs": {
                "batter": 0,
                "extras": 0,
                "total": 0
              }
            },
            {
              "batter": "Z Crawley",
              "bowler": "Naveen-ul-Haq",
              "non_striker": "DG Bedingham",
              "runs": {
                "batter": 0,
                "extras": 0,
                "total": 0
              },
              "wickets": [
                {
                  "player_out": "Z Crawley",
                  "fielders": [
                    {
                      "name": "Q de Kock"
                    }
                  ],
                  "kind": "caught"
                }
              ]
            }
          ]
        },
        {
          "over": 1,
          "deliveries": [
            {
              "batter": "DG Bedingham",
              "bowler": "PWA Mulder",
              "non_striker": "TB Abell",
              "runs": {
                "batter": 0,
                "extras": 0,
                "total": 0
              }
            },
            {
              "batter": "DG Bedingham",
              "bowler": "PWA Mulder",
              "non_striker": "TB Abell",
              "runs": {
                "batter": 4,
                "extras": 0,
                "total": 4
              }
            },
            {
              "batter": "DG Bedingham",
              "bowler": "PWA Mulder",
              "non_striker": "TB Abell",
              "runs": {
                "batter": 4,
                "extras": 0,
                "total": 4
              }
            },
            {
              "batter": "DG Bedingham",
              "bowler": "PWA Mulder",
              "non_striker": "TB Abell",
              "runs": {
                "batter": 4,
                "extras": 0,
                "total": 4
              }
            },
            {
              "batter": "DG Bedingham",
              "bowler": "PWA Mulder",
              "non_striker": "TB Abell",
              "runs": {
                "batter": 0,
                "extras": 0,
                "total": 0
              }
            },
            {
              "batter": "DG Bedingham",
              "bowler": "PWA Mulder",
              "non_striker": "TB Abell",
              "runs": {
                "batter": 0,
                "extras": 0,
                "total": 0
              }
            }
          ]
        },
        {
          "over": 2,
          "deliveries": [
            {
              "batter": "TB Abell",
              "bowler": "Naveen-ul-Haq",
              "non_striker": "DG Bedingham",
              "runs": {
                "batter": 0,
                "extras": 0,
                "total": 0
              }
            },
            {
              "batter": "TB Abell",
              "bowler": "Naveen-ul-Haq",
              "extras": {
                "wides": 1
              },
              "non_striker": "DG Bedingham",
              "runs": {
                "batter": 0,
                "extras": 1,
                "total": 1
              }
            },
            {
              "batter": "TB Abell",
              "bowler": "Naveen-ul-Haq",
              "non_striker": "DG Bedingham",
              "runs": {
                "batter": 1,
                "extras": 0,
                "total": 1
              }
            },
            {
              "batter": "DG Bedingham",
              "bowler": "Naveen-ul-Haq",
              "non_striker": "TB Abell",
              "runs": {
                "batter": 1,
                "extras": 0,
                "total": 1
              }
            },
            {
              "batter": "TB Abell",
              "bowler": "Naveen-ul-Haq",
              "non_striker": "DG Bedingham",
              "runs": {
                "batter": 0,
                "extras": 0,
                "total": 0
              }
            },
            {
              "batter": "TB Abell",
              "bowler": "Naveen-ul-Haq",
              "non_striker": "DG Bedingham",
              "review": {
                "by": "Sunrisers Eastern Cape",
                "umpire": "Stephen Harris",
                "batter": "TB Abell",
                "decision": "upheld",
                "type": "wicket"
              },
              "runs": {
                "batter": 0,
                "extras": 0,
                "total": 0
              }
            },
            {
              "batter": "TB Abell",
              "bowler": "Naveen-ul-Haq",
              "non_striker": "DG Bedingham",
              "runs": {
                "batter": 1,
                "extras": 0,
                "total": 1
              }
            }
          ]
        },
        {
          "over": 3,
          "deliveries": [
            {
              "batter": "TB Abell",
              "bowler": "CJ Dala",
              "non_striker": "DG Bedingham",
              "runs": {
                "batter": 2,
                "extras": 0,
                "total": 2
              }
            },
            {
              "batter": "TB Abell",
              "bowler": "CJ Dala",
              "non_striker": "DG Bedingham",
              "runs": {
                "batter": 0,
                "extras": 0,
                "total": 0
              }
            },
            {
              "batter": "TB Abell",
              "bowler": "CJ Dala",
              "non_striker": "DG Bedingham",
              "runs": {
                "batter": 0,
                "extras": 0,
                "total": 0
              }
            },
            {
              "batter": "TB Abell",
              "bowler": "CJ Dala",
              "non_striker": "DG Bedingham",
              "runs": {
                "batter": 0,
                "extras": 0,
                "total": 0
              }
            },
            {
              "batter": "TB Abell",
              "bowler": "CJ Dala",
              "extras": {
                "wides": 1
              },
              "non_striker": "DG Bedingham",
              "runs": {
                "batter": 0,
                "extras": 1,
                "total": 1
              }
            },
            {
              "batter": "TB Abell",
              "bowler": "CJ Dala",
              "non_striker": "DG Bedingham",
              "runs": {
                "batter": 0,
                "extras": 0,
                "total": 0
              }
            },
            {
              "batter": "TB Abell",
              "bowler": "CJ Dala",
              "non_striker": "DG Bedingham",
              "runs": {
                "batter": 0,
                "extras": 0,
                "total": 0
              }
            }
          ]
        },
        {
          "over": 4,
          "deliveries": [
            {
              "batter": "DG Bedingham",
              "bowler": "Naveen-ul-Haq",
              "non_striker": "TB Abell",
              "runs": {
                "batter": 2,
                "extras": 0,
                "total": 2
              }
            },
            {
              "batter": "DG Bedingham",
              "bowler": "Naveen-ul-Haq",
              "non_striker": "TB Abell",
              "runs": {
                "batter": 1,
                "extras": 0,
                "total": 1
              }
            },
            {
              "batter": "TB Abell",
              "bowler": "Naveen-ul-Haq",
              "non_striker": "DG Bedingham",
              "runs": {
                "batter": 1,
                "extras": 0,
                "total": 1
              }
            },
            {
              "batter": "DG Bedingham",
              "bowler": "Naveen-ul-Haq",
              "non_striker": "TB Abell",
              "runs": {
                "batter": 6,
                "extras": 0,
                "total": 6
              }
            },
            {
              "batter": "DG Bedingham",
              "bowler": "Naveen-ul-Haq",
              "non_striker": "TB Abell",
              "runs": {
                "batter": 4,
                "extras": 0,
                "total": 4
              }
            },
            {
              "batter": "DG Bedingham",
              "bowler": "Naveen-ul-Haq",
              "non_striker": "TB Abell",
              "runs": {
                "batter": 5,
                "extras": 0,
                "total": 5
              }
            }
          ]
        },
        {
          "over": 5,
          "deliveries": [
            {
              "batter": "DG Bedingham",
              "bowler": "CJ Dala",
              "non_striker": "TB Abell",
              "runs": {
                "batter": 1,
                "extras": 0,
                "total": 1
              }
            },
            {
              "batter": "TB Abell",
              "bowler": "CJ Dala",
              "non_striker": "DG Bedingham",
              "runs": {
                "batter": 1,
                "extras": 0,
                "total": 1
              }
            },
            {
              "batter": "DG Bedingham",
              "bowler": "CJ Dala",
              "non_striker": "TB Abell",
              "runs": {
                "batter": 1,
                "extras": 0,
                "total": 1
              }
            },
            {
              "batter": "TB Abell",
              "bowler": "CJ Dala",
              "non_striker": "DG Bedingham",
              "runs": {
                "batter": 0,
                "extras": 0,
                "total": 0
              }
            },
            {
              "batter": "TB Abell",
              "bowler": "CJ Dala",
              "non_striker": "DG Bedingham",
              "runs": {
                "batter": 1,
                "extras": 0,
                "total": 1
              }
            },
            {
              "batter": "DG Bedingham",
              "bowler": "CJ Dala",
              "non_striker": "TB Abell",
              "runs": {
                "batter": 2,
                "extras": 0,
                "total": 2
              }
            }
          ]
        },
        {
          "over": 6,
          "deliveries": [
            {
              "batter": "TB Abell",
              "bowler": "Noor Ahmad",
              "non_striker": "DG Bedingham",
              "runs": {
                "batter": 2,
                "extras": 0,
                "total": 2
              }
            },
            {
              "batter": "TB Abell",
              "bowler": "Noor Ahmad",
              "non_striker": "DG Bedingham",
              "runs": {
                "batter": 1,
                "extras": 0,
                "total": 1
              }
            },
            {
              "batter": "DG Bedingham",
              "bowler": "Noor Ahmad",
              "non_striker": "TB Abell",
              "runs": {
                "batter": 2,
                "extras": 0,
                "total": 2
              }
            },
            {
              "batter": "DG Bedingham",
              "bowler": "Noor Ahmad",
              "non_striker": "TB Abell",
              "runs": {
                "batter": 1,
                "extras": 0,
                "total": 1
              }
            },
            {
              "batter": "TB Abell",
              "bowler": "Noor Ahmad",
              "non_striker": "DG Bedingham",
              "runs": {
                "batter": 1,
                "extras": 0,
                "total": 1
              }
            },
            {
              "batter": "DG Bedingham",
              "bowler": "Noor Ahmad",
              "extras": {
                "legbyes": 1
              },
              "non_striker": "TB Abell",
              "runs": {
                "batter": 0,
                "extras": 1,
                "total": 1
              }
            }
          ]
        },
        {
          "over": 7,
          "deliveries": [
            {
              "batter": "DG Bedingham",
              "bowler": "KA Maharaj",
              "non_striker": "TB Abell",
              "review": {
                "by": "Sunrisers Eastern Cape",
                "umpire": "PJ Vosloo",
                "batter": "DG Bedingham",
                "decision": "struck down",
                "type": "wicket"
              },
              "runs": {
                "batter": 0,
                "extras": 0,
                "total": 0
              },
              "wickets": [
                {
                  "player_out": "DG Bedingham",
                  "kind": "lbw"
                }
              ]
            },
            {
              "batter": "J Hermann",
              "bowler": "KA Maharaj",
              "non_striker": "TB Abell",
              "runs": {
                "batter": 0,
                "extras": 0,
                "total": 0
              }
            },
            {
              "batter": "J Hermann",
              "bowler": "KA Maharaj",
              "non_striker": "TB Abell",
              "runs": {
                "batter": 0,
                "extras": 0,
                "total": 0
              }
            },
            {
              "batter": "J Hermann",
              "bowler": "KA Maharaj",
              "non_striker": "TB Abell",
              "runs": {
                "batter": 2,
                "extras": 0,
                "total": 2
              }
            },
            {
              "batter": "J Hermann",
              "bowler": "KA Maharaj",
              "non_striker": "TB Abell",
              "runs": {
                "batter": 0,
                "extras": 0,
                "total": 0
              }
            },
            {
              "batter": "J Hermann",
              "bowler": "KA Maharaj",
              "non_striker": "TB Abell",
              "runs": {
                "batter": 1,
                "extras": 0,
                "total": 1
              }
            }
          ]
        },
        {
          "over": 8,
          "deliveries": [
            {
              "batter": "J Hermann",
              "bowler": "Noor Ahmad",
              "non_striker": "TB Abell",
              "runs": {
                "batter": 1,
                "extras": 0,
                "total": 1
              }
            },
            {
              "batter": "TB Abell",
              "bowler": "Noor Ahmad",
              "non_striker": "J Hermann",
              "runs": {
                "batter": 0,
                "extras": 0,
                "total": 0
              },
              "wickets": [
                {
                  "player_out": "TB Abell",
                  "kind": "bowled"
                }
              ]
            },
            {
              "batter": "AK Markram",
              "bowler": "Noor Ahmad",
              "non_striker": "J Hermann",
              "runs": {
                "batter": 0,
                "extras": 0,
                "total": 0
              }
            },
            {
              "batter": "AK Markram",
              "bowler": "Noor Ahmad",
              "non_striker": "J Hermann",
              "runs": {
                "batter": 0,
                "extras": 0,
                "total": 0
              }
            },
            {
              "batter": "AK Markram",
              "bowler": "Noor Ahmad",
              "extras": {
                "wides": 2
              },
              "non_striker": "J Hermann",
              "runs": {
                "batter": 0,
                "extras": 2,
                "total": 2
              }
            },
            {
              "batter": "J Hermann",
              "bowler": "Noor Ahmad",
              "non_striker": "AK Markram",
              "runs": {
                "batter": 2,
                "extras": 0,
                "total": 2
              }
            },
            {
              "batter": "J Hermann",
              "bowler": "Noor Ahmad",
              "non_striker": "AK Markram",
              "runs": {
                "batter": 0,
                "extras": 0,
                "total": 0
              }
            }
          ]
        },
        {
          "over": 9,
          "deliveries": [
            {
              "batter": "AK Markram",
              "bowler": "KA Maharaj",
              "non_striker": "J Hermann",
              "runs": {
                "batter": 1,
                "extras": 0,
                "total": 1
              }
            },
            {
              "batter": "J Hermann",
              "bowler": "KA Maharaj",
              "non_striker": "AK Markram",
              "runs": {
                "batter": 0,
                "extras": 0,
                "total": 0
              }
            },
            {
              "batter": "J Hermann",
              "bowler": "KA Maharaj",
              "non_striker": "AK Markram",
              "runs": {
                "batter": 0,
                "extras": 0,
                "total": 0
              }
            },
            {
              "batter": "J Hermann",
              "bowler": "KA Maharaj",
              "non_striker": "AK Markram",
              "runs": {
                "batter": 1,
                "extras": 0,
                "total": 1
              }
            },
            {
              "batter": "AK Markram",
              "bowler": "KA Maharaj",
              "non_striker": "J Hermann",
              "runs": {
                "batter": 1,
                "extras": 0,
                "total": 1
              }
            },
            {
              "batter": "J Hermann",
              "bowler": "KA Maharaj",
              "non_striker": "AK Markram",
              "runs": {
                "batter": 0,
                "extras": 0,
                "total": 0
              }
            }
          ]
        },
        {
          "over": 10,
          "deliveries": [
            {
              "batter": "AK Markram",
              "bowler": "Noor Ahmad",
              "non_striker": "J Hermann",
              "runs": {
                "batter": 1,
                "extras": 0,
                "total": 1
              }
            },
            {
              "batter": "J Hermann",
              "bowler": "Noor Ahmad",
              "non_striker": "AK Markram",
              "runs": {
                "batter": 0,
                "extras": 0,
                "total": 0
              }
            },
            {
              "batter": "J Hermann",
              "bowler": "Noor Ahmad",
              "non_striker": "AK Markram",
              "runs": {
                "batter": 4,
                "extras": 0,
                "total": 4
              }
            },
            {
              "batter": "J Hermann",
              "bowler": "Noor Ahmad",
              "non_striker": "AK Markram",
              "runs": {
                "batter": 0,
                "extras": 0,
                "total": 0
              }
            },
            {
              "batter": "J Hermann",
              "bowler": "Noor Ahmad",
              "non_striker": "AK Markram",
              "runs": {
                "batter": 4,
                "extras": 0,
                "total": 4
              }
            },
            {
              "batter": "J Hermann",
              "bowler": "Noor Ahmad",
              "non_striker": "AK Markram",
              "runs": {
                "batter": 0,
                "extras": 0,
                "total": 0
              }
            }
          ]
        },
        {
          "over": 11,
          "deliveries": [
            {
              "batter": "AK Markram",
              "bowler": "KA Maharaj",
              "non_striker": "J Hermann",
              "runs": {
                "batter": 1,
                "extras": 0,
                "total": 1
              }
            },
            {
              "batter": "J Hermann",
              "bowler": "KA Maharaj",
              "non_striker": "AK Markram",
              "runs": {
                "batter": 1,
                "extras": 0,
                "total": 1
              }
            },
            {
              "batter": "AK Markram",
              "bowler": "KA Maharaj",
              "non_striker": "J Hermann",
              "runs": {
                "batter": 1,
                "extras": 0,
                "total": 1
              }
            },
            {
              "batter": "J Hermann",
              "bowler": "KA Maharaj",
              "non_striker": "AK Markram",
              "runs": {
                "batter": 1,
                "extras": 0,
                "total": 1
              }
            },
            {
              "batter": "AK Markram",
              "bowler": "KA Maharaj",
              "non_striker": "J Hermann",
              "runs": {
                "batter": 1,
                "extras": 0,
                "total": 1
              }
            },
            {
              "batter": "J Hermann",
              "bowler": "KA Maharaj",
              "non_striker": "AK Markram",
              "runs": {
                "batter": 1,
                "extras": 0,
                "total": 1
              }
            }
          ]
        },
        {
          "over": 12,
          "deliveries": [
            {
              "batter": "J Hermann",
              "bowler": "Noor Ahmad",
              "non_striker": "AK Markram",
              "runs": {
                "batter": 1,
                "extras": 0,
                "total": 1
              }
            },
            {
              "batter": "AK Markram",
              "bowler": "Noor Ahmad",
              "non_striker": "J Hermann",
              "runs": {
                "batter": 0,
                "extras": 0,
                "total": 0
              }
            },
            {
              "batter": "AK Markram",
              "bowler": "Noor Ahmad",
              "non_striker": "J Hermann",
              "runs": {
                "batter": 1,
                "extras": 0,
                "total": 1
              }
            },
            {
              "batter": "J Hermann",
              "bowler": "Noor Ahmad",
              "non_striker": "AK Markram",
              "runs": {
                "batter": 1,
                "extras": 0,
                "total": 1
              }
            },
            {
              "batter": "AK Markram",
              "bowler": "Noor Ahmad",
              "non_striker": "J Hermann",
              "runs": {
                "batter": 0,
                "extras": 0,
                "total": 0
              }
            },
            {
              "batter": "AK Markram",
              "bowler": "Noor Ahmad",
              "non_striker": "J Hermann",
              "runs": {
                "batter": 1,
                "extras": 0,
                "total": 1
              }
            }
          ]
        },
        {
          "over": 13,
          "deliveries": [
            {
              "batter": "AK Markram",
              "bowler": "KA Maharaj",
              "non_striker": "J Hermann",
              "runs": {
                "batter": 0,
                "extras": 0,
                "total": 0
              }
            },
            {
              "batter": "AK Markram",
              "bowler": "KA Maharaj",
              "non_striker": "J Hermann",
              "runs": {
                "batter": 1,
                "extras": 0,
                "total": 1
              }
            },
            {
              "batter": "J Hermann",
              "bowler": "KA Maharaj",
              "non_striker": "AK Markram",
              "runs": {
                "batter": 1,
                "extras": 0,
                "total": 1
              }
            },
            {
              "batter": "AK Markram",
              "bowler": "KA Maharaj",
              "extras": {
                "wides": 1
              },
              "non_striker": "J Hermann",
              "runs": {
                "batter": 0,
                "extras": 1,
                "total": 1
              }
            },
            {
              "batter": "AK Markram",
              "bowler": "KA Maharaj",
              "non_striker": "J Hermann",
              "runs": {
                "batter": 1,
                "extras": 0,
                "total": 1
              }
            },
            {
              "batter": "J Hermann",
              "bowler": "KA Maharaj",
              "non_striker": "AK Markram",
              "runs": {
                "batter": 2,
                "extras": 0,
                "total": 2
              }
            },
            {
              "batter": "J Hermann",
              "bowler": "KA Maharaj",
              "non_striker": "AK Markram",
              "runs": {
                "batter": 0,
                "extras": 0,
                "total": 0
              },
              "wickets": [
                {
                  "player_out": "J Hermann",
                  "fielders": [
                    {
                      "name": "MP Breetzke"
                    }
                  ],
                  "kind": "caught"
                }
              ]
            }
          ]
        },
        {
          "over": 14,
          "deliveries": [
            {
              "batter": "AK Markram",
              "bowler": "JT Smuts",
              "non_striker": "M Jansen",
              "runs": {
                "batter": 1,
                "extras": 0,
                "total": 1
              }
            },
            {
              "batter": "M Jansen",
              "bowler": "JT Smuts",
              "non_striker": "AK Markram",
              "runs": {
                "batter": 0,
                "extras": 0,
                "total": 0
              }
            },
            {
              "batter": "M Jansen",
              "bowler": "JT Smuts",
              "non_striker": "AK Markram",
              "runs": {
                "batter": 1,
                "extras": 0,
                "total": 1
              }
            },
            {
              "batter": "AK Markram",
              "bowler": "JT Smuts",
              "non_striker": "M Jansen",
              "runs": {
                "batter": 4,
                "extras": 0,
                "total": 4
              }
            },
            {
              "batter": "AK Markram",
              "bowler": "JT Smuts",
              "non_striker": "M Jansen",
              "runs": {
                "batter": 6,
                "extras": 0,
                "total": 6
              }
            },
            {
              "batter": "AK Markram",
              "bowler": "JT Smuts",
              "non_striker": "M Jansen",
              "runs": {
                "batter": 4,
                "extras": 0,
                "total": 4
              }
            }
          ]
        },
        {
          "over": 15,
          "deliveries": [
            {
              "batter": "M Jansen",
              "bowler": "CJ Dala",
              "non_striker": "AK Markram",
              "runs": {
                "batter": 1,
                "extras": 0,
                "total": 1
              }
            },
            {
              "batter": "AK Markram",
              "bowler": "CJ Dala",
              "extras": {
                "wides": 1
              },
              "non_striker": "M Jansen",
              "runs": {
                "batter": 0,
                "extras": 1,
                "total": 1
              }
            },
            {
              "batter": "AK Markram",
              "bowler": "CJ Dala",
              "non_striker": "M Jansen",
              "runs": {
                "batter": 6,
                "extras": 0,
                "total": 6
              }
            }
          ]
        }
      ],
      "powerplays": [
        {
          "from": 0.1,
          "to": 5.6,
          "type": "mandatory"
        }
      ],
      "target": {
        "overs": 20,
        "runs": 116
      }
    }
  ]
}