{
  "meta": {
    "data_version": "1.1.0",
    "created": "2025-01-10",
    "revision": 1
  },
  "info": {
    "balls_per_over": 6,
    "city": "Gqeberha",
    "dates": [
      "2025-01-09"
    ],
    "event": {
      "name": "SA20",
      "match_number": 1
    },
    "gender": "male",
    "match_type": "T20",
    "officials": {
      "match_referees": [
        "ZTA Ndamane"
      ],
      "reserve_umpires": [
        "AM Sodumo"
      ],
      "tv_umpires": [
        "A Jacobs"
      ],
      "umpires": [
        "A Paleker",
        "M Erasmus"
      ]
    },
    "outcome": {
      "winner": "MI Cape Town",
      "by": {
        "runs": 97
      }
    },
    "overs": 20,
    "player_of_match": [
      "D Potgieter"
    ],
    "players": {
      "MI Cape Town": [
        "HE van der Dussen",
        "RR Hendricks",
        "C Esterhuizen",
        "CA Ingram",
        "D Brevis",
        "GF Linde",
        "Azmatullah Omarzai",
        "Rashid Khan",
        "D Potgieter",
        "C Bosch",
        "TA Boult"
      ],
      "Sunrisers Eastern Cape": [
        "Z Crawley",
        "J Hermann",
        "TB Abell",
        "AK Markram",
        "T Stubbs",
        "B Swanepoel",
        "DG Bedingham",
        "M Jansen",
        "LA Dawson",
        "SR Harmer",
        "RJ Gleeson"
      ]
    },
    "registry": {
      "people": {
        "A Jacobs": "70d117de",
        "A Paleker": "634b11ac",
        "AK Markram": "6a26221c",
        "AM Sodumo": "cc6850ec",
        "Azmatullah Omarzai": "8f6dd463",
        "B Swanepoel": "6e0a2209",
        "C Bosch": "172dff15",
        "C Esterhuizen": "ef9acbcc",
        "CA Ingram": "c995d726",
        "D Brevis": "844e79d1",
        "D Potgieter": "60fbf53a",
        "DG Bedingham": "a1b69936",
        "GF Linde": "e5437608",
        "HE van der Dussen": "9948e262",
        "J Hermann": "e87aeca2",
        "LA Dawson": "4a461c24",
        "M Erasmus": "15d3c895",
        "M Jansen": "81c36ee9",
        "RJ Gleeson": "402f8494",
        "RR Hendricks": "b8cc58c9",
        "Rashid Khan": "5f547c8b",
        "SR Harmer": "23638956",
        "T Stubbs": "85b3fab2",
        "TA Boult": "a818c1be",
        "TB Abell": "ba9258a7",
        "Z Crawley": "922e1b19",
        "ZTA Ndamane": "545cc6db"
      }
    },
    "season": "2024/25",
    "team_type": "club",
    "teams": [
      "MI Cape Town",
      "Sunrisers Eastern Cape"
    ],
    "toss": {
      "decision": "field",
      "winner": "Sunrisers Eastern Cape"
    },
    "venue": "St George's Park, Gqeberha"
  },
  "innings": [
    {
      "team": "MI Cape Town",
      "overs": [
        {
          "over": 0,
          "deliveries": [
            {
              "batter": "HE van der Dussen",
              "bowler": "M Jansen",
              "extras": {
                "wides": 1
              },
              "non_striker": "RR Hendricks",
              "runs": {
                "batter": 0,
                "extras": 1,
                "total": 1
              }
            },
            {
              "batter": "HE van der Dussen",
              "bowler": "M Jansen",
              "extras": {
                "legbyes": 1
              },
              "non_striker": "RR Hendricks",
              "runs": {
                "batter": 0,
                "extras": 1,
                "total": 1
              }
            },
            {
              "batter": "RR Hendricks",
              "bowler": "M Jansen",
              "non_striker": "HE van der Dussen",
              "runs": {
                "batter": 0,
                "extras": 0,
                "total": 0
              }
            },
            {
              "batter": "RR Hendricks",
              "bowler": "M Jansen",
              "non_striker": "HE van der Dussen",
              "runs": {
                "batter": 0,
                "extras": 0,
                "total": 0
              }
            },
            {
              "batter": "RR Hendricks",
              "bowler": "M Jansen",
              "non_striker": "HE van der Dussen",
              "runs": {
                "batter": 0,
                "extras": 0,
                "total": 0
              },
              "wickets": [
                {
                  "player_out": "RR Hendricks",
                  "fielders": [
                    {
                      "name": "TB Abell"
                    }
                  ],
                  "kind": "caught"
                }
              ]
            },
            {
              "batter": "C Esterhuizen",
              "bowler": "M Jansen",
              "non_striker": "HE van der Dussen",
              "runs": {
                "batter": 0,
                "extras": 0,
                "total": 0
              }
            },
            {
              "batter": "C Esterhuizen",
              "bowler": "M Jansen",
              "non_striker": "HE van der Dussen",
              "runs": {
                "batter": 0,
                "extras": 0,
                "total": 0
              }
            }
          ]
        },
        {
          "over": 1,
          "deliveries": [
            {
              "batter": "HE van der Dussen",
              "bowler": "B Swanepoel",
              "non_striker": "C Esterhuizen",
              "runs": {
                "batter": 0,
                "extras": 0,
                "total": 0
              }
            },
            {
              "batter": "HE van der Dussen",
              "bowler": "B Swanepoel",
              "non_striker": "C Esterhuizen",
              "runs": {
                "batter": 4,
                "extras": 0,
                "total": 4
              }
            },
            {
              "batter": "HE van der Dussen",
              "bowler": "B Swanepoel",
              "non_striker": "C Esterhuizen",
              "runs": {
                "batter": 1,
                "extras": 0,
                "total": 1
              }
            },
            {
              "batter": "C Esterhuizen",
              "bowler": "B Swanepoel",
              "non_striker": "HE van der Dussen",
              "runs": {
                "batter": 1,
                "extras": 0,
                "total": 1
              }
            },
            {
              "batter": "HE van der Dussen",
              "bowler": "B Swanepoel",
              "non_striker": "C Esterhuizen",
              "runs": {
                "batter": 2,
                "extras": 0,
                "total": 2
              }
            },
            {
              "batter": "HE van der Dussen",
              "bowler": "B Swanepoel",
              "non_striker": "C Esterhuizen",
              "runs": {
                "batter": 0,
                "extras": 0,
                "total": 0
              }
            }
          ]
        },
        {
          "over": 2,
          "deliveries": [
            {
              "batter": "C Esterhuizen",
              "bowler": "M Jansen",
              "non_striker": "HE van der Dussen",
              "runs": {
                "batter": 1,
                "extras": 0,
                "total": 1
              }
            },
            {
              "batter": "HE van der Dussen",
              "bowler": "M Jansen",
              "non_striker": "C Esterhuizen",
              "runs": {
                "batter": 0,
                "extras": 0,
                "total": 0
              }
            },
            {
              "batter": "HE van der Dussen",
              "bowler": "M Jansen",
              "extras": {
                "legbyes": 1
              },
              "non_striker": "C Esterhuizen",
              "runs": {
                "batter": 0,
                "extras": 1,
                "total": 1
              }
            },
            {
              "batter": "C Esterhuizen",
              "bowler": "M Jansen",
              "non_striker": "HE van der Dussen",
              "runs": {
                "batter": 0,
                "extras": 0,
                "total": 0
              }
            },
            {
              "batter": "C Esterhuizen",
              "bowler": "M Jansen",
              "non_striker": "HE van der Dussen",
              "runs": {
                "batter": 0,
                "extras": 0,
                "total": 0
              }
            },
            {
              "batter": "C Esterhuizen",
              "bowler": "M Jansen",
              "extras": {
                "wides": 1
              },
              "non_striker": "HE van der Dussen",
              "runs": {
                "batter": 0,
                "extras": 1,
                "total": 1
              }
            },
            {
              "batter": "C Esterhuizen",
              "bowler": "M Jansen",
              "non_striker": "HE van der Dussen",
              "runs": {
                "batter": 4,
                "extras": 0,
                "total": 4
              }
            }
          ]
        },
        {
          "over": 3,
          "deliveries": [
            {
              "batter": "HE van der Dussen",
              "bowler": "RJ Gleeson",
              "non_striker": "C Esterhuizen",
              "runs": {
                "batter": 1,
                "extras": 0,
                "total": 1
              }
            },
            {
              "batter": "C Esterhuizen",
              "bowler": "RJ Gleeson",
              "non_striker": "HE van der Dussen",
              "runs": {
                "batter": 0,
                "extras": 0,
                "total": 0
              }
            },
            {
              "batter": "C Esterhuizen",
              "bowler": "RJ Gleeson",
              "non_striker": "HE van der Dussen",
              "runs": {
                "batter": 1,
                "extras": 0,
                "total": 1
              }
            },
            {
              "batter": "HE van der Dussen",
              "bowler": "RJ Gleeson",
              "non_striker": "C Esterhuizen",
              "runs": {
                "batter": 0,
                "extras": 0,
                "total": 0
              }
            },
            {
              "batter": "HE van der Dussen",
              "bowler": "RJ Gleeson",
              "non_striker": "C Esterhuizen",
              "runs": {
                "batter": 2,
                "extras": 0,
                "total": 2
              }
            },
            {
              "batter": "HE van der Dussen",
              "bowler": "RJ Gleeson",
              "non_striker": "C Esterhuizen",
              "runs": {
                "batter": 0,
                "extras": 0,
                "total": 0
              }
            }
          ]
        },
        {
          "over": 4,
          "deliveries": [
            {
              "batter": "C Esterhuizen",
              "bowler": "B Swanepoel",
              "non_striker": "HE van der Dussen",
              "runs": {
                "batter": 6,
                "extras": 0,
                "total": 6
              }
            },
            {
              "batter": "C Esterhuizen",
              "bowler": "B Swanepoel",
              "non_striker": "HE van der Dussen",
              "runs": {
                "batter": 0,
                "extras": 0,
                "total": 0
              }
            },
            {
              "batter": "C Esterhuizen",
              "bowler": "B Swanepoel",
              "non_striker": "HE van der Dussen",
              "runs": {
                "batter": 0,
                "extras": 0,
                "total": 0
              }
            },
            {
              "batter": "C Esterhuizen",
              "bowler": "B Swanepoel",
              "non_striker": "HE van der Dussen",
              "runs": {
                "batter": 0,
                "extras": 0,
                "total": 0
              }
            },
            {
              "batter": "C Esterhuizen",
              "bowler": "B Swanepoel",
              "non_striker": "HE van der Dussen",
              "runs": {
                "batter": 0,
                "extras": 0,
                "total": 0
              }
            },
            {
              "batter": "C Esterhuizen",
              "bowler": "B Swanepoel",
              "non_striker": "HE van der Dussen",
              "runs": {
                "batter": 1,
                "extras": 0,
                "total": 1
              }
            }
          ]
        },
        {
          "over": 5,
          "deliveries": [
            {
              "batter": "C Esterhuizen",
              "bowler": "RJ Gleeson",
              "non_striker": "HE van der Dussen",
              "runs": {
                "batter": 4,
                "extras": 0,
                "total": 4
              }
            },
            {
              "batter": "C Esterhuizen",
              "bowler": "RJ Gleeson",
              "non_striker": "HE van der Dussen",
              "runs": {
                "batter": 0,
                "extras": 0,
                "total": 0
              }
            },
            {
              "batter": "C Esterhuizen",
              "bowler": "RJ Gleeson",
              "non_striker": "HE van der Dussen",
              "runs": {
                "batter": 0,
                "extras": 0,
                "total": 0
              }
            },
            {
              "batter": "C Esterhuizen",
              "bowler": "RJ Gleeson",
              "non_striker": "HE van der Dussen",
              "runs": {
                "batter": 4,
                "extras": 0,
                "total": 4
              }
            },
            {
              "batter": "C Esterhuizen",
              "bowler": "RJ Gleeson",
              "non_striker": "HE van der Dussen",
              "runs": {
                "batter": 0,
                "extras": 0,
                "total": 0
              }
            },
            {
              "batter": "C Esterhuizen",
              "bowler": "RJ Gleeson",
              "non_striker": "HE van der Dussen",
              "runs": {
                "batter": 0,
                "extras": 0,
                "total": 0
              },
              "wickets": [
                {
                  "player_out": "C Esterhuizen",
                  "fielders": [
                    {
                      "name": "B Swanepoel"
                    }
                  ],
                  "kind": "caught"
                }
              ]
            }
          ]
        },
        {
          "over": 6,
          "deliveries": [
            {
              "batter": "HE van der Dussen",
              "bowler": "LA Dawson",
              "non_striker": "CA Ingram",
              "runs": {
                "batter": 6,
                "extras": 0,
                "total": 6
              }
            },
            {
              "batter": "HE van der Dussen",
              "bowler": "LA Dawson",
              "non_striker": "CA Ingram",
              "runs": {
                "batter": 0,
                "extras": 0,
                "total": 0
              }
            },
            {
              "batter": "HE van der Dussen",
              "bowler": "LA Dawson",
              "non_striker": "CA Ingram",
              "runs": {
                "batter": 0,
                "extras": 0,
                "total": 0
              },
              "wickets": [
                {
                  "player_out": "HE van der Dussen",
                  "kind": "bowled"
                }
              ]
            },
            {
              "batter": "D Brevis",
              "bowler": "LA Dawson",
              "non_striker": "CA Ingram",
              "runs": {
                "batter": 1,
                "extras": 0,
                "total": 1
              }
            },
            {
              "batter": "CA Ingram",
              "bowler": "LA Dawson",
              "non_striker": "D Brevis",
              "runs": {
                "batter": 0,
                "extras": 0,
                "total": 0
              }
            },
            {
              "batter": "CA Ingram",
              "bowler": "LA Dawson",
              "non_striker": "D Brevis",
              "runs": {
                "batter": 0,
                "extras": 0,
                "total": 0
              }
            }
          ]
        },
        {
          "over": 7,
          "deliveries": [
            {
              "batter": "D Brevis",
              "bowler": "SR Harmer",
              "non_striker": "CA Ingram",
              "runs": {
                "batter": 6,
                "extras": 0,
                "total": 6
              }
            },
            {
              "batter": "D Brevis",
              "bowler": "SR Harmer",
              "non_striker": "CA Ingram",
              "runs": {
                "batter": 0,
                "extras": 0,
                "total": 0
              }
            },
            {
              "batter": "D Brevis",
              "bowler": "SR Harmer",
              "non_striker": "CA Ingram",
              "runs": {
                "batter": 1,
                "extras": 0,
                "total": 1
              }
            },
            {
              "batter": "CA Ingram",
              "bowler": "SR Harmer",
              "non_striker": "D Brevis",
              "runs": {
                "batter": 2,
                "extras": 0,
                "total": 2
              }
            },
            {
              "batter": "CA Ingram",
              "bowler": "SR Harmer",
              "non_striker": "D Brevis",
              "runs": {
                "batter": 0,
                "extras": 0,
                "total": 0
              }
            },
            {
              "batter": "CA Ingram",
              "bowler": "SR Harmer",
              "extras": {
                "wides": 1
              },
              "non_striker": "D Brevis",
              "review": {
                "by": "Sunrisers Eastern Cape",
                "umpire": "A Paleker",
                "batter": "CA Ingram",
                "decision": "struck down",
                "type": "wicket"
              },
              "runs": {
                "batter": 0,
                "extras": 1,
                "total": 1
              }
            },
            {
              "batter": "CA Ingram",
              "bowler": "SR Harmer",
              "non_striker": "D Brevis",
              "runs": {
                "batter": 0,
                "extras": 0,
                "total": 0
              }
            }
          ]
        },
        {
          "over": 8,
          "deliveries": [
            {
              "batter": "D Brevis",
              "bowler": "LA Dawson",
              "non_striker": "CA Ingram",
              "runs": {
                "batter": 1,
                "extras": 0,
                "total": 1
              }
            },
            {
              "batter": "CA Ingram",
              "bowler": "LA Dawson",
              "non_striker": "D Brevis",
              "review": {
                "by": "MI Cape Town",
                "umpire": "M Erasmus",
                "batter": "CA Ingram",
                "decision": "upheld",
                "type": "wicket"
              },
              "runs": {
                "batter": 0,
                "extras": 0,
                "total": 0
              }
            },
            {
              "batter": "CA Ingram",
              "bowler": "LA Dawson",
              "non_striker": "D Brevis",
              "runs": {
                "batter": 6,
                "extras": 0,
                "total": 6
              }
            },
            {
              "batter": "CA Ingram",
              "bowler": "LA Dawson",
              "non_striker": "D Brevis",
              "runs": {
                "batter": 1,
                "extras": 0,
                "total": 1
              }
            },
            {
              "batter": "D Brevis",
              "bowler": "LA Dawson",
              "non_striker": "CA Ingram",
              "runs": {
                "batter": 4,
                "extras": 0,
                "total": 4
              }
            },
            {
              "batter": "D Brevis",
              "bowler": "LA Dawson",
              "non_striker": "CA Ingram",
              "runs": {
                "batter": 1,
                "extras": 0,
                "total": 1
              }
            }
          ]
        },
        {
          "over": 9,
          "deliveries": [
            {
              "batter": "D Brevis",
              "bowler": "AK Markram",
              "non_striker": "CA Ingram",
              "runs": {
                "batter": 1,
                "extras": 0,
                "total": 1
              }
            },
            {
              "batter": "CA Ingram",
              "bowler": "AK Markram",
              "non_striker": "D Brevis",
              "runs": {
                "batter": 1,
                "extras": 0,
                "total": 1
              }
            },
            {
              "batter": "D Brevis",
              "bowler": "AK Markram",
              "non_striker": "CA Ingram",
              "runs": {
                "batter": 1,
                "extras": 0,
                "total": 1
              }
            },
            {
              "batter": "CA Ingram",
              "bowler": "AK Markram",
              "non_striker": "D Brevis",
              "runs": {
                "batter": 4,
                "extras": 0,
                "total": 4
              }
            },
            {
              "batter": "CA Ingram",
              "bowler": "AK Markram",
              "non_striker": "D Brevis",
              "runs": {
                "batter": 1,
                "extras": 0,
                "total": 1
              }
            },
            {
              "batter": "D Brevis",
              "bowler": "AK Markram",
              "non_striker": "CA Ingram",
              "runs": {
                "batter": 1,
                "extras": 0,
                "total": 1
              }
            }
          ]
        },
        {
          "over": 10,
          "deliveries": [
            {
              "batter": "D Brevis",
              "bowler": "LA Dawson",
              "non_striker": "CA Ingram",
              "runs": {
                "batter": 4,
                "extras": 0,
                "total": 4
              }
            },
            {
              "batter": "D Brevis",
              "bowler": "LA Dawson",
              "non_striker": "CA Ingram",
              "runs": {
                "batter": 1,
                "extras": 0,
                "total": 1
              }
            },
            {
              "batter": "CA Ingram",
              "bowler": "LA Dawson",
              "non_striker": "D Brevis",
              "runs": {
                "batter": 1,
                "extras": 0,
                "total": 1
              }
            },
            {
              "batter": "D Brevis",
              "bowler": "LA Dawson",
              "non_striker": "CA Ingram",
              "runs": {
                "batter": 6,
                "extras": 0,
                "total": 6
              }
            },
            {
              "batter": "D Brevis",
              "bowler": "LA Dawson",
              "non_striker": "CA Ingram",
              "runs": {
                "batter": 0,
                "extras": 0,
                "total": 0
              }
            },
            {
              "batter": "D Brevis",
              "bowler": "LA Dawson",
              "non_striker": "CA Ingram",
              "runs": {
                "batter": 0,
                "extras": 0,
                "total": 0
              }
            }
          ]
        },
        {
          "over": 11,
          "deliveries": [
            {
              "batter": "CA Ingram",
              "bowler": "SR Harmer",
              "non_striker": "D Brevis",
              "runs": {
                "batter": 1,
                "extras": 0,
                "total": 1
              }
            },
            {
              "batter": "D Brevis",
              "bowler": "SR Harmer",
              "non_striker": "CA Ingram",
              "runs": {
                "batter": 0,
                "extras": 0,
                "total": 0
              }
            },
            {
              "batter": "D Brevis",
              "bowler": "SR Harmer",
              "non_striker": "CA Ingram",
              "runs": {
                "batter": 1,
                "extras": 0,
                "total": 1
              }
            },
            {
              "batter": "CA Ingram",
              "bowler": "SR Harmer",
              "non_striker": "D Brevis",
              "runs": {
                "batter": 0,
                "extras": 0,
                "total": 0
              }
            },
            {
              "batter": "CA Ingram",
              "bowler": "SR Harmer",
              "non_striker": "D Brevis",
              "runs": {
                "batter": 4,
                "extras": 0,
                "total": 4
              }
            },
            {
              "batter": "CA Ingram",
              "bowler": "SR Harmer",
              "non_striker": "D Brevis",
              "runs": {
                "batter": 0,
                "extras": 0,
                "total": 0
              }
            }
          ]
        },
        {
          "over": 12,
          "deliveries": [
            {
              "batter": "D Brevis",
              "bowler": "B Swanepoel",
              "non_striker": "CA Ingram",
              "runs": {
                "batter": 6,
                "extras": 0,
                "total": 6
              }
            },
            {
              "batter": "D Brevis",
              "bowler": "B Swanepoel",
              "non_striker": "CA Ingram",
              "runs": {
                "batter": 6,
                "extras": 0,
                "total": 6
              }
            },
            {
              "batter": "D Brevis",
              "bowler": "B Swanepoel",
              "non_striker": "CA Ingram",
              "runs": {
                "batter": 1,
                "extras": 0,
                "total": 1
              }
            },
            {
              "batter": "CA Ingram",
              "bowler": "B Swanepoel",
              "non_striker": "D Brevis",
              "runs": {
                "batter": 1,
                "extras": 0,
                "total": 1
              }
            },
            {
              "batter": "D Brevis",
              "bowler": "B Swanepoel",
              "extras": {
                "wides": 1
              },
              "non_striker": "CA Ingram",
              "runs": {
                "batter": 0,
                "extras": 1,
                "total": 1
              }
            },
            {
              "batter": "D Brevis",
              "bowler": "B Swanepoel",
              "non_striker": "CA Ingram",
              "runs": {
                "batter": 1,
                "extras": 0,
                "total": 1
              }
            },
            {
              "batter": "CA Ingram",
              "bowler": "B Swanepoel",
              "non_striker": "D Brevis",
              "runs": {
                "batter": 0,
                "extras": 0,
                "total": 0
              },
              "wickets": [
                {
                  "player_out": "CA Ingram",
                  "fielders": [
                    {
                      "name": "T Stubbs"
                    }
                  ],
                  "kind": "caught"
                }
              ]
            }
          ]
        },
        {
          "over": 13,
          "deliveries": [
            {
              "batter": "D Brevis",
              "bowler": "SR Harmer",
              "non_striker": "GF Linde",
              "runs": {
                "batter": 6,
                "extras": 0,
                "total": 6
              }
            },
            {
              "batter": "D Brevis",
              "bowler": "SR Harmer",
              "non_striker": "GF Linde",
              "runs": {
                "batter": 1,
                "extras": 0,
                "total": 1
              }
            },
            {
              "batter": "GF Linde",
              "bowler": "SR Harmer",
              "non_striker": "D Brevis",
              "runs": {
                "batter": 1,
                "extras": 0,
                "total": 1
              }
            },
            {
              "batter": "D Brevis",
              "bowler": "SR Harmer",
              "non_striker": "GF Linde",
              "runs": {
                "batter": 0,
                "extras": 0,
                "total": 0
              }
            },
            {
              "batter": "D Brevis",
              "bowler": "SR Harmer",
              "non_striker": "GF Linde",
              "runs": {
                "batter": 0,
                "extras": 0,
                "total": 0
              }
            },
            {
              "batter": "D Brevis",
              "bowler": "SR Harmer",
              "non_striker": "GF Linde",
              "runs": {
                "batter": 1,
                "extras": 0,
                "total": 1
              }
            }
          ]
        },
        {
          "over": 14,
          "deliveries": [
            {
              "batter": "D Brevis",
              "bowler": "M Jansen",
              "non_striker": "GF Linde",
              "runs": {
                "batter": 6,
                "extras": 0,
                "total": 6
              }
            },
            {
              "batter": "D Brevis",
              "bowler": "M Jansen",
              "non_striker": "GF Linde",
              "runs": {
                "batter": 0,
                "extras": 0,
                "total": 0
              }
            },
            {
              "batter": "D Brevis",
              "bowler": "M Jansen",
              "non_striker": "GF Linde",
              "runs": {
                "batter": 0,
                "extras": 0,
                "total": 0
              },
              "wickets": [
                {
                  "player_out": "D Brevis",
                  "fielders": [
                    {
                      "name": "B Swanepoel"
                    }
                  ],
                  "kind": "caught"
                }
              ]
            },
            {
              "batter": "Azmatullah Omarzai",
              "bowler": "M Jansen",
              "non_striker": "GF Linde",
              "runs": {
                "batter": 1,
                "extras": 0,
                "total": 1
              }
            },
            {
              "batter": "GF Linde",
              "bowler": "M Jansen",
              "non_striker": "Azmatullah Omarzai",
              "runs": {
                "batter": 0,
                "extras": 0,
                "total": 0
              }
            },
            {
              "batter": "GF Linde",
              "bowler": "M Jansen",
              "non_striker": "Azmatullah Omarzai",
              "runs": {
                "batter": 1,
                "extras": 0,
                "total": 1
              }
            }
          ]
        },
        {
          "over": 15,
          "deliveries": [
            {
              "batter": "GF Linde",
              "bowler": "SR Harmer",
              "non_striker": "Azmatullah Omarzai",
              "runs": {
                "batter": 2,
                "extras": 0,
                "total": 2
              }
            },
            {
              "batter": "GF Linde",
              "bowler": "SR Harmer",
              "non_striker": "Azmatullah Omarzai",
              "runs": {
                "batter": 1,
                "extras": 0,
                "total": 1
              }
            },
            {
              "batter": "Azmatullah Omarzai",
              "bowler": "SR Harmer",
              "non_striker": "GF Linde",
              "runs": {
                "batter": 1,
                "extras": 0,
                "total": 1
              }
            },
            {
              "batter": "GF Linde",
              "bowler": "SR Harmer",
              "non_striker": "Azmatullah Omarzai",
              "runs": {
                "batter": 1,
                "extras": 0,
                "total": 1
              }
            },
            {
              "batter": "Azmatullah Omarzai",
              "bowler": "SR Harmer",
              "non_striker": "GF Linde",
              "runs": {
                "batter": 0,
                "extras": 0,
                "total": 0
              }
            },
            {
              "batter": "Azmatullah Omarzai",
              "bowler": "SR Harmer",
              "non_striker": "GF Linde",
              "runs": {
                "batter": 0,
                "extras": 0,
                "total": 0
              },
              "wickets": [
                {
                  "player_out": "Azmatullah Omarzai",
                  "fielders": [
                    {
                      "name": "J Hermann"
                    }
                  ],
                  "kind": "caught"
                }
              ]
            }
          ]
        },
        {
          "over": 16,
          "deliveries": [
            {
              "batter": "GF Linde",
              "bowler": "RJ Gleeson",
              "non_striker": "Rashid Khan",
              "runs": {
                "batter": 0,
                "extras": 0,
                "total": 0
              }
            },
            {
              "batter": "GF Linde",
              "bowler": "RJ Gleeson",
              "non_striker": "Rashid Khan",
              "runs": {
                "batter": 1,
                "extras": 0,
                "total": 1
              }
            },
            {
              "batter": "Rashid Khan",
              "bowler": "RJ Gleeson",
              "non_striker": "GF Linde",
              "runs": {
                "batter": 0,
                "extras": 0,
                "total": 0
              },
              "wickets": [
                {
                  "player_out": "Rashid Khan",
                  "fielders": [
                    {
                      "name": "B Swanepoel"
                    }
                  ],
                  "kind": "caught"
                }
              ]
            },
            {
              "batter": "D Potgieter",
              "bowler": "RJ Gleeson",
              "non_striker": "GF Linde",
              "runs": {
                "batter": 1,
                "extras": 0,
                "total": 1
              }
            },
            {
              "batter": "GF Linde",
              "bowler": "RJ Gleeson",
              "non_striker": "D Potgieter",
              "runs": {
                "batter": 1,
                "extras": 0,
                "total": 1
              }
            },
            {
              "batter": "D Potgieter",
              "bowler": "RJ Gleeson",
              "non_striker": "GF Linde",
              "runs": {
                "batter": 1,
                "extras": 0,
                "total": 1
              }
            }
          ]
        },
        {
          "over": 17,
          "deliveries": [
            {
              "batter": "D Potgieter",
              "bowler": "B Swanepoel",
              "non_striker": "GF Linde",
              "runs": {
                "batter": 1,
                "extras": 0,
                "total": 1
              }
            },
            {
              "batter": "GF Linde",
              "bowler": "B Swanepoel",
              "non_striker": "D Potgieter",
              "runs": {
                "batter": 0,
                "extras": 0,
                "total": 0
              }
            },
            {
              "batter": "GF Linde",
              "bowler": "B Swanepoel",
              "non_striker": "D Potgieter",
              "runs": {
                "batter": 1,
                "extras": 0,
                "total": 1
              }
            },
            {
              "batter": "D Potgieter",
              "bowler": "B Swanepoel",
              "non_striker": "GF Linde",
              "runs": {
                "batter": 2,
                "extras": 0,
                "total": 2
              }
            },
            {
              "batter": "D Potgieter",
              "bowler": "B Swanepoel",
              "non_striker": "GF Linde",
              "runs": {
                "batter": 1,
                "extras": 0,
                "total": 1
              }
            },
            {
              "batter": "GF Linde",
              "bowler": "B Swanepoel",
              "extras": {
                "wides": 1
              },
              "non_striker": "D Potgieter",
              "runs": {
                "batter": 0,
                "extras": 1,
                "total": 1
              }
            },
            {
              "batter": "GF Linde",
              "bowler": "B Swanepoel",
              "non_striker": "D Potgieter",
              "runs": {
                "batter": 4,
                "extras": 0,
                "total": 4
              }
            }
          ]
        },
        {
          "over": 18,
          "deliveries": [
            {
              "batter": "D Potgieter",
              "bowler": "RJ Gleeson",
              "non_striker": "GF Linde",
              "runs": {
                "batter": 1,
                "extras": 0,
                "total": 1
              }
            },
            {
              "batter": "GF Linde",
              "bowler": "RJ Gleeson",
              "non_striker": "D Potgieter",
              "runs": {
                "batter": 1,
                "extras": 0,
                "total": 1
              }
            },
            {
              "batter": "D Potgieter",
              "bowler": "RJ Gleeson",
              "non_striker": "GF Linde",
              "runs": {
                "batter": 1,
                "extras": 0,
                "total": 1
              }
            },
            {
              "batter": "GF Linde",
              "bowler": "RJ Gleeson",
              "non_striker": "D Potgieter",
              "runs": {
                "batter": 1,
                "extras": 0,
                "total": 1
              }
            },
            {
              "batter": "D Potgieter",
              "bowler": "RJ Gleeson",
              "non_striker": "GF Linde",
              "runs": {
                "batter": 1,
                "extras": 0,
                "total": 1
              }
            },
            {
              "batter": "GF Linde",
              "bowler": "RJ Gleeson",
              "non_striker": "D Potgieter",
              "runs": {
                "batter": 1,
                "extras": 0,
                "total": 1
              }
            }
          ]
        },
        {
          "over": 19,
          "deliveries": [
            {
              "batter": "GF Linde",
              "bowler": "M Jansen",
              "non_striker": "D Potgieter",
              "runs": {
                "batter": 6,
                "extras": 0,
                "total": 6
              }
            },
            {
              "batter": "GF Linde",
              "bowler": "M Jansen",
              "non_striker": "D Potgieter",
              "runs": {
                "batter": 1,
                "extras": 0,
                "total": 1
              }
            },
            {
              "batter": "D Potgieter",
              "bowler": "M Jansen",
              "non_striker": "GF Linde",
              "runs": {
                "batter": 6,
                "extras": 0,
                "total": 6
              }
            },
            {
              "batter": "D Potgieter",
              "bowler": "M Jansen",
              "non_striker": "GF Linde",
              "runs": {
                "batter": 4,
                "extras": 0,
                "total": 4
              }
            },
            {
              "batter": "D Potgieter",
              "bowler": "M Jansen",
              "non_striker": "GF Linde",
              "runs": {
                "batter": 2,
                "extras": 0,
                "total": 2
              }
            },
            {
              "batter": "D Potgieter",
              "bowler": "M Jansen",
              "non_striker": "GF Linde",
              "runs": {
                "batter": 4,
                "extras": 0,
                "total": 4
              }
            }
          ]
        }
      ],
      "powerplays": [
        {
          "from": 0.1,
          "to": 5.6,
          "type": "mandatory"
        }
      ]
    },
    {
      "team": "Sunrisers Eastern Cape",
      "overs": [
        {
          "over": 0,
          "deliveries": [
            {
              "batter": "Z Crawley",
              "bowler": "TA Boult",
              "non_striker": "J Hermann",
              "runs": {
                "batter": 4,
                "extras": 0,
                "total": 4
              }
            },
            {
              "batter": "Z Crawley",
              "bowler": "TA Boult",
              "non_striker": "J Hermann",
              "runs": {
                "batter": 1,
                "extras": 0,
                "total": 1
              }
            },
            {
              "batter": "J Hermann",
              "bowler": "TA Boult",
              "non_striker": "Z Crawley",
              "runs": {
                "batter": 1,
                "extras": 0,
                "total": 1
              }
            },
            {
              "batter": "Z Crawley",
              "bowler": "TA Boult",
              "non_striker": "J Hermann",
              "runs": {
                "batter": 0,
                "extras": 0,
                "total": 0
              }
            },
            {
              "batter": "Z Crawley",
              "bowler": "TA Boult",
              "non_striker": "J Hermann",
              "runs": {
                "batter": 4,
                "extras": 0,
                "total": 4
              }
            },
            {
              "batter": "Z Crawley",
              "bowler": "TA Boult",
              "non_striker": "J Hermann",
              "runs": {
                "batter": 1,
                "extras": 0,
                "total": 1
              }
            }
          ]
        },
        {
          "over": 1,
          "deliveries": [
            {
              "batter": "Z Crawley",
              "bowler": "Azmatullah Omarzai",
              "non_striker": "J Hermann",
              "runs": {
                "batter": 1,
                "extras": 0,
                "total": 1
              }
            },
            {
              "batter": "J Hermann",
              "bowler": "Azmatullah Omarzai",
              "non_striker": "Z Crawley",
              "runs": {
                "batter": 1,
                "extras": 0,
                "total": 1
              }
            },
            {
              "batter": "Z Crawley",
              "bowler": "Azmatullah Omarzai",
              "non_striker": "J Hermann",
              "runs": {
                "batter": 0,
                "extras": 0,
                "total": 0
              }
            },
            {
              "batter": "Z Crawley",
              "bowler": "Azmatullah Omarzai",
              "non_striker": "J Hermann",
              "runs": {
                "batter": 0,
                "extras": 0,
                "total": 0
              }
            },
            {
              "batter": "Z Crawley",
              "bowler": "Azmatullah Omarzai",
              "non_striker": "J Hermann",
              "runs": {
                "batter": 1,
                "extras": 0,
                "total": 1
              }
            },
            {
              "batter": "J Hermann",
              "bowler": "Azmatullah Omarzai",
              "non_striker": "Z Crawley",
              "runs": {
                "batter": 0,
                "extras": 0,
                "total": 0
              }
            }
          ]
        },
        {
          "over": 2,
          "deliveries": [
            {
              "batter": "Z Crawley",
              "bowler": "TA Boult",
              "non_striker": "J Hermann",
              "runs": {
                "batter": 0,
                "extras": 0,
                "total": 0
              }
            },
            {
              "batter": "Z Crawley",
              "bowler": "TA Boult",
              "non_striker": "J Hermann",
              "runs": {
                "batter": 0,
                "extras": 0,
                "total": 0
              }
            },
            {
              "batter": "Z Crawley",
              "bowler": "TA Boult",
              "non_striker": "J Hermann",
              "runs": {
                "batter": 0,
                "extras": 0,
                "total": 0
              }
            },
            {
              "batter": "Z Crawley",
              "bowler": "TA Boult",
              "non_striker": "J Hermann",
              "runs": {
                "batter": 0,
                "extras": 0,
                "total": 0
              }
            },
            {
              "batter": "Z Crawley",
              "bowler": "TA Boult",
              "non_striker": "J Hermann",
              "runs": {
                "batter": 0,
                "extras": 0,
                "total": 0
              },
              "wickets": [
                {
                  "player_out": "Z Crawley",
                  "kind": "bowled"
                }
              ]
            },
            {
              "batter": "TB Abell",
              "bowler": "TA Boult",
              "non_striker": "J Hermann",
              "runs": {
                "batter": 0,
                "extras": 0,
                "total": 0
              },
              "wickets": [
                {
                  "player_out": "TB Abell",
                  "kind": "caught and bowled"
                }
              ]
            }
          ]
        },
        {
          "over": 3,
          "deliveries": [
            {
              "batter": "J Hermann",
              "bowler": "Azmatullah Omarzai",
              "non_striker": "AK Markram",
              "runs": {
                "batter": 2,
                "extras": 0,
                "total": 2
              }
            },
            {
              "batter": "J Hermann",
              "bowler": "Azmatullah Omarzai",
              "non_striker": "AK Markram",
              "runs": {
                "batter": 0,
                "extras": 0,
                "total": 0
              },
              "wickets": [
                {
                  "player_out": "J Hermann",
                  "fielders": [
                    {
                      "name": "C Bosch"
                    }
                  ],
                  "kind": "caught"
                }
              ]
            },
            {
              "batter": "T Stubbs",
              "bowler": "Azmatullah Omarzai",
              "non_striker": "AK Markram",
              "runs": {
                "batter": 2,
                "extras": 0,
                "total": 2
              }
            },
            {
              "batter": "T Stubbs",
              "bowler": "Azmatullah Omarzai",
              "non_striker": "AK Markram",
              "runs": {
                "batter": 0,
                "extras": 0,
                "total": 0
              }
            },
            {
              "batter": "T Stubbs",
              "bowler": "Azmatullah Omarzai",
              "non_striker": "AK Markram",
              "runs": {
                "batter": 0,
                "extras": 0,
                "total": 0
              }
            },
            {
              "batter": "T Stubbs",
              "bowler": "Azmatullah Omarzai",
              "non_striker": "AK Markram",
              "runs": {
                "batter": 0,
                "extras": 0,
                "total": 0
              }
            }
          ]
        },
        {
          "over": 4,
          "deliveries": [
            {
              "batter": "AK Markram",
              "bowler": "TA Boult",
              "non_striker": "T Stubbs",
              "runs": {
                "batter": 0,
                "extras": 0,
                "total": 0
              }
            },
            {
              "batter": "AK Markram",
              "bowler": "TA Boult",
              "non_striker": "T Stubbs",
              "runs": {
                "batter": 0,
                "extras": 0,
                "total": 0
              }
            },
            {
              "batter": "AK Markram",
              "bowler": "TA Boult",
              "non_striker": "T Stubbs",
              "runs": {
                "batter": 4,
                "extras": 0,
                "total": 4
              }
            },
            {
              "batter": "AK Markram",
              "bowler": "TA Boult",
              "non_striker": "T Stubbs",
              "runs": {
                "batter": 0,
                "extras": 0,
                "total": 0
              }
            },
            {
              "batter": "AK Markram",
              "bowler": "TA Boult",
              "non_striker": "T Stubbs",
              "runs": {
                "batter": 1,
                "extras": 0,
                "total": 1
              }
            },
            {
              "batter": "T Stubbs",
              "bowler": "TA Boult",
              "non_striker": "AK Markram",
              "runs": {
                "batter": 0,
                "extras": 0,
                "total": 0
              }
            }
          ]
        },
        {
          "over": 5,
          "deliveries": [
            {
              "batter": "AK Markram",
              "bowler": "Rashid Khan",
              "non_striker": "T Stubbs",
              "runs": {
                "batter": 1,
                "extras": 0,
                "total": 1
              }
            },
            {
              "batter": "T Stubbs",
              "bowler": "Rashid Khan",
              "non_striker": "AK Markram",
              "runs": {
                "batter": 2,
                "extras": 0,
                "total": 2
              }
            },
            {
              "batter": "T Stubbs",
              "bowler": "Rashid Khan",
              "non_striker": "AK Markram",
              "runs": {
                "batter": 0,
                "extras": 0,
                "total": 0
              }
            },
            {
              "batter": "T Stubbs",
              "bowler": "Rashid Khan",
              "non_striker": "AK Markram",
              "runs": {
                "batter": 1,
                "extras": 0,
                "total": 1
              }
            },
            {
              "batter": "AK Markram",
              "bowler": "Rashid Khan",
              "non_striker": "T Stubbs",
              "runs": {
                "batter": 6,
                "extras": 0,
                "total": 6
              }
            },
            {
              "batter": "AK Markram",
              "bowler": "Rashid Khan",
              "non_striker": "T Stubbs",
              "runs": {
                "batter": 0,
                "extras": 0,
                "total": 0
              }
            }
          ]
        },
        {
          "over": 6,
          "deliveries": [
            {
              "batter": "T Stubbs",
              "bowler": "C Bosch",
              "non_striker": "AK Markram",
              "runs": {
                "batter": 1,
                "extras": 0,
                "total": 1
              }
            },
            {
              "batter": "AK Markram",
              "bowler": "C Bosch",
              "non_striker": "T Stubbs",
              "runs": {
                "batter": 4,
                "extras": 0,
                "total": 4
              }
            },
            {
              "batter": "AK Markram",
              "bowler": "C Bosch",
              "non_striker": "T Stubbs",
              "runs": {
                "batter": 0,
                "extras": 0,
                "total": 0
              }
            },
            {
              "batter": "AK Markram",
              "bowler": "C Bosch",
              "non_striker": "T Stubbs",
              "runs": {
                "batter": 0,
                "extras": 0,
                "total": 0
              }
            },
            {
              "batter": "AK Markram",
              "bowler": "C Bosch",
              "non_striker": "T Stubbs",
              "runs": {
                "batter": 1,
                "extras": 0,
                "total": 1
              }
            },
            {
              "batter": "T Stubbs",
              "bowler": "C Bosch",
              "non_striker": "AK Markram",
              "runs": {
                "batter": 1,
                "extras": 0,
                "total": 1
              }
            }
          ]
        },
        {
          "over": 7,
          "deliveries": [
            {
              "batter": "T Stubbs",
              "bowler": "Rashid Khan",
              "non_striker": "AK Markram",
              "runs": {
                "batter": 1,
                "extras": 0,
                "total": 1
              }
            },
            {
              "batter": "AK Markram",
              "bowler": "Rashid Khan",
              "non_striker": "T Stubbs",
              "runs": {
                "batter": 1,
                "extras": 0,
                "total": 1
              }
            },
            {
              "batter": "T Stubbs",
              "bowler": "Rashid Khan",
              "non_striker": "AK Markram",
              "runs": {
                "batter": 2,
                "extras": 0,
                "total": 2
              }
            },
            {
              "batter": "T Stubbs",
              "bowler": "Rashid Khan",
              "non_striker": "AK Markram",
              "runs": {
                "batter": 1,
                "extras": 0,
                "total": 1
              }
            },
            {
              "batter": "AK Markram",
              "bowler": "Rashid Khan",
              "non_striker": "T Stubbs",
              "runs": {
                "batter": 0,
                "extras": 0,
                "total": 0
              }
            },
            {
              "batter": "AK Markram",
              "bowler": "Rashid Khan",
              "non_striker": "T Stubbs",
              "runs": {
                "batter": 0,
                "extras": 0,
                "total": 0
              }
            }
          ]
        },
        {
          "over": 8,
          "deliveries": [
            {
              "batter": "T Stubbs",
              "bowler": "C Bosch",
              "non_striker": "AK Markram",
              "runs": {
                "batter": 0,
                "extras": 0,
                "total": 0
              }
            },
            {
              "batter": "T Stubbs",
              "bowler": "C Bosch",
              "non_striker": "AK Markram",
              "runs": {
                "batter": 1,
                "extras": 0,
                "total": 1
              }
            },
            {
              "batter": "AK Markram",
              "bowler": "C Bosch",
              "non_striker": "T Stubbs",
              "runs": {
                "batter": 0,
                "extras": 0,
                "total": 0
              }
            },
            {
              "batter": "AK Markram",
              "bowler": "C Bosch",
              "non_striker": "T Stubbs",
              "runs": {
                "batter": 1,
                "extras": 0,
                "total": 1
              }
            },
            {
              "batter": "T Stubbs",
              "bowler": "C Bosch",
              "non_striker": "AK Markram",
              "runs": {
                "batter": 1,
                "extras": 0,
                "total": 1
              }
            },
            {
              "batter": "AK Markram",
              "bowler": "C Bosch",
              "non_striker": "T Stubbs",
              "runs": {
                "batter": 0,
                "extras": 0,
                "total": 0
              }
            }
          ]
        },
        {
          "over": 9,
          "deliveries": [
            {
              "batter": "T Stubbs",
              "bowler": "GF Linde",
              "non_striker": "AK Markram",
              "runs": {
                "batter": 0,
                "extras": 0,
                "total": 0
              }
            },
            {
              "batter": "T Stubbs",
              "bowler": "GF Linde",
              "non_striker": "AK Markram",
              "runs": {
                "batter": 0,
                "extras": 0,
                "total": 0
              },
              "wickets": [
                {
                  "player_out": "T Stubbs",
                  "fielders": [
                    {
                      "name": "C Bosch"
                    }
                  ],
                  "kind": "caught"
                }
              ]
            },
            {
              "batter": "B Swanepoel",
              "bowler": "GF Linde",
              "non_striker": "AK Markram",
              "runs": {
                "batter": 0,
                "extras": 0,
                "total": 0
              }
            },
            {
              "batter": "B Swanepoel",
              "bowler": "GF Linde",
              "non_striker": "AK Markram",
              "runs": {
                "batter": 0,
                "extras": 0,
                "total": 0
              }
            },
            {
              "batter": "B Swanepoel",
              "bowler": "GF Linde",
              "non_striker": "AK Markram",
              "runs": {
                "batter": 0,
                "extras": 0,
                "total": 0
              }
            },
            {
              "batter": "B Swanepoel",
              "bowler": "GF Linde",
              "non_striker": "AK Markram",
              "runs": {
                "batter": 1,
                "extras": 0,
                "total": 1
              }
            }
          ]
        },
        {
          "over": 10,
          "deliveries": [
            {
              "batter": "B Swanepoel",
              "bowler": "D Potgieter",
              "non_striker": "AK Markram",
              "runs": {
                "batter": 0,
                "extras": 0,
                "total": 0
              },
              "wickets": [
                {
                  "player_out": "B Swanepoel",
                  "kind": "bowled"
                }
              ]
            },
            {
              "batter": "DG Bedingham",
              "bowler": "D Potgieter",
              "non_striker": "AK Markram",
              "runs": {
                "batter": 0,
                "extras": 0,
                "total": 0
              }
            },
            {
              "batter": "DG Bedingham",
              "bowler": "D Potgieter",
              "non_striker": "AK Markram",
              "runs": {
                "batter": 0,
                "extras": 0,
                "total": 0
              },
              "wickets": [
                {
                  "player_out": "DG Bedingham",
                  "fielders": [
                    {
                      "name": "CA Ingram"
                    }
                  ],
                  "kind": "caught"
                }
              ]
            },
            {
              "batter": "M Jansen",
              "bowler": "D Potgieter",
              "non_striker": "AK Markram",
              "runs": {
                "batter": 1,
                "extras": 0,
                "total": 1
              }
            },
            {
              "batter": "AK Markram",
              "bowler": "D Potgieter",
              "non_striker": "M Jansen",
              "runs": {
                "batter": 0,
                "extras": 0,
                "total": 0
              },
              "wickets": [
                {
                  "player_out": "AK Markram",
                  "fielders": [
                    {
                      "name": "C Esterhuizen"
                    }
                  ],
                  "kind": "caught"
                }
              ]
            },
            {
              "batter": "LA Dawson",
              "bowler": "D Potgieter",
              "non_striker": "M Jansen",
              "runs": {
                "batter": 1,
                "extras": 0,
                "total": 1
              }
            }
          ]
        },
        {
          "over": 11,
          "deliveries": [
            {
              "batter": "LA Dawson",
              "bowler": "GF Linde",
              "non_striker": "M Jansen",
              "runs": {
                "batter": 2,
                "extras": 0,
                "total": 2
              }
            },
            {
              "batter": "LA Dawson",
              "bowler": "GF Linde",
              "non_striker": "M Jansen",
              "runs": {
                "batter": 1,
                "extras": 0,
                "total": 1
              }
            },
            {
              "batter": "M Jansen",
              "bowler": "GF Linde",
              "non_striker": "LA Dawson",
              "runs": {
                "batter": 1,
                "extras": 0,
                "total": 1
              }
            },
            {
              "batter": "LA Dawson",
              "bowler": "GF Linde",
              "non_striker": "M Jansen",
              "runs": {
                "batter": 1,
                "extras": 0,
                "total": 1
              }
            },
            {
              "batter": "M Jansen",
              "bowler": "GF Linde",
              "non_striker": "LA Dawson",
              "runs": {
                "batter": 1,
                "extras": 0,
                "total": 1
              }
            },
            {
              "batter": "LA Dawson",
              "bowler": "GF Linde",
              "non_striker": "M Jansen",
              "runs": {
                "batter": 1,
                "extras": 0,
                "total": 1
              }
            }
          ]
        },
        {
          "over": 12,
          "deliveries": [
            {
              "batter": "LA Dawson",
              "bowler": "D Potgieter",
              "non_striker": "M Jansen",
              "runs": {
                "batter": 0,
                "extras": 0,
                "total": 0
              }
            },
            {
              "batter": "LA Dawson",
              "bowler": "D Potgieter",
              "extras": {
                "wides": 1
              },
              "non_striker": "M Jansen",
              "runs": {
                "batter": 0,
                "extras": 1,
                "total": 1
              }
            },
            {
              "batter": "LA Dawson",
              "bowler": "D Potgieter",
              "non_striker": "M Jansen",
              "runs": {
                "batter": 0,
                "extras": 0,
                "total": 0
              },
              "wickets": [
                {
                  "player_out": "LA Dawson",
                  "kind": "bowled"
                }
              ]
            },
            {
              "batter": "SR Harmer",
              "bowler": "D Potgieter",
              "non_striker": "M Jansen",
              "runs": {
                "batter": 0,
                "extras": 0,
                "total": 0
              }
            },
            {
              "batter": "SR Harmer",
              "bowler": "D Potgieter",
              "non_striker": "M Jansen",
              "runs": {
                "batter": 0,
                "extras": 0,
                "total": 0
              }
            },
            {
              "batter": "SR Harmer",
              "bowler": "D Potgieter",
              "non_striker": "M Jansen",
              "runs": {
                "batter": 1,
                "extras": 0,
                "total": 1
              }
            },
            {
              "batter": "M Jansen",
              "bowler": "D Potgieter",
              "non_striker": "SR Harmer",
              "runs": {
                "batter": 2,
                "extras": 0,
                "total": 2
              }
            }
          ]
        },
        {
          "over": 13,
          "deliveries": [
            {
              "batter": "SR Harmer",
              "bowler": "Rashid Khan",
              "non_striker": "M Jansen",
              "runs": {
                "batter": 1,
                "extras": 0,
                "total": 1
              }
            },
            {
              "batter": "M Jansen",
              "bowler": "Rashid Khan",
              "extras": {
                "legbyes": 1
              },
              "non_striker": "SR Harmer",
              "runs": {
                "batter": 0,
                "extras": 1,
                "total": 1
              }
            },
            {
              "batter": "SR Harmer",
              "bowler": "Rashid Khan",
              "non_striker": "M Jansen",
              "runs": {
                "batter": 1,
                "extras": 0,
                "total": 1
              }
            },
            {
              "batter": "M Jansen",
              "bowler": "Rashid Khan",
              "non_striker": "SR Harmer",
              "runs": {
                "batter": 4,
                "extras": 0,
                "total": 4
              }
            },
            {
              "batter": "M Jansen",
              "bowler": "Rashid Khan",
              "non_striker": "SR Harmer",
              "runs": {
                "batter": 4,
                "extras": 0,
                "total": 4
              }
            },
            {
              "batter": "M Jansen",
              "bowler": "Rashid Khan",
              "non_striker": "SR Harmer",
              "runs": {
                "batter": 0,
                "extras": 0,
                "total": 0
              }
            }
          ]
        },
        {
          "over": 14,
          "deliveries": [
            {
              "batter": "SR Harmer",
              "bowler": "D Potgieter",
              "non_striker": "M Jansen",
              "runs": {
                "batter": 1,
                "extras": 0,
                "total": 1
              }
            },
            {
              "batter": "M Jansen",
              "bowler": "D Potgieter",
              "non_striker": "SR Harmer",
              "runs": {
                "batter": 1,
                "extras": 0,
                "total": 1
              }
            },
            {
              "batter": "SR Harmer",
              "bowler": "D Potgieter",
              "non_striker": "M Jansen",
              "runs": {
                "batter": 1,
                "extras": 0,
                "total": 1
              },
              "wickets": [
                {
                  "player_out": "M Jansen",
                  "fielders": [
                    {
                      "name": "Rashid Khan"
                    }
                  ],
                  "kind": "run out"
                }
              ]
            },
            {
              "batter": "SR Harmer",
              "bowler": "D Potgieter",
              "non_striker": "RJ Gleeson",
              "runs": {
                "batter": 1,
                "extras": 0,
                "total": 1
              }
            },
            {
              "batter": "RJ Gleeson",
              "bowler": "D Potgieter",
              "non_striker": "SR Harmer",
              "runs": {
                "batter": 0,
                "extras": 0,
                "total": 0
              }
            },
            {
              "batter": "RJ Gleeson",
              "bowler": "D Potgieter",
              "non_striker": "SR Harmer",
              "runs": {
                "batter": 0,
                "extras": 0,
                "total": 0
              },
              "wickets": [
                {
                  "player_out": "RJ Gleeson",
                  "kind": "bowled"
                }
              ]
            }
          ]
        }
      ],
      "powerplays": [
        {
          "from": 0.1,
          "to": 5.6,
          "type": "mandatory"
        }
      ],
      "target": {
        "overs": 20,
        "runs": 175
      }
    }
  ]
}