{
  "meta": {
    "data_version": "1.1.0",
    "created": "2025-02-01",
    "revision": 1
  },
  "info": {
    "balls_per_over": 6,
    "city": "Wellington",
    "dates": [
      "2025-02-01"
    ],
    "event": {
      "name": "Super Smash",
      "stage": "Eliminator"
    },
    "gender": "male",
    "match_type": "T20",
    "officials": {
      "match_referees": [
        "K Pulley"
      ],
      "reserve_umpires": [
        "T Semmens"
      ],
      "tv_umpires": [
        "KS Jagannathan"
      ],
      "umpires": [
        "JM Dempsey",
        "PJ Pasco"
      ]
    },
    "outcome": {
      "winner": "Canterbury",
      "by": {
        "wickets": 7
      }
    },
    "overs": 20,
    "players": {
      "Northern Districts": [
        "KD Clarke",
        "JF Carter",
        "BJ Pomare",
        "FF Lellman",
        "RR O'Donnell",
        "JA Raval",
        "BR Hampton",
        "KDC Clarke",
        "N Wagner",
        "FL Walker",
        "MJ Fisher"
      ],
      "Canterbury": [
        "CJ Bowes",
        "MJ Hay",
        "MWT Boyle",
        "DJ Mitchell",
        "CE McConchie",
        "ZGF Foulkes",
        "HB Shipley",
        "KA Jamieson",
        "IS Sodhi",
        "W O'Rourke",
        "MJ Henry"
      ]
    },
    "registry": {
      "people": {
        "BJ Pomare": "0398f255",
        "BR Hampton": "93f25f4f",
        "CE McConchie": "d285acaf",
        "CJ Bowes": "45df0e72",
        "DJ Mitchell": "eade4650",
        "FF Lellman": "69c2944f",
        "FL Walker": "e6e154e3",
        "HB Shipley": "5426de63",
        "IS Sodhi": "641ac5ff",
        "JA Raval": "5f966ec0",
        "JF Carter": "125fa4de",
        "JM Dempsey": "153c9f33",
        "K Pulley": "644bf4ad",
        "KA Jamieson": "68c56d09",
        "KD Clarke": "7a12be0a",
        "KDC Clarke": "1e1a8922",
        "KS Jagannathan": "9bc8dcec",
        "MJ Fisher": "7068c81e",
        "MJ Hay": "732f711b",
        "MJ Henry": "e84ac20c",
        "MWT Boyle": "b42d5053",
        "N Wagner": "78adc879",
        "PJ Pasco": "fd92a10c",
        "RR O'Donnell": "2742086d",
        "T Semmens": "3b471aa4",
        "W O'Rourke": "cb9b8664",
        "ZGF Foulkes": "30f92334"
      }
    },
    "season": "2024/25",
    "team_type": "club",
    "teams": [
      "Northern Districts",
      "Canterbury"
    ],
    "toss": {
      "decision": "field",
      "winner": "Canterbury"
    },
    "venue": "Basin Reserve, Wellington"
  },
  "innings": [
    {
      "team": "Northern Districts",
      "overs": [
        {
          "over": 0,
          "deliveries": [
            {
              "batter": "KD Clarke",
              "bowler": "MJ Henry",
              "non_striker": "JF Carter",
              "runs": {
                "batter": 0,
                "extras": 0,
                "total": 0
              }
            },
            {
              "batter": "KD Clarke",
              "bowler": "MJ Henry",
              "non_striker": "JF Carter",
              "runs": {
                "batter": 0,
                "extras": 0,
                "total": 0
              }
            },
            {
              "batter": "KD Clarke",
              "bowler": "MJ Henry",
              "non_striker": "JF Carter",
              "runs": {
                "batter": 0,
                "extras": 0,
                "total": 0
              }
            },
            {
              "batter": "KD Clarke",
              "bowler": "MJ Henry",
              "non_striker": "JF Carter",
              "runs": {
                "batter": 0,
                "extras": 0,
                "total": 0
              }
            },
            {
              "batter": "KD Clarke",
              "bowler": "MJ Henry",
              "non_striker": "JF Carter",
              "runs": {
                "batter": 0,
                "extras": 0,
                "total": 0
              }
            },
            {
              "batter": "KD Clarke",
              "bowler": "MJ Henry",
              "non_striker": "JF Carter",
              "runs": {
                "batter": 0,
                "extras": 0,
                "total": 0
              }
            }
          ]
        },
        {
          "over": 1,
          "deliveries": [
            {
              "batter": "JF Carter",
              "bowler": "KA Jamieson",
              "non_striker": "KD Clarke",
              "runs": {
                "batter": 0,
                "extras": 0,
                "total": 0
              }
            },
            {
              "batter": "JF Carter",
              "bowler": "KA Jamieson",
              "non_striker": "KD Clarke",
              "runs": {
                "batter": 0,
                "extras": 0,
                "total": 0
              },
              "wickets": [
                {
                  "player_out": "JF Carter",
                  "fielders": [
                    {
                      "name": "MJ Henry"
                    }
                  ],
                  "kind": "caught"
                }
              ]
            },
            {
              "batter": "BJ Pomare",
              "bowler": "KA Jamieson",
              "non_striker": "KD Clarke",
              "runs": {
                "batter": 4,
                "extras": 0,
                "total": 4
              }
            },
            {
              "batter": "BJ Pomare",
              "bowler": "KA Jamieson",
              "non_striker": "KD Clarke",
              "runs": {
                "batter": 0,
                "extras": 0,
                "total": 0
              }
            },
            {
              "batter": "BJ Pomare",
              "bowler": "KA Jamieson",
              "non_striker": "KD Clarke",
              "runs": {
                "batter": 0,
                "extras": 0,
                "total": 0
              }
            },
            {
              "batter": "BJ Pomare",
              "bowler": "KA Jamieson",
              "non_striker": "KD Clarke",
              "runs": {
                "batter": 0,
                "extras": 0,
                "total": 0
              }
            }
          ]
        },
        {
          "over": 2,
          "deliveries": [
            {
              "batter": "KD Clarke",
              "bowler": "MJ Henry",
              "non_striker": "BJ Pomare",
              "runs": {
                "batter": 0,
                "extras": 0,
                "total": 0
              }
            },
            {
              "batter": "KD Clarke",
              "bowler": "MJ Henry",
              "non_striker": "BJ Pomare",
              "runs": {
                "batter": 0,
                "extras": 0,
                "total": 0
              },
              "wickets": [
                {
                  "player_out": "KD Clarke",
                  "fielders": [
                    {
                      "name": "DJ Mitchell"
                    }
                  ],
                  "kind": "caught"
                }
              ]
            },
            {
              "batter": "FF Lellman",
              "bowler": "MJ Henry",
              "non_striker": "BJ Pomare",
              "runs": {
                "batter": 0,
                "extras": 0,
                "total": 0
              }
            },
            {
              "batter": "FF Lellman",
              "bowler": "MJ Henry",
              "non_striker": "BJ Pomare",
              "runs": {
                "batter": 0,
                "extras": 0,
                "total": 0
              }
            },
            {
              "batter": "FF Lellman",
              "bowler": "MJ Henry",
              "non_striker": "BJ Pomare",
              "runs": {
                "batter": 0,
                "extras": 0,
                "total": 0
              }
            },
            {
              "batter": "FF Lellman",
              "bowler": "MJ Henry",
              "non_striker": "BJ Pomare",
              "runs": {
                "batter": 0,
                "extras": 0,
                "total": 0
              }
            }
          ]
        },
        {
          "over": 3,
          "deliveries": [
            {
              "batter": "BJ Pomare",
              "bowler": "KA Jamieson",
              "non_striker": "FF Lellman",
              "runs": {
                "batter": 0,
                "extras": 0,
                "total": 0
              }
            },
            {
              "batter": "BJ Pomare",
              "bowler": "KA Jamieson",
              "non_striker": "FF Lellman",
              "runs": {
                "batter": 0,
                "extras": 0,
                "total": 0
              }
            },
            {
              "batter": "BJ Pomare",
              "bowler": "KA Jamieson",
              "non_striker": "FF Lellman",
              "runs": {
                "batter": 2,
                "extras": 0,
                "total": 2
              }
            },
            {
              "batter": "BJ Pomare",
              "bowler": "KA Jamieson",
              "non_striker": "FF Lellman",
              "runs": {
                "batter": 0,
                "extras": 0,
                "total": 0
              },
              "wickets": [
                {
                  "player_out": "BJ Pomare",
                  "fielders": [
                    {
                      "name": "W O'Rourke"
                    }
                  ],
                  "kind": "caught"
                }
              ]
            },
            {
              "batter": "RR O'Donnell",
              "bowler": "KA Jamieson",
              "non_striker": "FF Lellman",
              "runs": {
                "batter": 0,
                "extras": 0,
                "total": 0
              }
            },
            {
              "batter": "RR O'Donnell",
              "bowler": "KA Jamieson",
              "non_striker": "FF Lellman",
              "runs": {
                "batter": 1,
                "extras": 0,
                "total": 1
              }
            }
          ]
        },
        {
          "over": 4,
          "deliveries": [
            {
              "batter": "RR O'Donnell",
              "bowler": "MJ Henry",
              "non_striker": "FF Lellman",
              "runs": {
                "batter": 0,
                "extras": 0,
                "total": 0
              }
            },
            {
              "batter": "RR O'Donnell",
              "bowler": "MJ Henry",
              "non_striker": "FF Lellman",
              "runs": {
                "batter": 0,
                "extras": 0,
                "total": 0
              },
              "wickets": [
                {
                  "player_out": "RR O'Donnell",
                  "fielders": [
                    {
                      "name": "MWT Boyle"
                    }
                  ],
                  "kind": "caught"
                }
              ]
            },
            {
              "batter": "JA Raval",
              "bowler": "MJ Henry",
              "non_striker": "FF Lellman",
              "runs": {
                "batter": 0,
                "extras": 0,
                "total": 0
              }
            },
            {
              "batter": "JA Raval",
              "bowler": "MJ Henry",
              "non_striker": "FF Lellman",
              "runs": {
                "batter": 0,
                "extras": 0,
                "total": 0
              }
            },
            {
              "batter": "JA Raval",
              "bowler": "MJ Henry",
              "non_striker": "FF Lellman",
              "runs": {
                "batter": 0,
                "extras": 0,
                "total": 0
              }
            },
            {
              "batter": "JA Raval",
              "bowler": "MJ Henry",
              "non_striker": "FF Lellman",
              "runs": {
                "batter": 0,
                "extras": 0,
                "total": 0
              }
            }
          ]
        },
        {
          "over": 5,
          "deliveries": [
            {
              "batter": "FF Lellman",
              "bowler": "KA Jamieson",
              "non_striker": "JA Raval",
              "runs": {
                "batter": 0,
                "extras": 0,
                "total": 0
              }
            },
            {
              "batter": "FF Lellman",
              "bowler": "KA Jamieson",
              "non_striker": "JA Raval",
              "runs": {
                "batter": 0,
                "extras": 0,
                "total": 0
              }
            },
            {
              "batter": "FF Lellman",
              "bowler": "KA Jamieson",
              "non_striker": "JA Raval",
              "runs": {
                "batter": 0,
                "extras": 0,
                "total": 0
              },
              "wickets": [
                {
                  "player_out": "FF Lellman",
                  "kind": "bowled"
                }
              ]
            },
            {
              "batter": "BR Hampton",
              "bowler": "KA Jamieson",
              "non_striker": "JA Raval",
              "runs": {
                "batter": 0,
                "extras": 0,
                "total": 0
              }
            },
            {
              "batter": "BR Hampton",
              "bowler": "KA Jamieson",
              "non_striker": "JA Raval",
              "runs": {
                "batter": 1,
                "extras": 0,
                "total": 1
              }
            },
            {
              "batter": "JA Raval",
              "bowler": "KA Jamieson",
              "non_striker": "BR Hampton",
              "runs": {
                "batter": 2,
                "extras": 0,
                "total": 2
              }
            }
          ]
        },
        {
          "over": 6,
          "deliveries": [
            {
              "batter": "BR Hampton",
              "bowler": "MJ Henry",
              "non_striker": "JA Raval",
              "runs": {
                "batter": 0,
                "extras": 0,
                "total": 0
              }
            },
            {
              "batter": "BR Hampton",
              "bowler": "MJ Henry",
              "non_striker": "JA Raval",
              "runs": {
                "batter": 0,
                "extras": 0,
                "total": 0
              }
            },
            {
              "batter": "BR Hampton",
              "bowler": "MJ Henry",
              "non_striker": "JA Raval",
              "runs": {
                "batter": 0,
                "extras": 0,
                "total": 0
              }
            },
            {
              "batter": "BR Hampton",
              "bowler": "MJ Henry",
              "non_striker": "JA Raval",
              "runs": {
                "batter": 1,
                "extras": 0,
                "total": 1
              }
            },
            {
              "batter": "JA Raval",
              "bowler": "MJ Henry",
              "non_striker": "BR Hampton",
              "runs": {
                "batter": 0,
                "extras": 0,
                "total": 0
              }
            },
            {
              "batter": "JA Raval",
              "bowler": "MJ Henry",
              "non_striker": "BR Hampton",
              "runs": {
                "batter": 1,
                "extras": 0,
                "total": 1
              }
            }
          ]
        },
        {
          "over": 7,
          "deliveries": [
            {
              "batter": "JA Raval",
              "bowler": "W O'Rourke",
              "non_striker": "BR Hampton",
              "runs": {
                "batter": 1,
                "extras": 0,
                "total": 1
              }
            },
            {
              "batter": "BR Hampton",
              "bowler": "W O'Rourke",
              "non_striker": "JA Raval",
              "runs": {
                "batter": 1,
                "extras": 0,
                "total": 1
              }
            },
            {
              "batter": "JA Raval",
              "bowler": "W O'Rourke",
              "non_striker": "BR Hampton",
              "runs": {
                "batter": 2,
                "extras": 0,
                "total": 2
              }
            },
            {
              "batter": "JA Raval",
              "bowler": "W O'Rourke",
              "non_striker": "BR Hampton",
              "runs": {
                "batter": 1,
                "extras": 0,
                "total": 1
              }
            },
            {
              "batter": "BR Hampton",
              "bowler": "W O'Rourke",
              "non_striker": "JA Raval",
              "runs": {
                "batter": 0,
                "extras": 0,
                "total": 0
              }
            },
            {
              "batter": "BR Hampton",
              "bowler": "W O'Rourke",
              "non_striker": "JA Raval",
              "runs": {
                "batter": 4,
                "extras": 0,
                "total": 4
              }
            }
          ]
        },
        {
          "over": 8,
          "deliveries": [
            {
              "batter": "JA Raval",
              "bowler": "ZGF Foulkes",
              "non_striker": "BR Hampton",
              "runs": {
                "batter": 1,
                "extras": 0,
                "total": 1
              }
            },
            {
              "batter": "BR Hampton",
              "bowler": "ZGF Foulkes",
              "non_striker": "JA Raval",
              "runs": {
                "batter": 0,
                "extras": 0,
                "total": 0
              }
            },
            {
              "batter": "BR Hampton",
              "bowler": "ZGF Foulkes",
              "non_striker": "JA Raval",
              "runs": {
                "batter": 4,
                "extras": 0,
                "total": 4
              }
            },
            {
              "batter": "BR Hampton",
              "bowler": "ZGF Foulkes",
              "non_striker": "JA Raval",
              "runs": {
                "batter": 1,
                "extras": 0,
                "total": 1
              }
            },
            {
              "batter": "JA Raval",
              "bowler": "ZGF Foulkes",
              "non_striker": "BR Hampton",
              "runs": {
                "batter": 1,
                "extras": 0,
                "total": 1
              }
            },
            {
              "batter": "BR Hampton",
              "bowler": "ZGF Foulkes",
              "non_striker": "JA Raval",
              "runs": {
                "batter": 2,
                "extras": 0,
                "total": 2
              }
            }
          ]
        },
        {
          "over": 9,
          "deliveries": [
            {
              "batter": "JA Raval",
              "bowler": "W O'Rourke",
              "non_striker": "BR Hampton",
              "runs": {
                "batter": 0,
                "extras": 0,
                "total": 0
              }
            },
            {
              "batter": "JA Raval",
              "bowler": "W O'Rourke",
              "non_striker": "BR Hampton",
              "runs": {
                "batter": 1,
                "extras": 0,
                "total": 1
              }
            },
            {
              "batter": "BR Hampton",
              "bowler": "W O'Rourke",
              "non_striker": "JA Raval",
              "runs": {
                "batter": 1,
                "extras": 0,
                "total": 1
              }
            },
            {
              "batter": "JA Raval",
              "bowler": "W O'Rourke",
              "non_striker": "BR Hampton",
              "runs": {
                "batter": 2,
                "extras": 0,
                "total": 2
              }
            },
            {
              "batter": "JA Raval",
              "bowler": "W O'Rourke",
              "non_striker": "BR Hampton",
              "runs": {
                "batter": 0,
                "extras": 0,
                "total": 0
              }
            },
            {
              "batter": "JA Raval",
              "bowler": "W O'Rourke",
              "non_striker": "BR Hampton",
              "runs": {
                "batter": 1,
                "extras": 0,
                "total": 1
              }
            }
          ]
        },
        {
          "over": 10,
          "deliveries": [
            {
              "batter": "JA Raval",
              "bowler": "IS Sodhi",
              "non_striker": "BR Hampton",
              "runs": {
                "batter": 4,
                "extras": 0,
                "total": 4
              }
            },
            {
              "batter": "JA Raval",
              "bowler": "IS Sodhi",
              "non_striker": "BR Hampton",
              "runs": {
                "batter": 4,
                "extras": 0,
                "total": 4
              }
            },
            {
              "batter": "JA Raval",
              "bowler": "IS Sodhi",
              "non_striker": "BR Hampton",
              "runs": {
                "batter": 0,
                "extras": 0,
                "total": 0
              }
            },
            {
              "batter": "JA Raval",
              "bowler": "IS Sodhi",
              "non_striker": "BR Hampton",
              "runs": {
                "batter": 0,
                "extras": 0,
                "total": 0
              }
            },
            {
              "batter": "JA Raval",
              "bowler": "IS Sodhi",
              "non_striker": "BR Hampton",
              "runs": {
                "batter": 4,
                "extras": 0,
                "total": 4
              }
            },
            {
              "batter": "JA Raval",
              "bowler": "IS Sodhi",
              "non_striker": "BR Hampton",
              "runs": {
                "batter": 1,
                "extras": 0,
                "total": 1
              }
            }
          ]
        },
        {
          "over": 11,
          "deliveries": [
            {
              "batter": "JA Raval",
              "bowler": "HB Shipley",
              "non_striker": "BR Hampton",
              "runs": {
                "batter": 4,
                "extras": 0,
                "total": 4
              }
            },
            {
              "batter": "JA Raval",
              "bowler": "HB Shipley",
              "non_striker": "BR Hampton",
              "runs": {
                "batter": 0,
                "extras": 0,
                "total": 0
              }
            },
            {
              "batter": "JA Raval",
              "bowler": "HB Shipley",
              "non_striker": "BR Hampton",
              "runs": {
                "batter": 1,
                "extras": 0,
                "total": 1
              }
            },
            {
              "batter": "BR Hampton",
              "bowler": "HB Shipley",
              "non_striker": "JA Raval",
              "runs": {
                "batter": 4,
                "extras": 0,
                "total": 4
              }
            },
            {
              "batter": "BR Hampton",
              "bowler": "HB Shipley",
              "non_striker": "JA Raval",
              "runs": {
                "batter": 0,
                "extras": 0,
                "total": 0
              },
              "wickets": [
                {
                  "player_out": "BR Hampton",
                  "kind": "bowled"
                }
              ]
            },
            {
              "batter": "KDC Clarke",
              "bowler": "HB Shipley",
              "non_striker": "JA Raval",
              "runs": {
                "batter": 0,
                "extras": 0,
                "total": 0
              },
              "wickets": [
                {
                  "player_out": "KDC Clarke",
                  "fielders": [
                    {
                      "name": "MJ Hay"
                    }
                  ],
                  "kind": "caught"
                }
              ]
            }
          ]
        },
        {
          "over": 12,
          "deliveries": [
            {
              "batter": "JA Raval",
              "bowler": "ZGF Foulkes",
              "extras": {
                "wides": 1
              },
              "non_striker": "N Wagner",
              "runs": {
                "batter": 0,
                "extras": 1,
                "total": 1
              }
            },
            {
              "batter": "JA Raval",
              "bowler": "ZGF Foulkes",
              "non_striker": "N Wagner",
              "runs": {
                "batter": 1,
                "extras": 0,
                "total": 1
              }
            },
            {
              "batter": "N Wagner",
              "bowler": "ZGF Foulkes",
              "non_striker": "JA Raval",
              "runs": {
                "batter": 1,
                "extras": 0,
                "total": 1
              }
            },
            {
              "batter": "JA Raval",
              "bowler": "ZGF Foulkes",
              "non_striker": "N Wagner",
              "runs": {
                "batter": 1,
                "extras": 0,
                "total": 1
              }
            },
            {
              "batter": "N Wagner",
              "bowler": "ZGF Foulkes",
              "non_striker": "JA Raval",
              "runs": {
                "batter": 0,
                "extras": 0,
                "total": 0
              }
            },
            {
              "batter": "N Wagner",
              "bowler": "ZGF Foulkes",
              "non_striker": "JA Raval",
              "runs": {
                "batter": 1,
                "extras": 0,
                "total": 1
              }
            },
            {
              "batter": "JA Raval",
              "bowler": "ZGF Foulkes",
              "non_striker": "N Wagner",
              "runs": {
                "batter": 1,
                "extras": 0,
                "total": 1
              }
            }
          ]
        },
        {
          "over": 13,
          "deliveries": [
            {
              "batter": "JA Raval",
              "bowler": "HB Shipley",
              "non_striker": "N Wagner",
              "runs": {
                "batter": 1,
                "extras": 0,
                "total": 1
              }
            },
            {
              "batter": "N Wagner",
              "bowler": "HB Shipley",
              "non_striker": "JA Raval",
              "runs": {
                "batter": 0,
                "extras": 0,
                "total": 0
              }
            },
            {
              "batter": "N Wagner",
              "bowler": "HB Shipley",
              "non_striker": "JA Raval",
              "runs": {
                "batter": 1,
                "extras": 0,
                "total": 1
              }
            },
            {
              "batter": "JA Raval",
              "bowler": "HB Shipley",
              "non_striker": "N Wagner",
              "runs": {
                "batter": 1,
                "extras": 0,
                "total": 1
              }
            },
            {
              "batter": "N Wagner",
              "bowler": "HB Shipley",
              "non_striker": "JA Raval",
              "runs": {
                "batter": 1,
                "extras": 0,
                "total": 1
              }
            },
            {
              "batter": "JA Raval",
              "bowler": "HB Shipley",
              "non_striker": "N Wagner",
              "runs": {
                "batter": 1,
                "extras": 0,
                "total": 1
              }
            }
          ]
        },
        {
          "over": 14,
          "deliveries": [
            {
              "batter": "JA Raval",
              "bowler": "KA Jamieson",
              "non_striker": "N Wagner",
              "runs": {
                "batter": 1,
                "extras": 0,
                "total": 1
              }
            },
            {
              "batter": "N Wagner",
              "bowler": "KA Jamieson",
              "non_striker": "JA Raval",
              "runs": {
                "batter": 0,
                "extras": 0,
                "total": 0
              }
            },
            {
              "batter": "N Wagner",
              "bowler": "KA Jamieson",
              "non_striker": "JA Raval",
              "runs": {
                "batter": 0,
                "extras": 0,
                "total": 0
              }
            },
            {
              "batter": "N Wagner",
              "bowler": "KA Jamieson",
              "non_striker": "JA Raval",
              "runs": {
                "batter": 0,
                "extras": 0,
                "total": 0
              }
            },
            {
              "batter": "N Wagner",
              "bowler": "KA Jamieson",
              "non_striker": "JA Raval",
              "runs": {
                "batter": 4,
                "extras": 0,
                "total": 4
              }
            },
            {
              "batter": "N Wagner",
              "bowler": "KA Jamieson",
              "non_striker": "JA Raval",
              "runs": {
                "batter": 4,
                "extras": 0,
                "total": 4
              }
            }
          ]
        },
        {
          "over": 15,
          "deliveries": [
            {
              "batter": "JA Raval",
              "bowler": "W O'Rourke",
              "non_striker": "N Wagner",
              "runs": {
                "batter": 1,
                "extras": 0,
                "total": 1
              }
            },
            {
              "batter": "N Wagner",
              "bowler": "W O'Rourke",
              "non_striker": "JA Raval",
              "runs": {
                "batter": 0,
                "extras": 0,
                "total": 0
              }
            },
            {
              "batter": "N Wagner",
              "bowler": "W O'Rourke",
              "non_striker": "JA Raval",
              "runs": {
                "batter": 6,
                "extras": 0,
                "total": 6
              }
            },
            {
              "batter": "N Wagner",
              "bowler": "W O'Rourke",
              "non_striker": "JA Raval",
              "runs": {
                "batter": 0,
                "extras": 0,
                "total": 0
              },
              "wickets": [
                {
                  "player_out": "N Wagner",
                  "fielders": [
                    {
                      "name": "MJ Hay"
                    }
                  ],
                  "kind": "caught"
                }
              ]
            },
            {
              "batter": "FL Walker",
              "bowler": "W O'Rourke",
              "non_striker": "JA Raval",
              "runs": {
                "batter": 0,
                "extras": 0,
                "total": 0
              }
            },
            {
              "batter": "FL Walker",
              "bowler": "W O'Rourke",
              "non_striker": "JA Raval",
              "runs": {
                "batter": 1,
                "extras": 0,
                "total": 1
              }
            }
          ]
        },
        {
          "over": 16,
          "deliveries": [
            {
              "batter": "FL Walker",
              "bowler": "ZGF Foulkes",
              "non_striker": "JA Raval",
              "runs": {
                "batter": 0,
                "extras": 0,
                "total": 0
              }
            },
            {
              "batter": "FL Walker",
              "bowler": "ZGF Foulkes",
              "non_striker": "JA Raval",
              "runs": {
                "batter": 1,
                "extras": 0,
                "total": 1
              }
            },
            {
              "batter": "JA Raval",
              "bowler": "ZGF Foulkes",
              "non_striker": "FL Walker",
              "runs": {
                "batter": 1,
                "extras": 0,
                "total": 1
              }
            },
            {
              "batter": "FL Walker",
              "bowler": "ZGF Foulkes",
              "non_striker": "JA Raval",
              "runs": {
                "batter": 0,
                "extras": 0,
                "total": 0
              }
            },
            {
              "batter": "FL Walker",
              "bowler": "ZGF Foulkes",
              "non_striker": "JA Raval",
              "runs": {
                "batter": 0,
                "extras": 0,
                "total": 0
              }
            },
            {
              "batter": "FL Walker",
              "bowler": "ZGF Foulkes",
              "non_striker": "JA Raval",
              "runs": {
                "batter": 0,
                "extras": 0,
                "total": 0
              }
            }
          ]
        },
        {
          "over": 17,
          "deliveries": [
            {
              "batter": "JA Raval",
              "bowler": "W O'Rourke",
              "extras": {
                "legbyes": 1
              },
              "non_striker": "FL Walker",
              "runs": {
                "batter": 0,
                "extras": 1,
                "total": 1
              }
            },
            {
              "batter": "FL Walker",
              "bowler": "W O'Rourke",
              "non_striker": "JA Raval",
              "runs": {
                "batter": 1,
                "extras": 0,
                "total": 1
              }
            },
            {
              "batter": "JA Raval",
              "bowler": "W O'Rourke",
              "non_striker": "FL Walker",
              "runs": {
                "batter": 4,
                "extras": 0,
                "total": 4
              }
            },
            {
              "batter": "JA Raval",
              "bowler": "W O'Rourke",
              "non_striker": "FL Walker",
              "runs": {
                "batter": 1,
                "extras": 0,
                "total": 1
              }
            },
            {
              "batter": "FL Walker",
              "bowler": "W O'Rourke",
              "non_striker": "JA Raval",
              "runs": {
                "batter": 4,
                "extras": 0,
                "total": 4
              }
            },
            {
              "batter": "FL Walker",
              "bowler": "W O'Rourke",
              "non_striker": "JA Raval",
              "runs": {
                "batter": 0,
                "extras": 0,
                "total": 0
              }
            }
          ]
        },
        {
          "over": 18,
          "deliveries": [
            {
              "batter": "JA Raval",
              "bowler": "HB Shipley",
              "non_striker": "FL Walker",
              "runs": {
                "batter": 0,
                "extras": 0,
                "total": 0
              },
              "wickets": [
                {
                  "player_out": "JA Raval",
                  "fielders": [
                    {
                      "name": "CJ Bowes"
                    }
                  ],
                  "kind": "caught"
                }
              ]
            },
            {
              "batter": "MJ Fisher",
              "bowler": "HB Shipley",
              "non_striker": "FL Walker",
              "runs": {
                "batter": 1,
                "extras": 0,
                "total": 1
              }
            },
            {
              "batter": "FL Walker",
              "bowler": "HB Shipley",
              "non_striker": "MJ Fisher",
              "runs": {
                "batter": 1,
                "extras": 0,
                "total": 1
              }
            },
            {
              "batter": "MJ Fisher",
              "bowler": "HB Shipley",
              "non_striker": "FL Walker",
              "runs": {
                "batter": 0,
                "extras": 0,
                "total": 0
              }
            },
            {
              "batter": "MJ Fisher",
              "bowler": "HB Shipley",
              "non_striker": "FL Walker",
              "runs": {
                "batter": 0,
                "extras": 0,
                "total": 0
              }
            },
            {
              "batter": "MJ Fisher",
              "bowler": "HB Shipley",
              "non_striker": "FL Walker",
              "runs": {
                "batter": 1,
                "extras": 0,
                "total": 1
              }
            }
          ]
        },
        {
          "over": 19,
          "deliveries": [
            {
              "batter": "MJ Fisher",
              "bowler": "ZGF Foulkes",
              "non_striker": "FL Walker",
              "runs": {
                "batter": 1,
                "extras": 0,
                "total": 1
              }
            },
            {
              "batter": "FL Walker",
              "bowler": "ZGF Foulkes",
              "non_striker": "MJ Fisher",
              "runs": {
                "batter": 0,
                "extras": 0,
                "total": 0
              }
            },
            {
              "batter": "FL Walker",
              "bowler": "ZGF Foulkes",
              "non_striker": "MJ Fisher",
              "runs": {
                "batter": 0,
                "extras": 0,
                "total": 0
              }
            },
            {
              "batter": "FL Walker",
              "bowler": "ZGF Foulkes",
              "non_striker": "MJ Fisher",
              "runs": {
                "batter": 6,
                "extras": 0,
                "total": 6
              }
            },
            {
              "batter": "FL Walker",
              "bowler": "ZGF Foulkes",
              "non_striker": "MJ Fisher",
              "runs": {
                "batter": 0,
                "extras": 0,
                "total": 0
              }
            },
            {
              "batter": "FL Walker",
              "bowler": "ZGF Foulkes",
              "non_striker": "MJ Fisher",
              "runs": {
                "batter": 2,
                "extras": 0,
                "total": 2
              }
            }
          ]
        }
      ],
      "powerplays": [
        {
          "from": 0.1,
          "to": 5.6,
          "type": "mandatory"
        }
      ]
    },
    {
      "team": "Canterbury",
      "overs": [
        {
          "over": 0,
          "deliveries": [
            {
              "batter": "CJ Bowes",
              "bowler": "KDC Clarke",
              "non_striker": "MJ Hay",
              "runs": {
                "batter": 0,
                "extras": 0,
                "total": 0
              }
            },
            {
              "batter": "CJ Bowes",
              "bowler": "KDC Clarke",
              "non_striker": "MJ Hay",
              "runs": {
                "batter": 0,
                "extras": 0,
                "total": 0
              }
            },
            {
              "batter": "CJ Bowes",
              "bowler": "KDC Clarke",
              "non_striker": "MJ Hay",
              "runs": {
                "batter": 0,
                "extras": 0,
                "total": 0
              }
            },
            {
              "batter": "CJ Bowes",
              "bowler": "KDC Clarke",
              "non_striker": "MJ Hay",
              "runs": {
                "batter": 1,
                "extras": 0,
                "total": 1
              }
            },
            {
              "batter": "MJ Hay",
              "bowler": "KDC Clarke",
              "non_striker": "CJ Bowes",
              "runs": {
                "batter": 0,
                "extras": 0,
                "total": 0
              }
            },
            {
              "batter": "MJ Hay",
              "bowler": "KDC Clarke",
              "non_striker": "CJ Bowes",
              "runs": {
                "batter": 0,
                "extras": 0,
                "total": 0
              },
              "wickets": [
                {
                  "player_out": "MJ Hay",
                  "fielders": [
                    {
                      "name": "FF Lellman"
                    }
                  ],
                  "kind": "caught"
                }
              ]
            }
          ]
        },
        {
          "over": 1,
          "deliveries": [
            {
              "batter": "CJ Bowes",
              "bowler": "MJ Fisher",
              "non_striker": "MWT Boyle",
              "runs": {
                "batter": 0,
                "extras": 0,
                "total": 0
              }
            },
            {
              "batter": "CJ Bowes",
              "bowler": "MJ Fisher",
              "non_striker": "MWT Boyle",
              "runs": {
                "batter": 2,
                "extras": 0,
                "total": 2
              }
            },
            {
              "batter": "CJ Bowes",
              "bowler": "MJ Fisher",
              "non_striker": "MWT Boyle",
              "runs": {
                "batter": 0,
                "extras": 0,
                "total": 0
              }
            },
            {
              "batter": "CJ Bowes",
              "bowler": "MJ Fisher",
              "non_striker": "MWT Boyle",
              "runs": {
                "batter": 2,
                "extras": 0,
                "total": 2
              }
            },
            {
              "batter": "CJ Bowes",
              "bowler": "MJ Fisher",
              "non_striker": "MWT Boyle",
              "runs": {
                "batter": 4,
                "extras": 0,
                "total": 4
              }
            },
            {
              "batter": "CJ Bowes",
              "bowler": "MJ Fisher",
              "non_striker": "MWT Boyle",
              "runs": {
                "batter": 1,
                "extras": 0,
                "total": 1
              }
            }
          ]
        },
        {
          "over": 2,
          "deliveries": [
            {
              "batter": "CJ Bowes",
              "bowler": "KDC Clarke",
              "non_striker": "MWT Boyle",
              "runs": {
                "batter": 1,
                "extras": 0,
                "total": 1
              }
            },
            {
              "batter": "MWT Boyle",
              "bowler": "KDC Clarke",
              "non_striker": "CJ Bowes",
              "runs": {
                "batter": 1,
                "extras": 0,
                "total": 1
              }
            },
            {
              "batter": "CJ Bowes",
              "bowler": "KDC Clarke",
              "non_striker": "MWT Boyle",
              "runs": {
                "batter": 0,
                "extras": 0,
                "total": 0
              }
            },
            {
              "batter": "CJ Bowes",
              "bowler": "KDC Clarke",
              "non_striker": "MWT Boyle",
              "runs": {
                "batter": 2,
                "extras": 0,
                "total": 2
              }
            },
            {
              "batter": "CJ Bowes",
              "bowler": "KDC Clarke",
              "non_striker": "MWT Boyle",
              "runs": {
                "batter": 2,
                "extras": 0,
                "total": 2
              }
            },
            {
              "batter": "CJ Bowes",
              "bowler": "KDC Clarke",
              "non_striker": "MWT Boyle",
              "runs": {
                "batter": 0,
                "extras": 0,
                "total": 0
              }
            }
          ]
        },
        {
          "over": 3,
          "deliveries": [
            {
              "batter": "MWT Boyle",
              "bowler": "BR Hampton",
              "non_striker": "CJ Bowes",
              "runs": {
                "batter": 4,
                "extras": 0,
                "total": 4
              }
            },
            {
              "batter": "MWT Boyle",
              "bowler": "BR Hampton",
              "non_striker": "CJ Bowes",
              "runs": {
                "batter": 0,
                "extras": 0,
                "total": 0
              }
            },
            {
              "batter": "MWT Boyle",
              "bowler": "BR Hampton",
              "non_striker": "CJ Bowes",
              "runs": {
                "batter": 0,
                "extras": 0,
                "total": 0
              }
            },
            {
              "batter": "MWT Boyle",
              "bowler": "BR Hampton",
              "non_striker": "CJ Bowes",
              "runs": {
                "batter": 0,
                "extras": 0,
                "total": 0
              }
            },
            {
              "batter": "MWT Boyle",
              "bowler": "BR Hampton",
              "non_striker": "CJ Bowes",
              "runs": {
                "batter": 0,
                "extras": 0,
                "total": 0
              }
            },
            {
              "batter": "MWT Boyle",
              "bowler": "BR Hampton",
              "non_striker": "CJ Bowes",
              "runs": {
                "batter": 1,
                "extras": 0,
                "total": 1
              }
            }
          ]
        },
        {
          "over": 4,
          "deliveries": [
            {
              "batter": "MWT Boyle",
              "bowler": "KDC Clarke",
              "non_striker": "CJ Bowes",
              "runs": {
                "batter": 4,
                "extras": 0,
                "total": 4
              }
            },
            {
              "batter": "MWT Boyle",
              "bowler": "KDC Clarke",
              "non_striker": "CJ Bowes",
              "runs": {
                "batter": 4,
                "extras": 0,
                "total": 4
              }
            },
            {
              "batter": "MWT Boyle",
              "bowler": "KDC Clarke",
              "non_striker": "CJ Bowes",
              "runs": {
                "batter": 2,
                "extras": 0,
                "total": 2
              }
            },
            {
              "batter": "MWT Boyle",
              "bowler": "KDC Clarke",
              "non_striker": "CJ Bowes",
              "runs": {
                "batter": 4,
                "extras": 0,
                "total": 4
              }
            },
            {
              "batter": "MWT Boyle",
              "bowler": "KDC Clarke",
              "non_striker": "CJ Bowes",
              "runs": {
                "batter": 1,
                "extras": 0,
                "total": 1
              }
            },
            {
              "batter": "CJ Bowes",
              "bowler": "KDC Clarke",
              "extras": {
                "wides": 1
              },
              "non_striker": "MWT Boyle",
              "runs": {
                "batter": 0,
                "extras": 1,
                "total": 1
              }
            },
            {
              "batter": "CJ Bowes",
              "bowler": "KDC Clarke",
              "non_striker": "MWT Boyle",
              "runs": {
                "batter": 0,
                "extras": 0,
                "total": 0
              }
            }
          ]
        },
        {
          "over": 5,
          "deliveries": [
            {
              "batter": "MWT Boyle",
              "bowler": "MJ Fisher",
              "non_striker": "CJ Bowes",
              "runs": {
                "batter": 1,
                "extras": 0,
                "total": 1
              }
            },
            {
              "batter": "CJ Bowes",
              "bowler": "MJ Fisher",
              "non_striker": "MWT Boyle",
              "runs": {
                "batter": 1,
                "extras": 0,
                "total": 1
              }
            },
            {
              "batter": "MWT Boyle",
              "bowler": "MJ Fisher",
              "non_striker": "CJ Bowes",
              "runs": {
                "batter": 0,
                "extras": 0,
                "total": 0
              }
            },
            {
              "batter": "MWT Boyle",
              "bowler": "MJ Fisher",
              "non_striker": "CJ Bowes",
              "runs": {
                "batter": 4,
                "extras": 0,
                "total": 4
              }
            },
            {
              "batter": "MWT Boyle",
              "bowler": "MJ Fisher",
              "extras": {
                "noballs": 1
              },
              "non_striker": "CJ Bowes",
              "runs": {
                "batter": 0,
                "extras": 1,
                "total": 1
              }
            },
            {
              "batter": "MWT Boyle",
              "bowler": "MJ Fisher",
              "non_striker": "CJ Bowes",
              "runs": {
                "batter": 0,
                "extras": 0,
                "total": 0
              }
            },
            {
              "batter": "MWT Boyle",
              "bowler": "MJ Fisher",
              "non_striker": "CJ Bowes",
              "runs": {
                "batter": 6,
                "extras": 0,
                "total": 6
              }
            }
          ]
        },
        {
          "over": 6,
          "deliveries": [
            {
              "batter": "CJ Bowes",
              "bowler": "N Wagner",
              "non_striker": "MWT Boyle",
              "runs": {
                "batter": 1,
                "extras": 0,
                "total": 1
              }
            },
            {
              "batter": "MWT Boyle",
              "bowler": "N Wagner",
              "non_striker": "CJ Bowes",
              "runs": {
                "batter": 0,
                "extras": 0,
                "total": 0
              }
            },
            {
              "batter": "MWT Boyle",
              "bowler": "N Wagner",
              "non_striker": "CJ Bowes",
              "runs": {
                "batter": 6,
                "extras": 0,
                "total": 6
              }
            },
            {
              "batter": "MWT Boyle",
              "bowler": "N Wagner",
              "non_striker": "CJ Bowes",
              "runs": {
                "batter": 4,
                "extras": 0,
                "total": 4
              }
            },
            {
              "batter": "MWT Boyle",
              "bowler": "N Wagner",
              "non_striker": "CJ Bowes",
              "runs": {
                "batter": 1,
                "extras": 0,
                "total": 1
              }
            },
            {
              "batter": "CJ Bowes",
              "bowler": "N Wagner",
              "non_striker": "MWT Boyle",
              "runs": {
                "batter": 1,
                "extras": 0,
                "total": 1
              }
            }
          ]
        },
        {
          "over": 7,
          "deliveries": [
            {
              "batter": "CJ Bowes",
              "bowler": "FF Lellman",
              "extras": {
                "legbyes": 1
              },
              "non_striker": "MWT Boyle",
              "runs": {
                "batter": 0,
                "extras": 1,
                "total": 1
              }
            },
            {
              "batter": "MWT Boyle",
              "bowler": "FF Lellman",
              "non_striker": "CJ Bowes",
              "runs": {
                "batter": 4,
                "extras": 0,
                "total": 4
              }
            },
            {
              "batter": "MWT Boyle",
              "bowler": "FF Lellman",
              "non_striker": "CJ Bowes",
              "runs": {
                "batter": 1,
                "extras": 0,
                "total": 1
              }
            },
            {
              "batter": "CJ Bowes",
              "bowler": "FF Lellman",
              "non_striker": "MWT Boyle",
              "runs": {
                "batter": 0,
                "extras": 0,
                "total": 0
              }
            },
            {
              "batter": "CJ Bowes",
              "bowler": "FF Lellman",
              "non_striker": "MWT Boyle",
              "runs": {
                "batter": 1,
                "extras": 0,
                "total": 1
              }
            },
            {
              "batter": "MWT Boyle",
              "bowler": "FF Lellman",
              "non_striker": "CJ Bowes",
              "runs": {
                "batter": 0,
                "extras": 0,
                "total": 0
              },
              "wickets": [
                {
                  "player_out": "MWT Boyle",
                  "fielders": [
                    {
                      "name": "BJ Pomare"
                    }
                  ],
                  "kind": "caught"
                }
              ]
            }
          ]
        },
        {
          "over": 8,
          "deliveries": [
            {
              "batter": "CJ Bowes",
              "bowler": "MJ Fisher",
              "non_striker": "DJ Mitchell",
              "runs": {
                "batter": 0,
                "extras": 0,
                "total": 0
              }
            },
            {
              "batter": "CJ Bowes",
              "bowler": "MJ Fisher",
              "non_striker": "DJ Mitchell",
              "runs": {
                "batter": 0,
                "extras": 0,
                "total": 0
              }
            },
            {
              "batter": "CJ Bowes",
              "bowler": "MJ Fisher",
              "non_striker": "DJ Mitchell",
              "runs": {
                "batter": 1,
                "extras": 0,
                "total": 1
              }
            },
            {
              "batter": "DJ Mitchell",
              "bowler": "MJ Fisher",
              "non_striker": "CJ Bowes",
              "runs": {
                "batter": 0,
                "extras": 0,
                "total": 0
              }
            },
            {
              "batter": "DJ Mitchell",
              "bowler": "MJ Fisher",
              "non_striker": "CJ Bowes",
              "runs": {
                "batter": 0,
                "extras": 0,
                "total": 0
              }
            },
            {
              "batter": "DJ Mitchell",
              "bowler": "MJ Fisher",
              "non_striker": "CJ Bowes",
              "runs": {
                "batter": 0,
                "extras": 0,
                "total": 0
              }
            }
          ]
        },
        {
          "over": 9,
          "deliveries": [
            {
              "batter": "CJ Bowes",
              "bowler": "N Wagner",
              "non_striker": "DJ Mitchell",
              "runs": {
                "batter": 2,
                "extras": 0,
                "total": 2
              }
            },
            {
              "batter": "CJ Bowes",
              "bowler": "N Wagner",
              "non_striker": "DJ Mitchell",
              "runs": {
                "batter": 1,
                "extras": 0,
                "total": 1
              }
            },
            {
              "batter": "DJ Mitchell",
              "bowler": "N Wagner",
              "non_striker": "CJ Bowes",
              "runs": {
                "batter": 4,
                "extras": 0,
                "total": 4
              }
            },
            {
              "batter": "DJ Mitchell",
              "bowler": "N Wagner",
              "non_striker": "CJ Bowes",
              "runs": {
                "batter": 1,
                "extras": 0,
                "total": 1
              }
            },
            {
              "batter": "CJ Bowes",
              "bowler": "N Wagner",
              "non_striker": "DJ Mitchell",
              "runs": {
                "batter": 4,
                "extras": 0,
                "total": 4
              }
            },
            {
              "batter": "CJ Bowes",
              "bowler": "N Wagner",
              "non_striker": "DJ Mitchell",
              "runs": {
                "batter": 0,
                "extras": 0,
                "total": 0
              }
            }
          ]
        },
        {
          "over": 10,
          "deliveries": [
            {
              "batter": "DJ Mitchell",
              "bowler": "MJ Fisher",
              "non_striker": "CJ Bowes",
              "runs": {
                "batter": 0,
                "extras": 0,
                "total": 0
              }
            },
            {
              "batter": "DJ Mitchell",
              "bowler": "MJ Fisher",
              "non_striker": "CJ Bowes",
              "runs": {
                "batter": 4,
                "extras": 0,
                "total": 4
              }
            },
            {
              "batter": "DJ Mitchell",
              "bowler": "MJ Fisher",
              "non_striker": "CJ Bowes",
              "runs": {
                "batter": 0,
                "extras": 0,
                "total": 0
              }
            },
            {
              "batter": "DJ Mitchell",
              "bowler": "MJ Fisher",
              "non_striker": "CJ Bowes",
              "runs": {
                "batter": 0,
                "extras": 0,
                "total": 0
              }
            },
            {
              "batter": "DJ Mitchell",
              "bowler": "MJ Fisher",
              "non_striker": "CJ Bowes",
              "runs": {
                "batter": 4,
                "extras": 0,
                "total": 4
              }
            },
            {
              "batter": "DJ Mitchell",
              "bowler": "MJ Fisher",
              "non_striker": "CJ Bowes",
              "runs": {
                "batter": 6,
                "extras": 0,
                "total": 6
              }
            }
          ]
        },
        {
          "over": 11,
          "deliveries": [
            {
              "batter": "CJ Bowes",
              "bowler": "FF Lellman",
              "extras": {
                "wides": 1
              },
              "non_striker": "DJ Mitchell",
              "runs": {
                "batter": 0,
                "extras": 1,
                "total": 1
              }
            },
            {
              "batter": "CJ Bowes",
              "bowler": "FF Lellman",
              "non_striker": "DJ Mitchell",
              "runs": {
                "batter": 0,
                "extras": 0,
                "total": 0
              }
            },
            {
              "batter": "CJ Bowes",
              "bowler": "FF Lellman",
              "non_striker": "DJ Mitchell",
              "runs": {
                "batter": 1,
                "extras": 0,
                "total": 1
              }
            },
            {
              "batter": "DJ Mitchell",
              "bowler": "FF Lellman",
              "non_striker": "CJ Bowes",
              "runs": {
                "batter": 1,
                "extras": 0,
                "total": 1
              }
            },
            {
              "batter": "CJ Bowes",
              "bowler": "FF Lellman",
              "non_striker": "DJ Mitchell",
              "runs": {
                "batter": 1,
                "extras": 0,
                "total": 1
              }
            },
            {
              "batter": "DJ Mitchell",
              "bowler": "FF Lellman",
              "extras": {
                "wides": 1
              },
              "non_striker": "CJ Bowes",
              "runs": {
                "batter": 0,
                "extras": 1,
                "total": 1
              }
            },
            {
              "batter": "DJ Mitchell",
              "bowler": "FF Lellman",
              "non_striker": "CJ Bowes",
              "runs": {
                "batter": 0,
                "extras": 0,
                "total": 0
              },
              "wickets": [
                {
                  "player_out": "DJ Mitchell",
                  "fielders": [
                    {
                      "name": "KD Clarke"
                    }
                  ],
                  "kind": "caught"
                }
              ]
            },
            {
              "batter": "CE McConchie",
              "bowler": "FF Lellman",
              "non_striker": "CJ Bowes",
              "runs": {
                "batter": 0,
                "extras": 0,
                "total": 0
              }
            }
          ]
        },
        {
          "over": 12,
          "deliveries": [
            {
              "batter": "CJ Bowes",
              "bowler": "N Wagner",
              "non_striker": "CE McConchie",
              "runs": {
                "batter": 1,
                "extras": 0,
                "total": 1
              }
            },
            {
              "batter": "CE McConchie",
              "bowler": "N Wagner",
              "non_striker": "CJ Bowes",
              "runs": {
                "batter": 3,
                "extras": 0,
                "total": 3
              }
            },
            {
              "batter": "CJ Bowes",
              "bowler": "N Wagner",
              "non_striker": "CE McConchie",
              "runs": {
                "batter": 1,
                "extras": 0,
                "total": 1
              }
            },
            {
              "batter": "CE McConchie",
              "bowler": "N Wagner",
              "non_striker": "CJ Bowes",
              "runs": {
                "batter": 0,
                "extras": 0,
                "total": 0
              }
            },
            {
              "batter": "CE McConchie",
              "bowler": "N Wagner",
              "non_striker": "CJ Bowes",
              "runs": {
                "batter": 0,
                "extras": 0,
                "total": 0
              }
            },
            {
              "batter": "CE McConchie",
              "bowler": "N Wagner",
              "non_striker": "CJ Bowes",
              "runs": {
                "batter": 2,
                "extras": 0,
                "total": 2
              }
            }
          ]
        },
        {
          "over": 13,
          "deliveries": [
            {
              "batter": "CJ Bowes",
              "bowler": "FF Lellman",
              "non_striker": "CE McConchie",
              "runs": {
                "batter": 2,
                "extras": 0,
                "total": 2
              }
            }
          ]
        }
      ],
      "powerplays": [
        {
          "from": 0.1,
          "to": 5.7,
          "type": "mandatory"
        }
      ],
      "target": {
        "overs": 20,
        "runs": 111
      }
    }
  ]
}