{
  "meta": {
    "data_version": "1.1.0",
    "created": "2025-01-05",
    "revision": 1
  },
  "info": {
    "balls_per_over": 6,
    "city": "Auckland",
    "dates": [
      "2025-01-03"
    ],
    "event": {
      "name": "Super Smash",
      "match_number": 6
    },
    "gender": "male",
    "match_type": "T20",
    "missing": [
      "player_of_match"
    ],
    "officials": {
      "match_referees": [
        "SRM Morris"
      ],
      "reserve_umpires": [
        "T Semmens"
      ],
      "tv_umpires": [
        "BF Bowden"
      ],
      "umpires": [
        "A Stanley",
        "KS Jagannathan"
      ]
    },
    "outcome": {
      "winner": "Auckland",
      "by": {
        "runs": 13
      }
    },
    "overs": 20,
    "players": {
      "Auckland": [
        "MJ Guptill",
        "WT O'Donnell",
        "M Sclanders",
        "SM Solia",
        "BJ Jacobs",
        "CD Fletcher",
        "J McKenzie",
        "S Dixit",
        "A Ashok",
        "DK Ferns",
        "BG Lister"
      ],
      "Canterbury": [
        "CJ Bowes",
        "TWM Latham",
        "CE McConchie",
        "HJ Chamberlain",
        "MWT Boyle",
        "MJG Rippon",
        "HB Shipley",
        "KA Jamieson",
        "IS Sodhi",
        "AW McKenzie",
        "W O'Rourke"
      ]
    },
    "registry": {
      "people": {
        "A Ashok": "321be7e3",
        "A Stanley": "5a72b592",
        "AW McKenzie": "b53136ce",
        "BF Bowden": "efc0a862",
        "BG Lister": "79f5bc26",
        "BJ Jacobs": "972f217b",
        "CD Fletcher": "4af9f5d4",
        "CE McConchie": "d285acaf",
        "CJ Bowes": "45df0e72",
        "DK Ferns": "f28c7456",
        "HB Shipley": "5426de63",
        "HJ Chamberlain": "1d7c927b",
        "IS Sodhi": "641ac5ff",
        "J McKenzie": "a1ad8978",
        "KA Jamieson": "68c56d09",
        "KS Jagannathan": "9bc8dcec",
        "M Sclanders": "fd094249",
        "MJ Guptill": "2be41edb",
        "MJG Rippon": "b03db6fa",
        "MWT Boyle": "b42d5053",
        "S Dixit": "85ec63b5",
        "SB Keene": "6fb2d3a2",
        "SM Solia": "fd9f43bb",
        "SRM Morris": "74b402c6",
        "T Semmens": "3b471aa4",
        "TWM Latham": "e824e6ee",
        "W O'Rourke": "cb9b8664",
        "WT O'Donnell": "730b57de"
      }
    },
    "season": "2024/25",
    "team_type": "club",
    "teams": [
      "Auckland",
      "Canterbury"
    ],
    "toss": {
      "decision": "field",
      "winner": "Canterbury"
    },
    "venue": "Eden Park Outer Oval, Auckland"
  },
  "innings": [
    {
      "team": "Auckland",
      "overs": [
        {
          "over": 0,
          "deliveries": [
            {
              "batter": "MJ Guptill",
              "bowler": "KA Jamieson",
              "extras": {
                "wides": 1
              },
              "non_striker": "WT O'Donnell",
              "runs": {
                "batter": 0,
                "extras": 1,
                "total": 1
              }
            },
            {
              "batter": "MJ Guptill",
              "bowler": "KA Jamieson",
              "non_striker": "WT O'Donnell",
              "runs": {
                "batter": 0,
                "extras": 0,
                "total": 0
              }
            },
            {
              "batter": "MJ Guptill",
              "bowler": "KA Jamieson",
              "non_striker": "WT O'Donnell",
              "runs": {
                "batter": 0,
                "extras": 0,
                "total": 0
              }
            },
            {
              "batter": "MJ Guptill",
              "bowler": "KA Jamieson",
              "non_striker": "WT O'Donnell",
              "runs": {
                "batter": 1,
                "extras": 0,
                "total": 1
              }
            },
            {
              "batter": "WT O'Donnell",
              "bowler": "KA Jamieson",
              "non_striker": "MJ Guptill",
              "runs": {
                "batter": 1,
                "extras": 0,
                "total": 1
              }
            },
            {
              "batter": "MJ Guptill",
              "bowler": "KA Jamieson",
              "non_striker": "WT O'Donnell",
              "runs": {
                "batter": 6,
                "extras": 0,
                "total": 6
              }
            },
            {
              "batter": "MJ Guptill",
              "bowler": "KA Jamieson",
              "non_striker": "WT O'Donnell",
              "runs": {
                "batter": 0,
                "extras": 0,
                "total": 0
              }
            }
          ]
        },
        {
          "over": 1,
          "deliveries": [
            {
              "batter": "WT O'Donnell",
              "bowler": "W O'Rourke",
              "extras": {
                "legbyes": 1
              },
              "non_striker": "MJ Guptill",
              "runs": {
                "batter": 0,
                "extras": 1,
                "total": 1
              }
            },
            {
              "batter": "MJ Guptill",
              "bowler": "W O'Rourke",
              "non_striker": "WT O'Donnell",
              "runs": {
                "batter": 0,
                "extras": 0,
                "total": 0
              }
            },
            {
              "batter": "MJ Guptill",
              "bowler": "W O'Rourke",
              "non_striker": "WT O'Donnell",
              "runs": {
                "batter": 1,
                "extras": 0,
                "total": 1
              }
            },
            {
              "batter": "WT O'Donnell",
              "bowler": "W O'Rourke",
              "non_striker": "MJ Guptill",
              "runs": {
                "batter": 1,
                "extras": 0,
                "total": 1
              }
            },
            {
              "batter": "MJ Guptill",
              "bowler": "W O'Rourke",
              "non_striker": "WT O'Donnell",
              "runs": {
                "batter": 4,
                "extras": 0,
                "total": 4
              }
            },
            {
              "batter": "MJ Guptill",
              "bowler": "W O'Rourke",
              "non_striker": "WT O'Donnell",
              "runs": {
                "batter": 4,
                "extras": 0,
                "total": 4
              }
            }
          ]
        },
        {
          "over": 2,
          "deliveries": [
            {
              "batter": "WT O'Donnell",
              "bowler": "KA Jamieson",
              "non_striker": "MJ Guptill",
              "runs": {
                "batter": 0,
                "extras": 0,
                "total": 0
              }
            },
            {
              "batter": "WT O'Donnell",
              "bowler": "KA Jamieson",
              "non_striker": "MJ Guptill",
              "runs": {
                "batter": 0,
                "extras": 0,
                "total": 0
              }
            },
            {
              "batter": "WT O'Donnell",
              "bowler": "KA Jamieson",
              "non_striker": "MJ Guptill",
              "runs": {
                "batter": 0,
                "extras": 0,
                "total": 0
              }
            },
            {
              "batter": "WT O'Donnell",
              "bowler": "KA Jamieson",
              "non_striker": "MJ Guptill",
              "runs": {
                "batter": 1,
                "extras": 0,
                "total": 1
              }
            },
            {
              "batter": "MJ Guptill",
              "bowler": "KA Jamieson",
              "non_striker": "WT O'Donnell",
              "runs": {
                "batter": 0,
                "extras": 0,
                "total": 0
              }
            },
            {
              "batter": "MJ Guptill",
              "bowler": "KA Jamieson",
              "non_striker": "WT O'Donnell",
              "runs": {
                "batter": 0,
                "extras": 0,
                "total": 0
              }
            }
          ]
        },
        {
          "over": 3,
          "deliveries": [
            {
              "batter": "WT O'Donnell",
              "bowler": "HB Shipley",
              "non_striker": "MJ Guptill",
              "runs": {
                "batter": 4,
                "extras": 0,
                "total": 4
              }
            },
            {
              "batter": "WT O'Donnell",
              "bowler": "HB Shipley",
              "non_striker": "MJ Guptill",
              "runs": {
                "batter": 1,
                "extras": 0,
                "total": 1
              }
            },
            {
              "batter": "MJ Guptill",
              "bowler": "HB Shipley",
              "non_striker": "WT O'Donnell",
              "runs": {
                "batter": 0,
                "extras": 0,
                "total": 0
              }
            },
            {
              "batter": "MJ Guptill",
              "bowler": "HB Shipley",
              "non_striker": "WT O'Donnell",
              "runs": {
                "batter": 0,
                "extras": 0,
                "total": 0
              }
            },
            {
              "batter": "MJ Guptill",
              "bowler": "HB Shipley",
              "non_striker": "WT O'Donnell",
              "runs": {
                "batter": 1,
                "extras": 0,
                "total": 1
              }
            },
            {
              "batter": "WT O'Donnell",
              "bowler": "HB Shipley",
              "non_striker": "MJ Guptill",
              "runs": {
                "batter": 0,
                "extras": 0,
                "total": 0
              }
            }
          ]
        },
        {
          "over": 4,
          "deliveries": [
            {
              "batter": "MJ Guptill",
              "bowler": "W O'Rourke",
              "non_striker": "WT O'Donnell",
              "runs": {
                "batter": 4,
                "extras": 0,
                "total": 4
              }
            },
            {
              "batter": "MJ Guptill",
              "bowler": "W O'Rourke",
              "non_striker": "WT O'Donnell",
              "runs": {
                "batter": 4,
                "extras": 0,
                "total": 4
              }
            },
            {
              "batter": "MJ Guptill",
              "bowler": "W O'Rourke",
              "non_striker": "WT O'Donnell",
              "runs": {
                "batter": 0,
                "extras": 0,
                "total": 0
              }
            },
            {
              "batter": "MJ Guptill",
              "bowler": "W O'Rourke",
              "non_striker": "WT O'Donnell",
              "runs": {
                "batter": 1,
                "extras": 0,
                "total": 1
              }
            },
            {
              "batter": "WT O'Donnell",
              "bowler": "W O'Rourke",
              "non_striker": "MJ Guptill",
              "runs": {
                "batter": 6,
                "extras": 0,
                "total": 6
              }
            },
            {
              "batter": "WT O'Donnell",
              "bowler": "W O'Rourke",
              "non_striker": "MJ Guptill",
              "runs": {
                "batter": 1,
                "extras": 0,
                "total": 1
              }
            }
          ]
        },
        {
          "over": 5,
          "deliveries": [
            {
              "batter": "WT O'Donnell",
              "bowler": "AW McKenzie",
              "non_striker": "MJ Guptill",
              "runs": {
                "batter": 0,
                "extras": 0,
                "total": 0
              }
            },
            {
              "batter": "WT O'Donnell",
              "bowler": "AW McKenzie",
              "non_striker": "MJ Guptill",
              "runs": {
                "batter": 4,
                "extras": 0,
                "total": 4
              }
            },
            {
              "batter": "WT O'Donnell",
              "bowler": "AW McKenzie",
              "non_striker": "MJ Guptill",
              "runs": {
                "batter": 0,
                "extras": 0,
                "total": 0
              }
            },
            {
              "batter": "WT O'Donnell",
              "bowler": "AW McKenzie",
              "non_striker": "MJ Guptill",
              "runs": {
                "batter": 6,
                "extras": 0,
                "total": 6
              }
            },
            {
              "batter": "WT O'Donnell",
              "bowler": "AW McKenzie",
              "non_striker": "MJ Guptill",
              "runs": {
                "batter": 0,
                "extras": 0,
                "total": 0
              },
              "wickets": [
                {
                  "player_out": "WT O'Donnell",
                  "fielders": [
                    {
                      "name": "CE McConchie"
                    }
                  ],
                  "kind": "caught"
                }
              ]
            },
            {
              "batter": "M Sclanders",
              "bowler": "AW McKenzie",
              "non_striker": "MJ Guptill",
              "runs": {
                "batter": 0,
                "extras": 0,
                "total": 0
              }
            }
          ]
        },
        {
          "over": 6,
          "deliveries": [
            {
              "batter": "MJ Guptill",
              "bowler": "HB Shipley",
              "non_striker": "M Sclanders",
              "runs": {
                "batter": 1,
                "extras": 0,
                "total": 1
              }
            },
            {
              "batter": "M Sclanders",
              "bowler": "HB Shipley",
              "non_striker": "MJ Guptill",
              "runs": {
                "batter": 0,
                "extras": 0,
                "total": 0
              },
              "wickets": [
                {
                  "player_out": "M Sclanders",
                  "fielders": [
                    {
                      "name": "TWM Latham"
                    }
                  ],
                  "kind": "caught"
                }
              ]
            },
            {
              "batter": "SM Solia",
              "bowler": "HB Shipley",
              "non_striker": "MJ Guptill",
              "runs": {
                "batter": 1,
                "extras": 0,
                "total": 1
              }
            },
            {
              "batter": "MJ Guptill",
              "bowler": "HB Shipley",
              "non_striker": "SM Solia",
              "runs": {
                "batter": 1,
                "extras": 0,
                "total": 1
              }
            },
            {
              "batter": "SM Solia",
              "bowler": "HB Shipley",
              "non_striker": "MJ Guptill",
              "runs": {
                "batter": 0,
                "extras": 0,
                "total": 0
              },
              "wickets": [
                {
                  "player_out": "SM Solia",
                  "fielders": [
                    {
                      "name": "AW McKenzie"
                    }
                  ],
                  "kind": "caught"
                }
              ]
            },
            {
              "batter": "BJ Jacobs",
              "bowler": "HB Shipley",
              "non_striker": "MJ Guptill",
              "runs": {
                "batter": 1,
                "extras": 0,
                "total": 1
              }
            }
          ]
        },
        {
          "over": 7,
          "deliveries": [
            {
              "batter": "BJ Jacobs",
              "bowler": "IS Sodhi",
              "non_striker": "MJ Guptill",
              "runs": {
                "batter": 1,
                "extras": 0,
                "total": 1
              }
            },
            {
              "batter": "MJ Guptill",
              "bowler": "IS Sodhi",
              "non_striker": "BJ Jacobs",
              "runs": {
                "batter": 1,
                "extras": 0,
                "total": 1
              }
            },
            {
              "batter": "BJ Jacobs",
              "bowler": "IS Sodhi",
              "extras": {
                "legbyes": 1
              },
              "non_striker": "MJ Guptill",
              "runs": {
                "batter": 0,
                "extras": 1,
                "total": 1
              }
            },
            {
              "batter": "MJ Guptill",
              "bowler": "IS Sodhi",
              "non_striker": "BJ Jacobs",
              "runs": {
                "batter": 1,
                "extras": 0,
                "total": 1
              }
            },
            {
              "batter": "BJ Jacobs",
              "bowler": "IS Sodhi",
              "non_striker": "MJ Guptill",
              "runs": {
                "batter": 0,
                "extras": 0,
                "total": 0
              }
            },
            {
              "batter": "BJ Jacobs",
              "bowler": "IS Sodhi",
              "non_striker": "MJ Guptill",
              "runs": {
                "batter": 0,
                "extras": 0,
                "total": 0
              }
            }
          ]
        },
        {
          "over": 8,
          "deliveries": [
            {
              "batter": "MJ Guptill",
              "bowler": "KA Jamieson",
              "non_striker": "BJ Jacobs",
              "runs": {
                "batter": 1,
                "extras": 0,
                "total": 1
              }
            },
            {
              "batter": "BJ Jacobs",
              "bowler": "KA Jamieson",
              "non_striker": "MJ Guptill",
              "runs": {
                "batter": 0,
                "extras": 0,
                "total": 0
              }
            },
            {
              "batter": "BJ Jacobs",
              "bowler": "KA Jamieson",
              "non_striker": "MJ Guptill",
              "runs": {
                "batter": 2,
                "extras": 0,
                "total": 2
              }
            },
            {
              "batter": "BJ Jacobs",
              "bowler": "KA Jamieson",
              "non_striker": "MJ Guptill",
              "runs": {
                "batter": 1,
                "extras": 0,
                "total": 1
              }
            },
            {
              "batter": "MJ Guptill",
              "bowler": "KA Jamieson",
              "non_striker": "BJ Jacobs",
              "runs": {
                "batter": 1,
                "extras": 0,
                "total": 1
              }
            },
            {
              "batter": "BJ Jacobs",
              "bowler": "KA Jamieson",
              "non_striker": "MJ Guptill",
              "runs": {
                "batter": 1,
                "extras": 0,
                "total": 1
              }
            }
          ]
        },
        {
          "over": 9,
          "deliveries": [
            {
              "batter": "BJ Jacobs",
              "bowler": "IS Sodhi",
              "non_striker": "MJ Guptill",
              "runs": {
                "batter": 6,
                "extras": 0,
                "total": 6
              }
            },
            {
              "batter": "BJ Jacobs",
              "bowler": "IS Sodhi",
              "non_striker": "MJ Guptill",
              "runs": {
                "batter": 1,
                "extras": 0,
                "total": 1
              }
            },
            {
              "batter": "MJ Guptill",
              "bowler": "IS Sodhi",
              "non_striker": "BJ Jacobs",
              "runs": {
                "batter": 4,
                "extras": 0,
                "total": 4
              }
            },
            {
              "batter": "MJ Guptill",
              "bowler": "IS Sodhi",
              "non_striker": "BJ Jacobs",
              "runs": {
                "batter": 1,
                "extras": 0,
                "total": 1
              }
            },
            {
              "batter": "BJ Jacobs",
              "bowler": "IS Sodhi",
              "non_striker": "MJ Guptill",
              "runs": {
                "batter": 1,
                "extras": 0,
                "total": 1
              }
            },
            {
              "batter": "MJ Guptill",
              "bowler": "IS Sodhi",
              "non_striker": "BJ Jacobs",
              "runs": {
                "batter": 0,
                "extras": 0,
                "total": 0
              }
            }
          ]
        },
        {
          "over": 10,
          "deliveries": [
            {
              "batter": "BJ Jacobs",
              "bowler": "W O'Rourke",
              "non_striker": "MJ Guptill",
              "runs": {
                "batter": 1,
                "extras": 0,
                "total": 1
              }
            },
            {
              "batter": "MJ Guptill",
              "bowler": "W O'Rourke",
              "non_striker": "BJ Jacobs",
              "runs": {
                "batter": 1,
                "extras": 0,
                "total": 1
              }
            },
            {
              "batter": "BJ Jacobs",
              "bowler": "W O'Rourke",
              "non_striker": "MJ Guptill",
              "runs": {
                "batter": 0,
                "extras": 0,
                "total": 0
              }
            },
            {
              "batter": "BJ Jacobs",
              "bowler": "W O'Rourke",
              "non_striker": "MJ Guptill",
              "runs": {
                "batter": 6,
                "extras": 0,
                "total": 6
              }
            },
            {
              "batter": "BJ Jacobs",
              "bowler": "W O'Rourke",
              "non_striker": "MJ Guptill",
              "runs": {
                "batter": 1,
                "extras": 0,
                "total": 1
              }
            },
            {
              "batter": "MJ Guptill",
              "bowler": "W O'Rourke",
              "non_striker": "BJ Jacobs",
              "runs": {
                "batter": 1,
                "extras": 0,
                "total": 1
              }
            }
          ]
        },
        {
          "over": 11,
          "deliveries": [
            {
              "batter": "MJ Guptill",
              "bowler": "AW McKenzie",
              "non_striker": "BJ Jacobs",
              "runs": {
                "batter": 6,
                "extras": 0,
                "total": 6
              }
            },
            {
              "batter": "MJ Guptill",
              "bowler": "AW McKenzie",
              "extras": {
                "wides": 1
              },
              "non_striker": "BJ Jacobs",
              "runs": {
                "batter": 0,
                "extras": 1,
                "total": 1
              }
            },
            {
              "batter": "MJ Guptill",
              "bowler": "AW McKenzie",
              "non_striker": "BJ Jacobs",
              "runs": {
                "batter": 6,
                "extras": 0,
                "total": 6
              }
            },
            {
              "batter": "MJ Guptill",
              "bowler": "AW McKenzie",
              "non_striker": "BJ Jacobs",
              "runs": {
                "batter": 4,
                "extras": 0,
                "total": 4
              }
            },
            {
              "batter": "MJ Guptill",
              "bowler": "AW McKenzie",
              "non_striker": "BJ Jacobs",
              "runs": {
                "batter": 1,
                "extras": 0,
                "total": 1
              }
            },
            {
              "batter": "BJ Jacobs",
              "bowler": "AW McKenzie",
              "extras": {
                "wides": 1
              },
              "non_striker": "MJ Guptill",
              "runs": {
                "batter": 0,
                "extras": 1,
                "total": 1
              }
            },
            {
              "batter": "BJ Jacobs",
              "bowler": "AW McKenzie",
              "non_striker": "MJ Guptill",
              "runs": {
                "batter": 1,
                "extras": 0,
                "total": 1
              }
            },
            {
              "batter": "MJ Guptill",
              "bowler": "AW McKenzie",
              "non_striker": "BJ Jacobs",
              "runs": {
                "batter": 4,
                "extras": 0,
                "total": 4
              }
            }
          ]
        },
        {
          "over": 12,
          "deliveries": [
            {
              "batter": "BJ Jacobs",
              "bowler": "HB Shipley",
              "non_striker": "MJ Guptill",
              "runs": {
                "batter": 1,
                "extras": 0,
                "total": 1
              }
            },
            {
              "batter": "MJ Guptill",
              "bowler": "HB Shipley",
              "non_striker": "BJ Jacobs",
              "runs": {
                "batter": 0,
                "extras": 0,
                "total": 0
              },
              "wickets": [
                {
                  "player_out": "MJ Guptill",
                  "fielders": [
                    {
                      "name": "MJG Rippon"
                    }
                  ],
                  "kind": "caught"
                }
              ]
            },
            {
              "batter": "CD Fletcher",
              "bowler": "HB Shipley",
              "non_striker": "BJ Jacobs",
              "runs": {
                "batter": 1,
                "extras": 0,
                "total": 1
              }
            },
            {
              "batter": "BJ Jacobs",
              "bowler": "HB Shipley",
              "non_striker": "CD Fletcher",
              "runs": {
                "batter": 0,
                "extras": 0,
                "total": 0
              }
            },
            {
              "batter": "BJ Jacobs",
              "bowler": "HB Shipley",
              "non_striker": "CD Fletcher",
              "runs": {
                "batter": 0,
                "extras": 0,
                "total": 0
              }
            },
            {
              "batter": "BJ Jacobs",
              "bowler": "HB Shipley",
              "non_striker": "CD Fletcher",
              "runs": {
                "batter": 0,
                "extras": 0,
                "total": 0
              }
            }
          ]
        },
        {
          "over": 13,
          "deliveries": [
            {
              "batter": "CD Fletcher",
              "bowler": "IS Sodhi",
              "non_striker": "BJ Jacobs",
              "runs": {
                "batter": 0,
                "extras": 0,
                "total": 0
              }
            },
            {
              "batter": "CD Fletcher",
              "bowler": "IS Sodhi",
              "non_striker": "BJ Jacobs",
              "runs": {
                "batter": 0,
                "extras": 0,
                "total": 0
              }
            },
            {
              "batter": "CD Fletcher",
              "bowler": "IS Sodhi",
              "non_striker": "BJ Jacobs",
              "runs": {
                "batter": 1,
                "extras": 0,
                "total": 1
              }
            },
            {
              "batter": "BJ Jacobs",
              "bowler": "IS Sodhi",
              "non_striker": "CD Fletcher",
              "runs": {
                "batter": 1,
                "extras": 0,
                "total": 1
              }
            },
            {
              "batter": "CD Fletcher",
              "bowler": "IS Sodhi",
              "non_striker": "BJ Jacobs",
              "runs": {
                "batter": 0,
                "extras": 0,
                "total": 0
              }
            },
            {
              "batter": "CD Fletcher",
              "bowler": "IS Sodhi",
              "non_striker": "BJ Jacobs",
              "runs": {
                "batter": 1,
                "extras": 0,
                "total": 1
              }
            }
          ]
        },
        {
          "over": 14,
          "deliveries": [
            {
              "batter": "CD Fletcher",
              "bowler": "KA Jamieson",
              "non_striker": "BJ Jacobs",
              "runs": {
                "batter": 0,
                "extras": 0,
                "total": 0
              }
            },
            {
              "batter": "CD Fletcher",
              "bowler": "KA Jamieson",
              "non_striker": "BJ Jacobs",
              "runs": {
                "batter": 0,
                "extras": 0,
                "total": 0
              }
            },
            {
              "batter": "CD Fletcher",
              "bowler": "KA Jamieson",
              "non_striker": "BJ Jacobs",
              "runs": {
                "batter": 1,
                "extras": 0,
                "total": 1
              }
            },
            {
              "batter": "BJ Jacobs",
              "bowler": "KA Jamieson",
              "non_striker": "CD Fletcher",
              "runs": {
                "batter": 6,
                "extras": 0,
                "total": 6
              }
            },
            {
              "batter": "BJ Jacobs",
              "bowler": "KA Jamieson",
              "non_striker": "CD Fletcher",
              "runs": {
                "batter": 1,
                "extras": 0,
                "total": 1
              }
            },
            {
              "batter": "CD Fletcher",
              "bowler": "KA Jamieson",
              "non_striker": "BJ Jacobs",
              "runs": {
                "batter": 2,
                "extras": 0,
                "total": 2
              }
            }
          ]
        },
        {
          "over": 15,
          "deliveries": [
            {
              "batter": "BJ Jacobs",
              "bowler": "IS Sodhi",
              "non_striker": "CD Fletcher",
              "runs": {
                "batter": 6,
                "extras": 0,
                "total": 6
              }
            },
            {
              "batter": "BJ Jacobs",
              "bowler": "IS Sodhi",
              "non_striker": "CD Fletcher",
              "runs": {
                "batter": 1,
                "extras": 0,
                "total": 1
              }
            },
            {
              "batter": "CD Fletcher",
              "bowler": "IS Sodhi",
              "non_striker": "BJ Jacobs",
              "runs": {
                "batter": 1,
                "extras": 0,
                "total": 1
              }
            },
            {
              "batter": "BJ Jacobs",
              "bowler": "IS Sodhi",
              "non_striker": "CD Fletcher",
              "runs": {
                "batter": 1,
                "extras": 0,
                "total": 1
              }
            },
            {
              "batter": "CD Fletcher",
              "bowler": "IS Sodhi",
              "non_striker": "BJ Jacobs",
              "runs": {
                "batter": 6,
                "extras": 0,
                "total": 6
              }
            },
            {
              "batter": "CD Fletcher",
              "bowler": "IS Sodhi",
              "non_striker": "BJ Jacobs",
              "runs": {
                "batter": 0,
                "extras": 0,
                "total": 0
              },
              "wickets": [
                {
                  "player_out": "CD Fletcher",
                  "fielders": [
                    {
                      "name": "MJG Rippon"
                    }
                  ],
                  "kind": "caught"
                }
              ]
            }
          ]
        },
        {
          "over": 16,
          "deliveries": [
            {
              "batter": "BJ Jacobs",
              "bowler": "W O'Rourke",
              "non_striker": "J McKenzie",
              "runs": {
                "batter": 4,
                "extras": 0,
                "total": 4
              }
            },
            {
              "batter": "BJ Jacobs",
              "bowler": "W O'Rourke",
              "non_striker": "J McKenzie",
              "runs": {
                "batter": 1,
                "extras": 0,
                "total": 1
              }
            },
            {
              "batter": "J McKenzie",
              "bowler": "W O'Rourke",
              "non_striker": "BJ Jacobs",
              "runs": {
                "batter": 0,
                "extras": 0,
                "total": 0
              }
            },
            {
              "batter": "J McKenzie",
              "bowler": "W O'Rourke",
              "non_striker": "BJ Jacobs",
              "runs": {
                "batter": 1,
                "extras": 0,
                "total": 1
              }
            },
            {
              "batter": "BJ Jacobs",
              "bowler": "W O'Rourke",
              "non_striker": "J McKenzie",
              "runs": {
                "batter": 1,
                "extras": 0,
                "total": 1
              }
            },
            {
              "batter": "J McKenzie",
              "bowler": "W O'Rourke",
              "non_striker": "BJ Jacobs",
              "runs": {
                "batter": 1,
                "extras": 0,
                "total": 1
              }
            }
          ]
        },
        {
          "over": 17,
          "deliveries": [
            {
              "batter": "J McKenzie",
              "bowler": "AW McKenzie",
              "non_striker": "BJ Jacobs",
              "runs": {
                "batter": 6,
                "extras": 0,
                "total": 6
              }
            },
            {
              "batter": "J McKenzie",
              "bowler": "AW McKenzie",
              "non_striker": "BJ Jacobs",
              "runs": {
                "batter": 1,
                "extras": 0,
                "total": 1
              }
            },
            {
              "batter": "BJ Jacobs",
              "bowler": "AW McKenzie",
              "non_striker": "J McKenzie",
              "runs": {
                "batter": 6,
                "extras": 0,
                "total": 6
              }
            },
            {
              "batter": "BJ Jacobs",
              "bowler": "AW McKenzie",
              "non_striker": "J McKenzie",
              "runs": {
                "batter": 1,
                "extras": 0,
                "total": 1
              }
            },
            {
              "batter": "J McKenzie",
              "bowler": "AW McKenzie",
              "non_striker": "BJ Jacobs",
              "runs": {
                "batter": 0,
                "extras": 0,
                "total": 0
              }
            },
            {
              "batter": "J McKenzie",
              "bowler": "AW McKenzie",
              "non_striker": "BJ Jacobs",
              "runs": {
                "batter": 1,
                "extras": 0,
                "total": 1
              }
            }
          ]
        },
        {
          "over": 18,
          "deliveries": [
            {
              "batter": "J McKenzie",
              "bowler": "HB Shipley",
              "extras": {
                "legbyes": 1
              },
              "non_striker": "BJ Jacobs",
              "runs": {
                "batter": 0,
                "extras": 1,
                "total": 1
              }
            },
            {
              "batter": "BJ Jacobs",
              "bowler": "HB Shipley",
              "non_striker": "J McKenzie",
              "runs": {
                "batter": 0,
                "extras": 0,
                "total": 0
              },
              "wickets": [
                {
                  "player_out": "BJ Jacobs",
                  "fielders": [
                    {
                      "name": "CJ Bowes"
                    }
                  ],
                  "kind": "caught"
                }
              ]
            },
            {
              "batter": "S Dixit",
              "bowler": "HB Shipley",
              "non_striker": "J McKenzie",
              "runs": {
                "batter": 1,
                "extras": 0,
                "total": 1
              }
            },
            {
              "batter": "J McKenzie",
              "bowler": "HB Shipley",
              "non_striker": "S Dixit",
              "runs": {
                "batter": 4,
                "extras": 0,
                "total": 4
              }
            },
            {
              "batter": "J McKenzie",
              "bowler": "HB Shipley",
              "non_striker": "S Dixit",
              "runs": {
                "batter": 0,
                "extras": 0,
                "total": 0
              },
              "wickets": [
                {
                  "player_out": "J McKenzie",
                  "kind": "bowled"
                }
              ]
            },
            {
              "batter": "A Ashok",
              "bowler": "HB Shipley",
              "non_striker": "S Dixit",
              "runs": {
                "batter": 2,
                "extras": 0,
                "total": 2
              }
            }
          ]
        },
        {
          "over": 19,
          "deliveries": [
            {
              "batter": "S Dixit",
              "bowler": "AW McKenzie",
              "non_striker": "A Ashok",
              "runs": {
                "batter": 2,
                "extras": 0,
                "total": 2
              }
            },
            {
              "batter": "S Dixit",
              "bowler": "AW McKenzie",
              "non_striker": "A Ashok",
              "runs": {
                "batter": 0,
                "extras": 0,
                "total": 0
              }
            },
            {
              "batter": "S Dixit",
              "bowler": "AW McKenzie",
              "non_striker": "A Ashok",
              "runs": {
                "batter": 0,
                "extras": 0,
                "total": 0
              },
              "wickets": [
                {
                  "player_out": "S Dixit",
                  "kind": "caught and bowled"
                }
              ]
            },
            {
              "batter": "DK Ferns",
              "bowler": "AW McKenzie",
              "extras": {
                "wides": 1
              },
              "non_striker": "A Ashok",
              "runs": {
                "batter": 0,
                "extras": 1,
                "total": 1
              }
            },
            {
              "batter": "DK Ferns",
              "bowler": "AW McKenzie",
              "non_striker": "A Ashok",
              "runs": {
                "batter": 1,
                "extras": 0,
                "total": 1
              }
            },
            {
              "batter": "A Ashok",
              "bowler": "AW McKenzie",
              "non_striker": "DK Ferns",
              "runs": {
                "batter": 6,
                "extras": 0,
                "total": 6
              }
            },
            {
              "batter": "A Ashok",
              "bowler": "AW McKenzie",
              "non_striker": "DK Ferns",
              "runs": {
                "batter": 0,
                "extras": 0,
                "total": 0
              }
            }
          ]
        }
      ],
      "powerplays": [
        {
          "from": 0.1,
          "to": 5.6,
          "type": "mandatory"
        }
      ]
    },
    {
      "team": "Canterbury",
      "overs": [
        {
          "over": 0,
          "deliveries": [
            {
              "batter": "CJ Bowes",
              "bowler": "WT O'Donnell",
              "non_striker": "TWM Latham",
              "runs": {
                "batter": 0,
                "extras": 0,
                "total": 0
              }
            },
            {
              "batter": "CJ Bowes",
              "bowler": "WT O'Donnell",
              "non_striker": "TWM Latham",
              "runs": {
                "batter": 0,
                "extras": 0,
                "total": 0
              }
            },
            {
              "batter": "CJ Bowes",
              "bowler": "WT O'Donnell",
              "non_striker": "TWM Latham",
              "runs": {
                "batter": 2,
                "extras": 0,
                "total": 2
              }
            },
            {
              "batter": "CJ Bowes",
              "bowler": "WT O'Donnell",
              "non_striker": "TWM Latham",
              "runs": {
                "batter": 1,
                "extras": 0,
                "total": 1
              }
            },
            {
              "batter": "TWM Latham",
              "bowler": "WT O'Donnell",
              "non_striker": "CJ Bowes",
              "runs": {
                "batter": 1,
                "extras": 0,
                "total": 1
              }
            },
            {
              "batter": "CJ Bowes",
              "bowler": "WT O'Donnell",
              "non_striker": "TWM Latham",
              "runs": {
                "batter": 0,
                "extras": 0,
                "total": 0
              }
            }
          ]
        },
        {
          "over": 1,
          "deliveries": [
            {
              "batter": "TWM Latham",
              "bowler": "BG Lister",
              "non_striker": "CJ Bowes",
              "runs": {
                "batter": 4,
                "extras": 0,
                "total": 4
              }
            },
            {
              "batter": "TWM Latham",
              "bowler": "BG Lister",
              "non_striker": "CJ Bowes",
              "runs": {
                "batter": 1,
                "extras": 0,
                "total": 1
              }
            },
            {
              "batter": "CJ Bowes",
              "bowler": "BG Lister",
              "non_striker": "TWM Latham",
              "runs": {
                "batter": 4,
                "extras": 0,
                "total": 4
              }
            },
            {
              "batter": "CJ Bowes",
              "bowler": "BG Lister",
              "non_striker": "TWM Latham",
              "runs": {
                "batter": 1,
                "extras": 0,
                "total": 1
              }
            },
            {
              "batter": "TWM Latham",
              "bowler": "BG Lister",
              "non_striker": "CJ Bowes",
              "runs": {
                "batter": 0,
                "extras": 0,
                "total": 0
              }
            },
            {
              "batter": "TWM Latham",
              "bowler": "BG Lister",
              "non_striker": "CJ Bowes",
              "runs": {
                "batter": 0,
                "extras": 0,
                "total": 0
              }
            }
          ]
        },
        {
          "over": 2,
          "deliveries": [
            {
              "batter": "CJ Bowes",
              "bowler": "DK Ferns",
              "non_striker": "TWM Latham",
              "runs": {
                "batter": 0,
                "extras": 0,
                "total": 0
              }
            },
            {
              "batter": "CJ Bowes",
              "bowler": "DK Ferns",
              "non_striker": "TWM Latham",
              "runs": {
                "batter": 0,
                "extras": 0,
                "total": 0
              }
            },
            {
              "batter": "CJ Bowes",
              "bowler": "DK Ferns",
              "non_striker": "TWM Latham",
              "runs": {
                "batter": 4,
                "extras": 0,
                "total": 4
              }
            },
            {
              "batter": "CJ Bowes",
              "bowler": "DK Ferns",
              "non_striker": "TWM Latham",
              "runs": {
                "batter": 1,
                "extras": 0,
                "total": 1
              }
            },
            {
              "batter": "TWM Latham",
              "bowler": "DK Ferns",
              "non_striker": "CJ Bowes",
              "runs": {
                "batter": 6,
                "extras": 0,
                "total": 6
              }
            },
            {
              "batter": "TWM Latham",
              "bowler": "DK Ferns",
              "non_striker": "CJ Bowes",
              "runs": {
                "batter": 0,
                "extras": 0,
                "total": 0
              }
            }
          ]
        },
        {
          "over": 3,
          "deliveries": [
            {
              "batter": "CJ Bowes",
              "bowler": "SM Solia",
              "non_striker": "TWM Latham",
              "runs": {
                "batter": 1,
                "extras": 0,
                "total": 1
              }
            },
            {
              "batter": "TWM Latham",
              "bowler": "SM Solia",
              "non_striker": "CJ Bowes",
              "runs": {
                "batter": 2,
                "extras": 0,
                "total": 2
              }
            },
            {
              "batter": "TWM Latham",
              "bowler": "SM Solia",
              "non_striker": "CJ Bowes",
              "runs": {
                "batter": 0,
                "extras": 0,
                "total": 0
              }
            },
            {
              "batter": "TWM Latham",
              "bowler": "SM Solia",
              "non_striker": "CJ Bowes",
              "runs": {
                "batter": 1,
                "extras": 0,
                "total": 1
              }
            },
            {
              "batter": "CJ Bowes",
              "bowler": "SM Solia",
              "non_striker": "TWM Latham",
              "runs": {
                "batter": 1,
                "extras": 0,
                "total": 1
              }
            },
            {
              "batter": "TWM Latham",
              "bowler": "SM Solia",
              "non_striker": "CJ Bowes",
              "runs": {
                "batter": 0,
                "extras": 0,
                "total": 0
              }
            }
          ]
        },
        {
          "over": 4,
          "deliveries": [
            {
              "batter": "CJ Bowes",
              "bowler": "J McKenzie",
              "non_striker": "TWM Latham",
              "runs": {
                "batter": 1,
                "extras": 0,
                "total": 1
              }
            },
            {
              "batter": "TWM Latham",
              "bowler": "J McKenzie",
              "extras": {
                "noballs": 1
              },
              "non_striker": "CJ Bowes",
              "runs": {
                "batter": 1,
                "extras": 1,
                "total": 2
              }
            },
            {
              "batter": "CJ Bowes",
              "bowler": "J McKenzie",
              "non_striker": "TWM Latham",
              "runs": {
                "batter": 1,
                "extras": 0,
                "total": 1
              }
            },
            {
              "batter": "TWM Latham",
              "bowler": "J McKenzie",
              "non_striker": "CJ Bowes",
              "runs": {
                "batter": 1,
                "extras": 0,
                "total": 1
              }
            },
            {
              "batter": "CJ Bowes",
              "bowler": "J McKenzie",
              "non_striker": "TWM Latham",
              "runs": {
                "batter": 6,
                "extras": 0,
                "total": 6
              }
            },
            {
              "batter": "CJ Bowes",
              "bowler": "J McKenzie",
              "non_striker": "TWM Latham",
              "runs": {
                "batter": 0,
                "extras": 0,
                "total": 0
              }
            },
            {
              "batter": "CJ Bowes",
              "bowler": "J McKenzie",
              "non_striker": "TWM Latham",
              "runs": {
                "batter": 4,
                "extras": 0,
                "total": 4
              }
            }
          ]
        },
        {
          "over": 5,
          "deliveries": [
            {
              "batter": "TWM Latham",
              "bowler": "DK Ferns",
              "non_striker": "CJ Bowes",
              "runs": {
                "batter": 0,
                "extras": 0,
                "total": 0
              }
            },
            {
              "batter": "TWM Latham",
              "bowler": "DK Ferns",
              "non_striker": "CJ Bowes",
              "runs": {
                "batter": 0,
                "extras": 0,
                "total": 0
              }
            },
            {
              "batter": "TWM Latham",
              "bowler": "DK Ferns",
              "non_striker": "CJ Bowes",
              "runs": {
                "batter": 1,
                "extras": 0,
                "total": 1
              }
            },
            {
              "batter": "CJ Bowes",
              "bowler": "DK Ferns",
              "non_striker": "TWM Latham",
              "runs": {
                "batter": 6,
                "extras": 0,
                "total": 6
              }
            },
            {
              "batter": "CJ Bowes",
              "bowler": "DK Ferns",
              "non_striker": "TWM Latham",
              "runs": {
                "batter": 2,
                "extras": 0,
                "total": 2
              }
            },
            {
              "batter": "CJ Bowes",
              "bowler": "DK Ferns",
              "non_striker": "TWM Latham",
              "runs": {
                "batter": 4,
                "extras": 0,
                "total": 4
              }
            }
          ]
        },
        {
          "over": 6,
          "deliveries": [
            {
              "batter": "TWM Latham",
              "bowler": "A Ashok",
              "non_striker": "CJ Bowes",
              "runs": {
                "batter": 1,
                "extras": 0,
                "total": 1
              }
            },
            {
              "batter": "CJ Bowes",
              "bowler": "A Ashok",
              "non_striker": "TWM Latham",
              "runs": {
                "batter": 1,
                "extras": 0,
                "total": 1
              }
            },
            {
              "batter": "TWM Latham",
              "bowler": "A Ashok",
              "non_striker": "CJ Bowes",
              "runs": {
                "batter": 1,
                "extras": 0,
                "total": 1
              }
            },
            {
              "batter": "CJ Bowes",
              "bowler": "A Ashok",
              "non_striker": "TWM Latham",
              "runs": {
                "batter": 0,
                "extras": 0,
                "total": 0
              }
            },
            {
              "batter": "CJ Bowes",
              "bowler": "A Ashok",
              "non_striker": "TWM Latham",
              "runs": {
                "batter": 1,
                "extras": 0,
                "total": 1
              }
            },
            {
              "batter": "TWM Latham",
              "bowler": "A Ashok",
              "non_striker": "CJ Bowes",
              "runs": {
                "batter": 4,
                "extras": 0,
                "total": 4
              }
            }
          ]
        },
        {
          "over": 7,
          "deliveries": [
            {
              "batter": "CJ Bowes",
              "bowler": "SM Solia",
              "non_striker": "TWM Latham",
              "runs": {
                "batter": 1,
                "extras": 0,
                "total": 1
              }
            },
            {
              "batter": "TWM Latham",
              "bowler": "SM Solia",
              "non_striker": "CJ Bowes",
              "runs": {
                "batter": 0,
                "extras": 0,
                "total": 0
              }
            },
            {
              "batter": "TWM Latham",
              "bowler": "SM Solia",
              "non_striker": "CJ Bowes",
              "runs": {
                "batter": 1,
                "extras": 0,
                "total": 1
              }
            },
            {
              "batter": "CJ Bowes",
              "bowler": "SM Solia",
              "non_striker": "TWM Latham",
              "runs": {
                "batter": 4,
                "extras": 0,
                "total": 4
              }
            },
            {
              "batter": "CJ Bowes",
              "bowler": "SM Solia",
              "non_striker": "TWM Latham",
              "runs": {
                "batter": 0,
                "extras": 0,
                "total": 0
              }
            },
            {
              "batter": "CJ Bowes",
              "bowler": "SM Solia",
              "non_striker": "TWM Latham",
              "runs": {
                "batter": 4,
                "extras": 0,
                "total": 4
              }
            }
          ]
        },
        {
          "over": 8,
          "deliveries": [
            {
              "batter": "TWM Latham",
              "bowler": "A Ashok",
              "non_striker": "CJ Bowes",
              "runs": {
                "batter": 0,
                "extras": 0,
                "total": 0
              }
            },
            {
              "batter": "TWM Latham",
              "bowler": "A Ashok",
              "non_striker": "CJ Bowes",
              "runs": {
                "batter": 4,
                "extras": 0,
                "total": 4
              }
            },
            {
              "batter": "TWM Latham",
              "bowler": "A Ashok",
              "non_striker": "CJ Bowes",
              "runs": {
                "batter": 1,
                "extras": 0,
                "total": 1
              }
            },
            {
              "batter": "CJ Bowes",
              "bowler": "A Ashok",
              "non_striker": "TWM Latham",
              "runs": {
                "batter": 6,
                "extras": 0,
                "total": 6
              }
            },
            {
              "batter": "CJ Bowes",
              "bowler": "A Ashok",
              "non_striker": "TWM Latham",
              "runs": {
                "batter": 0,
                "extras": 0,
                "total": 0
              },
              "wickets": [
                {
                  "player_out": "CJ Bowes",
                  "fielders": [
                    {
                      "name": "J McKenzie"
                    }
                  ],
                  "kind": "caught"
                }
              ]
            },
            {
              "batter": "CE McConchie",
              "bowler": "A Ashok",
              "non_striker": "TWM Latham",
              "runs": {
                "batter": 1,
                "extras": 0,
                "total": 1
              }
            }
          ]
        },
        {
          "over": 9,
          "deliveries": [
            {
              "batter": "CE McConchie",
              "bowler": "WT O'Donnell",
              "non_striker": "TWM Latham",
              "runs": {
                "batter": 1,
                "extras": 0,
                "total": 1
              }
            },
            {
              "batter": "TWM Latham",
              "bowler": "WT O'Donnell",
              "non_striker": "CE McConchie",
              "runs": {
                "batter": 1,
                "extras": 0,
                "total": 1
              }
            },
            {
              "batter": "CE McConchie",
              "bowler": "WT O'Donnell",
              "non_striker": "TWM Latham",
              "runs": {
                "batter": 0,
                "extras": 0,
                "total": 0
              },
              "wickets": [
                {
                  "player_out": "CE McConchie",
                  "fielders": [
                    {
                      "name": "CD Fletcher"
                    }
                  ],
                  "kind": "stumped"
                }
              ]
            },
            {
              "batter": "HJ Chamberlain",
              "bowler": "WT O'Donnell",
              "non_striker": "TWM Latham",
              "runs": {
                "batter": 1,
                "extras": 0,
                "total": 1
              }
            },
            {
              "batter": "TWM Latham",
              "bowler": "WT O'Donnell",
              "non_striker": "HJ Chamberlain",
              "runs": {
                "batter": 0,
                "extras": 0,
                "total": 0
              }
            },
            {
              "batter": "TWM Latham",
              "bowler": "WT O'Donnell",
              "non_striker": "HJ Chamberlain",
              "runs": {
                "batter": 1,
                "extras": 0,
                "total": 1
              }
            }
          ]
        },
        {
          "over": 10,
          "deliveries": [
            {
              "batter": "TWM Latham",
              "bowler": "A Ashok",
              "non_striker": "HJ Chamberlain",
              "runs": {
                "batter": 0,
                "extras": 0,
                "total": 0
              }
            },
            {
              "batter": "TWM Latham",
              "bowler": "A Ashok",
              "non_striker": "HJ Chamberlain",
              "runs": {
                "batter": 1,
                "extras": 0,
                "total": 1
              }
            },
            {
              "batter": "HJ Chamberlain",
              "bowler": "A Ashok",
              "non_striker": "TWM Latham",
              "runs": {
                "batter": 1,
                "extras": 0,
                "total": 1
              }
            },
            {
              "batter": "TWM Latham",
              "bowler": "A Ashok",
              "non_striker": "HJ Chamberlain",
              "runs": {
                "batter": 1,
                "extras": 0,
                "total": 1
              }
            },
            {
              "batter": "HJ Chamberlain",
              "bowler": "A Ashok",
              "non_striker": "TWM Latham",
              "runs": {
                "batter": 2,
                "extras": 0,
                "total": 2
              }
            },
            {
              "batter": "HJ Chamberlain",
              "bowler": "A Ashok",
              "non_striker": "TWM Latham",
              "runs": {
                "batter": 1,
                "extras": 0,
                "total": 1
              }
            }
          ]
        },
        {
          "over": 11,
          "deliveries": [
            {
              "batter": "HJ Chamberlain",
              "bowler": "WT O'Donnell",
              "non_striker": "TWM Latham",
              "runs": {
                "batter": 0,
                "extras": 0,
                "total": 0
              }
            },
            {
              "batter": "HJ Chamberlain",
              "bowler": "WT O'Donnell",
              "non_striker": "TWM Latham",
              "runs": {
                "batter": 0,
                "extras": 0,
                "total": 0
              }
            },
            {
              "batter": "HJ Chamberlain",
              "bowler": "WT O'Donnell",
              "non_striker": "TWM Latham",
              "runs": {
                "batter": 1,
                "extras": 0,
                "total": 1
              }
            },
            {
              "batter": "TWM Latham",
              "bowler": "WT O'Donnell",
              "non_striker": "HJ Chamberlain",
              "runs": {
                "batter": 4,
                "extras": 0,
                "total": 4
              }
            },
            {
              "batter": "TWM Latham",
              "bowler": "WT O'Donnell",
              "non_striker": "HJ Chamberlain",
              "runs": {
                "batter": 2,
                "extras": 0,
                "total": 2
              }
            },
            {
              "batter": "TWM Latham",
              "bowler": "WT O'Donnell",
              "non_striker": "HJ Chamberlain",
              "runs": {
                "batter": 1,
                "extras": 0,
                "total": 1
              }
            }
          ]
        },
        {
          "over": 12,
          "deliveries": [
            {
              "batter": "TWM Latham",
              "bowler": "A Ashok",
              "non_striker": "HJ Chamberlain",
              "runs": {
                "batter": 1,
                "extras": 0,
                "total": 1
              }
            },
            {
              "batter": "HJ Chamberlain",
              "bowler": "A Ashok",
              "non_striker": "TWM Latham",
              "runs": {
                "batter": 0,
                "extras": 0,
                "total": 0
              },
              "wickets": [
                {
                  "player_out": "HJ Chamberlain",
                  "fielders": [
                    {
                      "name": "J McKenzie"
                    }
                  ],
                  "kind": "caught"
                }
              ]
            },
            {
              "batter": "MWT Boyle",
              "bowler": "A Ashok",
              "non_striker": "TWM Latham",
              "runs": {
                "batter": 0,
                "extras": 0,
                "total": 0
              }
            },
            {
              "batter": "MWT Boyle",
              "bowler": "A Ashok",
              "non_striker": "TWM Latham",
              "runs": {
                "batter": 1,
                "extras": 0,
                "total": 1
              }
            },
            {
              "batter": "TWM Latham",
              "bowler": "A Ashok",
              "non_striker": "MWT Boyle",
              "runs": {
                "batter": 1,
                "extras": 0,
                "total": 1
              }
            },
            {
              "batter": "MWT Boyle",
              "bowler": "A Ashok",
              "non_striker": "TWM Latham",
              "runs": {
                "batter": 6,
                "extras": 0,
                "total": 6
              }
            }
          ]
        },
        {
          "over": 13,
          "deliveries": [
            {
              "batter": "TWM Latham",
              "bowler": "WT O'Donnell",
              "non_striker": "MWT Boyle",
              "runs": {
                "batter": 4,
                "extras": 0,
                "total": 4
              }
            },
            {
              "batter": "TWM Latham",
              "bowler": "WT O'Donnell",
              "non_striker": "MWT Boyle",
              "runs": {
                "batter": 1,
                "extras": 0,
                "total": 1
              }
            },
            {
              "batter": "MWT Boyle",
              "bowler": "WT O'Donnell",
              "non_striker": "TWM Latham",
              "runs": {
                "batter": 1,
                "extras": 0,
                "total": 1
              }
            },
            {
              "batter": "TWM Latham",
              "bowler": "WT O'Donnell",
              "non_striker": "MWT Boyle",
              "runs": {
                "batter": 6,
                "extras": 0,
                "total": 6
              }
            },
            {
              "batter": "TWM Latham",
              "bowler": "WT O'Donnell",
              "non_striker": "MWT Boyle",
              "runs": {
                "batter": 1,
                "extras": 0,
                "total": 1
              }
            },
            {
              "batter": "MWT Boyle",
              "bowler": "WT O'Donnell",
              "non_striker": "TWM Latham",
              "runs": {
                "batter": 1,
                "extras": 0,
                "total": 1
              }
            }
          ]
        },
        {
          "over": 14,
          "deliveries": [
            {
              "batter": "MWT Boyle",
              "bowler": "J McKenzie",
              "non_striker": "TWM Latham",
              "runs": {
                "batter": 4,
                "extras": 0,
                "total": 4
              }
            },
            {
              "batter": "MWT Boyle",
              "bowler": "J McKenzie",
              "non_striker": "TWM Latham",
              "runs": {
                "batter": 1,
                "extras": 0,
                "total": 1
              }
            },
            {
              "batter": "TWM Latham",
              "bowler": "J McKenzie",
              "non_striker": "MWT Boyle",
              "runs": {
                "batter": 0,
                "extras": 0,
                "total": 0
              }
            },
            {
              "batter": "TWM Latham",
              "bowler": "J McKenzie",
              "non_striker": "MWT Boyle",
              "runs": {
                "batter": 1,
                "extras": 0,
                "total": 1
              }
            },
            {
              "batter": "MWT Boyle",
              "bowler": "J McKenzie",
              "non_striker": "TWM Latham",
              "runs": {
                "batter": 1,
                "extras": 0,
                "total": 1
              }
            },
            {
              "batter": "TWM Latham",
              "bowler": "J McKenzie",
              "non_striker": "MWT Boyle",
              "runs": {
                "batter": 0,
                "extras": 0,
                "total": 0
              },
              "wickets": [
                {
                  "player_out": "TWM Latham",
                  "fielders": [
                    {
                      "name": "SB Keene",
                      "substitute": true
                    }
                  ],
                  "kind": "caught"
                }
              ]
            }
          ]
        },
        {
          "over": 15,
          "deliveries": [
            {
              "batter": "MWT Boyle",
              "bowler": "SM Solia",
              "non_striker": "MJG Rippon",
              "runs": {
                "batter": 0,
                "extras": 0,
                "total": 0
              }
            },
            {
              "batter": "MWT Boyle",
              "bowler": "SM Solia",
              "non_striker": "MJG Rippon",
              "runs": {
                "batter": 4,
                "extras": 0,
                "total": 4
              }
            },
            {
              "batter": "MWT Boyle",
              "bowler": "SM Solia",
              "non_striker": "MJG Rippon",
              "runs": {
                "batter": 4,
                "extras": 0,
                "total": 4
              }
            },
            {
              "batter": "MWT Boyle",
              "bowler": "SM Solia",
              "non_striker": "MJG Rippon",
              "runs": {
                "batter": 6,
                "extras": 0,
                "total": 6
              }
            },
            {
              "batter": "MWT Boyle",
              "bowler": "SM Solia",
              "non_striker": "MJG Rippon",
              "runs": {
                "batter": 1,
                "extras": 0,
                "total": 1
              }
            },
            {
              "batter": "MJG Rippon",
              "bowler": "SM Solia",
              "non_striker": "MWT Boyle",
              "runs": {
                "batter": 1,
                "extras": 0,
                "total": 1
              }
            }
          ]
        },
        {
          "over": 16,
          "deliveries": [
            {
              "batter": "MJG Rippon",
              "bowler": "DK Ferns",
              "non_striker": "MWT Boyle",
              "runs": {
                "batter": 0,
                "extras": 0,
                "total": 0
              }
            },
            {
              "batter": "MJG Rippon",
              "bowler": "DK Ferns",
              "non_striker": "MWT Boyle",
              "runs": {
                "batter": 6,
                "extras": 0,
                "total": 6
              }
            },
            {
              "batter": "MJG Rippon",
              "bowler": "DK Ferns",
              "non_striker": "MWT Boyle",
              "runs": {
                "batter": 1,
                "extras": 0,
                "total": 1
              }
            },
            {
              "batter": "MWT Boyle",
              "bowler": "DK Ferns",
              "non_striker": "MJG Rippon",
              "runs": {
                "batter": 1,
                "extras": 0,
                "total": 1
              }
            },
            {
              "batter": "MJG Rippon",
              "bowler": "DK Ferns",
              "non_striker": "MWT Boyle",
              "runs": {
                "batter": 1,
                "extras": 0,
                "total": 1
              }
            },
            {
              "batter": "MWT Boyle",
              "bowler": "DK Ferns",
              "non_striker": "MJG Rippon",
              "runs": {
                "batter": 1,
                "extras": 0,
                "total": 1
              }
            }
          ]
        },
        {
          "over": 17,
          "deliveries": [
            {
              "batter": "MWT Boyle",
              "bowler": "J McKenzie",
              "non_striker": "MJG Rippon",
              "runs": {
                "batter": 1,
                "extras": 0,
                "total": 1
              },
              "wickets": [
                {
                  "player_out": "MJG Rippon",
                  "fielders": [
                    {
                      "name": "J McKenzie"
                    },
                    {
                      "name": "DK Ferns"
                    }
                  ],
                  "kind": "run out"
                }
              ]
            },
            {
              "batter": "MWT Boyle",
              "bowler": "J McKenzie",
              "non_striker": "HB Shipley",
              "runs": {
                "batter": 4,
                "extras": 0,
                "total": 4
              }
            },
            {
              "batter": "MWT Boyle",
              "bowler": "J McKenzie",
              "extras": {
                "wides": 1
              },
              "non_striker": "HB Shipley",
              "runs": {
                "batter": 0,
                "extras": 1,
                "total": 1
              }
            },
            {
              "batter": "MWT Boyle",
              "bowler": "J McKenzie",
              "non_striker": "HB Shipley",
              "runs": {
                "batter": 0,
                "extras": 0,
                "total": 0
              },
              "wickets": [
                {
                  "player_out": "MWT Boyle",
                  "fielders": [
                    {
                      "name": "BJ Jacobs"
                    }
                  ],
                  "kind": "caught"
                }
              ]
            },
            {
              "batter": "KA Jamieson",
              "bowler": "J McKenzie",
              "non_striker": "HB Shipley",
              "runs": {
                "batter": 1,
                "extras": 0,
                "total": 1
              }
            },
            {
              "batter": "HB Shipley",
              "bowler": "J McKenzie",
              "non_striker": "KA Jamieson",
              "runs": {
                "batter": 1,
                "extras": 0,
                "total": 1
              }
            },
            {
              "batter": "KA Jamieson",
              "bowler": "J McKenzie",
              "non_striker": "HB Shipley",
              "runs": {
                "batter": 1,
                "extras": 0,
                "total": 1
              }
            }
          ]
        },
        {
          "over": 18,
          "deliveries": [
            {
              "batter": "KA Jamieson",
              "bowler": "DK Ferns",
              "non_striker": "HB Shipley",
              "runs": {
                "batter": 0,
                "extras": 0,
                "total": 0
              },
              "wickets": [
                {
                  "player_out": "KA Jamieson",
                  "fielders": [
                    {
                      "name": "WT O'Donnell"
                    }
                  ],
                  "kind": "caught"
                }
              ]
            },
            {
              "batter": "IS Sodhi",
              "bowler": "DK Ferns",
              "non_striker": "HB Shipley",
              "runs": {
                "batter": 0,
                "extras": 0,
                "total": 0
              }
            },
            {
              "batter": "IS Sodhi",
              "bowler": "DK Ferns",
              "non_striker": "HB Shipley",
              "runs": {
                "batter": 1,
                "extras": 0,
                "total": 1
              }
            },
            {
              "batter": "HB Shipley",
              "bowler": "DK Ferns",
              "non_striker": "IS Sodhi",
              "runs": {
                "batter": 0,
                "extras": 0,
                "total": 0
              },
              "wickets": [
                {
                  "player_out": "HB Shipley",
                  "fielders": [
                    {
                      "name": "BJ Jacobs"
                    }
                  ],
                  "kind": "caught"
                }
              ]
            },
            {
              "batter": "AW McKenzie",
              "bowler": "DK Ferns",
              "non_striker": "IS Sodhi",
              "runs": {
                "batter": 0,
                "extras": 0,
                "total": 0
              },
              "wickets": [
                {
                  "player_out": "AW McKenzie",
                  "fielders": [
                    {
                      "name": "SB Keene",
                      "substitute": true
                    }
                  ],
                  "kind": "caught"
                }
              ]
            },
            {
              "batter": "W O'Rourke",
              "bowler": "DK Ferns",
              "non_striker": "IS Sodhi",
              "runs": {
                "batter": 0,
                "extras": 0,
                "total": 0
              }
            }
          ]
        },
        {
          "over": 19,
          "deliveries": [
            {
              "batter": "IS Sodhi",
              "bowler": "J McKenzie",
              "non_striker": "W O'Rourke",
              "runs": {
                "batter": 0,
                "extras": 0,
                "total": 0
              }
            },
            {
              "batter": "IS Sodhi",
              "bowler": "J McKenzie",
              "non_striker": "W O'Rourke",
              "runs": {
                "batter": 0,
                "extras": 0,
                "total": 0
              },
              "wickets": [
                {
                  "player_out": "IS Sodhi",
                  "fielders": [
                    {
                      "name": "BJ Jacobs"
                    }
                  ],
                  "kind": "caught"
                }
              ]
            }
          ]
        }
      ],
      "powerplays": [
        {
          "from": 0.1,
          "to": 5.6,
          "type": "mandatory"
        }
      ],
      "target": {
        "overs": 20,
        "runs": 186
      }
    }
  ]
}