{
  "meta": {
    "data_version": "1.1.0",
    "created": "2025-01-26",
    "revision": 1
  },
  "info": {
    "balls_per_over": 6,
    "city": "Auckland",
    "dates": [
      "2025-01-23"
    ],
    "event": {
      "name": "Super Smash",
      "match_number": 23
    },
    "gender": "male",
    "match_type": "T20",
    "missing": [
      "player_of_match"
    ],
    "officials": {
      "match_referees": [
        "SRM Morris"
      ],
      "reserve_umpires": [
        "JD Birchall"
      ],
      "tv_umpires": [
        "T Semmens"
      ],
      "umpires": [
        "CM Brown",
        "CR Pryor"
      ]
    },
    "outcome": {
      "winner": "Auckland",
      "by": {
        "runs": 69
      }
    },
    "overs": 20,
    "players": {
      "Auckland": [
        "SM Solia",
        "SB Keene",
        "MS Chapman",
        "BJ Jacobs",
        "WT O'Donnell",
        "CD Fletcher",
        "J McKenzie",
        "LN Stackpole",
        "DK Ferns",
        "AL Olliver",
        "A Ashok"
      ],
      "Otago": [
        "DN Phillips",
        "JT Todd",
        "LC Johnson",
        "GD Phillips",
        "D Foxcroft",
        "MW Chu",
        "LI Georgeson",
        "BNJ Lockrose",
        "ATE Hazeldine",
        "JA Duffy",
        "MB Bacon"
      ]
    },
    "registry": {
      "people": {
        "A Ashok": "321be7e3",
        "AL Olliver": "9b05c1c1",
        "ATE Hazeldine": "33ad0ad9",
        "BJ Jacobs": "972f217b",
        "BNJ Lockrose": "aa8914ad",
        "CD Fletcher": "4af9f5d4",
        "CM Brown": "448f4f1c",
        "CR Pryor": "8d705d48",
        "D Foxcroft": "ed6894af",
        "DK Ferns": "f28c7456",
        "DN Phillips": "be0c9f5b",
        "GD Phillips": "9a46c4e5",
        "J McKenzie": "a1ad8978",
        "JA Duffy": "dadbdb68",
        "JD Birchall": "6ac472fb",
        "JT Todd": "d8417b91",
        "LC Johnson": "a573ad7a",
        "LI Georgeson": "6be7b49d",
        "LN Stackpole": "66c59019",
        "MB Bacon": "90701232",
        "MS Chapman": "7fa12533",
        "MW Chu": "ef9f75f8",
        "SB Keene": "6fb2d3a2",
        "SM Solia": "fd9f43bb",
        "SRM Morris": "74b402c6",
        "T Semmens": "3b471aa4",
        "WT O'Donnell": "730b57de"
      }
    },
    "season": "2024/25",
    "team_type": "club",
    "teams": [
      "Auckland",
      "Otago"
    ],
    "toss": {
      "decision": "bat",
      "winner": "Auckland"
    },
    "venue": "Eden Park Outer Oval, Auckland"
  },
  "innings": [
    {
      "team": "Auckland",
      "overs": [
        {
          "over": 0,
          "deliveries": [
            {
              "batter": "SM Solia",
              "bowler": "BNJ Lockrose",
              "non_striker": "SB Keene",
              "runs": {
                "batter": 0,
                "extras": 0,
                "total": 0
              }
            },
            {
              "batter": "SM Solia",
              "bowler": "BNJ Lockrose",
              "extras": {
                "wides": 5
              },
              "non_striker": "SB Keene",
              "runs": {
                "batter": 0,
                "extras": 5,
                "total": 5
              }
            },
            {
              "batter": "SM Solia",
              "bowler": "BNJ Lockrose",
              "non_striker": "SB Keene",
              "runs": {
                "batter": 0,
                "extras": 0,
                "total": 0
              }
            },
            {
              "batter": "SM Solia",
              "bowler": "BNJ Lockrose",
              "non_striker": "SB Keene",
              "runs": {
                "batter": 4,
                "extras": 0,
                "total": 4
              }
            },
            {
              "batter": "SM Solia",
              "bowler": "BNJ Lockrose",
              "non_striker": "SB Keene",
              "runs": {
                "batter": 4,
                "extras": 0,
                "total": 4
              }
            },
            {
              "batter": "SM Solia",
              "bowler": "BNJ Lockrose",
              "non_striker": "SB Keene",
              "runs": {
                "batter": 4,
                "extras": 0,
                "total": 4
              }
            },
            {
              "batter": "SM Solia",
              "bowler": "BNJ Lockrose",
              "non_striker": "SB Keene",
              "runs": {
                "batter": 4,
                "extras": 0,
                "total": 4
              }
            }
          ]
        },
        {
          "over": 1,
          "deliveries": [
            {
              "batter": "SB Keene",
              "bowler": "JA Duffy",
              "non_striker": "SM Solia",
              "runs": {
                "batter": 4,
                "extras": 0,
                "total": 4
              }
            },
            {
              "batter": "SB Keene",
              "bowler": "JA Duffy",
              "non_striker": "SM Solia",
              "runs": {
                "batter": 0,
                "extras": 0,
                "total": 0
              }
            },
            {
              "batter": "SB Keene",
              "bowler": "JA Duffy",
              "non_striker": "SM Solia",
              "runs": {
                "batter": 1,
                "extras": 0,
                "total": 1
              }
            },
            {
              "batter": "SM Solia",
              "bowler": "JA Duffy",
              "non_striker": "SB Keene",
              "runs": {
                "batter": 0,
                "extras": 0,
                "total": 0
              }
            },
            {
              "batter": "SM Solia",
              "bowler": "JA Duffy",
              "non_striker": "SB Keene",
              "runs": {
                "batter": 4,
                "extras": 0,
                "total": 4
              }
            },
            {
              "batter": "SM Solia",
              "bowler": "JA Duffy",
              "non_striker": "SB Keene",
              "runs": {
                "batter": 4,
                "extras": 0,
                "total": 4
              }
            }
          ]
        },
        {
          "over": 2,
          "deliveries": [
            {
              "batter": "SB Keene",
              "bowler": "ATE Hazeldine",
              "non_striker": "SM Solia",
              "runs": {
                "batter": 1,
                "extras": 0,
                "total": 1
              }
            },
            {
              "batter": "SM Solia",
              "bowler": "ATE Hazeldine",
              "non_striker": "SB Keene",
              "runs": {
                "batter": 0,
                "extras": 0,
                "total": 0
              },
              "wickets": [
                {
                  "player_out": "SM Solia",
                  "kind": "bowled"
                }
              ]
            },
            {
              "batter": "MS Chapman",
              "bowler": "ATE Hazeldine",
              "non_striker": "SB Keene",
              "runs": {
                "batter": 0,
                "extras": 0,
                "total": 0
              }
            },
            {
              "batter": "MS Chapman",
              "bowler": "ATE Hazeldine",
              "non_striker": "SB Keene",
              "runs": {
                "batter": 0,
                "extras": 0,
                "total": 0
              }
            },
            {
              "batter": "MS Chapman",
              "bowler": "ATE Hazeldine",
              "non_striker": "SB Keene",
              "runs": {
                "batter": 1,
                "extras": 0,
                "total": 1
              }
            },
            {
              "batter": "SB Keene",
              "bowler": "ATE Hazeldine",
              "non_striker": "MS Chapman",
              "runs": {
                "batter": 1,
                "extras": 0,
                "total": 1
              }
            }
          ]
        },
        {
          "over": 3,
          "deliveries": [
            {
              "batter": "SB Keene",
              "bowler": "JA Duffy",
              "non_striker": "MS Chapman",
              "runs": {
                "batter": 0,
                "extras": 0,
                "total": 0
              }
            },
            {
              "batter": "SB Keene",
              "bowler": "JA Duffy",
              "non_striker": "MS Chapman",
              "runs": {
                "batter": 1,
                "extras": 0,
                "total": 1
              }
            },
            {
              "batter": "MS Chapman",
              "bowler": "JA Duffy",
              "non_striker": "SB Keene",
              "runs": {
                "batter": 0,
                "extras": 0,
                "total": 0
              }
            },
            {
              "batter": "MS Chapman",
              "bowler": "JA Duffy",
              "non_striker": "SB Keene",
              "runs": {
                "batter": 1,
                "extras": 0,
                "total": 1
              }
            },
            {
              "batter": "SB Keene",
              "bowler": "JA Duffy",
              "non_striker": "MS Chapman",
              "runs": {
                "batter": 1,
                "extras": 0,
                "total": 1
              }
            },
            {
              "batter": "MS Chapman",
              "bowler": "JA Duffy",
              "non_striker": "SB Keene",
              "runs": {
                "batter": 1,
                "extras": 0,
                "total": 1
              }
            }
          ]
        },
        {
          "over": 4,
          "deliveries": [
            {
              "batter": "MS Chapman",
              "bowler": "ATE Hazeldine",
              "non_striker": "SB Keene",
              "runs": {
                "batter": 4,
                "extras": 0,
                "total": 4
              }
            },
            {
              "batter": "MS Chapman",
              "bowler": "ATE Hazeldine",
              "non_striker": "SB Keene",
              "runs": {
                "batter": 1,
                "extras": 0,
                "total": 1
              }
            },
            {
              "batter": "SB Keene",
              "bowler": "ATE Hazeldine",
              "non_striker": "MS Chapman",
              "runs": {
                "batter": 0,
                "extras": 0,
                "total": 0
              },
              "wickets": [
                {
                  "player_out": "SB Keene",
                  "fielders": [
                    {
                      "name": "DN Phillips"
                    }
                  ],
                  "kind": "caught"
                }
              ]
            },
            {
              "batter": "BJ Jacobs",
              "bowler": "ATE Hazeldine",
              "non_striker": "MS Chapman",
              "runs": {
                "batter": 1,
                "extras": 0,
                "total": 1
              }
            },
            {
              "batter": "MS Chapman",
              "bowler": "ATE Hazeldine",
              "non_striker": "BJ Jacobs",
              "runs": {
                "batter": 0,
                "extras": 0,
                "total": 0
              }
            },
            {
              "batter": "MS Chapman",
              "bowler": "ATE Hazeldine",
              "non_striker": "BJ Jacobs",
              "runs": {
                "batter": 0,
                "extras": 0,
                "total": 0
              }
            }
          ]
        },
        {
          "over": 5,
          "deliveries": [
            {
              "batter": "BJ Jacobs",
              "bowler": "LI Georgeson",
              "non_striker": "MS Chapman",
              "runs": {
                "batter": 1,
                "extras": 0,
                "total": 1
              }
            },
            {
              "batter": "MS Chapman",
              "bowler": "LI Georgeson",
              "non_striker": "BJ Jacobs",
              "runs": {
                "batter": 4,
                "extras": 0,
                "total": 4
              }
            },
            {
              "batter": "MS Chapman",
              "bowler": "LI Georgeson",
              "non_striker": "BJ Jacobs",
              "runs": {
                "batter": 6,
                "extras": 0,
                "total": 6
              }
            },
            {
              "batter": "MS Chapman",
              "bowler": "LI Georgeson",
              "non_striker": "BJ Jacobs",
              "runs": {
                "batter": 1,
                "extras": 0,
                "total": 1
              }
            },
            {
              "batter": "BJ Jacobs",
              "bowler": "LI Georgeson",
              "non_striker": "MS Chapman",
              "runs": {
                "batter": 1,
                "extras": 0,
                "total": 1
              }
            },
            {
              "batter": "MS Chapman",
              "bowler": "LI Georgeson",
              "non_striker": "BJ Jacobs",
              "runs": {
                "batter": 1,
                "extras": 0,
                "total": 1
              }
            }
          ]
        },
        {
          "over": 6,
          "deliveries": [
            {
              "batter": "MS Chapman",
              "bowler": "ATE Hazeldine",
              "non_striker": "BJ Jacobs",
              "runs": {
                "batter": 4,
                "extras": 0,
                "total": 4
              }
            },
            {
              "batter": "MS Chapman",
              "bowler": "ATE Hazeldine",
              "non_striker": "BJ Jacobs",
              "runs": {
                "batter": 1,
                "extras": 0,
                "total": 1
              }
            },
            {
              "batter": "BJ Jacobs",
              "bowler": "ATE Hazeldine",
              "non_striker": "MS Chapman",
              "runs": {
                "batter": 0,
                "extras": 0,
                "total": 0
              }
            },
            {
              "batter": "BJ Jacobs",
              "bowler": "ATE Hazeldine",
              "non_striker": "MS Chapman",
              "runs": {
                "batter": 0,
                "extras": 0,
                "total": 0
              }
            },
            {
              "batter": "BJ Jacobs",
              "bowler": "ATE Hazeldine",
              "non_striker": "MS Chapman",
              "runs": {
                "batter": 0,
                "extras": 0,
                "total": 0
              }
            },
            {
              "batter": "BJ Jacobs",
              "bowler": "ATE Hazeldine",
              "non_striker": "MS Chapman",
              "runs": {
                "batter": 1,
                "extras": 0,
                "total": 1
              }
            }
          ]
        },
        {
          "over": 7,
          "deliveries": [
            {
              "batter": "BJ Jacobs",
              "bowler": "GD Phillips",
              "non_striker": "MS Chapman",
              "runs": {
                "batter": 1,
                "extras": 0,
                "total": 1
              }
            },
            {
              "batter": "MS Chapman",
              "bowler": "GD Phillips",
              "non_striker": "BJ Jacobs",
              "runs": {
                "batter": 1,
                "extras": 0,
                "total": 1
              }
            },
            {
              "batter": "BJ Jacobs",
              "bowler": "GD Phillips",
              "non_striker": "MS Chapman",
              "runs": {
                "batter": 0,
                "extras": 0,
                "total": 0
              }
            },
            {
              "batter": "BJ Jacobs",
              "bowler": "GD Phillips",
              "non_striker": "MS Chapman",
              "runs": {
                "batter": 0,
                "extras": 0,
                "total": 0
              }
            },
            {
              "batter": "BJ Jacobs",
              "bowler": "GD Phillips",
              "non_striker": "MS Chapman",
              "runs": {
                "batter": 6,
                "extras": 0,
                "total": 6
              }
            },
            {
              "batter": "BJ Jacobs",
              "bowler": "GD Phillips",
              "non_striker": "MS Chapman",
              "runs": {
                "batter": 6,
                "extras": 0,
                "total": 6
              }
            }
          ]
        },
        {
          "over": 8,
          "deliveries": [
            {
              "batter": "MS Chapman",
              "bowler": "ATE Hazeldine",
              "extras": {
                "wides": 1
              },
              "non_striker": "BJ Jacobs",
              "runs": {
                "batter": 0,
                "extras": 1,
                "total": 1
              }
            },
            {
              "batter": "MS Chapman",
              "bowler": "ATE Hazeldine",
              "non_striker": "BJ Jacobs",
              "runs": {
                "batter": 0,
                "extras": 0,
                "total": 0
              }
            },
            {
              "batter": "MS Chapman",
              "bowler": "ATE Hazeldine",
              "non_striker": "BJ Jacobs",
              "runs": {
                "batter": 1,
                "extras": 0,
                "total": 1
              }
            },
            {
              "batter": "BJ Jacobs",
              "bowler": "ATE Hazeldine",
              "non_striker": "MS Chapman",
              "runs": {
                "batter": 0,
                "extras": 0,
                "total": 0
              }
            },
            {
              "batter": "BJ Jacobs",
              "bowler": "ATE Hazeldine",
              "non_striker": "MS Chapman",
              "runs": {
                "batter": 0,
                "extras": 0,
                "total": 0
              }
            },
            {
              "batter": "BJ Jacobs",
              "bowler": "ATE Hazeldine",
              "non_striker": "MS Chapman",
              "runs": {
                "batter": 1,
                "extras": 0,
                "total": 1
              }
            },
            {
              "batter": "MS Chapman",
              "bowler": "ATE Hazeldine",
              "non_striker": "BJ Jacobs",
              "runs": {
                "batter": 1,
                "extras": 0,
                "total": 1
              }
            }
          ]
        },
        {
          "over": 9,
          "deliveries": [
            {
              "batter": "MS Chapman",
              "bowler": "MB Bacon",
              "non_striker": "BJ Jacobs",
              "runs": {
                "batter": 4,
                "extras": 0,
                "total": 4
              }
            },
            {
              "batter": "MS Chapman",
              "bowler": "MB Bacon",
              "non_striker": "BJ Jacobs",
              "runs": {
                "batter": 1,
                "extras": 0,
                "total": 1
              }
            },
            {
              "batter": "BJ Jacobs",
              "bowler": "MB Bacon",
              "non_striker": "MS Chapman",
              "runs": {
                "batter": 4,
                "extras": 0,
                "total": 4
              }
            },
            {
              "batter": "BJ Jacobs",
              "bowler": "MB Bacon",
              "non_striker": "MS Chapman",
              "runs": {
                "batter": 0,
                "extras": 0,
                "total": 0
              }
            },
            {
              "batter": "BJ Jacobs",
              "bowler": "MB Bacon",
              "non_striker": "MS Chapman",
              "runs": {
                "batter": 1,
                "extras": 0,
                "total": 1
              }
            },
            {
              "batter": "MS Chapman",
              "bowler": "MB Bacon",
              "non_striker": "BJ Jacobs",
              "runs": {
                "batter": 1,
                "extras": 0,
                "total": 1
              }
            }
          ]
        },
        {
          "over": 10,
          "deliveries": [
            {
              "batter": "MS Chapman",
              "bowler": "BNJ Lockrose",
              "non_striker": "BJ Jacobs",
              "runs": {
                "batter": 1,
                "extras": 0,
                "total": 1
              }
            },
            {
              "batter": "BJ Jacobs",
              "bowler": "BNJ Lockrose",
              "non_striker": "MS Chapman",
              "runs": {
                "batter": 1,
                "extras": 0,
                "total": 1
              }
            },
            {
              "batter": "MS Chapman",
              "bowler": "BNJ Lockrose",
              "non_striker": "BJ Jacobs",
              "runs": {
                "batter": 1,
                "extras": 0,
                "total": 1
              }
            },
            {
              "batter": "BJ Jacobs",
              "bowler": "BNJ Lockrose",
              "non_striker": "MS Chapman",
              "runs": {
                "batter": 0,
                "extras": 0,
                "total": 0
              }
            },
            {
              "batter": "BJ Jacobs",
              "bowler": "BNJ Lockrose",
              "non_striker": "MS Chapman",
              "runs": {
                "batter": 1,
                "extras": 0,
                "total": 1
              }
            },
            {
              "batter": "MS Chapman",
              "bowler": "BNJ Lockrose",
              "non_striker": "BJ Jacobs",
              "runs": {
                "batter": 1,
                "extras": 0,
                "total": 1
              }
            }
          ]
        },
        {
          "over": 11,
          "deliveries": [
            {
              "batter": "MS Chapman",
              "bowler": "D Foxcroft",
              "non_striker": "BJ Jacobs",
              "runs": {
                "batter": 6,
                "extras": 0,
                "total": 6
              }
            },
            {
              "batter": "MS Chapman",
              "bowler": "D Foxcroft",
              "non_striker": "BJ Jacobs",
              "runs": {
                "batter": 1,
                "extras": 0,
                "total": 1
              }
            },
            {
              "batter": "BJ Jacobs",
              "bowler": "D Foxcroft",
              "non_striker": "MS Chapman",
              "runs": {
                "batter": 1,
                "extras": 0,
                "total": 1
              }
            },
            {
              "batter": "MS Chapman",
              "bowler": "D Foxcroft",
              "non_striker": "BJ Jacobs",
              "runs": {
                "batter": 0,
                "extras": 0,
                "total": 0
              }
            },
            {
              "batter": "MS Chapman",
              "bowler": "D Foxcroft",
              "non_striker": "BJ Jacobs",
              "runs": {
                "batter": 6,
                "extras": 0,
                "total": 6
              }
            },
            {
              "batter": "MS Chapman",
              "bowler": "D Foxcroft",
              "non_striker": "BJ Jacobs",
              "runs": {
                "batter": 4,
                "extras": 0,
                "total": 4
              }
            }
          ]
        },
        {
          "over": 12,
          "deliveries": [
            {
              "batter": "BJ Jacobs",
              "bowler": "MB Bacon",
              "extras": {
                "wides": 1
              },
              "non_striker": "MS Chapman",
              "runs": {
                "batter": 0,
                "extras": 1,
                "total": 1
              }
            },
            {
              "batter": "BJ Jacobs",
              "bowler": "MB Bacon",
              "extras": {
                "wides": 1
              },
              "non_striker": "MS Chapman",
              "runs": {
                "batter": 0,
                "extras": 1,
                "total": 1
              }
            },
            {
              "batter": "BJ Jacobs",
              "bowler": "MB Bacon",
              "non_striker": "MS Chapman",
              "runs": {
                "batter": 0,
                "extras": 0,
                "total": 0
              }
            },
            {
              "batter": "BJ Jacobs",
              "bowler": "MB Bacon",
              "non_striker": "MS Chapman",
              "runs": {
                "batter": 1,
                "extras": 0,
                "total": 1
              }
            },
            {
              "batter": "MS Chapman",
              "bowler": "MB Bacon",
              "non_striker": "BJ Jacobs",
              "runs": {
                "batter": 1,
                "extras": 0,
                "total": 1
              }
            },
            {
              "batter": "BJ Jacobs",
              "bowler": "MB Bacon",
              "non_striker": "MS Chapman",
              "runs": {
                "batter": 1,
                "extras": 0,
                "total": 1
              }
            },
            {
              "batter": "MS Chapman",
              "bowler": "MB Bacon",
              "non_striker": "BJ Jacobs",
              "runs": {
                "batter": 0,
                "extras": 0,
                "total": 0
              }
            },
            {
              "batter": "MS Chapman",
              "bowler": "MB Bacon",
              "non_striker": "BJ Jacobs",
              "runs": {
                "batter": 1,
                "extras": 0,
                "total": 1
              }
            }
          ]
        },
        {
          "over": 13,
          "deliveries": [
            {
              "batter": "MS Chapman",
              "bowler": "JA Duffy",
              "non_striker": "BJ Jacobs",
              "runs": {
                "batter": 0,
                "extras": 0,
                "total": 0
              }
            },
            {
              "batter": "MS Chapman",
              "bowler": "JA Duffy",
              "non_striker": "BJ Jacobs",
              "runs": {
                "batter": 1,
                "extras": 0,
                "total": 1
              }
            },
            {
              "batter": "BJ Jacobs",
              "bowler": "JA Duffy",
              "non_striker": "MS Chapman",
              "runs": {
                "batter": 1,
                "extras": 0,
                "total": 1
              }
            },
            {
              "batter": "MS Chapman",
              "bowler": "JA Duffy",
              "non_striker": "BJ Jacobs",
              "runs": {
                "batter": 4,
                "extras": 0,
                "total": 4
              }
            },
            {
              "batter": "MS Chapman",
              "bowler": "JA Duffy",
              "non_striker": "BJ Jacobs",
              "runs": {
                "batter": 1,
                "extras": 0,
                "total": 1
              }
            },
            {
              "batter": "BJ Jacobs",
              "bowler": "JA Duffy",
              "non_striker": "MS Chapman",
              "runs": {
                "batter": 6,
                "extras": 0,
                "total": 6
              }
            }
          ]
        },
        {
          "over": 14,
          "deliveries": [
            {
              "batter": "MS Chapman",
              "bowler": "BNJ Lockrose",
              "non_striker": "BJ Jacobs",
              "runs": {
                "batter": 6,
                "extras": 0,
                "total": 6
              }
            },
            {
              "batter": "MS Chapman",
              "bowler": "BNJ Lockrose",
              "non_striker": "BJ Jacobs",
              "runs": {
                "batter": 0,
                "extras": 0,
                "total": 0
              },
              "wickets": [
                {
                  "player_out": "MS Chapman",
                  "kind": "bowled"
                }
              ]
            },
            {
              "batter": "WT O'Donnell",
              "bowler": "BNJ Lockrose",
              "non_striker": "BJ Jacobs",
              "runs": {
                "batter": 1,
                "extras": 0,
                "total": 1
              }
            },
            {
              "batter": "BJ Jacobs",
              "bowler": "BNJ Lockrose",
              "non_striker": "WT O'Donnell",
              "runs": {
                "batter": 1,
                "extras": 0,
                "total": 1
              }
            },
            {
              "batter": "WT O'Donnell",
              "bowler": "BNJ Lockrose",
              "non_striker": "BJ Jacobs",
              "runs": {
                "batter": 0,
                "extras": 0,
                "total": 0
              }
            },
            {
              "batter": "WT O'Donnell",
              "bowler": "BNJ Lockrose",
              "non_striker": "BJ Jacobs",
              "runs": {
                "batter": 1,
                "extras": 0,
                "total": 1
              }
            }
          ]
        },
        {
          "over": 15,
          "deliveries": [
            {
              "batter": "WT O'Donnell",
              "bowler": "MB Bacon",
              "non_striker": "BJ Jacobs",
              "runs": {
                "batter": 1,
                "extras": 0,
                "total": 1
              }
            },
            {
              "batter": "BJ Jacobs",
              "bowler": "MB Bacon",
              "non_striker": "WT O'Donnell",
              "runs": {
                "batter": 1,
                "extras": 0,
                "total": 1
              }
            },
            {
              "batter": "WT O'Donnell",
              "bowler": "MB Bacon",
              "non_striker": "BJ Jacobs",
              "runs": {
                "batter": 1,
                "extras": 0,
                "total": 1
              }
            },
            {
              "batter": "BJ Jacobs",
              "bowler": "MB Bacon",
              "non_striker": "WT O'Donnell",
              "runs": {
                "batter": 0,
                "extras": 0,
                "total": 0
              },
              "wickets": [
                {
                  "player_out": "BJ Jacobs",
                  "fielders": [
                    {
                      "name": "MW Chu"
                    }
                  ],
                  "kind": "caught"
                }
              ]
            },
            {
              "batter": "CD Fletcher",
              "bowler": "MB Bacon",
              "non_striker": "WT O'Donnell",
              "runs": {
                "batter": 1,
                "extras": 0,
                "total": 1
              }
            },
            {
              "batter": "WT O'Donnell",
              "bowler": "MB Bacon",
              "non_striker": "CD Fletcher",
              "runs": {
                "batter": 0,
                "extras": 0,
                "total": 0
              }
            }
          ]
        },
        {
          "over": 16,
          "deliveries": [
            {
              "batter": "CD Fletcher",
              "bowler": "BNJ Lockrose",
              "non_striker": "WT O'Donnell",
              "runs": {
                "batter": 0,
                "extras": 0,
                "total": 0
              }
            },
            {
              "batter": "CD Fletcher",
              "bowler": "BNJ Lockrose",
              "non_striker": "WT O'Donnell",
              "runs": {
                "batter": 0,
                "extras": 0,
                "total": 0
              }
            },
            {
              "batter": "CD Fletcher",
              "bowler": "BNJ Lockrose",
              "non_striker": "WT O'Donnell",
              "runs": {
                "batter": 0,
                "extras": 0,
                "total": 0
              }
            },
            {
              "batter": "CD Fletcher",
              "bowler": "BNJ Lockrose",
              "non_striker": "WT O'Donnell",
              "runs": {
                "batter": 1,
                "extras": 0,
                "total": 1
              }
            },
            {
              "batter": "WT O'Donnell",
              "bowler": "BNJ Lockrose",
              "non_striker": "CD Fletcher",
              "runs": {
                "batter": 6,
                "extras": 0,
                "total": 6
              }
            },
            {
              "batter": "WT O'Donnell",
              "bowler": "BNJ Lockrose",
              "non_striker": "CD Fletcher",
              "runs": {
                "batter": 2,
                "extras": 0,
                "total": 2
              }
            }
          ]
        },
        {
          "over": 17,
          "deliveries": [
            {
              "batter": "CD Fletcher",
              "bowler": "JA Duffy",
              "non_striker": "WT O'Donnell",
              "runs": {
                "batter": 4,
                "extras": 0,
                "total": 4
              }
            },
            {
              "batter": "CD Fletcher",
              "bowler": "JA Duffy",
              "non_striker": "WT O'Donnell",
              "runs": {
                "batter": 0,
                "extras": 0,
                "total": 0
              }
            },
            {
              "batter": "CD Fletcher",
              "bowler": "JA Duffy",
              "non_striker": "WT O'Donnell",
              "runs": {
                "batter": 0,
                "extras": 0,
                "total": 0
              },
              "wickets": [
                {
                  "player_out": "WT O'Donnell",
                  "fielders": [
                    {
                      "name": "LC Johnson"
                    }
                  ],
                  "kind": "run out"
                }
              ]
            },
            {
              "batter": "J McKenzie",
              "bowler": "JA Duffy",
              "non_striker": "CD Fletcher",
              "runs": {
                "batter": 4,
                "extras": 0,
                "total": 4
              }
            },
            {
              "batter": "J McKenzie",
              "bowler": "JA Duffy",
              "non_striker": "CD Fletcher",
              "runs": {
                "batter": 0,
                "extras": 0,
                "total": 0
              }
            },
            {
              "batter": "J McKenzie",
              "bowler": "JA Duffy",
              "non_striker": "CD Fletcher",
              "runs": {
                "batter": 0,
                "extras": 0,
                "total": 0
              }
            }
          ]
        },
        {
          "over": 18,
          "deliveries": [
            {
              "batter": "CD Fletcher",
              "bowler": "LI Georgeson",
              "non_striker": "J McKenzie",
              "runs": {
                "batter": 4,
                "extras": 0,
                "total": 4
              }
            },
            {
              "batter": "CD Fletcher",
              "bowler": "LI Georgeson",
              "non_striker": "J McKenzie",
              "runs": {
                "batter": 2,
                "extras": 0,
                "total": 2
              }
            },
            {
              "batter": "CD Fletcher",
              "bowler": "LI Georgeson",
              "non_striker": "J McKenzie",
              "runs": {
                "batter": 0,
                "extras": 0,
                "total": 0
              },
              "wickets": [
                {
                  "player_out": "CD Fletcher",
                  "fielders": [
                    {
                      "name": "LC Johnson"
                    }
                  ],
                  "kind": "caught"
                }
              ]
            },
            {
              "batter": "LN Stackpole",
              "bowler": "LI Georgeson",
              "non_striker": "J McKenzie",
              "runs": {
                "batter": 1,
                "extras": 0,
                "total": 1
              }
            },
            {
              "batter": "J McKenzie",
              "bowler": "LI Georgeson",
              "non_striker": "LN Stackpole",
              "runs": {
                "batter": 6,
                "extras": 0,
                "total": 6
              }
            },
            {
              "batter": "J McKenzie",
              "bowler": "LI Georgeson",
              "non_striker": "LN Stackpole",
              "runs": {
                "batter": 2,
                "extras": 0,
                "total": 2
              }
            }
          ]
        },
        {
          "over": 19,
          "deliveries": [
            {
              "batter": "LN Stackpole",
              "bowler": "MB Bacon",
              "non_striker": "J McKenzie",
              "runs": {
                "batter": 4,
                "extras": 0,
                "total": 4
              }
            },
            {
              "batter": "LN Stackpole",
              "bowler": "MB Bacon",
              "non_striker": "J McKenzie",
              "runs": {
                "batter": 4,
                "extras": 0,
                "total": 4
              }
            },
            {
              "batter": "LN Stackpole",
              "bowler": "MB Bacon",
              "non_striker": "J McKenzie",
              "runs": {
                "batter": 0,
                "extras": 0,
                "total": 0
              }
            },
            {
              "batter": "LN Stackpole",
              "bowler": "MB Bacon",
              "extras": {
                "legbyes": 1
              },
              "non_striker": "J McKenzie",
              "runs": {
                "batter": 0,
                "extras": 1,
                "total": 1
              }
            },
            {
              "batter": "J McKenzie",
              "bowler": "MB Bacon",
              "non_striker": "LN Stackpole",
              "runs": {
                "batter": 1,
                "extras": 0,
                "total": 1
              }
            },
            {
              "batter": "LN Stackpole",
              "bowler": "MB Bacon",
              "non_striker": "J McKenzie",
              "runs": {
                "batter": 4,
                "extras": 0,
                "total": 4
              }
            }
          ]
        }
      ],
      "powerplays": [
        {
          "from": 0.1,
          "to": 5.6,
          "type": "mandatory"
        }
      ]
    },
    {
      "team": "Otago",
      "overs": [
        {
          "over": 0,
          "deliveries": [
            {
              "batter": "DN Phillips",
              "bowler": "WT O'Donnell",
              "non_striker": "JT Todd",
              "runs": {
                "batter": 1,
                "extras": 0,
                "total": 1
              }
            },
            {
              "batter": "JT Todd",
              "bowler": "WT O'Donnell",
              "non_striker": "DN Phillips",
              "runs": {
                "batter": 4,
                "extras": 0,
                "total": 4
              }
            },
            {
              "batter": "JT Todd",
              "bowler": "WT O'Donnell",
              "non_striker": "DN Phillips",
              "runs": {
                "batter": 4,
                "extras": 0,
                "total": 4
              }
            },
            {
              "batter": "JT Todd",
              "bowler": "WT O'Donnell",
              "non_striker": "DN Phillips",
              "runs": {
                "batter": 0,
                "extras": 0,
                "total": 0
              }
            },
            {
              "batter": "JT Todd",
              "bowler": "WT O'Donnell",
              "non_striker": "DN Phillips",
              "runs": {
                "batter": 0,
                "extras": 0,
                "total": 0
              }
            },
            {
              "batter": "JT Todd",
              "bowler": "WT O'Donnell",
              "non_striker": "DN Phillips",
              "runs": {
                "batter": 6,
                "extras": 0,
                "total": 6
              }
            }
          ]
        },
        {
          "over": 1,
          "deliveries": [
            {
              "batter": "DN Phillips",
              "bowler": "DK Ferns",
              "non_striker": "JT Todd",
              "runs": {
                "batter": 4,
                "extras": 0,
                "total": 4
              }
            },
            {
              "batter": "DN Phillips",
              "bowler": "DK Ferns",
              "non_striker": "JT Todd",
              "runs": {
                "batter": 0,
                "extras": 0,
                "total": 0
              }
            },
            {
              "batter": "DN Phillips",
              "bowler": "DK Ferns",
              "non_striker": "JT Todd",
              "runs": {
                "batter": 1,
                "extras": 0,
                "total": 1
              }
            },
            {
              "batter": "JT Todd",
              "bowler": "DK Ferns",
              "non_striker": "DN Phillips",
              "runs": {
                "batter": 0,
                "extras": 0,
                "total": 0
              }
            },
            {
              "batter": "JT Todd",
              "bowler": "DK Ferns",
              "non_striker": "DN Phillips",
              "runs": {
                "batter": 1,
                "extras": 0,
                "total": 1
              }
            },
            {
              "batter": "DN Phillips",
              "bowler": "DK Ferns",
              "non_striker": "JT Todd",
              "runs": {
                "batter": 0,
                "extras": 0,
                "total": 0
              }
            }
          ]
        },
        {
          "over": 2,
          "deliveries": [
            {
              "batter": "JT Todd",
              "bowler": "SB Keene",
              "non_striker": "DN Phillips",
              "runs": {
                "batter": 0,
                "extras": 0,
                "total": 0
              }
            },
            {
              "batter": "JT Todd",
              "bowler": "SB Keene",
              "non_striker": "DN Phillips",
              "runs": {
                "batter": 1,
                "extras": 0,
                "total": 1
              }
            },
            {
              "batter": "DN Phillips",
              "bowler": "SB Keene",
              "non_striker": "JT Todd",
              "runs": {
                "batter": 1,
                "extras": 0,
                "total": 1
              }
            },
            {
              "batter": "JT Todd",
              "bowler": "SB Keene",
              "non_striker": "DN Phillips",
              "runs": {
                "batter": 0,
                "extras": 0,
                "total": 0
              },
              "wickets": [
                {
                  "player_out": "JT Todd",
                  "fielders": [
                    {
                      "name": "AL Olliver"
                    }
                  ],
                  "kind": "caught"
                }
              ]
            },
            {
              "batter": "LC Johnson",
              "bowler": "SB Keene",
              "non_striker": "DN Phillips",
              "runs": {
                "batter": 1,
                "extras": 0,
                "total": 1
              }
            },
            {
              "batter": "DN Phillips",
              "bowler": "SB Keene",
              "non_striker": "LC Johnson",
              "runs": {
                "batter": 0,
                "extras": 0,
                "total": 0
              }
            }
          ]
        },
        {
          "over": 3,
          "deliveries": [
            {
              "batter": "LC Johnson",
              "bowler": "AL Olliver",
              "non_striker": "DN Phillips",
              "runs": {
                "batter": 1,
                "extras": 0,
                "total": 1
              }
            },
            {
              "batter": "DN Phillips",
              "bowler": "AL Olliver",
              "non_striker": "LC Johnson",
              "runs": {
                "batter": 0,
                "extras": 0,
                "total": 0
              }
            },
            {
              "batter": "DN Phillips",
              "bowler": "AL Olliver",
              "non_striker": "LC Johnson",
              "runs": {
                "batter": 0,
                "extras": 0,
                "total": 0
              }
            },
            {
              "batter": "DN Phillips",
              "bowler": "AL Olliver",
              "non_striker": "LC Johnson",
              "runs": {
                "batter": 0,
                "extras": 0,
                "total": 0
              }
            },
            {
              "batter": "DN Phillips",
              "bowler": "AL Olliver",
              "non_striker": "LC Johnson",
              "runs": {
                "batter": 6,
                "extras": 0,
                "total": 6
              }
            },
            {
              "batter": "DN Phillips",
              "bowler": "AL Olliver",
              "non_striker": "LC Johnson",
              "runs": {
                "batter": 1,
                "extras": 0,
                "total": 1
              }
            }
          ]
        },
        {
          "over": 4,
          "deliveries": [
            {
              "batter": "DN Phillips",
              "bowler": "SB Keene",
              "non_striker": "LC Johnson",
              "runs": {
                "batter": 0,
                "extras": 0,
                "total": 0
              }
            },
            {
              "batter": "DN Phillips",
              "bowler": "SB Keene",
              "non_striker": "LC Johnson",
              "runs": {
                "batter": 4,
                "extras": 0,
                "total": 4
              }
            },
            {
              "batter": "DN Phillips",
              "bowler": "SB Keene",
              "non_striker": "LC Johnson",
              "runs": {
                "batter": 6,
                "extras": 0,
                "total": 6
              }
            },
            {
              "batter": "DN Phillips",
              "bowler": "SB Keene",
              "non_striker": "LC Johnson",
              "runs": {
                "batter": 1,
                "extras": 0,
                "total": 1
              }
            },
            {
              "batter": "LC Johnson",
              "bowler": "SB Keene",
              "non_striker": "DN Phillips",
              "runs": {
                "batter": 4,
                "extras": 0,
                "total": 4
              }
            },
            {
              "batter": "LC Johnson",
              "bowler": "SB Keene",
              "non_striker": "DN Phillips",
              "runs": {
                "batter": 1,
                "extras": 0,
                "total": 1
              }
            }
          ]
        },
        {
          "over": 5,
          "deliveries": [
            {
              "batter": "LC Johnson",
              "bowler": "DK Ferns",
              "non_striker": "DN Phillips",
              "runs": {
                "batter": 1,
                "extras": 0,
                "total": 1
              }
            },
            {
              "batter": "DN Phillips",
              "bowler": "DK Ferns",
              "non_striker": "LC Johnson",
              "runs": {
                "batter": 2,
                "extras": 0,
                "total": 2
              }
            },
            {
              "batter": "DN Phillips",
              "bowler": "DK Ferns",
              "non_striker": "LC Johnson",
              "runs": {
                "batter": 1,
                "extras": 0,
                "total": 1
              }
            },
            {
              "batter": "LC Johnson",
              "bowler": "DK Ferns",
              "non_striker": "DN Phillips",
              "runs": {
                "batter": 1,
                "extras": 0,
                "total": 1
              }
            },
            {
              "batter": "DN Phillips",
              "bowler": "DK Ferns",
              "non_striker": "LC Johnson",
              "runs": {
                "batter": 1,
                "extras": 0,
                "total": 1
              }
            },
            {
              "batter": "LC Johnson",
              "bowler": "DK Ferns",
              "non_striker": "DN Phillips",
              "runs": {
                "batter": 4,
                "extras": 0,
                "total": 4
              }
            }
          ]
        },
        {
          "over": 6,
          "deliveries": [
            {
              "batter": "DN Phillips",
              "bowler": "J McKenzie",
              "non_striker": "LC Johnson",
              "runs": {
                "batter": 1,
                "extras": 0,
                "total": 1
              }
            },
            {
              "batter": "LC Johnson",
              "bowler": "J McKenzie",
              "non_striker": "DN Phillips",
              "runs": {
                "batter": 4,
                "extras": 0,
                "total": 4
              }
            },
            {
              "batter": "LC Johnson",
              "bowler": "J McKenzie",
              "non_striker": "DN Phillips",
              "runs": {
                "batter": 1,
                "extras": 0,
                "total": 1
              }
            },
            {
              "batter": "DN Phillips",
              "bowler": "J McKenzie",
              "non_striker": "LC Johnson",
              "runs": {
                "batter": 6,
                "extras": 0,
                "total": 6
              }
            },
            {
              "batter": "DN Phillips",
              "bowler": "J McKenzie",
              "non_striker": "LC Johnson",
              "runs": {
                "batter": 2,
                "extras": 0,
                "total": 2
              }
            },
            {
              "batter": "DN Phillips",
              "bowler": "J McKenzie",
              "non_striker": "LC Johnson",
              "runs": {
                "batter": 1,
                "extras": 0,
                "total": 1
              }
            }
          ]
        },
        {
          "over": 7,
          "deliveries": [
            {
              "batter": "DN Phillips",
              "bowler": "A Ashok",
              "non_striker": "LC Johnson",
              "runs": {
                "batter": 1,
                "extras": 0,
                "total": 1
              }
            },
            {
              "batter": "LC Johnson",
              "bowler": "A Ashok",
              "non_striker": "DN Phillips",
              "runs": {
                "batter": 0,
                "extras": 0,
                "total": 0
              }
            },
            {
              "batter": "LC Johnson",
              "bowler": "A Ashok",
              "non_striker": "DN Phillips",
              "runs": {
                "batter": 1,
                "extras": 0,
                "total": 1
              }
            },
            {
              "batter": "DN Phillips",
              "bowler": "A Ashok",
              "non_striker": "LC Johnson",
              "runs": {
                "batter": 0,
                "extras": 0,
                "total": 0
              },
              "wickets": [
                {
                  "player_out": "DN Phillips",
                  "fielders": [
                    {
                      "name": "CD Fletcher"
                    }
                  ],
                  "kind": "caught"
                }
              ]
            },
            {
              "batter": "GD Phillips",
              "bowler": "A Ashok",
              "non_striker": "LC Johnson",
              "runs": {
                "batter": 0,
                "extras": 0,
                "total": 0
              }
            },
            {
              "batter": "GD Phillips",
              "bowler": "A Ashok",
              "non_striker": "LC Johnson",
              "runs": {
                "batter": 1,
                "extras": 0,
                "total": 1
              }
            }
          ]
        },
        {
          "over": 8,
          "deliveries": [
            {
              "batter": "GD Phillips",
              "bowler": "AL Olliver",
              "non_striker": "LC Johnson",
              "runs": {
                "batter": 1,
                "extras": 0,
                "total": 1
              }
            },
            {
              "batter": "LC Johnson",
              "bowler": "AL Olliver",
              "extras": {
                "wides": 1
              },
              "non_striker": "GD Phillips",
              "runs": {
                "batter": 0,
                "extras": 1,
                "total": 1
              }
            },
            {
              "batter": "LC Johnson",
              "bowler": "AL Olliver",
              "non_striker": "GD Phillips",
              "runs": {
                "batter": 4,
                "extras": 0,
                "total": 4
              }
            },
            {
              "batter": "LC Johnson",
              "bowler": "AL Olliver",
              "non_striker": "GD Phillips",
              "runs": {
                "batter": 1,
                "extras": 0,
                "total": 1
              }
            },
            {
              "batter": "GD Phillips",
              "bowler": "AL Olliver",
              "non_striker": "LC Johnson",
              "runs": {
                "batter": 2,
                "extras": 0,
                "total": 2
              }
            },
            {
              "batter": "GD Phillips",
              "bowler": "AL Olliver",
              "non_striker": "LC Johnson",
              "runs": {
                "batter": 1,
                "extras": 0,
                "total": 1
              }
            },
            {
              "batter": "LC Johnson",
              "bowler": "AL Olliver",
              "non_striker": "GD Phillips",
              "runs": {
                "batter": 1,
                "extras": 0,
                "total": 1
              }
            }
          ]
        },
        {
          "over": 9,
          "deliveries": [
            {
              "batter": "LC Johnson",
              "bowler": "A Ashok",
              "non_striker": "GD Phillips",
              "runs": {
                "batter": 1,
                "extras": 0,
                "total": 1
              }
            },
            {
              "batter": "GD Phillips",
              "bowler": "A Ashok",
              "non_striker": "LC Johnson",
              "runs": {
                "batter": 4,
                "extras": 0,
                "total": 4
              }
            },
            {
              "batter": "GD Phillips",
              "bowler": "A Ashok",
              "non_striker": "LC Johnson",
              "runs": {
                "batter": 2,
                "extras": 0,
                "total": 2
              }
            },
            {
              "batter": "GD Phillips",
              "bowler": "A Ashok",
              "non_striker": "LC Johnson",
              "runs": {
                "batter": 6,
                "extras": 0,
                "total": 6
              }
            },
            {
              "batter": "GD Phillips",
              "bowler": "A Ashok",
              "non_striker": "LC Johnson",
              "runs": {
                "batter": 0,
                "extras": 0,
                "total": 0
              }
            },
            {
              "batter": "GD Phillips",
              "bowler": "A Ashok",
              "non_striker": "LC Johnson",
              "runs": {
                "batter": 0,
                "extras": 0,
                "total": 0
              }
            }
          ]
        },
        {
          "over": 10,
          "deliveries": [
            {
              "batter": "LC Johnson",
              "bowler": "J McKenzie",
              "non_striker": "GD Phillips",
              "runs": {
                "batter": 2,
                "extras": 0,
                "total": 2
              }
            },
            {
              "batter": "LC Johnson",
              "bowler": "J McKenzie",
              "non_striker": "GD Phillips",
              "runs": {
                "batter": 1,
                "extras": 0,
                "total": 1
              }
            },
            {
              "batter": "GD Phillips",
              "bowler": "J McKenzie",
              "non_striker": "LC Johnson",
              "runs": {
                "batter": 4,
                "extras": 0,
                "total": 4
              }
            },
            {
              "batter": "GD Phillips",
              "bowler": "J McKenzie",
              "non_striker": "LC Johnson",
              "runs": {
                "batter": 0,
                "extras": 0,
                "total": 0
              }
            },
            {
              "batter": "GD Phillips",
              "bowler": "J McKenzie",
              "non_striker": "LC Johnson",
              "runs": {
                "batter": 0,
                "extras": 0,
                "total": 0
              }
            },
            {
              "batter": "GD Phillips",
              "bowler": "J McKenzie",
              "non_striker": "LC Johnson",
              "runs": {
                "batter": 0,
                "extras": 0,
                "total": 0
              },
              "wickets": [
                {
                  "player_out": "GD Phillips",
                  "fielders": [
                    {
                      "name": "SB Keene"
                    }
                  ],
                  "kind": "caught"
                }
              ]
            }
          ]
        },
        {
          "over": 11,
          "deliveries": [
            {
              "batter": "LC Johnson",
              "bowler": "A Ashok",
              "non_striker": "D Foxcroft",
              "runs": {
                "batter": 1,
                "extras": 0,
                "total": 1
              }
            },
            {
              "batter": "D Foxcroft",
              "bowler": "A Ashok",
              "non_striker": "LC Johnson",
              "runs": {
                "batter": 0,
                "extras": 0,
                "total": 0
              }
            },
            {
              "batter": "D Foxcroft",
              "bowler": "A Ashok",
              "non_striker": "LC Johnson",
              "runs": {
                "batter": 0,
                "extras": 0,
                "total": 0
              },
              "wickets": [
                {
                  "player_out": "D Foxcroft",
                  "kind": "bowled"
                }
              ]
            },
            {
              "batter": "MW Chu",
              "bowler": "A Ashok",
              "non_striker": "LC Johnson",
              "runs": {
                "batter": 0,
                "extras": 0,
                "total": 0
              }
            },
            {
              "batter": "MW Chu",
              "bowler": "A Ashok",
              "non_striker": "LC Johnson",
              "runs": {
                "batter": 1,
                "extras": 0,
                "total": 1
              }
            },
            {
              "batter": "LC Johnson",
              "bowler": "A Ashok",
              "non_striker": "MW Chu",
              "runs": {
                "batter": 1,
                "extras": 0,
                "total": 1
              }
            }
          ]
        },
        {
          "over": 12,
          "deliveries": [
            {
              "batter": "LC Johnson",
              "bowler": "AL Olliver",
              "non_striker": "MW Chu",
              "runs": {
                "batter": 1,
                "extras": 0,
                "total": 1
              }
            },
            {
              "batter": "MW Chu",
              "bowler": "AL Olliver",
              "non_striker": "LC Johnson",
              "runs": {
                "batter": 0,
                "extras": 0,
                "total": 0
              }
            },
            {
              "batter": "MW Chu",
              "bowler": "AL Olliver",
              "non_striker": "LC Johnson",
              "runs": {
                "batter": 1,
                "extras": 0,
                "total": 1
              }
            },
            {
              "batter": "LC Johnson",
              "bowler": "AL Olliver",
              "non_striker": "MW Chu",
              "runs": {
                "batter": 0,
                "extras": 0,
                "total": 0
              },
              "wickets": [
                {
                  "player_out": "LC Johnson",
                  "fielders": [
                    {
                      "name": "LN Stackpole"
                    }
                  ],
                  "kind": "caught"
                }
              ]
            },
            {
              "batter": "LI Georgeson",
              "bowler": "AL Olliver",
              "non_striker": "MW Chu",
              "runs": {
                "batter": 1,
                "extras": 0,
                "total": 1
              }
            },
            {
              "batter": "MW Chu",
              "bowler": "AL Olliver",
              "non_striker": "LI Georgeson",
              "runs": {
                "batter": 1,
                "extras": 0,
                "total": 1
              }
            }
          ]
        },
        {
          "over": 13,
          "deliveries": [
            {
              "batter": "MW Chu",
              "bowler": "WT O'Donnell",
              "non_striker": "LI Georgeson",
              "runs": {
                "batter": 0,
                "extras": 0,
                "total": 0
              }
            },
            {
              "batter": "MW Chu",
              "bowler": "WT O'Donnell",
              "non_striker": "LI Georgeson",
              "runs": {
                "batter": 0,
                "extras": 0,
                "total": 0
              },
              "wickets": [
                {
                  "player_out": "MW Chu",
                  "fielders": [
                    {
                      "name": "J McKenzie"
                    }
                  ],
                  "kind": "caught"
                }
              ]
            },
            {
              "batter": "BNJ Lockrose",
              "bowler": "WT O'Donnell",
              "non_striker": "LI Georgeson",
              "runs": {
                "batter": 0,
                "extras": 0,
                "total": 0
              }
            },
            {
              "batter": "BNJ Lockrose",
              "bowler": "WT O'Donnell",
              "non_striker": "LI Georgeson",
              "runs": {
                "batter": 1,
                "extras": 0,
                "total": 1
              }
            },
            {
              "batter": "LI Georgeson",
              "bowler": "WT O'Donnell",
              "non_striker": "BNJ Lockrose",
              "runs": {
                "batter": 0,
                "extras": 0,
                "total": 0
              }
            },
            {
              "batter": "LI Georgeson",
              "bowler": "WT O'Donnell",
              "non_striker": "BNJ Lockrose",
              "runs": {
                "batter": 1,
                "extras": 0,
                "total": 1
              }
            }
          ]
        },
        {
          "over": 14,
          "deliveries": [
            {
              "batter": "LI Georgeson",
              "bowler": "SB Keene",
              "non_striker": "BNJ Lockrose",
              "runs": {
                "batter": 0,
                "extras": 0,
                "total": 0
              }
            },
            {
              "batter": "LI Georgeson",
              "bowler": "SB Keene",
              "extras": {
                "wides": 1
              },
              "non_striker": "BNJ Lockrose",
              "runs": {
                "batter": 0,
                "extras": 1,
                "total": 1
              }
            },
            {
              "batter": "LI Georgeson",
              "bowler": "SB Keene",
              "non_striker": "BNJ Lockrose",
              "runs": {
                "batter": 1,
                "extras": 0,
                "total": 1
              }
            },
            {
              "batter": "BNJ Lockrose",
              "bowler": "SB Keene",
              "non_striker": "LI Georgeson",
              "runs": {
                "batter": 6,
                "extras": 0,
                "total": 6
              }
            },
            {
              "batter": "BNJ Lockrose",
              "bowler": "SB Keene",
              "non_striker": "LI Georgeson",
              "runs": {
                "batter": 1,
                "extras": 0,
                "total": 1
              }
            },
            {
              "batter": "LI Georgeson",
              "bowler": "SB Keene",
              "non_striker": "BNJ Lockrose",
              "runs": {
                "batter": 0,
                "extras": 0,
                "total": 0
              },
              "wickets": [
                {
                  "player_out": "LI Georgeson",
                  "kind": "caught and bowled"
                }
              ]
            },
            {
              "batter": "ATE Hazeldine",
              "bowler": "SB Keene",
              "non_striker": "BNJ Lockrose",
              "runs": {
                "batter": 0,
                "extras": 0,
                "total": 0
              }
            }
          ]
        },
        {
          "over": 15,
          "deliveries": [
            {
              "batter": "BNJ Lockrose",
              "bowler": "A Ashok",
              "non_striker": "ATE Hazeldine",
              "runs": {
                "batter": 1,
                "extras": 0,
                "total": 1
              }
            },
            {
              "batter": "ATE Hazeldine",
              "bowler": "A Ashok",
              "non_striker": "BNJ Lockrose",
              "runs": {
                "batter": 0,
                "extras": 0,
                "total": 0
              }
            },
            {
              "batter": "ATE Hazeldine",
              "bowler": "A Ashok",
              "non_striker": "BNJ Lockrose",
              "runs": {
                "batter": 0,
                "extras": 0,
                "total": 0
              },
              "wickets": [
                {
                  "player_out": "ATE Hazeldine",
                  "fielders": [
                    {
                      "name": "CD Fletcher"
                    }
                  ],
                  "kind": "caught"
                }
              ]
            },
            {
              "batter": "JA Duffy",
              "bowler": "A Ashok",
              "non_striker": "BNJ Lockrose",
              "runs": {
                "batter": 1,
                "extras": 0,
                "total": 1
              }
            },
            {
              "batter": "BNJ Lockrose",
              "bowler": "A Ashok",
              "non_striker": "JA Duffy",
              "runs": {
                "batter": 1,
                "extras": 0,
                "total": 1
              }
            },
            {
              "batter": "JA Duffy",
              "bowler": "A Ashok",
              "non_striker": "BNJ Lockrose",
              "runs": {
                "batter": 0,
                "extras": 0,
                "total": 0
              }
            }
          ]
        },
        {
          "over": 16,
          "deliveries": [
            {
              "batter": "BNJ Lockrose",
              "bowler": "DK Ferns",
              "non_striker": "JA Duffy",
              "runs": {
                "batter": 0,
                "extras": 0,
                "total": 0
              },
              "wickets": [
                {
                  "player_out": "BNJ Lockrose",
                  "fielders": [
                    {
                      "name": "J McKenzie"
                    }
                  ],
                  "kind": "caught"
                }
              ]
            },
            {
              "batter": "MB Bacon",
              "bowler": "DK Ferns",
              "non_striker": "JA Duffy",
              "runs": {
                "batter": 0,
                "extras": 0,
                "total": 0
              },
              "wickets": [
                {
                  "player_out": "MB Bacon",
                  "fielders": [
                    {
                      "name": "SB Keene"
                    }
                  ],
                  "kind": "caught"
                }
              ]
            }
          ]
        }
      ],
      "powerplays": [
        {
          "from": 0.1,
          "to": 5.6,
          "type": "mandatory"
        }
      ],
      "target": {
        "overs": 20,
        "runs": 198
      }
    }
  ]
}