{
  "meta": {
    "data_version": "1.1.0",
    "created": "2025-01-07",
    "revision": 1
  },
  "info": {
    "balls_per_over": 6,
    "city": "Christchurch",
    "dates": [
      "2025-01-07"
    ],
    "event": {
      "name": "Super Smash",
      "match_number": 9
    },
    "gender": "male",
    "match_type": "T20",
    "officials": {
      "match_referees": [
        "SRM Morris"
      ],
      "reserve_umpires": [
        "T Semmens"
      ],
      "tv_umpires": [
        "KS Jagannathan"
      ],
      "umpires": [
        "CM Brown",
        "Glen Walklin"
      ]
    },
    "outcome": {
      "winner": "Otago",
      "by": {
        "wickets": 5
      }
    },
    "overs": 20,
    "players": {
      "Canterbury": [
        "CJ Bowes",
        "RA Mariu",
        "MWT Boyle",
        "CE McConchie",
        "HJ Chamberlain",
        "MJG Rippon",
        "ZGF Foulkes",
        "HB Shipley",
        "KA Jamieson",
        "IS Sodhi",
        "MD Rae"
      ],
      "Otago": [
        "DN Phillips",
        "JT Todd",
        "LC Johnson",
        "D Foxcroft",
        "LJ Carter",
        "MW Chu",
        "LI Georgeson",
        "BNJ Lockrose",
        "ATE Hazeldine",
        "MB Bacon",
        "M Clarke"
      ]
    },
    "registry": {
      "people": {
        "ATE Hazeldine": "33ad0ad9",
        "BNJ Lockrose": "aa8914ad",
        "CE McConchie": "d285acaf",
        "CJ Bowes": "45df0e72",
        "CM Brown": "448f4f1c",
        "D Foxcroft": "ed6894af",
        "DN Phillips": "be0c9f5b",
        "Glen Walklin": "0070ed27",
        "HB Shipley": "5426de63",
        "HJ Chamberlain": "1d7c927b",
        "IS Sodhi": "641ac5ff",
        "JT Todd": "d8417b91",
        "KA Jamieson": "68c56d09",
        "KS Jagannathan": "9bc8dcec",
        "LC Johnson": "a573ad7a",
        "LI Georgeson": "6be7b49d",
        "LJ Carter": "dfb51f40",
        "M Clarke": "7ea2141b",
        "MB Bacon": "90701232",
        "MD Rae": "1c06d60a",
        "MJG Rippon": "b03db6fa",
        "MW Chu": "ef9f75f8",
        "MWT Boyle": "b42d5053",
        "RA Mariu": "6d816d13",
        "SRM Morris": "74b402c6",
        "T Semmens": "3b471aa4",
        "ZGF Foulkes": "30f92334"
      }
    },
    "season": "2024/25",
    "team_type": "club",
    "teams": [
      "Canterbury",
      "Otago"
    ],
    "toss": {
      "decision": "field",
      "winner": "Otago"
    },
    "venue": "Hagley Oval, Christchurch"
  },
  "innings": [
    {
      "team": "Canterbury",
      "overs": [
        {
          "over": 0,
          "deliveries": [
            {
              "batter": "CJ Bowes",
              "bowler": "BNJ Lockrose",
              "non_striker": "RA Mariu",
              "runs": {
                "batter": 0,
                "extras": 0,
                "total": 0
              }
            },
            {
              "batter": "CJ Bowes",
              "bowler": "BNJ Lockrose",
              "non_striker": "RA Mariu",
              "runs": {
                "batter": 0,
                "extras": 0,
                "total": 0
              }
            },
            {
              "batter": "CJ Bowes",
              "bowler": "BNJ Lockrose",
              "non_striker": "RA Mariu",
              "runs": {
                "batter": 3,
                "extras": 0,
                "total": 3
              }
            },
            {
              "batter": "RA Mariu",
              "bowler": "BNJ Lockrose",
              "non_striker": "CJ Bowes",
              "runs": {
                "batter": 2,
                "extras": 0,
                "total": 2
              }
            },
            {
              "batter": "RA Mariu",
              "bowler": "BNJ Lockrose",
              "non_striker": "CJ Bowes",
              "runs": {
                "batter": 0,
                "extras": 0,
                "total": 0
              }
            },
            {
              "batter": "RA Mariu",
              "bowler": "BNJ Lockrose",
              "non_striker": "CJ Bowes",
              "runs": {
                "batter": 2,
                "extras": 0,
                "total": 2
              }
            }
          ]
        },
        {
          "over": 1,
          "deliveries": [
            {
              "batter": "CJ Bowes",
              "bowler": "LI Georgeson",
              "non_striker": "RA Mariu",
              "runs": {
                "batter": 2,
                "extras": 0,
                "total": 2
              }
            },
            {
              "batter": "CJ Bowes",
              "bowler": "LI Georgeson",
              "non_striker": "RA Mariu",
              "runs": {
                "batter": 1,
                "extras": 0,
                "total": 1
              }
            },
            {
              "batter": "RA Mariu",
              "bowler": "LI Georgeson",
              "non_striker": "CJ Bowes",
              "runs": {
                "batter": 1,
                "extras": 0,
                "total": 1
              }
            },
            {
              "batter": "CJ Bowes",
              "bowler": "LI Georgeson",
              "non_striker": "RA Mariu",
              "runs": {
                "batter": 0,
                "extras": 0,
                "total": 0
              }
            },
            {
              "batter": "CJ Bowes",
              "bowler": "LI Georgeson",
              "non_striker": "RA Mariu",
              "runs": {
                "batter": 1,
                "extras": 0,
                "total": 1
              }
            },
            {
              "batter": "RA Mariu",
              "bowler": "LI Georgeson",
              "non_striker": "CJ Bowes",
              "runs": {
                "batter": 0,
                "extras": 0,
                "total": 0
              }
            }
          ]
        },
        {
          "over": 2,
          "deliveries": [
            {
              "batter": "CJ Bowes",
              "bowler": "ATE Hazeldine",
              "non_striker": "RA Mariu",
              "runs": {
                "batter": 0,
                "extras": 0,
                "total": 0
              },
              "wickets": [
                {
                  "player_out": "CJ Bowes",
                  "fielders": [
                    {
                      "name": "DN Phillips"
                    }
                  ],
                  "kind": "caught"
                }
              ]
            },
            {
              "batter": "MWT Boyle",
              "bowler": "ATE Hazeldine",
              "non_striker": "RA Mariu",
              "runs": {
                "batter": 2,
                "extras": 0,
                "total": 2
              }
            },
            {
              "batter": "MWT Boyle",
              "bowler": "ATE Hazeldine",
              "non_striker": "RA Mariu",
              "runs": {
                "batter": 0,
                "extras": 0,
                "total": 0
              }
            },
            {
              "batter": "MWT Boyle",
              "bowler": "ATE Hazeldine",
              "non_striker": "RA Mariu",
              "runs": {
                "batter": 1,
                "extras": 0,
                "total": 1
              }
            },
            {
              "batter": "RA Mariu",
              "bowler": "ATE Hazeldine",
              "non_striker": "MWT Boyle",
              "runs": {
                "batter": 2,
                "extras": 0,
                "total": 2
              }
            },
            {
              "batter": "RA Mariu",
              "bowler": "ATE Hazeldine",
              "non_striker": "MWT Boyle",
              "runs": {
                "batter": 0,
                "extras": 0,
                "total": 0
              },
              "wickets": [
                {
                  "player_out": "RA Mariu",
                  "fielders": [
                    {
                      "name": "JT Todd"
                    }
                  ],
                  "kind": "caught"
                }
              ]
            }
          ]
        },
        {
          "over": 3,
          "deliveries": [
            {
              "batter": "MWT Boyle",
              "bowler": "M Clarke",
              "non_striker": "CE McConchie",
              "runs": {
                "batter": 0,
                "extras": 0,
                "total": 0
              }
            },
            {
              "batter": "MWT Boyle",
              "bowler": "M Clarke",
              "non_striker": "CE McConchie",
              "runs": {
                "batter": 4,
                "extras": 0,
                "total": 4
              }
            },
            {
              "batter": "MWT Boyle",
              "bowler": "M Clarke",
              "non_striker": "CE McConchie",
              "runs": {
                "batter": 4,
                "extras": 0,
                "total": 4
              }
            },
            {
              "batter": "MWT Boyle",
              "bowler": "M Clarke",
              "non_striker": "CE McConchie",
              "runs": {
                "batter": 1,
                "extras": 0,
                "total": 1
              }
            },
            {
              "batter": "CE McConchie",
              "bowler": "M Clarke",
              "non_striker": "MWT Boyle",
              "runs": {
                "batter": 1,
                "extras": 0,
                "total": 1
              }
            },
            {
              "batter": "MWT Boyle",
              "bowler": "M Clarke",
              "non_striker": "CE McConchie",
              "runs": {
                "batter": 4,
                "extras": 0,
                "total": 4
              }
            }
          ]
        },
        {
          "over": 4,
          "deliveries": [
            {
              "batter": "CE McConchie",
              "bowler": "ATE Hazeldine",
              "non_striker": "MWT Boyle",
              "runs": {
                "batter": 0,
                "extras": 0,
                "total": 0
              }
            },
            {
              "batter": "CE McConchie",
              "bowler": "ATE Hazeldine",
              "non_striker": "MWT Boyle",
              "runs": {
                "batter": 0,
                "extras": 0,
                "total": 0
              }
            },
            {
              "batter": "CE McConchie",
              "bowler": "ATE Hazeldine",
              "non_striker": "MWT Boyle",
              "runs": {
                "batter": 0,
                "extras": 0,
                "total": 0
              }
            },
            {
              "batter": "CE McConchie",
              "bowler": "ATE Hazeldine",
              "non_striker": "MWT Boyle",
              "runs": {
                "batter": 0,
                "extras": 0,
                "total": 0
              }
            },
            {
              "batter": "CE McConchie",
              "bowler": "ATE Hazeldine",
              "non_striker": "MWT Boyle",
              "runs": {
                "batter": 1,
                "extras": 0,
                "total": 1
              }
            },
            {
              "batter": "MWT Boyle",
              "bowler": "ATE Hazeldine",
              "non_striker": "CE McConchie",
              "runs": {
                "batter": 4,
                "extras": 0,
                "total": 4
              }
            }
          ]
        },
        {
          "over": 5,
          "deliveries": [
            {
              "batter": "CE McConchie",
              "bowler": "MB Bacon",
              "non_striker": "MWT Boyle",
              "runs": {
                "batter": 0,
                "extras": 0,
                "total": 0
              }
            },
            {
              "batter": "CE McConchie",
              "bowler": "MB Bacon",
              "non_striker": "MWT Boyle",
              "runs": {
                "batter": 2,
                "extras": 0,
                "total": 2
              }
            },
            {
              "batter": "CE McConchie",
              "bowler": "MB Bacon",
              "non_striker": "MWT Boyle",
              "runs": {
                "batter": 1,
                "extras": 0,
                "total": 1
              }
            },
            {
              "batter": "MWT Boyle",
              "bowler": "MB Bacon",
              "non_striker": "CE McConchie",
              "runs": {
                "batter": 0,
                "extras": 0,
                "total": 0
              }
            },
            {
              "batter": "MWT Boyle",
              "bowler": "MB Bacon",
              "non_striker": "CE McConchie",
              "runs": {
                "batter": 4,
                "extras": 0,
                "total": 4
              }
            },
            {
              "batter": "MWT Boyle",
              "bowler": "MB Bacon",
              "non_striker": "CE McConchie",
              "runs": {
                "batter": 1,
                "extras": 0,
                "total": 1
              }
            }
          ]
        },
        {
          "over": 6,
          "deliveries": [
            {
              "batter": "MWT Boyle",
              "bowler": "BNJ Lockrose",
              "non_striker": "CE McConchie",
              "runs": {
                "batter": 1,
                "extras": 0,
                "total": 1
              }
            },
            {
              "batter": "CE McConchie",
              "bowler": "BNJ Lockrose",
              "non_striker": "MWT Boyle",
              "runs": {
                "batter": 2,
                "extras": 0,
                "total": 2
              }
            },
            {
              "batter": "CE McConchie",
              "bowler": "BNJ Lockrose",
              "non_striker": "MWT Boyle",
              "runs": {
                "batter": 1,
                "extras": 0,
                "total": 1
              }
            },
            {
              "batter": "MWT Boyle",
              "bowler": "BNJ Lockrose",
              "non_striker": "CE McConchie",
              "runs": {
                "batter": 2,
                "extras": 0,
                "total": 2
              }
            },
            {
              "batter": "MWT Boyle",
              "bowler": "BNJ Lockrose",
              "non_striker": "CE McConchie",
              "runs": {
                "batter": 1,
                "extras": 0,
                "total": 1
              }
            },
            {
              "batter": "CE McConchie",
              "bowler": "BNJ Lockrose",
              "non_striker": "MWT Boyle",
              "runs": {
                "batter": 1,
                "extras": 0,
                "total": 1
              }
            }
          ]
        },
        {
          "over": 7,
          "deliveries": [
            {
              "batter": "CE McConchie",
              "bowler": "D Foxcroft",
              "non_striker": "MWT Boyle",
              "runs": {
                "batter": 1,
                "extras": 0,
                "total": 1
              }
            },
            {
              "batter": "MWT Boyle",
              "bowler": "D Foxcroft",
              "non_striker": "CE McConchie",
              "runs": {
                "batter": 1,
                "extras": 0,
                "total": 1
              }
            },
            {
              "batter": "CE McConchie",
              "bowler": "D Foxcroft",
              "non_striker": "MWT Boyle",
              "runs": {
                "batter": 1,
                "extras": 0,
                "total": 1
              }
            },
            {
              "batter": "MWT Boyle",
              "bowler": "D Foxcroft",
              "non_striker": "CE McConchie",
              "runs": {
                "batter": 1,
                "extras": 0,
                "total": 1
              }
            },
            {
              "batter": "CE McConchie",
              "bowler": "D Foxcroft",
              "non_striker": "MWT Boyle",
              "runs": {
                "batter": 1,
                "extras": 0,
                "total": 1
              }
            },
            {
              "batter": "MWT Boyle",
              "bowler": "D Foxcroft",
              "non_striker": "CE McConchie",
              "runs": {
                "batter": 0,
                "extras": 0,
                "total": 0
              }
            }
          ]
        },
        {
          "over": 8,
          "deliveries": [
            {
              "batter": "CE McConchie",
              "bowler": "LI Georgeson",
              "non_striker": "MWT Boyle",
              "runs": {
                "batter": 1,
                "extras": 0,
                "total": 1
              }
            },
            {
              "batter": "MWT Boyle",
              "bowler": "LI Georgeson",
              "non_striker": "CE McConchie",
              "runs": {
                "batter": 1,
                "extras": 0,
                "total": 1
              }
            },
            {
              "batter": "CE McConchie",
              "bowler": "LI Georgeson",
              "non_striker": "MWT Boyle",
              "runs": {
                "batter": 1,
                "extras": 0,
                "total": 1
              }
            },
            {
              "batter": "MWT Boyle",
              "bowler": "LI Georgeson",
              "non_striker": "CE McConchie",
              "runs": {
                "batter": 0,
                "extras": 0,
                "total": 0
              }
            },
            {
              "batter": "MWT Boyle",
              "bowler": "LI Georgeson",
              "non_striker": "CE McConchie",
              "runs": {
                "batter": 2,
                "extras": 0,
                "total": 2
              }
            },
            {
              "batter": "MWT Boyle",
              "bowler": "LI Georgeson",
              "non_striker": "CE McConchie",
              "runs": {
                "batter": 1,
                "extras": 0,
                "total": 1
              }
            }
          ]
        },
        {
          "over": 9,
          "deliveries": [
            {
              "batter": "MWT Boyle",
              "bowler": "M Clarke",
              "non_striker": "CE McConchie",
              "runs": {
                "batter": 1,
                "extras": 0,
                "total": 1
              }
            },
            {
              "batter": "CE McConchie",
              "bowler": "M Clarke",
              "non_striker": "MWT Boyle",
              "runs": {
                "batter": 1,
                "extras": 0,
                "total": 1
              }
            },
            {
              "batter": "MWT Boyle",
              "bowler": "M Clarke",
              "non_striker": "CE McConchie",
              "runs": {
                "batter": 6,
                "extras": 0,
                "total": 6
              }
            },
            {
              "batter": "MWT Boyle",
              "bowler": "M Clarke",
              "non_striker": "CE McConchie",
              "runs": {
                "batter": 1,
                "extras": 0,
                "total": 1
              }
            },
            {
              "batter": "CE McConchie",
              "bowler": "M Clarke",
              "non_striker": "MWT Boyle",
              "runs": {
                "batter": 1,
                "extras": 0,
                "total": 1
              }
            },
            {
              "batter": "MWT Boyle",
              "bowler": "M Clarke",
              "non_striker": "CE McConchie",
              "runs": {
                "batter": 1,
                "extras": 0,
                "total": 1
              }
            }
          ]
        },
        {
          "over": 10,
          "deliveries": [
            {
              "batter": "MWT Boyle",
              "bowler": "BNJ Lockrose",
              "non_striker": "CE McConchie",
              "runs": {
                "batter": 2,
                "extras": 0,
                "total": 2
              }
            },
            {
              "batter": "MWT Boyle",
              "bowler": "BNJ Lockrose",
              "non_striker": "CE McConchie",
              "runs": {
                "batter": 1,
                "extras": 0,
                "total": 1
              }
            },
            {
              "batter": "CE McConchie",
              "bowler": "BNJ Lockrose",
              "non_striker": "MWT Boyle",
              "runs": {
                "batter": 0,
                "extras": 0,
                "total": 0
              },
              "wickets": [
                {
                  "player_out": "CE McConchie",
                  "fielders": [
                    {
                      "name": "D Foxcroft"
                    }
                  ],
                  "kind": "caught"
                }
              ]
            },
            {
              "batter": "HJ Chamberlain",
              "bowler": "BNJ Lockrose",
              "non_striker": "MWT Boyle",
              "runs": {
                "batter": 0,
                "extras": 0,
                "total": 0
              }
            },
            {
              "batter": "HJ Chamberlain",
              "bowler": "BNJ Lockrose",
              "non_striker": "MWT Boyle",
              "runs": {
                "batter": 0,
                "extras": 0,
                "total": 0
              }
            },
            {
              "batter": "HJ Chamberlain",
              "bowler": "BNJ Lockrose",
              "non_striker": "MWT Boyle",
              "runs": {
                "batter": 1,
                "extras": 0,
                "total": 1
              }
            }
          ]
        },
        {
          "over": 11,
          "deliveries": [
            {
              "batter": "HJ Chamberlain",
              "bowler": "MB Bacon",
              "non_striker": "MWT Boyle",
              "runs": {
                "batter": 0,
                "extras": 0,
                "total": 0
              }
            },
            {
              "batter": "HJ Chamberlain",
              "bowler": "MB Bacon",
              "non_striker": "MWT Boyle",
              "runs": {
                "batter": 0,
                "extras": 0,
                "total": 0
              },
              "wickets": [
                {
                  "player_out": "HJ Chamberlain",
                  "fielders": [
                    {
                      "name": "LI Georgeson"
                    }
                  ],
                  "kind": "run out"
                }
              ]
            },
            {
              "batter": "MWT Boyle",
              "bowler": "MB Bacon",
              "non_striker": "MJG Rippon",
              "runs": {
                "batter": 1,
                "extras": 0,
                "total": 1
              }
            },
            {
              "batter": "MJG Rippon",
              "bowler": "MB Bacon",
              "non_striker": "MWT Boyle",
              "runs": {
                "batter": 0,
                "extras": 0,
                "total": 0
              },
              "wickets": [
                {
                  "player_out": "MJG Rippon",
                  "fielders": [
                    {
                      "name": "LJ Carter"
                    }
                  ],
                  "kind": "caught"
                }
              ]
            },
            {
              "batter": "ZGF Foulkes",
              "bowler": "MB Bacon",
              "non_striker": "MWT Boyle",
              "runs": {
                "batter": 1,
                "extras": 0,
                "total": 1
              }
            },
            {
              "batter": "MWT Boyle",
              "bowler": "MB Bacon",
              "non_striker": "ZGF Foulkes",
              "runs": {
                "batter": 1,
                "extras": 0,
                "total": 1
              }
            }
          ]
        },
        {
          "over": 12,
          "deliveries": [
            {
              "batter": "MWT Boyle",
              "bowler": "ATE Hazeldine",
              "non_striker": "ZGF Foulkes",
              "runs": {
                "batter": 1,
                "extras": 0,
                "total": 1
              }
            },
            {
              "batter": "ZGF Foulkes",
              "bowler": "ATE Hazeldine",
              "non_striker": "MWT Boyle",
              "runs": {
                "batter": 0,
                "extras": 0,
                "total": 0
              }
            },
            {
              "batter": "ZGF Foulkes",
              "bowler": "ATE Hazeldine",
              "non_striker": "MWT Boyle",
              "runs": {
                "batter": 1,
                "extras": 0,
                "total": 1
              }
            },
            {
              "batter": "MWT Boyle",
              "bowler": "ATE Hazeldine",
              "non_striker": "ZGF Foulkes",
              "runs": {
                "batter": 1,
                "extras": 0,
                "total": 1
              }
            },
            {
              "batter": "ZGF Foulkes",
              "bowler": "ATE Hazeldine",
              "non_striker": "MWT Boyle",
              "runs": {
                "batter": 0,
                "extras": 0,
                "total": 0
              },
              "wickets": [
                {
                  "player_out": "ZGF Foulkes",
                  "fielders": [
                    {
                      "name": "MW Chu"
                    }
                  ],
                  "kind": "caught"
                }
              ]
            },
            {
              "batter": "HB Shipley",
              "bowler": "ATE Hazeldine",
              "non_striker": "MWT Boyle",
              "runs": {
                "batter": 1,
                "extras": 0,
                "total": 1
              }
            }
          ]
        },
        {
          "over": 13,
          "deliveries": [
            {
              "batter": "HB Shipley",
              "bowler": "D Foxcroft",
              "non_striker": "MWT Boyle",
              "runs": {
                "batter": 1,
                "extras": 0,
                "total": 1
              }
            },
            {
              "batter": "MWT Boyle",
              "bowler": "D Foxcroft",
              "non_striker": "HB Shipley",
              "runs": {
                "batter": 0,
                "extras": 0,
                "total": 0
              }
            },
            {
              "batter": "MWT Boyle",
              "bowler": "D Foxcroft",
              "non_striker": "HB Shipley",
              "runs": {
                "batter": 4,
                "extras": 0,
                "total": 4
              }
            },
            {
              "batter": "MWT Boyle",
              "bowler": "D Foxcroft",
              "non_striker": "HB Shipley",
              "runs": {
                "batter": 1,
                "extras": 0,
                "total": 1
              }
            },
            {
              "batter": "HB Shipley",
              "bowler": "D Foxcroft",
              "non_striker": "MWT Boyle",
              "runs": {
                "batter": 1,
                "extras": 0,
                "total": 1
              }
            },
            {
              "batter": "MWT Boyle",
              "bowler": "D Foxcroft",
              "non_striker": "HB Shipley",
              "runs": {
                "batter": 1,
                "extras": 0,
                "total": 1
              }
            }
          ]
        },
        {
          "over": 14,
          "deliveries": [
            {
              "batter": "MWT Boyle",
              "bowler": "BNJ Lockrose",
              "extras": {
                "legbyes": 1
              },
              "non_striker": "HB Shipley",
              "runs": {
                "batter": 0,
                "extras": 1,
                "total": 1
              }
            },
            {
              "batter": "HB Shipley",
              "bowler": "BNJ Lockrose",
              "non_striker": "MWT Boyle",
              "runs": {
                "batter": 1,
                "extras": 0,
                "total": 1
              }
            },
            {
              "batter": "MWT Boyle",
              "bowler": "BNJ Lockrose",
              "non_striker": "HB Shipley",
              "runs": {
                "batter": 1,
                "extras": 0,
                "total": 1
              }
            },
            {
              "batter": "HB Shipley",
              "bowler": "BNJ Lockrose",
              "non_striker": "MWT Boyle",
              "runs": {
                "batter": 0,
                "extras": 0,
                "total": 0
              }
            },
            {
              "batter": "HB Shipley",
              "bowler": "BNJ Lockrose",
              "non_striker": "MWT Boyle",
              "runs": {
                "batter": 1,
                "extras": 0,
                "total": 1
              }
            },
            {
              "batter": "MWT Boyle",
              "bowler": "BNJ Lockrose",
              "non_striker": "HB Shipley",
              "runs": {
                "batter": 4,
                "extras": 0,
                "total": 4
              }
            }
          ]
        },
        {
          "over": 15,
          "deliveries": [
            {
              "batter": "HB Shipley",
              "bowler": "LI Georgeson",
              "non_striker": "MWT Boyle",
              "runs": {
                "batter": 1,
                "extras": 0,
                "total": 1
              }
            },
            {
              "batter": "MWT Boyle",
              "bowler": "LI Georgeson",
              "non_striker": "HB Shipley",
              "runs": {
                "batter": 1,
                "extras": 0,
                "total": 1
              }
            },
            {
              "batter": "HB Shipley",
              "bowler": "LI Georgeson",
              "non_striker": "MWT Boyle",
              "runs": {
                "batter": 1,
                "extras": 0,
                "total": 1
              }
            },
            {
              "batter": "MWT Boyle",
              "bowler": "LI Georgeson",
              "non_striker": "HB Shipley",
              "runs": {
                "batter": 1,
                "extras": 0,
                "total": 1
              }
            },
            {
              "batter": "HB Shipley",
              "bowler": "LI Georgeson",
              "non_striker": "MWT Boyle",
              "runs": {
                "batter": 1,
                "extras": 0,
                "total": 1
              }
            },
            {
              "batter": "MWT Boyle",
              "bowler": "LI Georgeson",
              "non_striker": "HB Shipley",
              "runs": {
                "batter": 0,
                "extras": 0,
                "total": 0
              }
            }
          ]
        },
        {
          "over": 16,
          "deliveries": [
            {
              "batter": "HB Shipley",
              "bowler": "ATE Hazeldine",
              "non_striker": "MWT Boyle",
              "runs": {
                "batter": 6,
                "extras": 0,
                "total": 6
              }
            },
            {
              "batter": "HB Shipley",
              "bowler": "ATE Hazeldine",
              "non_striker": "MWT Boyle",
              "runs": {
                "batter": 6,
                "extras": 0,
                "total": 6
              }
            },
            {
              "batter": "HB Shipley",
              "bowler": "ATE Hazeldine",
              "non_striker": "MWT Boyle",
              "runs": {
                "batter": 2,
                "extras": 0,
                "total": 2
              }
            },
            {
              "batter": "HB Shipley",
              "bowler": "ATE Hazeldine",
              "non_striker": "MWT Boyle",
              "runs": {
                "batter": 6,
                "extras": 0,
                "total": 6
              }
            },
            {
              "batter": "HB Shipley",
              "bowler": "ATE Hazeldine",
              "non_striker": "MWT Boyle",
              "runs": {
                "batter": 0,
                "extras": 0,
                "total": 0
              }
            },
            {
              "batter": "HB Shipley",
              "bowler": "ATE Hazeldine",
              "non_striker": "MWT Boyle",
              "runs": {
                "batter": 6,
                "extras": 0,
                "total": 6
              }
            }
          ]
        },
        {
          "over": 17,
          "deliveries": [
            {
              "batter": "MWT Boyle",
              "bowler": "MB Bacon",
              "non_striker": "HB Shipley",
              "runs": {
                "batter": 1,
                "extras": 0,
                "total": 1
              }
            },
            {
              "batter": "HB Shipley",
              "bowler": "MB Bacon",
              "non_striker": "MWT Boyle",
              "runs": {
                "batter": 6,
                "extras": 0,
                "total": 6
              }
            },
            {
              "batter": "HB Shipley",
              "bowler": "MB Bacon",
              "non_striker": "MWT Boyle",
              "runs": {
                "batter": 0,
                "extras": 0,
                "total": 0
              },
              "wickets": [
                {
                  "player_out": "HB Shipley",
                  "fielders": [
                    {
                      "name": "DN Phillips"
                    }
                  ],
                  "kind": "caught"
                }
              ]
            },
            {
              "batter": "KA Jamieson",
              "bowler": "MB Bacon",
              "non_striker": "MWT Boyle",
              "runs": {
                "batter": 0,
                "extras": 0,
                "total": 0
              }
            },
            {
              "batter": "KA Jamieson",
              "bowler": "MB Bacon",
              "non_striker": "MWT Boyle",
              "runs": {
                "batter": 0,
                "extras": 0,
                "total": 0
              }
            },
            {
              "batter": "KA Jamieson",
              "bowler": "MB Bacon",
              "non_striker": "MWT Boyle",
              "runs": {
                "batter": 1,
                "extras": 0,
                "total": 1
              }
            }
          ]
        },
        {
          "over": 18,
          "deliveries": [
            {
              "batter": "KA Jamieson",
              "bowler": "LI Georgeson",
              "non_striker": "MWT Boyle",
              "runs": {
                "batter": 1,
                "extras": 0,
                "total": 1
              }
            },
            {
              "batter": "MWT Boyle",
              "bowler": "LI Georgeson",
              "non_striker": "KA Jamieson",
              "runs": {
                "batter": 1,
                "extras": 0,
                "total": 1
              }
            },
            {
              "batter": "KA Jamieson",
              "bowler": "LI Georgeson",
              "non_striker": "MWT Boyle",
              "runs": {
                "batter": 4,
                "extras": 0,
                "total": 4
              }
            },
            {
              "batter": "KA Jamieson",
              "bowler": "LI Georgeson",
              "non_striker": "MWT Boyle",
              "runs": {
                "batter": 1,
                "extras": 0,
                "total": 1
              }
            },
            {
              "batter": "MWT Boyle",
              "bowler": "LI Georgeson",
              "non_striker": "KA Jamieson",
              "runs": {
                "batter": 6,
                "extras": 0,
                "total": 6
              }
            },
            {
              "batter": "MWT Boyle",
              "bowler": "LI Georgeson",
              "non_striker": "KA Jamieson",
              "runs": {
                "batter": 1,
                "extras": 0,
                "total": 1
              }
            }
          ]
        },
        {
          "over": 19,
          "deliveries": [
            {
              "batter": "MWT Boyle",
              "bowler": "MB Bacon",
              "extras": {
                "legbyes": 1
              },
              "non_striker": "KA Jamieson",
              "runs": {
                "batter": 0,
                "extras": 1,
                "total": 1
              }
            },
            {
              "batter": "KA Jamieson",
              "bowler": "MB Bacon",
              "non_striker": "MWT Boyle",
              "runs": {
                "batter": 5,
                "extras": 0,
                "total": 5
              }
            },
            {
              "batter": "MWT Boyle",
              "bowler": "MB Bacon",
              "non_striker": "KA Jamieson",
              "runs": {
                "batter": 2,
                "extras": 0,
                "total": 2
              }
            },
            {
              "batter": "MWT Boyle",
              "bowler": "MB Bacon",
              "non_striker": "KA Jamieson",
              "runs": {
                "batter": 4,
                "extras": 0,
                "total": 4
              }
            },
            {
              "batter": "MWT Boyle",
              "bowler": "MB Bacon",
              "non_striker": "KA Jamieson",
              "runs": {
                "batter": 2,
                "extras": 0,
                "total": 2
              }
            },
            {
              "batter": "MWT Boyle",
              "bowler": "MB Bacon",
              "extras": {
                "byes": 1
              },
              "non_striker": "KA Jamieson",
              "runs": {
                "batter": 0,
                "extras": 1,
                "total": 1
              }
            }
          ]
        }
      ],
      "powerplays": [
        {
          "from": 0.1,
          "to": 5.6,
          "type": "mandatory"
        }
      ]
    },
    {
      "team": "Otago",
      "overs": [
        {
          "over": 0,
          "deliveries": [
            {
              "batter": "DN Phillips",
              "bowler": "KA Jamieson",
              "extras": {
                "wides": 1
              },
              "non_striker": "JT Todd",
              "runs": {
                "batter": 0,
                "extras": 1,
                "total": 1
              }
            },
            {
              "batter": "DN Phillips",
              "bowler": "KA Jamieson",
              "non_striker": "JT Todd",
              "runs": {
                "batter": 0,
                "extras": 0,
                "total": 0
              }
            },
            {
              "batter": "DN Phillips",
              "bowler": "KA Jamieson",
              "extras": {
                "wides": 1
              },
              "non_striker": "JT Todd",
              "runs": {
                "batter": 0,
                "extras": 1,
                "total": 1
              }
            },
            {
              "batter": "DN Phillips",
              "bowler": "KA Jamieson",
              "non_striker": "JT Todd",
              "runs": {
                "batter": 0,
                "extras": 0,
                "total": 0
              }
            },
            {
              "batter": "DN Phillips",
              "bowler": "KA Jamieson",
              "non_striker": "JT Todd",
              "runs": {
                "batter": 0,
                "extras": 0,
                "total": 0
              }
            },
            {
              "batter": "DN Phillips",
              "bowler": "KA Jamieson",
              "non_striker": "JT Todd",
              "runs": {
                "batter": 0,
                "extras": 0,
                "total": 0
              }
            },
            {
              "batter": "DN Phillips",
              "bowler": "KA Jamieson",
              "non_striker": "JT Todd",
              "runs": {
                "batter": 0,
                "extras": 0,
                "total": 0
              }
            },
            {
              "batter": "DN Phillips",
              "bowler": "KA Jamieson",
              "non_striker": "JT Todd",
              "runs": {
                "batter": 4,
                "extras": 0,
                "total": 4
              }
            }
          ]
        },
        {
          "over": 1,
          "deliveries": [
            {
              "batter": "JT Todd",
              "bowler": "ZGF Foulkes",
              "non_striker": "DN Phillips",
              "runs": {
                "batter": 0,
                "extras": 0,
                "total": 0
              }
            },
            {
              "batter": "JT Todd",
              "bowler": "ZGF Foulkes",
              "non_striker": "DN Phillips",
              "runs": {
                "batter": 0,
                "extras": 0,
                "total": 0
              },
              "wickets": [
                {
                  "player_out": "JT Todd",
                  "kind": "bowled"
                }
              ]
            },
            {
              "batter": "LC Johnson",
              "bowler": "ZGF Foulkes",
              "non_striker": "DN Phillips",
              "runs": {
                "batter": 2,
                "extras": 0,
                "total": 2
              }
            },
            {
              "batter": "LC Johnson",
              "bowler": "ZGF Foulkes",
              "non_striker": "DN Phillips",
              "runs": {
                "batter": 0,
                "extras": 0,
                "total": 0
              }
            },
            {
              "batter": "LC Johnson",
              "bowler": "ZGF Foulkes",
              "non_striker": "DN Phillips",
              "runs": {
                "batter": 0,
                "extras": 0,
                "total": 0
              }
            },
            {
              "batter": "LC Johnson",
              "bowler": "ZGF Foulkes",
              "non_striker": "DN Phillips",
              "runs": {
                "batter": 1,
                "extras": 0,
                "total": 1
              }
            }
          ]
        },
        {
          "over": 2,
          "deliveries": [
            {
              "batter": "LC Johnson",
              "bowler": "KA Jamieson",
              "non_striker": "DN Phillips",
              "runs": {
                "batter": 0,
                "extras": 0,
                "total": 0
              }
            },
            {
              "batter": "LC Johnson",
              "bowler": "KA Jamieson",
              "non_striker": "DN Phillips",
              "runs": {
                "batter": 2,
                "extras": 0,
                "total": 2
              }
            },
            {
              "batter": "LC Johnson",
              "bowler": "KA Jamieson",
              "non_striker": "DN Phillips",
              "runs": {
                "batter": 1,
                "extras": 0,
                "total": 1
              }
            },
            {
              "batter": "DN Phillips",
              "bowler": "KA Jamieson",
              "non_striker": "LC Johnson",
              "runs": {
                "batter": 0,
                "extras": 0,
                "total": 0
              }
            },
            {
              "batter": "DN Phillips",
              "bowler": "KA Jamieson",
              "non_striker": "LC Johnson",
              "runs": {
                "batter": 2,
                "extras": 0,
                "total": 2
              }
            },
            {
              "batter": "DN Phillips",
              "bowler": "KA Jamieson",
              "non_striker": "LC Johnson",
              "runs": {
                "batter": 1,
                "extras": 0,
                "total": 1
              }
            }
          ]
        },
        {
          "over": 3,
          "deliveries": [
            {
              "batter": "DN Phillips",
              "bowler": "ZGF Foulkes",
              "non_striker": "LC Johnson",
              "runs": {
                "batter": 4,
                "extras": 0,
                "total": 4
              }
            },
            {
              "batter": "DN Phillips",
              "bowler": "ZGF Foulkes",
              "extras": {
                "wides": 1
              },
              "non_striker": "LC Johnson",
              "runs": {
                "batter": 0,
                "extras": 1,
                "total": 1
              }
            },
            {
              "batter": "DN Phillips",
              "bowler": "ZGF Foulkes",
              "non_striker": "LC Johnson",
              "runs": {
                "batter": 0,
                "extras": 0,
                "total": 0
              }
            },
            {
              "batter": "DN Phillips",
              "bowler": "ZGF Foulkes",
              "extras": {
                "wides": 1
              },
              "non_striker": "LC Johnson",
              "runs": {
                "batter": 0,
                "extras": 1,
                "total": 1
              }
            },
            {
              "batter": "DN Phillips",
              "bowler": "ZGF Foulkes",
              "non_striker": "LC Johnson",
              "runs": {
                "batter": 2,
                "extras": 0,
                "total": 2
              }
            },
            {
              "batter": "DN Phillips",
              "bowler": "ZGF Foulkes",
              "non_striker": "LC Johnson",
              "runs": {
                "batter": 0,
                "extras": 0,
                "total": 0
              }
            },
            {
              "batter": "DN Phillips",
              "bowler": "ZGF Foulkes",
              "extras": {
                "wides": 1
              },
              "non_striker": "LC Johnson",
              "runs": {
                "batter": 0,
                "extras": 1,
                "total": 1
              }
            },
            {
              "batter": "DN Phillips",
              "bowler": "ZGF Foulkes",
              "non_striker": "LC Johnson",
              "runs": {
                "batter": 4,
                "extras": 0,
                "total": 4
              }
            },
            {
              "batter": "DN Phillips",
              "bowler": "ZGF Foulkes",
              "non_striker": "LC Johnson",
              "runs": {
                "batter": 4,
                "extras": 0,
                "total": 4
              }
            }
          ]
        },
        {
          "over": 4,
          "deliveries": [
            {
              "batter": "LC Johnson",
              "bowler": "HB Shipley",
              "non_striker": "DN Phillips",
              "runs": {
                "batter": 1,
                "extras": 0,
                "total": 1
              }
            },
            {
              "batter": "DN Phillips",
              "bowler": "HB Shipley",
              "non_striker": "LC Johnson",
              "runs": {
                "batter": 1,
                "extras": 0,
                "total": 1
              }
            },
            {
              "batter": "LC Johnson",
              "bowler": "HB Shipley",
              "non_striker": "DN Phillips",
              "runs": {
                "batter": 0,
                "extras": 0,
                "total": 0
              }
            },
            {
              "batter": "LC Johnson",
              "bowler": "HB Shipley",
              "non_striker": "DN Phillips",
              "runs": {
                "batter": 4,
                "extras": 0,
                "total": 4
              }
            },
            {
              "batter": "LC Johnson",
              "bowler": "HB Shipley",
              "non_striker": "DN Phillips",
              "runs": {
                "batter": 1,
                "extras": 0,
                "total": 1
              }
            },
            {
              "batter": "DN Phillips",
              "bowler": "HB Shipley",
              "extras": {
                "wides": 2
              },
              "non_striker": "LC Johnson",
              "runs": {
                "batter": 0,
                "extras": 2,
                "total": 2
              }
            },
            {
              "batter": "LC Johnson",
              "bowler": "HB Shipley",
              "non_striker": "DN Phillips",
              "runs": {
                "batter": 1,
                "extras": 0,
                "total": 1
              }
            }
          ]
        },
        {
          "over": 5,
          "deliveries": [
            {
              "batter": "LC Johnson",
              "bowler": "MD Rae",
              "non_striker": "DN Phillips",
              "runs": {
                "batter": 2,
                "extras": 0,
                "total": 2
              }
            },
            {
              "batter": "LC Johnson",
              "bowler": "MD Rae",
              "non_striker": "DN Phillips",
              "runs": {
                "batter": 4,
                "extras": 0,
                "total": 4
              }
            },
            {
              "batter": "LC Johnson",
              "bowler": "MD Rae",
              "non_striker": "DN Phillips",
              "runs": {
                "batter": 0,
                "extras": 0,
                "total": 0
              }
            },
            {
              "batter": "LC Johnson",
              "bowler": "MD Rae",
              "non_striker": "DN Phillips",
              "runs": {
                "batter": 0,
                "extras": 0,
                "total": 0
              },
              "wickets": [
                {
                  "player_out": "LC Johnson",
                  "fielders": [
                    {
                      "name": "CE McConchie"
                    }
                  ],
                  "kind": "caught"
                }
              ]
            },
            {
              "batter": "D Foxcroft",
              "bowler": "MD Rae",
              "non_striker": "DN Phillips",
              "runs": {
                "batter": 0,
                "extras": 0,
                "total": 0
              }
            },
            {
              "batter": "D Foxcroft",
              "bowler": "MD Rae",
              "non_striker": "DN Phillips",
              "runs": {
                "batter": 4,
                "extras": 0,
                "total": 4
              }
            }
          ]
        },
        {
          "over": 6,
          "deliveries": [
            {
              "batter": "DN Phillips",
              "bowler": "CE McConchie",
              "non_striker": "D Foxcroft",
              "runs": {
                "batter": 1,
                "extras": 0,
                "total": 1
              }
            },
            {
              "batter": "D Foxcroft",
              "bowler": "CE McConchie",
              "non_striker": "DN Phillips",
              "runs": {
                "batter": 1,
                "extras": 0,
                "total": 1
              }
            },
            {
              "batter": "DN Phillips",
              "bowler": "CE McConchie",
              "non_striker": "D Foxcroft",
              "runs": {
                "batter": 4,
                "extras": 0,
                "total": 4
              }
            },
            {
              "batter": "DN Phillips",
              "bowler": "CE McConchie",
              "non_striker": "D Foxcroft",
              "runs": {
                "batter": 0,
                "extras": 0,
                "total": 0
              }
            },
            {
              "batter": "DN Phillips",
              "bowler": "CE McConchie",
              "non_striker": "D Foxcroft",
              "runs": {
                "batter": 1,
                "extras": 0,
                "total": 1
              }
            },
            {
              "batter": "D Foxcroft",
              "bowler": "CE McConchie",
              "non_striker": "DN Phillips",
              "runs": {
                "batter": 1,
                "extras": 0,
                "total": 1
              }
            }
          ]
        },
        {
          "over": 7,
          "deliveries": [
            {
              "batter": "D Foxcroft",
              "bowler": "IS Sodhi",
              "non_striker": "DN Phillips",
              "runs": {
                "batter": 6,
                "extras": 0,
                "total": 6
              }
            },
            {
              "batter": "D Foxcroft",
              "bowler": "IS Sodhi",
              "non_striker": "DN Phillips",
              "runs": {
                "batter": 1,
                "extras": 0,
                "total": 1
              }
            },
            {
              "batter": "DN Phillips",
              "bowler": "IS Sodhi",
              "non_striker": "D Foxcroft",
              "runs": {
                "batter": 1,
                "extras": 0,
                "total": 1
              }
            },
            {
              "batter": "D Foxcroft",
              "bowler": "IS Sodhi",
              "non_striker": "DN Phillips",
              "runs": {
                "batter": 1,
                "extras": 0,
                "total": 1
              }
            },
            {
              "batter": "DN Phillips",
              "bowler": "IS Sodhi",
              "non_striker": "D Foxcroft",
              "runs": {
                "batter": 1,
                "extras": 0,
                "total": 1
              }
            },
            {
              "batter": "D Foxcroft",
              "bowler": "IS Sodhi",
              "non_striker": "DN Phillips",
              "runs": {
                "batter": 1,
                "extras": 0,
                "total": 1
              }
            }
          ]
        },
        {
          "over": 8,
          "deliveries": [
            {
              "batter": "D Foxcroft",
              "bowler": "CE McConchie",
              "non_striker": "DN Phillips",
              "runs": {
                "batter": 1,
                "extras": 0,
                "total": 1
              }
            },
            {
              "batter": "DN Phillips",
              "bowler": "CE McConchie",
              "non_striker": "D Foxcroft",
              "runs": {
                "batter": 4,
                "extras": 0,
                "total": 4
              }
            },
            {
              "batter": "DN Phillips",
              "bowler": "CE McConchie",
              "non_striker": "D Foxcroft",
              "runs": {
                "batter": 1,
                "extras": 0,
                "total": 1
              }
            },
            {
              "batter": "D Foxcroft",
              "bowler": "CE McConchie",
              "non_striker": "DN Phillips",
              "runs": {
                "batter": 1,
                "extras": 0,
                "total": 1
              }
            },
            {
              "batter": "DN Phillips",
              "bowler": "CE McConchie",
              "non_striker": "D Foxcroft",
              "runs": {
                "batter": 4,
                "extras": 0,
                "total": 4
              }
            },
            {
              "batter": "DN Phillips",
              "bowler": "CE McConchie",
              "non_striker": "D Foxcroft",
              "runs": {
                "batter": 0,
                "extras": 0,
                "total": 0
              }
            }
          ]
        },
        {
          "over": 9,
          "deliveries": [
            {
              "batter": "D Foxcroft",
              "bowler": "IS Sodhi",
              "non_striker": "DN Phillips",
              "runs": {
                "batter": 1,
                "extras": 0,
                "total": 1
              }
            },
            {
              "batter": "DN Phillips",
              "bowler": "IS Sodhi",
              "non_striker": "D Foxcroft",
              "runs": {
                "batter": 6,
                "extras": 0,
                "total": 6
              }
            },
            {
              "batter": "DN Phillips",
              "bowler": "IS Sodhi",
              "non_striker": "D Foxcroft",
              "runs": {
                "batter": 0,
                "extras": 0,
                "total": 0
              },
              "wickets": [
                {
                  "player_out": "DN Phillips",
                  "fielders": [
                    {
                      "name": "HB Shipley"
                    }
                  ],
                  "kind": "caught"
                }
              ]
            },
            {
              "batter": "LJ Carter",
              "bowler": "IS Sodhi",
              "non_striker": "D Foxcroft",
              "runs": {
                "batter": 0,
                "extras": 0,
                "total": 0
              }
            },
            {
              "batter": "LJ Carter",
              "bowler": "IS Sodhi",
              "non_striker": "D Foxcroft",
              "runs": {
                "batter": 0,
                "extras": 0,
                "total": 0
              }
            },
            {
              "batter": "LJ Carter",
              "bowler": "IS Sodhi",
              "non_striker": "D Foxcroft",
              "runs": {
                "batter": 1,
                "extras": 0,
                "total": 1
              }
            }
          ]
        },
        {
          "over": 10,
          "deliveries": [
            {
              "batter": "LJ Carter",
              "bowler": "KA Jamieson",
              "non_striker": "D Foxcroft",
              "runs": {
                "batter": 4,
                "extras": 0,
                "total": 4
              }
            },
            {
              "batter": "LJ Carter",
              "bowler": "KA Jamieson",
              "non_striker": "D Foxcroft",
              "runs": {
                "batter": 0,
                "extras": 0,
                "total": 0
              }
            },
            {
              "batter": "LJ Carter",
              "bowler": "KA Jamieson",
              "non_striker": "D Foxcroft",
              "runs": {
                "batter": 2,
                "extras": 0,
                "total": 2
              }
            },
            {
              "batter": "LJ Carter",
              "bowler": "KA Jamieson",
              "non_striker": "D Foxcroft",
              "runs": {
                "batter": 0,
                "extras": 0,
                "total": 0
              }
            },
            {
              "batter": "LJ Carter",
              "bowler": "KA Jamieson",
              "non_striker": "D Foxcroft",
              "runs": {
                "batter": 0,
                "extras": 0,
                "total": 0
              }
            },
            {
              "batter": "LJ Carter",
              "bowler": "KA Jamieson",
              "non_striker": "D Foxcroft",
              "runs": {
                "batter": 2,
                "extras": 0,
                "total": 2
              }
            }
          ]
        },
        {
          "over": 11,
          "deliveries": [
            {
              "batter": "D Foxcroft",
              "bowler": "HB Shipley",
              "non_striker": "LJ Carter",
              "runs": {
                "batter": 4,
                "extras": 0,
                "total": 4
              }
            },
            {
              "batter": "D Foxcroft",
              "bowler": "HB Shipley",
              "extras": {
                "legbyes": 1
              },
              "non_striker": "LJ Carter",
              "runs": {
                "batter": 0,
                "extras": 1,
                "total": 1
              }
            },
            {
              "batter": "LJ Carter",
              "bowler": "HB Shipley",
              "non_striker": "D Foxcroft",
              "runs": {
                "batter": 1,
                "extras": 0,
                "total": 1
              }
            },
            {
              "batter": "D Foxcroft",
              "bowler": "HB Shipley",
              "non_striker": "LJ Carter",
              "runs": {
                "batter": 1,
                "extras": 0,
                "total": 1
              }
            },
            {
              "batter": "LJ Carter",
              "bowler": "HB Shipley",
              "non_striker": "D Foxcroft",
              "runs": {
                "batter": 0,
                "extras": 0,
                "total": 0
              },
              "wickets": [
                {
                  "player_out": "LJ Carter",
                  "fielders": [
                    {
                      "name": "HJ Chamberlain"
                    }
                  ],
                  "kind": "caught"
                }
              ]
            },
            {
              "batter": "MW Chu",
              "bowler": "HB Shipley",
              "non_striker": "D Foxcroft",
              "runs": {
                "batter": 1,
                "extras": 0,
                "total": 1
              }
            }
          ]
        },
        {
          "over": 12,
          "deliveries": [
            {
              "batter": "MW Chu",
              "bowler": "MJG Rippon",
              "non_striker": "D Foxcroft",
              "runs": {
                "batter": 1,
                "extras": 0,
                "total": 1
              }
            },
            {
              "batter": "D Foxcroft",
              "bowler": "MJG Rippon",
              "non_striker": "MW Chu",
              "runs": {
                "batter": 2,
                "extras": 0,
                "total": 2
              }
            },
            {
              "batter": "D Foxcroft",
              "bowler": "MJG Rippon",
              "non_striker": "MW Chu",
              "runs": {
                "batter": 3,
                "extras": 0,
                "total": 3
              }
            },
            {
              "batter": "MW Chu",
              "bowler": "MJG Rippon",
              "non_striker": "D Foxcroft",
              "runs": {
                "batter": 4,
                "extras": 0,
                "total": 4
              }
            },
            {
              "batter": "MW Chu",
              "bowler": "MJG Rippon",
              "non_striker": "D Foxcroft",
              "runs": {
                "batter": 1,
                "extras": 0,
                "total": 1
              }
            },
            {
              "batter": "D Foxcroft",
              "bowler": "MJG Rippon",
              "non_striker": "MW Chu",
              "runs": {
                "batter": 1,
                "extras": 0,
                "total": 1
              }
            }
          ]
        },
        {
          "over": 13,
          "deliveries": [
            {
              "batter": "D Foxcroft",
              "bowler": "MD Rae",
              "non_striker": "MW Chu",
              "runs": {
                "batter": 2,
                "extras": 0,
                "total": 2
              }
            },
            {
              "batter": "D Foxcroft",
              "bowler": "MD Rae",
              "non_striker": "MW Chu",
              "runs": {
                "batter": 2,
                "extras": 0,
                "total": 2
              }
            },
            {
              "batter": "D Foxcroft",
              "bowler": "MD Rae",
              "non_striker": "MW Chu",
              "runs": {
                "batter": 1,
                "extras": 0,
                "total": 1
              }
            },
            {
              "batter": "MW Chu",
              "bowler": "MD Rae",
              "non_striker": "D Foxcroft",
              "runs": {
                "batter": 0,
                "extras": 0,
                "total": 0
              }
            },
            {
              "batter": "MW Chu",
              "bowler": "MD Rae",
              "non_striker": "D Foxcroft",
              "runs": {
                "batter": 1,
                "extras": 0,
                "total": 1
              }
            },
            {
              "batter": "D Foxcroft",
              "bowler": "MD Rae",
              "non_striker": "MW Chu",
              "runs": {
                "batter": 2,
                "extras": 0,
                "total": 2
              }
            }
          ]
        },
        {
          "over": 14,
          "deliveries": [
            {
              "batter": "MW Chu",
              "bowler": "KA Jamieson",
              "non_striker": "D Foxcroft",
              "runs": {
                "batter": 2,
                "extras": 0,
                "total": 2
              }
            },
            {
              "batter": "MW Chu",
              "bowler": "KA Jamieson",
              "non_striker": "D Foxcroft",
              "runs": {
                "batter": 1,
                "extras": 0,
                "total": 1
              }
            },
            {
              "batter": "D Foxcroft",
              "bowler": "KA Jamieson",
              "non_striker": "MW Chu",
              "runs": {
                "batter": 0,
                "extras": 0,
                "total": 0
              }
            },
            {
              "batter": "D Foxcroft",
              "bowler": "KA Jamieson",
              "non_striker": "MW Chu",
              "runs": {
                "batter": 2,
                "extras": 0,
                "total": 2
              }
            },
            {
              "batter": "D Foxcroft",
              "bowler": "KA Jamieson",
              "non_striker": "MW Chu",
              "runs": {
                "batter": 1,
                "extras": 0,
                "total": 1
              }
            },
            {
              "batter": "MW Chu",
              "bowler": "KA Jamieson",
              "non_striker": "D Foxcroft",
              "runs": {
                "batter": 0,
                "extras": 0,
                "total": 0
              }
            }
          ]
        },
        {
          "over": 15,
          "deliveries": [
            {
              "batter": "D Foxcroft",
              "bowler": "HB Shipley",
              "extras": {
                "legbyes": 1
              },
              "non_striker": "MW Chu",
              "runs": {
                "batter": 0,
                "extras": 1,
                "total": 1
              }
            },
            {
              "batter": "MW Chu",
              "bowler": "HB Shipley",
              "non_striker": "D Foxcroft",
              "runs": {
                "batter": 2,
                "extras": 0,
                "total": 2
              }
            },
            {
              "batter": "MW Chu",
              "bowler": "HB Shipley",
              "non_striker": "D Foxcroft",
              "runs": {
                "batter": 1,
                "extras": 0,
                "total": 1
              }
            },
            {
              "batter": "D Foxcroft",
              "bowler": "HB Shipley",
              "non_striker": "MW Chu",
              "runs": {
                "batter": 4,
                "extras": 0,
                "total": 4
              }
            },
            {
              "batter": "D Foxcroft",
              "bowler": "HB Shipley",
              "non_striker": "MW Chu",
              "runs": {
                "batter": 1,
                "extras": 0,
                "total": 1
              }
            },
            {
              "batter": "MW Chu",
              "bowler": "HB Shipley",
              "non_striker": "D Foxcroft",
              "runs": {
                "batter": 2,
                "extras": 0,
                "total": 2
              }
            }
          ]
        },
        {
          "over": 16,
          "deliveries": [
            {
              "batter": "D Foxcroft",
              "bowler": "ZGF Foulkes",
              "non_striker": "MW Chu",
              "runs": {
                "batter": 2,
                "extras": 0,
                "total": 2
              }
            },
            {
              "batter": "D Foxcroft",
              "bowler": "ZGF Foulkes",
              "non_striker": "MW Chu",
              "runs": {
                "batter": 1,
                "extras": 0,
                "total": 1
              }
            },
            {
              "batter": "MW Chu",
              "bowler": "ZGF Foulkes",
              "non_striker": "D Foxcroft",
              "runs": {
                "batter": 1,
                "extras": 0,
                "total": 1
              }
            },
            {
              "batter": "D Foxcroft",
              "bowler": "ZGF Foulkes",
              "non_striker": "MW Chu",
              "runs": {
                "batter": 1,
                "extras": 0,
                "total": 1
              }
            },
            {
              "batter": "MW Chu",
              "bowler": "ZGF Foulkes",
              "non_striker": "D Foxcroft",
              "runs": {
                "batter": 2,
                "extras": 0,
                "total": 2
              }
            },
            {
              "batter": "MW Chu",
              "bowler": "ZGF Foulkes",
              "non_striker": "D Foxcroft",
              "runs": {
                "batter": 4,
                "extras": 0,
                "total": 4
              }
            }
          ]
        },
        {
          "over": 17,
          "deliveries": [
            {
              "batter": "D Foxcroft",
              "bowler": "IS Sodhi",
              "non_striker": "MW Chu",
              "runs": {
                "batter": 2,
                "extras": 0,
                "total": 2
              }
            },
            {
              "batter": "D Foxcroft",
              "bowler": "IS Sodhi",
              "non_striker": "MW Chu",
              "runs": {
                "batter": 0,
                "extras": 0,
                "total": 0
              }
            },
            {
              "batter": "D Foxcroft",
              "bowler": "IS Sodhi",
              "non_striker": "MW Chu",
              "runs": {
                "batter": 2,
                "extras": 0,
                "total": 2
              }
            },
            {
              "batter": "D Foxcroft",
              "bowler": "IS Sodhi",
              "non_striker": "MW Chu",
              "runs": {
                "batter": 0,
                "extras": 0,
                "total": 0
              }
            },
            {
              "batter": "D Foxcroft",
              "bowler": "IS Sodhi",
              "non_striker": "MW Chu",
              "runs": {
                "batter": 1,
                "extras": 0,
                "total": 1
              }
            },
            {
              "batter": "MW Chu",
              "bowler": "IS Sodhi",
              "non_striker": "D Foxcroft",
              "runs": {
                "batter": 0,
                "extras": 0,
                "total": 0
              },
              "wickets": [
                {
                  "player_out": "MW Chu",
                  "fielders": [
                    {
                      "name": "KA Jamieson"
                    }
                  ],
                  "kind": "caught"
                }
              ]
            }
          ]
        },
        {
          "over": 18,
          "deliveries": [
            {
              "batter": "D Foxcroft",
              "bowler": "ZGF Foulkes",
              "non_striker": "LI Georgeson",
              "runs": {
                "batter": 4,
                "extras": 0,
                "total": 4
              }
            },
            {
              "batter": "D Foxcroft",
              "bowler": "ZGF Foulkes",
              "non_striker": "LI Georgeson",
              "runs": {
                "batter": 0,
                "extras": 0,
                "total": 0
              }
            },
            {
              "batter": "D Foxcroft",
              "bowler": "ZGF Foulkes",
              "non_striker": "LI Georgeson",
              "runs": {
                "batter": 3,
                "extras": 0,
                "total": 3
              }
            },
            {
              "batter": "LI Georgeson",
              "bowler": "ZGF Foulkes",
              "non_striker": "D Foxcroft",
              "runs": {
                "batter": 4,
                "extras": 0,
                "total": 4
              }
            }
          ]
        }
      ],
      "powerplays": [
        {
          "from": 0.1,
          "to": 5.6,
          "type": "mandatory"
        }
      ],
      "target": {
        "overs": 20,
        "runs": 170
      }
    }
  ]
}