{
  "meta": {
    "data_version": "1.1.0",
    "created": "2025-01-18",
    "revision": 1
  },
  "info": {
    "balls_per_over": 6,
    "city": "Dunedin",
    "dates": [
      "2025-01-18"
    ],
    "event": {
      "name": "Super Smash",
      "match_number": 18
    },
    "gender": "male",
    "match_type": "T20",
    "officials": {
      "match_referees": [
        "K Pulley"
      ],
      "reserve_umpires": [
        "JT Blunt"
      ],
      "tv_umpires": [
        "PJ Pasco"
      ],
      "umpires": [
        "CM Brown",
        "N Louw"
      ]
    },
    "outcome": {
      "winner": "Wellington",
      "by": {
        "runs": 33
      }
    },
    "overs": 20,
    "players": {
      "Wellington": [
        "TB Robinson",
        "TA Blundell",
        "NF Kelly",
        "MG Bracewell",
        "JM Tashkoff",
        "TM Johnson",
        "MA Abbas",
        "LV van Beek",
        "PF Younghusband",
        "BV Sears",
        "JW Hartshorn"
      ],
      "Otago": [
        "DN Phillips",
        "JT Todd",
        "MW Chu",
        "GD Phillips",
        "LJ Carter",
        "LC Johnson",
        "LI Georgeson",
        "BNJ Lockrose",
        "ATE Hazeldine",
        "JA Duffy",
        "MB Bacon"
      ]
    },
    "registry": {
      "people": {
        "ATE Hazeldine": "33ad0ad9",
        "BNJ Lockrose": "aa8914ad",
        "BV Sears": "e1891e00",
        "CM Brown": "448f4f1c",
        "DN Phillips": "be0c9f5b",
        "GD Phillips": "9a46c4e5",
        "JA Duffy": "dadbdb68",
        "JM Tashkoff": "afe7d695",
        "JT Blunt": "2fe9a247",
        "JT Todd": "d8417b91",
        "JW Hartshorn": "9f395b45",
        "K Pulley": "644bf4ad",
        "LC Johnson": "a573ad7a",
        "LI Georgeson": "6be7b49d",
        "LJ Carter": "dfb51f40",
        "LV van Beek": "782fb776",
        "MA Abbas": "c3576908",
        "MB Bacon": "90701232",
        "MG Bracewell": "e38bce7a",
        "MW Chu": "ef9f75f8",
        "N Louw": "465c4770",
        "NF Kelly": "97f437ed",
        "PF Younghusband": "149d0c18",
        "PJ Pasco": "fd92a10c",
        "TA Blundell": "21e5f325",
        "TB Robinson": "5d664346",
        "TM Johnson": "917f66da"
      }
    },
    "season": "2024/25",
    "team_type": "club",
    "teams": [
      "Wellington",
      "Otago"
    ],
    "toss": {
      "decision": "bat",
      "winner": "Wellington"
    },
    "venue": "University Oval, Dunedin"
  },
  "innings": [
    {
      "team": "Wellington",
      "overs": [
        {
          "over": 0,
          "deliveries": [
            {
              "batter": "TB Robinson",
              "bowler": "JA Duffy",
              "non_striker": "TA Blundell",
              "runs": {
                "batter": 1,
                "extras": 0,
                "total": 1
              }
            },
            {
              "batter": "TA Blundell",
              "bowler": "JA Duffy",
              "non_striker": "TB Robinson",
              "runs": {
                "batter": 4,
                "extras": 0,
                "total": 4
              }
            },
            {
              "batter": "TA Blundell",
              "bowler": "JA Duffy",
              "non_striker": "TB Robinson",
              "runs": {
                "batter": 0,
                "extras": 0,
                "total": 0
              }
            },
            {
              "batter": "TA Blundell",
              "bowler": "JA Duffy",
              "non_striker": "TB Robinson",
              "runs": {
                "batter": 1,
                "extras": 0,
                "total": 1
              }
            },
            {
              "batter": "TB Robinson",
              "bowler": "JA Duffy",
              "non_striker": "TA Blundell",
              "runs": {
                "batter": 0,
                "extras": 0,
                "total": 0
              }
            },
            {
              "batter": "TB Robinson",
              "bowler": "JA Duffy",
              "non_striker": "TA Blundell",
              "runs": {
                "batter": 0,
                "extras": 0,
                "total": 0
              }
            }
          ]
        },
        {
          "over": 1,
          "deliveries": [
            {
              "batter": "TA Blundell",
              "bowler": "BNJ Lockrose",
              "non_striker": "TB Robinson",
              "runs": {
                "batter": 1,
                "extras": 0,
                "total": 1
              }
            },
            {
              "batter": "TB Robinson",
              "bowler": "BNJ Lockrose",
              "non_striker": "TA Blundell",
              "runs": {
                "batter": 1,
                "extras": 0,
                "total": 1
              }
            },
            {
              "batter": "TA Blundell",
              "bowler": "BNJ Lockrose",
              "non_striker": "TB Robinson",
              "runs": {
                "batter": 0,
                "extras": 0,
                "total": 0
              }
            },
            {
              "batter": "TA Blundell",
              "bowler": "BNJ Lockrose",
              "non_striker": "TB Robinson",
              "runs": {
                "batter": 0,
                "extras": 0,
                "total": 0
              }
            },
            {
              "batter": "TA Blundell",
              "bowler": "BNJ Lockrose",
              "non_striker": "TB Robinson",
              "runs": {
                "batter": 1,
                "extras": 0,
                "total": 1
              }
            },
            {
              "batter": "TB Robinson",
              "bowler": "BNJ Lockrose",
              "non_striker": "TA Blundell",
              "runs": {
                "batter": 0,
                "extras": 0,
                "total": 0
              }
            }
          ]
        },
        {
          "over": 2,
          "deliveries": [
            {
              "batter": "TA Blundell",
              "bowler": "JA Duffy",
              "non_striker": "TB Robinson",
              "runs": {
                "batter": 4,
                "extras": 0,
                "total": 4
              }
            },
            {
              "batter": "TA Blundell",
              "bowler": "JA Duffy",
              "non_striker": "TB Robinson",
              "runs": {
                "batter": 1,
                "extras": 0,
                "total": 1
              }
            },
            {
              "batter": "TB Robinson",
              "bowler": "JA Duffy",
              "non_striker": "TA Blundell",
              "runs": {
                "batter": 0,
                "extras": 0,
                "total": 0
              }
            },
            {
              "batter": "TB Robinson",
              "bowler": "JA Duffy",
              "non_striker": "TA Blundell",
              "runs": {
                "batter": 0,
                "extras": 0,
                "total": 0
              }
            },
            {
              "batter": "TB Robinson",
              "bowler": "JA Duffy",
              "non_striker": "TA Blundell",
              "runs": {
                "batter": 0,
                "extras": 0,
                "total": 0
              }
            },
            {
              "batter": "TB Robinson",
              "bowler": "JA Duffy",
              "non_striker": "TA Blundell",
              "runs": {
                "batter": 2,
                "extras": 0,
                "total": 2
              }
            }
          ]
        },
        {
          "over": 3,
          "deliveries": [
            {
              "batter": "TA Blundell",
              "bowler": "ATE Hazeldine",
              "non_striker": "TB Robinson",
              "runs": {
                "batter": 1,
                "extras": 0,
                "total": 1
              }
            },
            {
              "batter": "TB Robinson",
              "bowler": "ATE Hazeldine",
              "non_striker": "TA Blundell",
              "runs": {
                "batter": 0,
                "extras": 0,
                "total": 0
              }
            },
            {
              "batter": "TB Robinson",
              "bowler": "ATE Hazeldine",
              "non_striker": "TA Blundell",
              "runs": {
                "batter": 1,
                "extras": 0,
                "total": 1
              }
            },
            {
              "batter": "TA Blundell",
              "bowler": "ATE Hazeldine",
              "non_striker": "TB Robinson",
              "runs": {
                "batter": 6,
                "extras": 0,
                "total": 6
              }
            },
            {
              "batter": "TA Blundell",
              "bowler": "ATE Hazeldine",
              "non_striker": "TB Robinson",
              "runs": {
                "batter": 0,
                "extras": 0,
                "total": 0
              }
            },
            {
              "batter": "TA Blundell",
              "bowler": "ATE Hazeldine",
              "non_striker": "TB Robinson",
              "runs": {
                "batter": 1,
                "extras": 0,
                "total": 1
              }
            }
          ]
        },
        {
          "over": 4,
          "deliveries": [
            {
              "batter": "TA Blundell",
              "bowler": "MB Bacon",
              "non_striker": "TB Robinson",
              "runs": {
                "batter": 1,
                "extras": 0,
                "total": 1
              }
            },
            {
              "batter": "TB Robinson",
              "bowler": "MB Bacon",
              "non_striker": "TA Blundell",
              "runs": {
                "batter": 0,
                "extras": 0,
                "total": 0
              }
            },
            {
              "batter": "TB Robinson",
              "bowler": "MB Bacon",
              "non_striker": "TA Blundell",
              "runs": {
                "batter": 6,
                "extras": 0,
                "total": 6
              }
            },
            {
              "batter": "TB Robinson",
              "bowler": "MB Bacon",
              "non_striker": "TA Blundell",
              "runs": {
                "batter": 0,
                "extras": 0,
                "total": 0
              }
            },
            {
              "batter": "TB Robinson",
              "bowler": "MB Bacon",
              "non_striker": "TA Blundell",
              "runs": {
                "batter": 1,
                "extras": 0,
                "total": 1
              }
            },
            {
              "batter": "TA Blundell",
              "bowler": "MB Bacon",
              "non_striker": "TB Robinson",
              "runs": {
                "batter": 1,
                "extras": 0,
                "total": 1
              }
            }
          ]
        },
        {
          "over": 5,
          "deliveries": [
            {
              "batter": "TA Blundell",
              "bowler": "LI Georgeson",
              "non_striker": "TB Robinson",
              "runs": {
                "batter": 0,
                "extras": 0,
                "total": 0
              }
            },
            {
              "batter": "TA Blundell",
              "bowler": "LI Georgeson",
              "non_striker": "TB Robinson",
              "runs": {
                "batter": 1,
                "extras": 0,
                "total": 1
              }
            },
            {
              "batter": "TB Robinson",
              "bowler": "LI Georgeson",
              "non_striker": "TA Blundell",
              "runs": {
                "batter": 1,
                "extras": 0,
                "total": 1
              }
            },
            {
              "batter": "TA Blundell",
              "bowler": "LI Georgeson",
              "non_striker": "TB Robinson",
              "runs": {
                "batter": 0,
                "extras": 0,
                "total": 0
              },
              "wickets": [
                {
                  "player_out": "TA Blundell",
                  "fielders": [
                    {
                      "name": "LJ Carter"
                    }
                  ],
                  "kind": "caught"
                }
              ]
            },
            {
              "batter": "NF Kelly",
              "bowler": "LI Georgeson",
              "non_striker": "TB Robinson",
              "runs": {
                "batter": 0,
                "extras": 0,
                "total": 0
              }
            },
            {
              "batter": "NF Kelly",
              "bowler": "LI Georgeson",
              "non_striker": "TB Robinson",
              "runs": {
                "batter": 0,
                "extras": 0,
                "total": 0
              }
            }
          ]
        },
        {
          "over": 6,
          "deliveries": [
            {
              "batter": "TB Robinson",
              "bowler": "GD Phillips",
              "non_striker": "NF Kelly",
              "runs": {
                "batter": 1,
                "extras": 0,
                "total": 1
              }
            },
            {
              "batter": "NF Kelly",
              "bowler": "GD Phillips",
              "non_striker": "TB Robinson",
              "runs": {
                "batter": 1,
                "extras": 0,
                "total": 1
              }
            },
            {
              "batter": "TB Robinson",
              "bowler": "GD Phillips",
              "non_striker": "NF Kelly",
              "runs": {
                "batter": 0,
                "extras": 0,
                "total": 0
              }
            },
            {
              "batter": "TB Robinson",
              "bowler": "GD Phillips",
              "extras": {
                "legbyes": 2
              },
              "non_striker": "NF Kelly",
              "runs": {
                "batter": 0,
                "extras": 2,
                "total": 2
              }
            },
            {
              "batter": "TB Robinson",
              "bowler": "GD Phillips",
              "non_striker": "NF Kelly",
              "runs": {
                "batter": 1,
                "extras": 0,
                "total": 1
              }
            },
            {
              "batter": "NF Kelly",
              "bowler": "GD Phillips",
              "non_striker": "TB Robinson",
              "runs": {
                "batter": 0,
                "extras": 0,
                "total": 0
              }
            }
          ]
        },
        {
          "over": 7,
          "deliveries": [
            {
              "batter": "TB Robinson",
              "bowler": "BNJ Lockrose",
              "non_striker": "NF Kelly",
              "runs": {
                "batter": 1,
                "extras": 0,
                "total": 1
              }
            },
            {
              "batter": "NF Kelly",
              "bowler": "BNJ Lockrose",
              "non_striker": "TB Robinson",
              "runs": {
                "batter": 4,
                "extras": 0,
                "total": 4
              }
            },
            {
              "batter": "NF Kelly",
              "bowler": "BNJ Lockrose",
              "non_striker": "TB Robinson",
              "runs": {
                "batter": 0,
                "extras": 0,
                "total": 0
              }
            },
            {
              "batter": "NF Kelly",
              "bowler": "BNJ Lockrose",
              "non_striker": "TB Robinson",
              "runs": {
                "batter": 0,
                "extras": 0,
                "total": 0
              }
            },
            {
              "batter": "NF Kelly",
              "bowler": "BNJ Lockrose",
              "non_striker": "TB Robinson",
              "runs": {
                "batter": 1,
                "extras": 0,
                "total": 1
              }
            },
            {
              "batter": "TB Robinson",
              "bowler": "BNJ Lockrose",
              "non_striker": "NF Kelly",
              "runs": {
                "batter": 1,
                "extras": 0,
                "total": 1
              }
            }
          ]
        },
        {
          "over": 8,
          "deliveries": [
            {
              "batter": "TB Robinson",
              "bowler": "GD Phillips",
              "non_striker": "NF Kelly",
              "runs": {
                "batter": 1,
                "extras": 0,
                "total": 1
              }
            },
            {
              "batter": "NF Kelly",
              "bowler": "GD Phillips",
              "non_striker": "TB Robinson",
              "runs": {
                "batter": 0,
                "extras": 0,
                "total": 0
              }
            },
            {
              "batter": "NF Kelly",
              "bowler": "GD Phillips",
              "non_striker": "TB Robinson",
              "runs": {
                "batter": 4,
                "extras": 0,
                "total": 4
              }
            },
            {
              "batter": "NF Kelly",
              "bowler": "GD Phillips",
              "non_striker": "TB Robinson",
              "runs": {
                "batter": 1,
                "extras": 0,
                "total": 1
              }
            },
            {
              "batter": "TB Robinson",
              "bowler": "GD Phillips",
              "non_striker": "NF Kelly",
              "runs": {
                "batter": 1,
                "extras": 0,
                "total": 1
              }
            },
            {
              "batter": "NF Kelly",
              "bowler": "GD Phillips",
              "non_striker": "TB Robinson",
              "runs": {
                "batter": 1,
                "extras": 0,
                "total": 1
              }
            }
          ]
        },
        {
          "over": 9,
          "deliveries": [
            {
              "batter": "NF Kelly",
              "bowler": "LI Georgeson",
              "non_striker": "TB Robinson",
              "runs": {
                "batter": 1,
                "extras": 0,
                "total": 1
              }
            },
            {
              "batter": "TB Robinson",
              "bowler": "LI Georgeson",
              "non_striker": "NF Kelly",
              "runs": {
                "batter": 4,
                "extras": 0,
                "total": 4
              }
            },
            {
              "batter": "TB Robinson",
              "bowler": "LI Georgeson",
              "extras": {
                "wides": 1
              },
              "non_striker": "NF Kelly",
              "runs": {
                "batter": 0,
                "extras": 1,
                "total": 1
              }
            },
            {
              "batter": "TB Robinson",
              "bowler": "LI Georgeson",
              "non_striker": "NF Kelly",
              "runs": {
                "batter": 2,
                "extras": 0,
                "total": 2
              }
            },
            {
              "batter": "TB Robinson",
              "bowler": "LI Georgeson",
              "non_striker": "NF Kelly",
              "runs": {
                "batter": 1,
                "extras": 0,
                "total": 1
              }
            },
            {
              "batter": "NF Kelly",
              "bowler": "LI Georgeson",
              "non_striker": "TB Robinson",
              "runs": {
                "batter": 4,
                "extras": 0,
                "total": 4
              }
            },
            {
              "batter": "NF Kelly",
              "bowler": "LI Georgeson",
              "non_striker": "TB Robinson",
              "runs": {
                "batter": 4,
                "extras": 0,
                "total": 4
              }
            }
          ]
        },
        {
          "over": 10,
          "deliveries": [
            {
              "batter": "TB Robinson",
              "bowler": "MB Bacon",
              "non_striker": "NF Kelly",
              "runs": {
                "batter": 1,
                "extras": 0,
                "total": 1
              }
            },
            {
              "batter": "NF Kelly",
              "bowler": "MB Bacon",
              "non_striker": "TB Robinson",
              "runs": {
                "batter": 1,
                "extras": 0,
                "total": 1
              }
            },
            {
              "batter": "TB Robinson",
              "bowler": "MB Bacon",
              "non_striker": "NF Kelly",
              "runs": {
                "batter": 0,
                "extras": 0,
                "total": 0
              }
            },
            {
              "batter": "TB Robinson",
              "bowler": "MB Bacon",
              "non_striker": "NF Kelly",
              "runs": {
                "batter": 4,
                "extras": 0,
                "total": 4
              }
            },
            {
              "batter": "TB Robinson",
              "bowler": "MB Bacon",
              "non_striker": "NF Kelly",
              "runs": {
                "batter": 0,
                "extras": 0,
                "total": 0
              }
            },
            {
              "batter": "TB Robinson",
              "bowler": "MB Bacon",
              "non_striker": "NF Kelly",
              "runs": {
                "batter": 1,
                "extras": 0,
                "total": 1
              }
            }
          ]
        },
        {
          "over": 11,
          "deliveries": [
            {
              "batter": "TB Robinson",
              "bowler": "BNJ Lockrose",
              "non_striker": "NF Kelly",
              "runs": {
                "batter": 0,
                "extras": 0,
                "total": 0
              }
            },
            {
              "batter": "TB Robinson",
              "bowler": "BNJ Lockrose",
              "non_striker": "NF Kelly",
              "runs": {
                "batter": 1,
                "extras": 0,
                "total": 1
              }
            },
            {
              "batter": "NF Kelly",
              "bowler": "BNJ Lockrose",
              "non_striker": "TB Robinson",
              "runs": {
                "batter": 1,
                "extras": 0,
                "total": 1
              }
            },
            {
              "batter": "TB Robinson",
              "bowler": "BNJ Lockrose",
              "non_striker": "NF Kelly",
              "runs": {
                "batter": 6,
                "extras": 0,
                "total": 6
              }
            },
            {
              "batter": "TB Robinson",
              "bowler": "BNJ Lockrose",
              "non_striker": "NF Kelly",
              "runs": {
                "batter": 1,
                "extras": 0,
                "total": 1
              }
            },
            {
              "batter": "NF Kelly",
              "bowler": "BNJ Lockrose",
              "non_striker": "TB Robinson",
              "runs": {
                "batter": 1,
                "extras": 0,
                "total": 1
              }
            }
          ]
        },
        {
          "over": 12,
          "deliveries": [
            {
              "batter": "NF Kelly",
              "bowler": "GD Phillips",
              "non_striker": "TB Robinson",
              "runs": {
                "batter": 1,
                "extras": 0,
                "total": 1
              }
            },
            {
              "batter": "TB Robinson",
              "bowler": "GD Phillips",
              "non_striker": "NF Kelly",
              "runs": {
                "batter": 1,
                "extras": 0,
                "total": 1
              }
            },
            {
              "batter": "NF Kelly",
              "bowler": "GD Phillips",
              "non_striker": "TB Robinson",
              "runs": {
                "batter": 0,
                "extras": 0,
                "total": 0
              }
            },
            {
              "batter": "NF Kelly",
              "bowler": "GD Phillips",
              "non_striker": "TB Robinson",
              "runs": {
                "batter": 6,
                "extras": 0,
                "total": 6
              }
            },
            {
              "batter": "NF Kelly",
              "bowler": "GD Phillips",
              "non_striker": "TB Robinson",
              "runs": {
                "batter": 0,
                "extras": 0,
                "total": 0
              }
            },
            {
              "batter": "NF Kelly",
              "bowler": "GD Phillips",
              "non_striker": "TB Robinson",
              "runs": {
                "batter": 6,
                "extras": 0,
                "total": 6
              }
            }
          ]
        },
        {
          "over": 13,
          "deliveries": [
            {
              "batter": "TB Robinson",
              "bowler": "MB Bacon",
              "non_striker": "NF Kelly",
              "runs": {
                "batter": 0,
                "extras": 0,
                "total": 0
              }
            },
            {
              "batter": "TB Robinson",
              "bowler": "MB Bacon",
              "non_striker": "NF Kelly",
              "runs": {
                "batter": 1,
                "extras": 0,
                "total": 1
              }
            },
            {
              "batter": "NF Kelly",
              "bowler": "MB Bacon",
              "non_striker": "TB Robinson",
              "runs": {
                "batter": 2,
                "extras": 0,
                "total": 2
              }
            },
            {
              "batter": "NF Kelly",
              "bowler": "MB Bacon",
              "non_striker": "TB Robinson",
              "runs": {
                "batter": 1,
                "extras": 0,
                "total": 1
              }
            },
            {
              "batter": "TB Robinson",
              "bowler": "MB Bacon",
              "non_striker": "NF Kelly",
              "runs": {
                "batter": 1,
                "extras": 0,
                "total": 1
              }
            },
            {
              "batter": "NF Kelly",
              "bowler": "MB Bacon",
              "non_striker": "TB Robinson",
              "runs": {
                "batter": 4,
                "extras": 0,
                "total": 4
              }
            }
          ]
        },
        {
          "over": 14,
          "deliveries": [
            {
              "batter": "TB Robinson",
              "bowler": "JA Duffy",
              "non_striker": "NF Kelly",
              "runs": {
                "batter": 4,
                "extras": 0,
                "total": 4
              }
            },
            {
              "batter": "TB Robinson",
              "bowler": "JA Duffy",
              "non_striker": "NF Kelly",
              "runs": {
                "batter": 1,
                "extras": 0,
                "total": 1
              }
            },
            {
              "batter": "NF Kelly",
              "bowler": "JA Duffy",
              "extras": {
                "wides": 1
              },
              "non_striker": "TB Robinson",
              "runs": {
                "batter": 0,
                "extras": 1,
                "total": 1
              }
            },
            {
              "batter": "NF Kelly",
              "bowler": "JA Duffy",
              "non_striker": "TB Robinson",
              "runs": {
                "batter": 1,
                "extras": 0,
                "total": 1
              }
            },
            {
              "batter": "TB Robinson",
              "bowler": "JA Duffy",
              "non_striker": "NF Kelly",
              "runs": {
                "batter": 0,
                "extras": 0,
                "total": 0
              }
            },
            {
              "batter": "TB Robinson",
              "bowler": "JA Duffy",
              "non_striker": "NF Kelly",
              "runs": {
                "batter": 0,
                "extras": 0,
                "total": 0
              }
            },
            {
              "batter": "TB Robinson",
              "bowler": "JA Duffy",
              "non_striker": "NF Kelly",
              "runs": {
                "batter": 4,
                "extras": 0,
                "total": 4
              }
            }
          ]
        },
        {
          "over": 15,
          "deliveries": [
            {
              "batter": "NF Kelly",
              "bowler": "LI Georgeson",
              "non_striker": "TB Robinson",
              "runs": {
                "batter": 6,
                "extras": 0,
                "total": 6
              }
            },
            {
              "batter": "NF Kelly",
              "bowler": "LI Georgeson",
              "non_striker": "TB Robinson",
              "runs": {
                "batter": 4,
                "extras": 0,
                "total": 4
              }
            },
            {
              "batter": "NF Kelly",
              "bowler": "LI Georgeson",
              "non_striker": "TB Robinson",
              "runs": {
                "batter": 1,
                "extras": 0,
                "total": 1
              }
            },
            {
              "batter": "TB Robinson",
              "bowler": "LI Georgeson",
              "non_striker": "NF Kelly",
              "runs": {
                "batter": 1,
                "extras": 0,
                "total": 1
              }
            },
            {
              "batter": "NF Kelly",
              "bowler": "LI Georgeson",
              "non_striker": "TB Robinson",
              "runs": {
                "batter": 1,
                "extras": 0,
                "total": 1
              }
            },
            {
              "batter": "TB Robinson",
              "bowler": "LI Georgeson",
              "non_striker": "NF Kelly",
              "runs": {
                "batter": 1,
                "extras": 0,
                "total": 1
              }
            }
          ]
        },
        {
          "over": 16,
          "deliveries": [
            {
              "batter": "TB Robinson",
              "bowler": "GD Phillips",
              "non_striker": "NF Kelly",
              "runs": {
                "batter": 6,
                "extras": 0,
                "total": 6
              }
            },
            {
              "batter": "TB Robinson",
              "bowler": "GD Phillips",
              "non_striker": "NF Kelly",
              "runs": {
                "batter": 1,
                "extras": 0,
                "total": 1
              }
            },
            {
              "batter": "NF Kelly",
              "bowler": "GD Phillips",
              "non_striker": "TB Robinson",
              "runs": {
                "batter": 0,
                "extras": 0,
                "total": 0
              },
              "wickets": [
                {
                  "player_out": "NF Kelly",
                  "fielders": [
                    {
                      "name": "MW Chu"
                    }
                  ],
                  "kind": "stumped"
                }
              ]
            },
            {
              "batter": "MG Bracewell",
              "bowler": "GD Phillips",
              "non_striker": "TB Robinson",
              "runs": {
                "batter": 4,
                "extras": 0,
                "total": 4
              }
            },
            {
              "batter": "MG Bracewell",
              "bowler": "GD Phillips",
              "non_striker": "TB Robinson",
              "runs": {
                "batter": 0,
                "extras": 0,
                "total": 0
              }
            },
            {
              "batter": "MG Bracewell",
              "bowler": "GD Phillips",
              "non_striker": "TB Robinson",
              "runs": {
                "batter": 0,
                "extras": 0,
                "total": 0
              }
            }
          ]
        },
        {
          "over": 17,
          "deliveries": [
            {
              "batter": "TB Robinson",
              "bowler": "JA Duffy",
              "non_striker": "MG Bracewell",
              "runs": {
                "batter": 0,
                "extras": 0,
                "total": 0
              }
            },
            {
              "batter": "TB Robinson",
              "bowler": "JA Duffy",
              "non_striker": "MG Bracewell",
              "runs": {
                "batter": 1,
                "extras": 0,
                "total": 1
              }
            },
            {
              "batter": "MG Bracewell",
              "bowler": "JA Duffy",
              "non_striker": "TB Robinson",
              "runs": {
                "batter": 4,
                "extras": 0,
                "total": 4
              }
            },
            {
              "batter": "MG Bracewell",
              "bowler": "JA Duffy",
              "non_striker": "TB Robinson",
              "runs": {
                "batter": 6,
                "extras": 0,
                "total": 6
              }
            },
            {
              "batter": "MG Bracewell",
              "bowler": "JA Duffy",
              "non_striker": "TB Robinson",
              "runs": {
                "batter": 6,
                "extras": 0,
                "total": 6
              }
            },
            {
              "batter": "MG Bracewell",
              "bowler": "JA Duffy",
              "non_striker": "TB Robinson",
              "runs": {
                "batter": 0,
                "extras": 0,
                "total": 0
              }
            }
          ]
        },
        {
          "over": 18,
          "deliveries": [
            {
              "batter": "TB Robinson",
              "bowler": "BNJ Lockrose",
              "non_striker": "MG Bracewell",
              "runs": {
                "batter": 1,
                "extras": 0,
                "total": 1
              }
            },
            {
              "batter": "MG Bracewell",
              "bowler": "BNJ Lockrose",
              "non_striker": "TB Robinson",
              "runs": {
                "batter": 0,
                "extras": 0,
                "total": 0
              },
              "wickets": [
                {
                  "player_out": "MG Bracewell",
                  "fielders": [
                    {
                      "name": "JT Todd"
                    }
                  ],
                  "kind": "caught"
                }
              ]
            },
            {
              "batter": "JM Tashkoff",
              "bowler": "BNJ Lockrose",
              "extras": {
                "wides": 2
              },
              "non_striker": "TB Robinson",
              "runs": {
                "batter": 0,
                "extras": 2,
                "total": 2
              }
            },
            {
              "batter": "TB Robinson",
              "bowler": "BNJ Lockrose",
              "non_striker": "JM Tashkoff",
              "runs": {
                "batter": 1,
                "extras": 0,
                "total": 1
              }
            },
            {
              "batter": "JM Tashkoff",
              "bowler": "BNJ Lockrose",
              "non_striker": "TB Robinson",
              "runs": {
                "batter": 0,
                "extras": 0,
                "total": 0
              }
            },
            {
              "batter": "JM Tashkoff",
              "bowler": "BNJ Lockrose",
              "non_striker": "TB Robinson",
              "runs": {
                "batter": 1,
                "extras": 0,
                "total": 1
              }
            },
            {
              "batter": "TB Robinson",
              "bowler": "BNJ Lockrose",
              "non_striker": "JM Tashkoff",
              "runs": {
                "batter": 2,
                "extras": 0,
                "total": 2
              }
            }
          ]
        },
        {
          "over": 19,
          "deliveries": [
            {
              "batter": "JM Tashkoff",
              "bowler": "MB Bacon",
              "non_striker": "TB Robinson",
              "runs": {
                "batter": 1,
                "extras": 0,
                "total": 1
              }
            },
            {
              "batter": "TB Robinson",
              "bowler": "MB Bacon",
              "non_striker": "JM Tashkoff",
              "runs": {
                "batter": 2,
                "extras": 0,
                "total": 2
              }
            },
            {
              "batter": "TB Robinson",
              "bowler": "MB Bacon",
              "non_striker": "JM Tashkoff",
              "runs": {
                "batter": 6,
                "extras": 0,
                "total": 6
              }
            },
            {
              "batter": "TB Robinson",
              "bowler": "MB Bacon",
              "extras": {
                "legbyes": 1
              },
              "non_striker": "JM Tashkoff",
              "runs": {
                "batter": 0,
                "extras": 1,
                "total": 1
              }
            },
            {
              "batter": "JM Tashkoff",
              "bowler": "MB Bacon",
              "non_striker": "TB Robinson",
              "runs": {
                "batter": 1,
                "extras": 0,
                "total": 1
              }
            },
            {
              "batter": "TB Robinson",
              "bowler": "MB Bacon",
              "non_striker": "JM Tashkoff",
              "runs": {
                "batter": 2,
                "extras": 0,
                "total": 2
              }
            }
          ]
        }
      ],
      "powerplays": [
        {
          "from": 0.1,
          "to": 5.6,
          "type": "mandatory"
        }
      ]
    },
    {
      "team": "Otago",
      "overs": [
        {
          "over": 0,
          "deliveries": [
            {
              "batter": "DN Phillips",
              "bowler": "LV van Beek",
              "non_striker": "JT Todd",
              "runs": {
                "batter": 0,
                "extras": 0,
                "total": 0
              }
            },
            {
              "batter": "DN Phillips",
              "bowler": "LV van Beek",
              "non_striker": "JT Todd",
              "runs": {
                "batter": 1,
                "extras": 0,
                "total": 1
              }
            },
            {
              "batter": "JT Todd",
              "bowler": "LV van Beek",
              "non_striker": "DN Phillips",
              "runs": {
                "batter": 0,
                "extras": 0,
                "total": 0
              }
            },
            {
              "batter": "JT Todd",
              "bowler": "LV van Beek",
              "non_striker": "DN Phillips",
              "runs": {
                "batter": 0,
                "extras": 0,
                "total": 0
              }
            },
            {
              "batter": "JT Todd",
              "bowler": "LV van Beek",
              "non_striker": "DN Phillips",
              "runs": {
                "batter": 0,
                "extras": 0,
                "total": 0
              }
            },
            {
              "batter": "JT Todd",
              "bowler": "LV van Beek",
              "extras": {
                "wides": 1
              },
              "non_striker": "DN Phillips",
              "runs": {
                "batter": 0,
                "extras": 1,
                "total": 1
              }
            },
            {
              "batter": "JT Todd",
              "bowler": "LV van Beek",
              "extras": {
                "wides": 1
              },
              "non_striker": "DN Phillips",
              "runs": {
                "batter": 0,
                "extras": 1,
                "total": 1
              }
            },
            {
              "batter": "JT Todd",
              "bowler": "LV van Beek",
              "non_striker": "DN Phillips",
              "runs": {
                "batter": 1,
                "extras": 0,
                "total": 1
              }
            }
          ]
        },
        {
          "over": 1,
          "deliveries": [
            {
              "batter": "JT Todd",
              "bowler": "BV Sears",
              "non_striker": "DN Phillips",
              "runs": {
                "batter": 6,
                "extras": 0,
                "total": 6
              }
            },
            {
              "batter": "JT Todd",
              "bowler": "BV Sears",
              "non_striker": "DN Phillips",
              "runs": {
                "batter": 0,
                "extras": 0,
                "total": 0
              },
              "wickets": [
                {
                  "player_out": "JT Todd",
                  "fielders": [
                    {
                      "name": "NF Kelly"
                    }
                  ],
                  "kind": "caught"
                }
              ]
            },
            {
              "batter": "MW Chu",
              "bowler": "BV Sears",
              "non_striker": "DN Phillips",
              "runs": {
                "batter": 0,
                "extras": 0,
                "total": 0
              }
            },
            {
              "batter": "MW Chu",
              "bowler": "BV Sears",
              "non_striker": "DN Phillips",
              "runs": {
                "batter": 0,
                "extras": 0,
                "total": 0
              }
            },
            {
              "batter": "MW Chu",
              "bowler": "BV Sears",
              "non_striker": "DN Phillips",
              "runs": {
                "batter": 1,
                "extras": 0,
                "total": 1
              }
            },
            {
              "batter": "DN Phillips",
              "bowler": "BV Sears",
              "non_striker": "MW Chu",
              "runs": {
                "batter": 0,
                "extras": 0,
                "total": 0
              }
            }
          ]
        },
        {
          "over": 2,
          "deliveries": [
            {
              "batter": "MW Chu",
              "bowler": "MG Bracewell",
              "non_striker": "DN Phillips",
              "runs": {
                "batter": 6,
                "extras": 0,
                "total": 6
              }
            },
            {
              "batter": "MW Chu",
              "bowler": "MG Bracewell",
              "non_striker": "DN Phillips",
              "runs": {
                "batter": 2,
                "extras": 0,
                "total": 2
              }
            },
            {
              "batter": "MW Chu",
              "bowler": "MG Bracewell",
              "non_striker": "DN Phillips",
              "runs": {
                "batter": 0,
                "extras": 0,
                "total": 0
              }
            },
            {
              "batter": "MW Chu",
              "bowler": "MG Bracewell",
              "non_striker": "DN Phillips",
              "runs": {
                "batter": 1,
                "extras": 0,
                "total": 1
              }
            },
            {
              "batter": "DN Phillips",
              "bowler": "MG Bracewell",
              "non_striker": "MW Chu",
              "runs": {
                "batter": 0,
                "extras": 0,
                "total": 0
              }
            },
            {
              "batter": "DN Phillips",
              "bowler": "MG Bracewell",
              "non_striker": "MW Chu",
              "runs": {
                "batter": 0,
                "extras": 0,
                "total": 0
              }
            }
          ]
        },
        {
          "over": 3,
          "deliveries": [
            {
              "batter": "MW Chu",
              "bowler": "JW Hartshorn",
              "non_striker": "DN Phillips",
              "runs": {
                "batter": 0,
                "extras": 0,
                "total": 0
              }
            },
            {
              "batter": "MW Chu",
              "bowler": "JW Hartshorn",
              "non_striker": "DN Phillips",
              "runs": {
                "batter": 4,
                "extras": 0,
                "total": 4
              }
            },
            {
              "batter": "MW Chu",
              "bowler": "JW Hartshorn",
              "non_striker": "DN Phillips",
              "runs": {
                "batter": 0,
                "extras": 0,
                "total": 0
              }
            },
            {
              "batter": "MW Chu",
              "bowler": "JW Hartshorn",
              "non_striker": "DN Phillips",
              "runs": {
                "batter": 4,
                "extras": 0,
                "total": 4
              }
            },
            {
              "batter": "MW Chu",
              "bowler": "JW Hartshorn",
              "non_striker": "DN Phillips",
              "runs": {
                "batter": 2,
                "extras": 0,
                "total": 2
              }
            },
            {
              "batter": "MW Chu",
              "bowler": "JW Hartshorn",
              "non_striker": "DN Phillips",
              "runs": {
                "batter": 4,
                "extras": 0,
                "total": 4
              }
            }
          ]
        },
        {
          "over": 4,
          "deliveries": [
            {
              "batter": "DN Phillips",
              "bowler": "LV van Beek",
              "non_striker": "MW Chu",
              "runs": {
                "batter": 1,
                "extras": 0,
                "total": 1
              }
            },
            {
              "batter": "MW Chu",
              "bowler": "LV van Beek",
              "non_striker": "DN Phillips",
              "runs": {
                "batter": 1,
                "extras": 0,
                "total": 1
              }
            },
            {
              "batter": "DN Phillips",
              "bowler": "LV van Beek",
              "non_striker": "MW Chu",
              "runs": {
                "batter": 0,
                "extras": 0,
                "total": 0
              }
            },
            {
              "batter": "DN Phillips",
              "bowler": "LV van Beek",
              "non_striker": "MW Chu",
              "runs": {
                "batter": 4,
                "extras": 0,
                "total": 4
              }
            },
            {
              "batter": "DN Phillips",
              "bowler": "LV van Beek",
              "non_striker": "MW Chu",
              "runs": {
                "batter": 0,
                "extras": 0,
                "total": 0
              }
            },
            {
              "batter": "DN Phillips",
              "bowler": "LV van Beek",
              "non_striker": "MW Chu",
              "runs": {
                "batter": 1,
                "extras": 0,
                "total": 1
              }
            }
          ]
        },
        {
          "over": 5,
          "deliveries": [
            {
              "batter": "DN Phillips",
              "bowler": "BV Sears",
              "non_striker": "MW Chu",
              "runs": {
                "batter": 0,
                "extras": 0,
                "total": 0
              }
            },
            {
              "batter": "DN Phillips",
              "bowler": "BV Sears",
              "non_striker": "MW Chu",
              "runs": {
                "batter": 0,
                "extras": 0,
                "total": 0
              }
            },
            {
              "batter": "DN Phillips",
              "bowler": "BV Sears",
              "extras": {
                "wides": 1
              },
              "non_striker": "MW Chu",
              "runs": {
                "batter": 0,
                "extras": 1,
                "total": 1
              }
            },
            {
              "batter": "DN Phillips",
              "bowler": "BV Sears",
              "non_striker": "MW Chu",
              "runs": {
                "batter": 0,
                "extras": 0,
                "total": 0
              },
              "wickets": [
                {
                  "player_out": "DN Phillips",
                  "fielders": [
                    {
                      "name": "TA Blundell"
                    }
                  ],
                  "kind": "caught"
                }
              ]
            },
            {
              "batter": "GD Phillips",
              "bowler": "BV Sears",
              "non_striker": "MW Chu",
              "runs": {
                "batter": 0,
                "extras": 0,
                "total": 0
              }
            },
            {
              "batter": "GD Phillips",
              "bowler": "BV Sears",
              "non_striker": "MW Chu",
              "runs": {
                "batter": 4,
                "extras": 0,
                "total": 4
              }
            },
            {
              "batter": "GD Phillips",
              "bowler": "BV Sears",
              "non_striker": "MW Chu",
              "runs": {
                "batter": 0,
                "extras": 0,
                "total": 0
              }
            }
          ]
        },
        {
          "over": 6,
          "deliveries": [
            {
              "batter": "MW Chu",
              "bowler": "PF Younghusband",
              "non_striker": "GD Phillips",
              "runs": {
                "batter": 6,
                "extras": 0,
                "total": 6
              }
            },
            {
              "batter": "MW Chu",
              "bowler": "PF Younghusband",
              "non_striker": "GD Phillips",
              "runs": {
                "batter": 4,
                "extras": 0,
                "total": 4
              }
            },
            {
              "batter": "MW Chu",
              "bowler": "PF Younghusband",
              "non_striker": "GD Phillips",
              "runs": {
                "batter": 0,
                "extras": 0,
                "total": 0
              },
              "wickets": [
                {
                  "player_out": "MW Chu",
                  "kind": "bowled"
                }
              ]
            },
            {
              "batter": "LJ Carter",
              "bowler": "PF Younghusband",
              "non_striker": "GD Phillips",
              "runs": {
                "batter": 0,
                "extras": 0,
                "total": 0
              }
            },
            {
              "batter": "LJ Carter",
              "bowler": "PF Younghusband",
              "non_striker": "GD Phillips",
              "runs": {
                "batter": 1,
                "extras": 0,
                "total": 1
              }
            },
            {
              "batter": "GD Phillips",
              "bowler": "PF Younghusband",
              "extras": {
                "legbyes": 1
              },
              "non_striker": "LJ Carter",
              "runs": {
                "batter": 0,
                "extras": 1,
                "total": 1
              }
            }
          ]
        },
        {
          "over": 7,
          "deliveries": [
            {
              "batter": "GD Phillips",
              "bowler": "MA Abbas",
              "non_striker": "LJ Carter",
              "runs": {
                "batter": 1,
                "extras": 0,
                "total": 1
              }
            },
            {
              "batter": "LJ Carter",
              "bowler": "MA Abbas",
              "non_striker": "GD Phillips",
              "runs": {
                "batter": 1,
                "extras": 0,
                "total": 1
              }
            },
            {
              "batter": "GD Phillips",
              "bowler": "MA Abbas",
              "non_striker": "LJ Carter",
              "runs": {
                "batter": 0,
                "extras": 0,
                "total": 0
              }
            },
            {
              "batter": "GD Phillips",
              "bowler": "MA Abbas",
              "non_striker": "LJ Carter",
              "runs": {
                "batter": 1,
                "extras": 0,
                "total": 1
              }
            },
            {
              "batter": "LJ Carter",
              "bowler": "MA Abbas",
              "non_striker": "GD Phillips",
              "runs": {
                "batter": 0,
                "extras": 0,
                "total": 0
              }
            },
            {
              "batter": "LJ Carter",
              "bowler": "MA Abbas",
              "non_striker": "GD Phillips",
              "runs": {
                "batter": 1,
                "extras": 0,
                "total": 1
              }
            }
          ]
        },
        {
          "over": 8,
          "deliveries": [
            {
              "batter": "LJ Carter",
              "bowler": "MG Bracewell",
              "non_striker": "GD Phillips",
              "runs": {
                "batter": 4,
                "extras": 0,
                "total": 4
              }
            },
            {
              "batter": "LJ Carter",
              "bowler": "MG Bracewell",
              "non_striker": "GD Phillips",
              "runs": {
                "batter": 1,
                "extras": 0,
                "total": 1
              }
            },
            {
              "batter": "GD Phillips",
              "bowler": "MG Bracewell",
              "non_striker": "LJ Carter",
              "runs": {
                "batter": 1,
                "extras": 0,
                "total": 1
              }
            },
            {
              "batter": "LJ Carter",
              "bowler": "MG Bracewell",
              "non_striker": "GD Phillips",
              "runs": {
                "batter": 1,
                "extras": 0,
                "total": 1
              }
            },
            {
              "batter": "GD Phillips",
              "bowler": "MG Bracewell",
              "non_striker": "LJ Carter",
              "runs": {
                "batter": 1,
                "extras": 0,
                "total": 1
              }
            },
            {
              "batter": "LJ Carter",
              "bowler": "MG Bracewell",
              "non_striker": "GD Phillips",
              "runs": {
                "batter": 0,
                "extras": 0,
                "total": 0
              }
            }
          ]
        },
        {
          "over": 9,
          "deliveries": [
            {
              "batter": "GD Phillips",
              "bowler": "PF Younghusband",
              "non_striker": "LJ Carter",
              "runs": {
                "batter": 0,
                "extras": 0,
                "total": 0
              }
            },
            {
              "batter": "GD Phillips",
              "bowler": "PF Younghusband",
              "non_striker": "LJ Carter",
              "runs": {
                "batter": 6,
                "extras": 0,
                "total": 6
              }
            },
            {
              "batter": "GD Phillips",
              "bowler": "PF Younghusband",
              "non_striker": "LJ Carter",
              "runs": {
                "batter": 1,
                "extras": 0,
                "total": 1
              }
            },
            {
              "batter": "LJ Carter",
              "bowler": "PF Younghusband",
              "non_striker": "GD Phillips",
              "runs": {
                "batter": 0,
                "extras": 0,
                "total": 0
              }
            },
            {
              "batter": "LJ Carter",
              "bowler": "PF Younghusband",
              "non_striker": "GD Phillips",
              "runs": {
                "batter": 1,
                "extras": 0,
                "total": 1
              }
            },
            {
              "batter": "GD Phillips",
              "bowler": "PF Younghusband",
              "non_striker": "LJ Carter",
              "runs": {
                "batter": 6,
                "extras": 0,
                "total": 6
              }
            }
          ]
        },
        {
          "over": 10,
          "deliveries": [
            {
              "batter": "LJ Carter",
              "bowler": "LV van Beek",
              "non_striker": "GD Phillips",
              "runs": {
                "batter": 1,
                "extras": 0,
                "total": 1
              }
            },
            {
              "batter": "GD Phillips",
              "bowler": "LV van Beek",
              "non_striker": "LJ Carter",
              "runs": {
                "batter": 1,
                "extras": 0,
                "total": 1
              }
            },
            {
              "batter": "LJ Carter",
              "bowler": "LV van Beek",
              "non_striker": "GD Phillips",
              "runs": {
                "batter": 1,
                "extras": 0,
                "total": 1
              }
            },
            {
              "batter": "GD Phillips",
              "bowler": "LV van Beek",
              "non_striker": "LJ Carter",
              "runs": {
                "batter": 1,
                "extras": 0,
                "total": 1
              }
            },
            {
              "batter": "LJ Carter",
              "bowler": "LV van Beek",
              "non_striker": "GD Phillips",
              "runs": {
                "batter": 0,
                "extras": 0,
                "total": 0
              },
              "wickets": [
                {
                  "player_out": "LJ Carter",
                  "fielders": [
                    {
                      "name": "TM Johnson"
                    }
                  ],
                  "kind": "caught"
                }
              ]
            },
            {
              "batter": "LC Johnson",
              "bowler": "LV van Beek",
              "non_striker": "GD Phillips",
              "runs": {
                "batter": 0,
                "extras": 0,
                "total": 0
              }
            }
          ]
        },
        {
          "over": 11,
          "deliveries": [
            {
              "batter": "GD Phillips",
              "bowler": "MA Abbas",
              "non_striker": "LC Johnson",
              "runs": {
                "batter": 1,
                "extras": 0,
                "total": 1
              }
            },
            {
              "batter": "LC Johnson",
              "bowler": "MA Abbas",
              "non_striker": "GD Phillips",
              "runs": {
                "batter": 0,
                "extras": 0,
                "total": 0
              }
            },
            {
              "batter": "LC Johnson",
              "bowler": "MA Abbas",
              "non_striker": "GD Phillips",
              "runs": {
                "batter": 1,
                "extras": 0,
                "total": 1
              }
            },
            {
              "batter": "GD Phillips",
              "bowler": "MA Abbas",
              "non_striker": "LC Johnson",
              "runs": {
                "batter": 1,
                "extras": 0,
                "total": 1
              }
            },
            {
              "batter": "LC Johnson",
              "bowler": "MA Abbas",
              "non_striker": "GD Phillips",
              "runs": {
                "batter": 0,
                "extras": 0,
                "total": 0
              }
            },
            {
              "batter": "LC Johnson",
              "bowler": "MA Abbas",
              "non_striker": "GD Phillips",
              "runs": {
                "batter": 4,
                "extras": 0,
                "total": 4
              }
            }
          ]
        },
        {
          "over": 12,
          "deliveries": [
            {
              "batter": "GD Phillips",
              "bowler": "PF Younghusband",
              "non_striker": "LC Johnson",
              "runs": {
                "batter": 1,
                "extras": 0,
                "total": 1
              }
            },
            {
              "batter": "LC Johnson",
              "bowler": "PF Younghusband",
              "non_striker": "GD Phillips",
              "runs": {
                "batter": 0,
                "extras": 0,
                "total": 0
              }
            },
            {
              "batter": "LC Johnson",
              "bowler": "PF Younghusband",
              "non_striker": "GD Phillips",
              "runs": {
                "batter": 6,
                "extras": 0,
                "total": 6
              }
            },
            {
              "batter": "LC Johnson",
              "bowler": "PF Younghusband",
              "non_striker": "GD Phillips",
              "runs": {
                "batter": 1,
                "extras": 0,
                "total": 1
              }
            },
            {
              "batter": "GD Phillips",
              "bowler": "PF Younghusband",
              "non_striker": "LC Johnson",
              "runs": {
                "batter": 1,
                "extras": 0,
                "total": 1
              }
            },
            {
              "batter": "LC Johnson",
              "bowler": "PF Younghusband",
              "non_striker": "GD Phillips",
              "runs": {
                "batter": 1,
                "extras": 0,
                "total": 1
              }
            }
          ]
        },
        {
          "over": 13,
          "deliveries": [
            {
              "batter": "LC Johnson",
              "bowler": "BV Sears",
              "non_striker": "GD Phillips",
              "runs": {
                "batter": 2,
                "extras": 0,
                "total": 2
              }
            },
            {
              "batter": "LC Johnson",
              "bowler": "BV Sears",
              "non_striker": "GD Phillips",
              "runs": {
                "batter": 0,
                "extras": 0,
                "total": 0
              }
            },
            {
              "batter": "LC Johnson",
              "bowler": "BV Sears",
              "non_striker": "GD Phillips",
              "runs": {
                "batter": 6,
                "extras": 0,
                "total": 6
              }
            },
            {
              "batter": "LC Johnson",
              "bowler": "BV Sears",
              "non_striker": "GD Phillips",
              "runs": {
                "batter": 0,
                "extras": 0,
                "total": 0
              },
              "wickets": [
                {
                  "player_out": "LC Johnson",
                  "fielders": [
                    {
                      "name": "LV van Beek"
                    }
                  ],
                  "kind": "caught"
                }
              ]
            },
            {
              "batter": "LI Georgeson",
              "bowler": "BV Sears",
              "non_striker": "GD Phillips",
              "runs": {
                "batter": 0,
                "extras": 0,
                "total": 0
              }
            },
            {
              "batter": "LI Georgeson",
              "bowler": "BV Sears",
              "non_striker": "GD Phillips",
              "runs": {
                "batter": 1,
                "extras": 0,
                "total": 1
              }
            }
          ]
        },
        {
          "over": 14,
          "deliveries": [
            {
              "batter": "LI Georgeson",
              "bowler": "MG Bracewell",
              "non_striker": "GD Phillips",
              "runs": {
                "batter": 0,
                "extras": 0,
                "total": 0
              }
            },
            {
              "batter": "LI Georgeson",
              "bowler": "MG Bracewell",
              "non_striker": "GD Phillips",
              "runs": {
                "batter": 1,
                "extras": 0,
                "total": 1
              }
            },
            {
              "batter": "GD Phillips",
              "bowler": "MG Bracewell",
              "non_striker": "LI Georgeson",
              "runs": {
                "batter": 1,
                "extras": 0,
                "total": 1
              }
            },
            {
              "batter": "LI Georgeson",
              "bowler": "MG Bracewell",
              "non_striker": "GD Phillips",
              "runs": {
                "batter": 1,
                "extras": 0,
                "total": 1
              }
            },
            {
              "batter": "GD Phillips",
              "bowler": "MG Bracewell",
              "non_striker": "LI Georgeson",
              "runs": {
                "batter": 1,
                "extras": 0,
                "total": 1
              }
            },
            {
              "batter": "LI Georgeson",
              "bowler": "MG Bracewell",
              "non_striker": "GD Phillips",
              "runs": {
                "batter": 0,
                "extras": 0,
                "total": 0
              },
              "wickets": [
                {
                  "player_out": "LI Georgeson",
                  "kind": "bowled"
                }
              ]
            }
          ]
        },
        {
          "over": 15,
          "deliveries": [
            {
              "batter": "GD Phillips",
              "bowler": "MA Abbas",
              "extras": {
                "wides": 1
              },
              "non_striker": "BNJ Lockrose",
              "runs": {
                "batter": 0,
                "extras": 1,
                "total": 1
              }
            },
            {
              "batter": "GD Phillips",
              "bowler": "MA Abbas",
              "non_striker": "BNJ Lockrose",
              "runs": {
                "batter": 4,
                "extras": 0,
                "total": 4
              }
            },
            {
              "batter": "GD Phillips",
              "bowler": "MA Abbas",
              "non_striker": "BNJ Lockrose",
              "runs": {
                "batter": 0,
                "extras": 0,
                "total": 0
              }
            },
            {
              "batter": "GD Phillips",
              "bowler": "MA Abbas",
              "non_striker": "BNJ Lockrose",
              "runs": {
                "batter": 1,
                "extras": 0,
                "total": 1
              },
              "wickets": [
                {
                  "player_out": "BNJ Lockrose",
                  "fielders": [
                    {
                      "name": "MA Abbas"
                    },
                    {
                      "name": "PF Younghusband"
                    }
                  ],
                  "kind": "run out"
                }
              ]
            },
            {
              "batter": "GD Phillips",
              "bowler": "MA Abbas",
              "non_striker": "ATE Hazeldine",
              "runs": {
                "batter": 0,
                "extras": 0,
                "total": 0
              },
              "wickets": [
                {
                  "player_out": "ATE Hazeldine",
                  "fielders": [
                    {
                      "name": "NF Kelly"
                    }
                  ],
                  "kind": "run out"
                }
              ]
            },
            {
              "batter": "GD Phillips",
              "bowler": "MA Abbas",
              "non_striker": "JA Duffy",
              "runs": {
                "batter": 1,
                "extras": 0,
                "total": 1
              }
            },
            {
              "batter": "JA Duffy",
              "bowler": "MA Abbas",
              "non_striker": "GD Phillips",
              "runs": {
                "batter": 1,
                "extras": 0,
                "total": 1
              }
            }
          ]
        },
        {
          "over": 16,
          "deliveries": [
            {
              "batter": "JA Duffy",
              "bowler": "MG Bracewell",
              "non_striker": "GD Phillips",
              "runs": {
                "batter": 1,
                "extras": 0,
                "total": 1
              }
            },
            {
              "batter": "GD Phillips",
              "bowler": "MG Bracewell",
              "non_striker": "JA Duffy",
              "runs": {
                "batter": 6,
                "extras": 0,
                "total": 6
              }
            },
            {
              "batter": "GD Phillips",
              "bowler": "MG Bracewell",
              "non_striker": "JA Duffy",
              "runs": {
                "batter": 6,
                "extras": 0,
                "total": 6
              }
            },
            {
              "batter": "GD Phillips",
              "bowler": "MG Bracewell",
              "non_striker": "JA Duffy",
              "runs": {
                "batter": 0,
                "extras": 0,
                "total": 0
              }
            },
            {
              "batter": "GD Phillips",
              "bowler": "MG Bracewell",
              "non_striker": "JA Duffy",
              "runs": {
                "batter": 1,
                "extras": 0,
                "total": 1
              }
            },
            {
              "batter": "JA Duffy",
              "bowler": "MG Bracewell",
              "non_striker": "GD Phillips",
              "runs": {
                "batter": 2,
                "extras": 0,
                "total": 2
              }
            }
          ]
        },
        {
          "over": 17,
          "deliveries": [
            {
              "batter": "GD Phillips",
              "bowler": "BV Sears",
              "non_striker": "JA Duffy",
              "runs": {
                "batter": 1,
                "extras": 0,
                "total": 1
              }
            },
            {
              "batter": "JA Duffy",
              "bowler": "BV Sears",
              "non_striker": "GD Phillips",
              "runs": {
                "batter": 6,
                "extras": 0,
                "total": 6
              }
            },
            {
              "batter": "JA Duffy",
              "bowler": "BV Sears",
              "non_striker": "GD Phillips",
              "runs": {
                "batter": 1,
                "extras": 0,
                "total": 1
              }
            },
            {
              "batter": "GD Phillips",
              "bowler": "BV Sears",
              "non_striker": "JA Duffy",
              "runs": {
                "batter": 0,
                "extras": 0,
                "total": 0
              },
              "wickets": [
                {
                  "player_out": "GD Phillips",
                  "fielders": [
                    {
                      "name": "LV van Beek"
                    }
                  ],
                  "kind": "caught"
                }
              ]
            },
            {
              "batter": "MB Bacon",
              "bowler": "BV Sears",
              "non_striker": "JA Duffy",
              "runs": {
                "batter": 0,
                "extras": 0,
                "total": 0
              }
            },
            {
              "batter": "MB Bacon",
              "bowler": "BV Sears",
              "non_striker": "JA Duffy",
              "runs": {
                "batter": 0,
                "extras": 0,
                "total": 0
              }
            }
          ]
        },
        {
          "over": 18,
          "deliveries": [
            {
              "batter": "JA Duffy",
              "bowler": "LV van Beek",
              "non_striker": "MB Bacon",
              "runs": {
                "batter": 1,
                "extras": 0,
                "total": 1
              }
            },
            {
              "batter": "MB Bacon",
              "bowler": "LV van Beek",
              "non_striker": "JA Duffy",
              "runs": {
                "batter": 1,
                "extras": 0,
                "total": 1
              }
            },
            {
              "batter": "JA Duffy",
              "bowler": "LV van Beek",
              "non_striker": "MB Bacon",
              "runs": {
                "batter": 1,
                "extras": 0,
                "total": 1
              }
            },
            {
              "batter": "MB Bacon",
              "bowler": "LV van Beek",
              "non_striker": "JA Duffy",
              "runs": {
                "batter": 0,
                "extras": 0,
                "total": 0
              }
            },
            {
              "batter": "MB Bacon",
              "bowler": "LV van Beek",
              "non_striker": "JA Duffy",
              "runs": {
                "batter": 0,
                "extras": 0,
                "total": 0
              },
              "wickets": [
                {
                  "player_out": "MB Bacon",
                  "kind": "bowled"
                }
              ]
            }
          ]
        }
      ],
      "powerplays": [
        {
          "from": 0.1,
          "to": 5.7,
          "type": "mandatory"
        }
      ],
      "target": {
        "overs": 20,
        "runs": 187
      }
    }
  ]
}