{
  "meta": {
    "data_version": "1.1.0",
    "created": "2025-01-16",
    "revision": 1
  },
  "info": {
    "balls_per_over": 6,
    "city": "Napier",
    "dates": [
      "2025-01-15"
    ],
    "event": {
      "name": "Super Smash",
      "match_number": 15
    },
    "gender": "male",
    "match_type": "T20",
    "missing": [
      "player_of_match"
    ],
    "officials": {
      "match_referees": [
        "GB Troup"
      ],
      "reserve_umpires": [
        "CR Pryor"
      ],
      "tv_umpires": [
        "GG Pennell"
      ],
      "umpires": [
        "CM Brown",
        "Tyron Davies"
      ]
    },
    "outcome": {
      "winner": "Central Districts",
      "by": {
        "wickets": 8
      }
    },
    "overs": 20,
    "players": {
      "Auckland": [
        "WT O'Donnell",
        "SB Keene",
        "SM Solia",
        "BJ Jacobs",
        "CD Fletcher",
        "LN Stackpole",
        "J McKenzie",
        "R Mudford",
        "DK Ferns",
        "AL Olliver",
        "A Ashok"
      ],
      "Central Districts": [
        "JCT Boyle",
        "CG Heaphy",
        "D Cleaver",
        "TC Bruce",
        "JA Clarkson",
        "W Clark",
        "AR Schaw",
        "BG Randell",
        "BM Tickner",
        "JR Lennox",
        "TA Findlay"
      ]
    },
    "registry": {
      "people": {
        "A Ashok": "321be7e3",
        "AL Olliver": "9b05c1c1",
        "AR Schaw": "118e6f66",
        "BG Randell": "dbeb6733",
        "BJ Jacobs": "972f217b",
        "BM Tickner": "48ad3373",
        "CD Fletcher": "4af9f5d4",
        "CG Heaphy": "fcbd6eb8",
        "CM Brown": "448f4f1c",
        "CR Pryor": "8d705d48",
        "D Cleaver": "e3a949be",
        "DK Ferns": "f28c7456",
        "GB Troup": "94f0e744",
        "GG Pennell": "d9376677",
        "J McKenzie": "a1ad8978",
        "JA Clarkson": "bed90114",
        "JCT Boyle": "f7b3d625",
        "JR Lennox": "07793daf",
        "LN Stackpole": "66c59019",
        "R Mudford": "6fe62d00",
        "SB Keene": "6fb2d3a2",
        "SM Solia": "fd9f43bb",
        "TA Findlay": "e98787f5",
        "TC Bruce": "f92c9151",
        "Tyron Davies": "6ec463f4",
        "W Clark": "4f78497c",
        "WT O'Donnell": "730b57de"
      }
    },
    "season": "2024/25",
    "team_type": "club",
    "teams": [
      "Auckland",
      "Central Districts"
    ],
    "toss": {
      "decision": "field",
      "winner": "Central Districts"
    },
    "venue": "McLean Park, Napier"
  },
  "innings": [
    {
      "team": "Auckland",
      "overs": [
        {
          "over": 0,
          "deliveries": [
            {
              "batter": "WT O'Donnell",
              "bowler": "AR Schaw",
              "non_striker": "SB Keene",
              "runs": {
                "batter": 0,
                "extras": 0,
                "total": 0
              }
            },
            {
              "batter": "WT O'Donnell",
              "bowler": "AR Schaw",
              "non_striker": "SB Keene",
              "runs": {
                "batter": 0,
                "extras": 0,
                "total": 0
              }
            },
            {
              "batter": "WT O'Donnell",
              "bowler": "AR Schaw",
              "non_striker": "SB Keene",
              "runs": {
                "batter": 0,
                "extras": 0,
                "total": 0
              }
            },
            {
              "batter": "WT O'Donnell",
              "bowler": "AR Schaw",
              "non_striker": "SB Keene",
              "runs": {
                "batter": 0,
                "extras": 0,
                "total": 0
              }
            },
            {
              "batter": "WT O'Donnell",
              "bowler": "AR Schaw",
              "non_striker": "SB Keene",
              "runs": {
                "batter": 6,
                "extras": 0,
                "total": 6
              }
            },
            {
              "batter": "WT O'Donnell",
              "bowler": "AR Schaw",
              "non_striker": "SB Keene",
              "runs": {
                "batter": 0,
                "extras": 0,
                "total": 0
              }
            }
          ]
        },
        {
          "over": 1,
          "deliveries": [
            {
              "batter": "SB Keene",
              "bowler": "BG Randell",
              "non_striker": "WT O'Donnell",
              "runs": {
                "batter": 4,
                "extras": 0,
                "total": 4
              }
            },
            {
              "batter": "SB Keene",
              "bowler": "BG Randell",
              "non_striker": "WT O'Donnell",
              "runs": {
                "batter": 1,
                "extras": 0,
                "total": 1
              }
            },
            {
              "batter": "WT O'Donnell",
              "bowler": "BG Randell",
              "non_striker": "SB Keene",
              "runs": {
                "batter": 0,
                "extras": 0,
                "total": 0
              }
            },
            {
              "batter": "WT O'Donnell",
              "bowler": "BG Randell",
              "non_striker": "SB Keene",
              "runs": {
                "batter": 0,
                "extras": 0,
                "total": 0
              }
            },
            {
              "batter": "WT O'Donnell",
              "bowler": "BG Randell",
              "non_striker": "SB Keene",
              "runs": {
                "batter": 0,
                "extras": 0,
                "total": 0
              }
            },
            {
              "batter": "WT O'Donnell",
              "bowler": "BG Randell",
              "non_striker": "SB Keene",
              "runs": {
                "batter": 1,
                "extras": 0,
                "total": 1
              }
            }
          ]
        },
        {
          "over": 2,
          "deliveries": [
            {
              "batter": "WT O'Donnell",
              "bowler": "TA Findlay",
              "non_striker": "SB Keene",
              "runs": {
                "batter": 1,
                "extras": 0,
                "total": 1
              }
            },
            {
              "batter": "SB Keene",
              "bowler": "TA Findlay",
              "non_striker": "WT O'Donnell",
              "runs": {
                "batter": 0,
                "extras": 0,
                "total": 0
              }
            },
            {
              "batter": "SB Keene",
              "bowler": "TA Findlay",
              "non_striker": "WT O'Donnell",
              "runs": {
                "batter": 0,
                "extras": 0,
                "total": 0
              }
            },
            {
              "batter": "SB Keene",
              "bowler": "TA Findlay",
              "non_striker": "WT O'Donnell",
              "runs": {
                "batter": 4,
                "extras": 0,
                "total": 4
              }
            },
            {
              "batter": "SB Keene",
              "bowler": "TA Findlay",
              "non_striker": "WT O'Donnell",
              "runs": {
                "batter": 0,
                "extras": 0,
                "total": 0
              }
            },
            {
              "batter": "SB Keene",
              "bowler": "TA Findlay",
              "non_striker": "WT O'Donnell",
              "runs": {
                "batter": 0,
                "extras": 0,
                "total": 0
              }
            }
          ]
        },
        {
          "over": 3,
          "deliveries": [
            {
              "batter": "WT O'Donnell",
              "bowler": "JR Lennox",
              "non_striker": "SB Keene",
              "runs": {
                "batter": 0,
                "extras": 0,
                "total": 0
              }
            },
            {
              "batter": "WT O'Donnell",
              "bowler": "JR Lennox",
              "non_striker": "SB Keene",
              "runs": {
                "batter": 0,
                "extras": 0,
                "total": 0
              }
            },
            {
              "batter": "WT O'Donnell",
              "bowler": "JR Lennox",
              "non_striker": "SB Keene",
              "runs": {
                "batter": 1,
                "extras": 0,
                "total": 1
              }
            },
            {
              "batter": "SB Keene",
              "bowler": "JR Lennox",
              "non_striker": "WT O'Donnell",
              "runs": {
                "batter": 1,
                "extras": 0,
                "total": 1
              }
            },
            {
              "batter": "WT O'Donnell",
              "bowler": "JR Lennox",
              "extras": {
                "legbyes": 1
              },
              "non_striker": "SB Keene",
              "runs": {
                "batter": 0,
                "extras": 1,
                "total": 1
              }
            },
            {
              "batter": "SB Keene",
              "bowler": "JR Lennox",
              "non_striker": "WT O'Donnell",
              "runs": {
                "batter": 1,
                "extras": 0,
                "total": 1
              }
            }
          ]
        },
        {
          "over": 4,
          "deliveries": [
            {
              "batter": "SB Keene",
              "bowler": "BG Randell",
              "non_striker": "WT O'Donnell",
              "runs": {
                "batter": 0,
                "extras": 0,
                "total": 0
              }
            },
            {
              "batter": "SB Keene",
              "bowler": "BG Randell",
              "non_striker": "WT O'Donnell",
              "runs": {
                "batter": 6,
                "extras": 0,
                "total": 6
              }
            },
            {
              "batter": "SB Keene",
              "bowler": "BG Randell",
              "non_striker": "WT O'Donnell",
              "runs": {
                "batter": 0,
                "extras": 0,
                "total": 0
              }
            },
            {
              "batter": "SB Keene",
              "bowler": "BG Randell",
              "non_striker": "WT O'Donnell",
              "runs": {
                "batter": 6,
                "extras": 0,
                "total": 6
              }
            },
            {
              "batter": "SB Keene",
              "bowler": "BG Randell",
              "non_striker": "WT O'Donnell",
              "runs": {
                "batter": 4,
                "extras": 0,
                "total": 4
              }
            },
            {
              "batter": "SB Keene",
              "bowler": "BG Randell",
              "non_striker": "WT O'Donnell",
              "runs": {
                "batter": 0,
                "extras": 0,
                "total": 0
              }
            }
          ]
        },
        {
          "over": 5,
          "deliveries": [
            {
              "batter": "WT O'Donnell",
              "bowler": "TA Findlay",
              "non_striker": "SB Keene",
              "runs": {
                "batter": 0,
                "extras": 0,
                "total": 0
              }
            },
            {
              "batter": "WT O'Donnell",
              "bowler": "TA Findlay",
              "non_striker": "SB Keene",
              "runs": {
                "batter": 6,
                "extras": 0,
                "total": 6
              }
            },
            {
              "batter": "WT O'Donnell",
              "bowler": "TA Findlay",
              "non_striker": "SB Keene",
              "runs": {
                "batter": 1,
                "extras": 0,
                "total": 1
              }
            },
            {
              "batter": "SB Keene",
              "bowler": "TA Findlay",
              "non_striker": "WT O'Donnell",
              "runs": {
                "batter": 4,
                "extras": 0,
                "total": 4
              }
            },
            {
              "batter": "SB Keene",
              "bowler": "TA Findlay",
              "non_striker": "WT O'Donnell",
              "runs": {
                "batter": 0,
                "extras": 0,
                "total": 0
              },
              "wickets": [
                {
                  "player_out": "SB Keene",
                  "fielders": [
                    {
                      "name": "AR Schaw"
                    }
                  ],
                  "kind": "caught"
                }
              ]
            },
            {
              "batter": "SM Solia",
              "bowler": "TA Findlay",
              "non_striker": "WT O'Donnell",
              "runs": {
                "batter": 0,
                "extras": 0,
                "total": 0
              }
            }
          ]
        },
        {
          "over": 6,
          "deliveries": [
            {
              "batter": "WT O'Donnell",
              "bowler": "AR Schaw",
              "non_striker": "SM Solia",
              "runs": {
                "batter": 1,
                "extras": 0,
                "total": 1
              }
            },
            {
              "batter": "SM Solia",
              "bowler": "AR Schaw",
              "non_striker": "WT O'Donnell",
              "runs": {
                "batter": 0,
                "extras": 0,
                "total": 0
              }
            },
            {
              "batter": "SM Solia",
              "bowler": "AR Schaw",
              "non_striker": "WT O'Donnell",
              "runs": {
                "batter": 0,
                "extras": 0,
                "total": 0
              }
            },
            {
              "batter": "SM Solia",
              "bowler": "AR Schaw",
              "extras": {
                "wides": 1
              },
              "non_striker": "WT O'Donnell",
              "runs": {
                "batter": 0,
                "extras": 1,
                "total": 1
              }
            },
            {
              "batter": "SM Solia",
              "bowler": "AR Schaw",
              "non_striker": "WT O'Donnell",
              "runs": {
                "batter": 4,
                "extras": 0,
                "total": 4
              }
            },
            {
              "batter": "SM Solia",
              "bowler": "AR Schaw",
              "non_striker": "WT O'Donnell",
              "runs": {
                "batter": 6,
                "extras": 0,
                "total": 6
              }
            },
            {
              "batter": "SM Solia",
              "bowler": "AR Schaw",
              "non_striker": "WT O'Donnell",
              "runs": {
                "batter": 1,
                "extras": 0,
                "total": 1
              }
            }
          ]
        },
        {
          "over": 7,
          "deliveries": [
            {
              "batter": "SM Solia",
              "bowler": "BM Tickner",
              "non_striker": "WT O'Donnell",
              "runs": {
                "batter": 1,
                "extras": 0,
                "total": 1
              }
            },
            {
              "batter": "WT O'Donnell",
              "bowler": "BM Tickner",
              "non_striker": "SM Solia",
              "runs": {
                "batter": 0,
                "extras": 0,
                "total": 0
              }
            },
            {
              "batter": "WT O'Donnell",
              "bowler": "BM Tickner",
              "non_striker": "SM Solia",
              "runs": {
                "batter": 0,
                "extras": 0,
                "total": 0
              }
            },
            {
              "batter": "WT O'Donnell",
              "bowler": "BM Tickner",
              "non_striker": "SM Solia",
              "runs": {
                "batter": 1,
                "extras": 0,
                "total": 1
              }
            },
            {
              "batter": "SM Solia",
              "bowler": "BM Tickner",
              "extras": {
                "wides": 1
              },
              "non_striker": "WT O'Donnell",
              "runs": {
                "batter": 0,
                "extras": 1,
                "total": 1
              }
            },
            {
              "batter": "SM Solia",
              "bowler": "BM Tickner",
              "non_striker": "WT O'Donnell",
              "runs": {
                "batter": 0,
                "extras": 0,
                "total": 0
              }
            },
            {
              "batter": "SM Solia",
              "bowler": "BM Tickner",
              "extras": {
                "legbyes": 1
              },
              "non_striker": "WT O'Donnell",
              "runs": {
                "batter": 0,
                "extras": 1,
                "total": 1
              }
            }
          ]
        },
        {
          "over": 8,
          "deliveries": [
            {
              "batter": "SM Solia",
              "bowler": "JA Clarkson",
              "non_striker": "WT O'Donnell",
              "runs": {
                "batter": 1,
                "extras": 0,
                "total": 1
              }
            },
            {
              "batter": "WT O'Donnell",
              "bowler": "JA Clarkson",
              "non_striker": "SM Solia",
              "runs": {
                "batter": 0,
                "extras": 0,
                "total": 0
              }
            },
            {
              "batter": "WT O'Donnell",
              "bowler": "JA Clarkson",
              "extras": {
                "wides": 1
              },
              "non_striker": "SM Solia",
              "runs": {
                "batter": 0,
                "extras": 1,
                "total": 1
              }
            },
            {
              "batter": "WT O'Donnell",
              "bowler": "JA Clarkson",
              "non_striker": "SM Solia",
              "runs": {
                "batter": 6,
                "extras": 0,
                "total": 6
              }
            },
            {
              "batter": "WT O'Donnell",
              "bowler": "JA Clarkson",
              "non_striker": "SM Solia",
              "runs": {
                "batter": 0,
                "extras": 0,
                "total": 0
              }
            },
            {
              "batter": "WT O'Donnell",
              "bowler": "JA Clarkson",
              "non_striker": "SM Solia",
              "runs": {
                "batter": 1,
                "extras": 0,
                "total": 1
              }
            },
            {
              "batter": "SM Solia",
              "bowler": "JA Clarkson",
              "extras": {
                "noballs": 1
              },
              "non_striker": "WT O'Donnell",
              "runs": {
                "batter": 0,
                "extras": 1,
                "total": 1
              }
            },
            {
              "batter": "SM Solia",
              "bowler": "JA Clarkson",
              "non_striker": "WT O'Donnell",
              "runs": {
                "batter": 0,
                "extras": 0,
                "total": 0
              }
            }
          ]
        },
        {
          "over": 9,
          "deliveries": [
            {
              "batter": "WT O'Donnell",
              "bowler": "BM Tickner",
              "non_striker": "SM Solia",
              "runs": {
                "batter": 0,
                "extras": 0,
                "total": 0
              }
            },
            {
              "batter": "WT O'Donnell",
              "bowler": "BM Tickner",
              "non_striker": "SM Solia",
              "runs": {
                "batter": 0,
                "extras": 0,
                "total": 0
              }
            },
            {
              "batter": "WT O'Donnell",
              "bowler": "BM Tickner",
              "non_striker": "SM Solia",
              "runs": {
                "batter": 1,
                "extras": 0,
                "total": 1
              }
            },
            {
              "batter": "SM Solia",
              "bowler": "BM Tickner",
              "non_striker": "WT O'Donnell",
              "runs": {
                "batter": 1,
                "extras": 0,
                "total": 1
              }
            },
            {
              "batter": "WT O'Donnell",
              "bowler": "BM Tickner",
              "non_striker": "SM Solia",
              "runs": {
                "batter": 4,
                "extras": 0,
                "total": 4
              }
            },
            {
              "batter": "WT O'Donnell",
              "bowler": "BM Tickner",
              "non_striker": "SM Solia",
              "runs": {
                "batter": 2,
                "extras": 0,
                "total": 2
              }
            }
          ]
        },
        {
          "over": 10,
          "deliveries": [
            {
              "batter": "SM Solia",
              "bowler": "TA Findlay",
              "non_striker": "WT O'Donnell",
              "runs": {
                "batter": 0,
                "extras": 0,
                "total": 0
              }
            },
            {
              "batter": "SM Solia",
              "bowler": "TA Findlay",
              "non_striker": "WT O'Donnell",
              "runs": {
                "batter": 1,
                "extras": 0,
                "total": 1
              }
            },
            {
              "batter": "WT O'Donnell",
              "bowler": "TA Findlay",
              "non_striker": "SM Solia",
              "runs": {
                "batter": 0,
                "extras": 0,
                "total": 0
              },
              "wickets": [
                {
                  "player_out": "WT O'Donnell",
                  "fielders": [
                    {
                      "name": "CG Heaphy"
                    }
                  ],
                  "kind": "caught"
                }
              ]
            },
            {
              "batter": "BJ Jacobs",
              "bowler": "TA Findlay",
              "non_striker": "SM Solia",
              "runs": {
                "batter": 0,
                "extras": 0,
                "total": 0
              }
            },
            {
              "batter": "BJ Jacobs",
              "bowler": "TA Findlay",
              "non_striker": "SM Solia",
              "runs": {
                "batter": 0,
                "extras": 0,
                "total": 0
              }
            },
            {
              "batter": "BJ Jacobs",
              "bowler": "TA Findlay",
              "extras": {
                "wides": 1
              },
              "non_striker": "SM Solia",
              "runs": {
                "batter": 0,
                "extras": 1,
                "total": 1
              }
            },
            {
              "batter": "BJ Jacobs",
              "bowler": "TA Findlay",
              "non_striker": "SM Solia",
              "runs": {
                "batter": 0,
                "extras": 0,
                "total": 0
              }
            }
          ]
        },
        {
          "over": 11,
          "deliveries": [
            {
              "batter": "SM Solia",
              "bowler": "JR Lennox",
              "non_striker": "BJ Jacobs",
              "runs": {
                "batter": 0,
                "extras": 0,
                "total": 0
              }
            },
            {
              "batter": "SM Solia",
              "bowler": "JR Lennox",
              "non_striker": "BJ Jacobs",
              "runs": {
                "batter": 1,
                "extras": 0,
                "total": 1
              }
            },
            {
              "batter": "BJ Jacobs",
              "bowler": "JR Lennox",
              "non_striker": "SM Solia",
              "runs": {
                "batter": 0,
                "extras": 0,
                "total": 0
              },
              "wickets": [
                {
                  "player_out": "BJ Jacobs",
                  "kind": "bowled"
                }
              ]
            },
            {
              "batter": "CD Fletcher",
              "bowler": "JR Lennox",
              "non_striker": "SM Solia",
              "runs": {
                "batter": 0,
                "extras": 0,
                "total": 0
              }
            },
            {
              "batter": "CD Fletcher",
              "bowler": "JR Lennox",
              "non_striker": "SM Solia",
              "runs": {
                "batter": 1,
                "extras": 0,
                "total": 1
              }
            },
            {
              "batter": "SM Solia",
              "bowler": "JR Lennox",
              "non_striker": "CD Fletcher",
              "runs": {
                "batter": 0,
                "extras": 0,
                "total": 0
              }
            }
          ]
        },
        {
          "over": 12,
          "deliveries": [
            {
              "batter": "CD Fletcher",
              "bowler": "BM Tickner",
              "non_striker": "SM Solia",
              "runs": {
                "batter": 1,
                "extras": 0,
                "total": 1
              }
            },
            {
              "batter": "SM Solia",
              "bowler": "BM Tickner",
              "non_striker": "CD Fletcher",
              "runs": {
                "batter": 1,
                "extras": 0,
                "total": 1
              }
            },
            {
              "batter": "CD Fletcher",
              "bowler": "BM Tickner",
              "non_striker": "SM Solia",
              "runs": {
                "batter": 1,
                "extras": 0,
                "total": 1
              }
            },
            {
              "batter": "SM Solia",
              "bowler": "BM Tickner",
              "extras": {
                "wides": 5
              },
              "non_striker": "CD Fletcher",
              "runs": {
                "batter": 0,
                "extras": 5,
                "total": 5
              }
            },
            {
              "batter": "SM Solia",
              "bowler": "BM Tickner",
              "non_striker": "CD Fletcher",
              "runs": {
                "batter": 1,
                "extras": 0,
                "total": 1
              }
            },
            {
              "batter": "CD Fletcher",
              "bowler": "BM Tickner",
              "non_striker": "SM Solia",
              "runs": {
                "batter": 2,
                "extras": 0,
                "total": 2
              }
            },
            {
              "batter": "CD Fletcher",
              "bowler": "BM Tickner",
              "non_striker": "SM Solia",
              "runs": {
                "batter": 4,
                "extras": 0,
                "total": 4
              }
            }
          ]
        },
        {
          "over": 13,
          "deliveries": [
            {
              "batter": "SM Solia",
              "bowler": "JR Lennox",
              "non_striker": "CD Fletcher",
              "runs": {
                "batter": 0,
                "extras": 0,
                "total": 0
              },
              "wickets": [
                {
                  "player_out": "SM Solia",
                  "fielders": [
                    {
                      "name": "BG Randell"
                    }
                  ],
                  "kind": "caught"
                }
              ]
            },
            {
              "batter": "LN Stackpole",
              "bowler": "JR Lennox",
              "non_striker": "CD Fletcher",
              "runs": {
                "batter": 1,
                "extras": 0,
                "total": 1
              }
            },
            {
              "batter": "CD Fletcher",
              "bowler": "JR Lennox",
              "non_striker": "LN Stackpole",
              "runs": {
                "batter": 0,
                "extras": 0,
                "total": 0
              }
            },
            {
              "batter": "CD Fletcher",
              "bowler": "JR Lennox",
              "non_striker": "LN Stackpole",
              "runs": {
                "batter": 0,
                "extras": 0,
                "total": 0
              }
            },
            {
              "batter": "CD Fletcher",
              "bowler": "JR Lennox",
              "non_striker": "LN Stackpole",
              "runs": {
                "batter": 0,
                "extras": 0,
                "total": 0
              }
            },
            {
              "batter": "CD Fletcher",
              "bowler": "JR Lennox",
              "non_striker": "LN Stackpole",
              "runs": {
                "batter": 1,
                "extras": 0,
                "total": 1
              }
            }
          ]
        },
        {
          "over": 14,
          "deliveries": [
            {
              "batter": "CD Fletcher",
              "bowler": "AR Schaw",
              "non_striker": "LN Stackpole",
              "runs": {
                "batter": 0,
                "extras": 0,
                "total": 0
              }
            },
            {
              "batter": "CD Fletcher",
              "bowler": "AR Schaw",
              "non_striker": "LN Stackpole",
              "runs": {
                "batter": 2,
                "extras": 0,
                "total": 2
              }
            },
            {
              "batter": "CD Fletcher",
              "bowler": "AR Schaw",
              "non_striker": "LN Stackpole",
              "runs": {
                "batter": 6,
                "extras": 0,
                "total": 6
              }
            },
            {
              "batter": "CD Fletcher",
              "bowler": "AR Schaw",
              "non_striker": "LN Stackpole",
              "runs": {
                "batter": 0,
                "extras": 0,
                "total": 0
              },
              "wickets": [
                {
                  "player_out": "CD Fletcher",
                  "fielders": [
                    {
                      "name": "D Cleaver"
                    }
                  ],
                  "kind": "caught"
                }
              ]
            },
            {
              "batter": "J McKenzie",
              "bowler": "AR Schaw",
              "non_striker": "LN Stackpole",
              "runs": {
                "batter": 1,
                "extras": 0,
                "total": 1
              }
            },
            {
              "batter": "LN Stackpole",
              "bowler": "AR Schaw",
              "non_striker": "J McKenzie",
              "runs": {
                "batter": 1,
                "extras": 0,
                "total": 1
              }
            }
          ]
        },
        {
          "over": 15,
          "deliveries": [
            {
              "batter": "LN Stackpole",
              "bowler": "BG Randell",
              "non_striker": "J McKenzie",
              "runs": {
                "batter": 1,
                "extras": 0,
                "total": 1
              }
            },
            {
              "batter": "J McKenzie",
              "bowler": "BG Randell",
              "non_striker": "LN Stackpole",
              "runs": {
                "batter": 0,
                "extras": 0,
                "total": 0
              }
            },
            {
              "batter": "J McKenzie",
              "bowler": "BG Randell",
              "non_striker": "LN Stackpole",
              "runs": {
                "batter": 0,
                "extras": 0,
                "total": 0
              }
            },
            {
              "batter": "J McKenzie",
              "bowler": "BG Randell",
              "non_striker": "LN Stackpole",
              "runs": {
                "batter": 0,
                "extras": 0,
                "total": 0
              }
            },
            {
              "batter": "J McKenzie",
              "bowler": "BG Randell",
              "non_striker": "LN Stackpole",
              "runs": {
                "batter": 1,
                "extras": 0,
                "total": 1
              }
            },
            {
              "batter": "LN Stackpole",
              "bowler": "BG Randell",
              "non_striker": "J McKenzie",
              "runs": {
                "batter": 1,
                "extras": 0,
                "total": 1
              }
            }
          ]
        },
        {
          "over": 16,
          "deliveries": [
            {
              "batter": "LN Stackpole",
              "bowler": "TA Findlay",
              "non_striker": "J McKenzie",
              "runs": {
                "batter": 1,
                "extras": 0,
                "total": 1
              }
            },
            {
              "batter": "J McKenzie",
              "bowler": "TA Findlay",
              "non_striker": "LN Stackpole",
              "runs": {
                "batter": 0,
                "extras": 0,
                "total": 0
              }
            },
            {
              "batter": "J McKenzie",
              "bowler": "TA Findlay",
              "non_striker": "LN Stackpole",
              "runs": {
                "batter": 1,
                "extras": 0,
                "total": 1
              }
            },
            {
              "batter": "LN Stackpole",
              "bowler": "TA Findlay",
              "non_striker": "J McKenzie",
              "runs": {
                "batter": 1,
                "extras": 0,
                "total": 1
              }
            },
            {
              "batter": "J McKenzie",
              "bowler": "TA Findlay",
              "extras": {
                "legbyes": 1
              },
              "non_striker": "LN Stackpole",
              "runs": {
                "batter": 0,
                "extras": 1,
                "total": 1
              }
            },
            {
              "batter": "LN Stackpole",
              "bowler": "TA Findlay",
              "non_striker": "J McKenzie",
              "runs": {
                "batter": 0,
                "extras": 0,
                "total": 0
              }
            }
          ]
        },
        {
          "over": 17,
          "deliveries": [
            {
              "batter": "J McKenzie",
              "bowler": "JR Lennox",
              "non_striker": "LN Stackpole",
              "runs": {
                "batter": 0,
                "extras": 0,
                "total": 0
              }
            },
            {
              "batter": "J McKenzie",
              "bowler": "JR Lennox",
              "non_striker": "LN Stackpole",
              "runs": {
                "batter": 1,
                "extras": 0,
                "total": 1
              }
            },
            {
              "batter": "LN Stackpole",
              "bowler": "JR Lennox",
              "non_striker": "J McKenzie",
              "runs": {
                "batter": 1,
                "extras": 0,
                "total": 1
              }
            },
            {
              "batter": "J McKenzie",
              "bowler": "JR Lennox",
              "non_striker": "LN Stackpole",
              "runs": {
                "batter": 1,
                "extras": 0,
                "total": 1
              }
            },
            {
              "batter": "LN Stackpole",
              "bowler": "JR Lennox",
              "non_striker": "J McKenzie",
              "runs": {
                "batter": 0,
                "extras": 0,
                "total": 0
              }
            },
            {
              "batter": "LN Stackpole",
              "bowler": "JR Lennox",
              "non_striker": "J McKenzie",
              "runs": {
                "batter": 0,
                "extras": 0,
                "total": 0
              },
              "wickets": [
                {
                  "player_out": "LN Stackpole",
                  "kind": "lbw"
                }
              ]
            }
          ]
        },
        {
          "over": 18,
          "deliveries": [
            {
              "batter": "J McKenzie",
              "bowler": "BM Tickner",
              "non_striker": "R Mudford",
              "runs": {
                "batter": 0,
                "extras": 0,
                "total": 0
              },
              "wickets": [
                {
                  "player_out": "J McKenzie",
                  "fielders": [
                    {
                      "name": "CG Heaphy"
                    }
                  ],
                  "kind": "caught"
                }
              ]
            },
            {
              "batter": "DK Ferns",
              "bowler": "BM Tickner",
              "non_striker": "R Mudford",
              "runs": {
                "batter": 1,
                "extras": 0,
                "total": 1
              }
            },
            {
              "batter": "R Mudford",
              "bowler": "BM Tickner",
              "non_striker": "DK Ferns",
              "runs": {
                "batter": 0,
                "extras": 0,
                "total": 0
              },
              "wickets": [
                {
                  "player_out": "R Mudford",
                  "kind": "bowled"
                }
              ]
            },
            {
              "batter": "AL Olliver",
              "bowler": "BM Tickner",
              "non_striker": "DK Ferns",
              "runs": {
                "batter": 0,
                "extras": 0,
                "total": 0
              }
            },
            {
              "batter": "AL Olliver",
              "bowler": "BM Tickner",
              "non_striker": "DK Ferns",
              "runs": {
                "batter": 1,
                "extras": 0,
                "total": 1
              }
            },
            {
              "batter": "DK Ferns",
              "bowler": "BM Tickner",
              "non_striker": "AL Olliver",
              "runs": {
                "batter": 1,
                "extras": 0,
                "total": 1
              }
            }
          ]
        },
        {
          "over": 19,
          "deliveries": [
            {
              "batter": "DK Ferns",
              "bowler": "BG Randell",
              "non_striker": "AL Olliver",
              "runs": {
                "batter": 4,
                "extras": 0,
                "total": 4
              }
            },
            {
              "batter": "DK Ferns",
              "bowler": "BG Randell",
              "non_striker": "AL Olliver",
              "runs": {
                "batter": 4,
                "extras": 0,
                "total": 4
              }
            },
            {
              "batter": "DK Ferns",
              "bowler": "BG Randell",
              "non_striker": "AL Olliver",
              "runs": {
                "batter": 1,
                "extras": 0,
                "total": 1
              }
            },
            {
              "batter": "AL Olliver",
              "bowler": "BG Randell",
              "non_striker": "DK Ferns",
              "runs": {
                "batter": 1,
                "extras": 0,
                "total": 1
              }
            },
            {
              "batter": "DK Ferns",
              "bowler": "BG Randell",
              "non_striker": "AL Olliver",
              "runs": {
                "batter": 1,
                "extras": 0,
                "total": 1
              }
            },
            {
              "batter": "AL Olliver",
              "bowler": "BG Randell",
              "non_striker": "DK Ferns",
              "runs": {
                "batter": 1,
                "extras": 0,
                "total": 1
              }
            }
          ]
        }
      ],
      "powerplays": [
        {
          "from": 0.1,
          "to": 5.6,
          "type": "mandatory"
        }
      ]
    },
    {
      "team": "Central Districts",
      "overs": [
        {
          "over": 0,
          "deliveries": [
            {
              "batter": "JCT Boyle",
              "bowler": "WT O'Donnell",
              "non_striker": "CG Heaphy",
              "runs": {
                "batter": 1,
                "extras": 0,
                "total": 1
              }
            },
            {
              "batter": "CG Heaphy",
              "bowler": "WT O'Donnell",
              "non_striker": "JCT Boyle",
              "runs": {
                "batter": 4,
                "extras": 0,
                "total": 4
              }
            },
            {
              "batter": "CG Heaphy",
              "bowler": "WT O'Donnell",
              "non_striker": "JCT Boyle",
              "runs": {
                "batter": 1,
                "extras": 0,
                "total": 1
              }
            },
            {
              "batter": "JCT Boyle",
              "bowler": "WT O'Donnell",
              "non_striker": "CG Heaphy",
              "runs": {
                "batter": 0,
                "extras": 0,
                "total": 0
              }
            },
            {
              "batter": "JCT Boyle",
              "bowler": "WT O'Donnell",
              "non_striker": "CG Heaphy",
              "runs": {
                "batter": 0,
                "extras": 0,
                "total": 0
              }
            },
            {
              "batter": "JCT Boyle",
              "bowler": "WT O'Donnell",
              "non_striker": "CG Heaphy",
              "runs": {
                "batter": 0,
                "extras": 0,
                "total": 0
              }
            }
          ]
        },
        {
          "over": 1,
          "deliveries": [
            {
              "batter": "CG Heaphy",
              "bowler": "SB Keene",
              "non_striker": "JCT Boyle",
              "runs": {
                "batter": 1,
                "extras": 0,
                "total": 1
              }
            },
            {
              "batter": "JCT Boyle",
              "bowler": "SB Keene",
              "non_striker": "CG Heaphy",
              "runs": {
                "batter": 1,
                "extras": 0,
                "total": 1
              }
            },
            {
              "batter": "CG Heaphy",
              "bowler": "SB Keene",
              "non_striker": "JCT Boyle",
              "runs": {
                "batter": 2,
                "extras": 0,
                "total": 2
              }
            },
            {
              "batter": "CG Heaphy",
              "bowler": "SB Keene",
              "extras": {
                "wides": 1
              },
              "non_striker": "JCT Boyle",
              "runs": {
                "batter": 0,
                "extras": 1,
                "total": 1
              }
            },
            {
              "batter": "CG Heaphy",
              "bowler": "SB Keene",
              "non_striker": "JCT Boyle",
              "runs": {
                "batter": 0,
                "extras": 0,
                "total": 0
              }
            },
            {
              "batter": "CG Heaphy",
              "bowler": "SB Keene",
              "non_striker": "JCT Boyle",
              "runs": {
                "batter": 1,
                "extras": 0,
                "total": 1
              }
            },
            {
              "batter": "JCT Boyle",
              "bowler": "SB Keene",
              "non_striker": "CG Heaphy",
              "runs": {
                "batter": 2,
                "extras": 0,
                "total": 2
              }
            }
          ]
        },
        {
          "over": 2,
          "deliveries": [
            {
              "batter": "CG Heaphy",
              "bowler": "DK Ferns",
              "non_striker": "JCT Boyle",
              "runs": {
                "batter": 0,
                "extras": 0,
                "total": 0
              }
            },
            {
              "batter": "CG Heaphy",
              "bowler": "DK Ferns",
              "non_striker": "JCT Boyle",
              "runs": {
                "batter": 1,
                "extras": 0,
                "total": 1
              }
            },
            {
              "batter": "JCT Boyle",
              "bowler": "DK Ferns",
              "non_striker": "CG Heaphy",
              "runs": {
                "batter": 4,
                "extras": 0,
                "total": 4
              }
            },
            {
              "batter": "JCT Boyle",
              "bowler": "DK Ferns",
              "non_striker": "CG Heaphy",
              "runs": {
                "batter": 4,
                "extras": 0,
                "total": 4
              }
            },
            {
              "batter": "JCT Boyle",
              "bowler": "DK Ferns",
              "non_striker": "CG Heaphy",
              "runs": {
                "batter": 0,
                "extras": 0,
                "total": 0
              }
            },
            {
              "batter": "JCT Boyle",
              "bowler": "DK Ferns",
              "non_striker": "CG Heaphy",
              "runs": {
                "batter": 1,
                "extras": 0,
                "total": 1
              }
            }
          ]
        },
        {
          "over": 3,
          "deliveries": [
            {
              "batter": "JCT Boyle",
              "bowler": "J McKenzie",
              "non_striker": "CG Heaphy",
              "runs": {
                "batter": 4,
                "extras": 0,
                "total": 4
              }
            },
            {
              "batter": "JCT Boyle",
              "bowler": "J McKenzie",
              "non_striker": "CG Heaphy",
              "runs": {
                "batter": 0,
                "extras": 0,
                "total": 0
              }
            },
            {
              "batter": "JCT Boyle",
              "bowler": "J McKenzie",
              "non_striker": "CG Heaphy",
              "runs": {
                "batter": 0,
                "extras": 0,
                "total": 0
              }
            },
            {
              "batter": "JCT Boyle",
              "bowler": "J McKenzie",
              "non_striker": "CG Heaphy",
              "runs": {
                "batter": 0,
                "extras": 0,
                "total": 0
              }
            },
            {
              "batter": "JCT Boyle",
              "bowler": "J McKenzie",
              "non_striker": "CG Heaphy",
              "runs": {
                "batter": 0,
                "extras": 0,
                "total": 0
              }
            },
            {
              "batter": "JCT Boyle",
              "bowler": "J McKenzie",
              "non_striker": "CG Heaphy",
              "runs": {
                "batter": 4,
                "extras": 0,
                "total": 4
              }
            }
          ]
        },
        {
          "over": 4,
          "deliveries": [
            {
              "batter": "CG Heaphy",
              "bowler": "WT O'Donnell",
              "non_striker": "JCT Boyle",
              "runs": {
                "batter": 0,
                "extras": 0,
                "total": 0
              },
              "wickets": [
                {
                  "player_out": "CG Heaphy",
                  "kind": "bowled"
                }
              ]
            },
            {
              "batter": "D Cleaver",
              "bowler": "WT O'Donnell",
              "non_striker": "JCT Boyle",
              "runs": {
                "batter": 1,
                "extras": 0,
                "total": 1
              }
            },
            {
              "batter": "JCT Boyle",
              "bowler": "WT O'Donnell",
              "non_striker": "D Cleaver",
              "runs": {
                "batter": 4,
                "extras": 0,
                "total": 4
              }
            },
            {
              "batter": "JCT Boyle",
              "bowler": "WT O'Donnell",
              "non_striker": "D Cleaver",
              "runs": {
                "batter": 4,
                "extras": 0,
                "total": 4
              }
            },
            {
              "batter": "JCT Boyle",
              "bowler": "WT O'Donnell",
              "non_striker": "D Cleaver",
              "runs": {
                "batter": 0,
                "extras": 0,
                "total": 0
              }
            },
            {
              "batter": "JCT Boyle",
              "bowler": "WT O'Donnell",
              "non_striker": "D Cleaver",
              "runs": {
                "batter": 0,
                "extras": 0,
                "total": 0
              }
            }
          ]
        },
        {
          "over": 5,
          "deliveries": [
            {
              "batter": "D Cleaver",
              "bowler": "SB Keene",
              "non_striker": "JCT Boyle",
              "runs": {
                "batter": 0,
                "extras": 0,
                "total": 0
              }
            },
            {
              "batter": "D Cleaver",
              "bowler": "SB Keene",
              "extras": {
                "legbyes": 1
              },
              "non_striker": "JCT Boyle",
              "runs": {
                "batter": 0,
                "extras": 1,
                "total": 1
              }
            },
            {
              "batter": "JCT Boyle",
              "bowler": "SB Keene",
              "non_striker": "D Cleaver",
              "runs": {
                "batter": 1,
                "extras": 0,
                "total": 1
              }
            },
            {
              "batter": "D Cleaver",
              "bowler": "SB Keene",
              "non_striker": "JCT Boyle",
              "runs": {
                "batter": 0,
                "extras": 0,
                "total": 0
              }
            },
            {
              "batter": "D Cleaver",
              "bowler": "SB Keene",
              "non_striker": "JCT Boyle",
              "runs": {
                "batter": 4,
                "extras": 0,
                "total": 4
              }
            },
            {
              "batter": "D Cleaver",
              "bowler": "SB Keene",
              "non_striker": "JCT Boyle",
              "runs": {
                "batter": 1,
                "extras": 0,
                "total": 1
              }
            }
          ]
        },
        {
          "over": 6,
          "deliveries": [
            {
              "batter": "D Cleaver",
              "bowler": "AL Olliver",
              "non_striker": "JCT Boyle",
              "runs": {
                "batter": 1,
                "extras": 0,
                "total": 1
              }
            },
            {
              "batter": "JCT Boyle",
              "bowler": "AL Olliver",
              "non_striker": "D Cleaver",
              "runs": {
                "batter": 1,
                "extras": 0,
                "total": 1
              }
            },
            {
              "batter": "D Cleaver",
              "bowler": "AL Olliver",
              "non_striker": "JCT Boyle",
              "runs": {
                "batter": 1,
                "extras": 0,
                "total": 1
              }
            },
            {
              "batter": "JCT Boyle",
              "bowler": "AL Olliver",
              "non_striker": "D Cleaver",
              "runs": {
                "batter": 0,
                "extras": 0,
                "total": 0
              }
            },
            {
              "batter": "JCT Boyle",
              "bowler": "AL Olliver",
              "non_striker": "D Cleaver",
              "runs": {
                "batter": 0,
                "extras": 0,
                "total": 0
              }
            },
            {
              "batter": "JCT Boyle",
              "bowler": "AL Olliver",
              "non_striker": "D Cleaver",
              "runs": {
                "batter": 1,
                "extras": 0,
                "total": 1
              }
            }
          ]
        },
        {
          "over": 7,
          "deliveries": [
            {
              "batter": "JCT Boyle",
              "bowler": "A Ashok",
              "non_striker": "D Cleaver",
              "runs": {
                "batter": 1,
                "extras": 0,
                "total": 1
              }
            },
            {
              "batter": "D Cleaver",
              "bowler": "A Ashok",
              "non_striker": "JCT Boyle",
              "runs": {
                "batter": 1,
                "extras": 0,
                "total": 1
              }
            },
            {
              "batter": "JCT Boyle",
              "bowler": "A Ashok",
              "non_striker": "D Cleaver",
              "runs": {
                "batter": 4,
                "extras": 0,
                "total": 4
              }
            },
            {
              "batter": "JCT Boyle",
              "bowler": "A Ashok",
              "non_striker": "D Cleaver",
              "runs": {
                "batter": 4,
                "extras": 0,
                "total": 4
              }
            },
            {
              "batter": "JCT Boyle",
              "bowler": "A Ashok",
              "non_striker": "D Cleaver",
              "runs": {
                "batter": 1,
                "extras": 0,
                "total": 1
              }
            },
            {
              "batter": "D Cleaver",
              "bowler": "A Ashok",
              "non_striker": "JCT Boyle",
              "runs": {
                "batter": 0,
                "extras": 0,
                "total": 0
              }
            }
          ]
        },
        {
          "over": 8,
          "deliveries": [
            {
              "batter": "JCT Boyle",
              "bowler": "AL Olliver",
              "non_striker": "D Cleaver",
              "runs": {
                "batter": 0,
                "extras": 0,
                "total": 0
              }
            },
            {
              "batter": "JCT Boyle",
              "bowler": "AL Olliver",
              "non_striker": "D Cleaver",
              "runs": {
                "batter": 0,
                "extras": 0,
                "total": 0
              }
            },
            {
              "batter": "JCT Boyle",
              "bowler": "AL Olliver",
              "non_striker": "D Cleaver",
              "runs": {
                "batter": 0,
                "extras": 0,
                "total": 0
              }
            },
            {
              "batter": "JCT Boyle",
              "bowler": "AL Olliver",
              "non_striker": "D Cleaver",
              "runs": {
                "batter": 1,
                "extras": 0,
                "total": 1
              }
            },
            {
              "batter": "D Cleaver",
              "bowler": "AL Olliver",
              "non_striker": "JCT Boyle",
              "runs": {
                "batter": 0,
                "extras": 0,
                "total": 0
              },
              "wickets": [
                {
                  "player_out": "D Cleaver",
                  "fielders": [
                    {
                      "name": "LN Stackpole"
                    }
                  ],
                  "kind": "caught"
                }
              ]
            },
            {
              "batter": "TC Bruce",
              "bowler": "AL Olliver",
              "non_striker": "JCT Boyle",
              "runs": {
                "batter": 1,
                "extras": 0,
                "total": 1
              }
            }
          ]
        },
        {
          "over": 9,
          "deliveries": [
            {
              "batter": "TC Bruce",
              "bowler": "J McKenzie",
              "non_striker": "JCT Boyle",
              "runs": {
                "batter": 1,
                "extras": 0,
                "total": 1
              }
            },
            {
              "batter": "JCT Boyle",
              "bowler": "J McKenzie",
              "non_striker": "TC Bruce",
              "runs": {
                "batter": 1,
                "extras": 0,
                "total": 1
              }
            },
            {
              "batter": "TC Bruce",
              "bowler": "J McKenzie",
              "non_striker": "JCT Boyle",
              "runs": {
                "batter": 0,
                "extras": 0,
                "total": 0
              }
            },
            {
              "batter": "TC Bruce",
              "bowler": "J McKenzie",
              "non_striker": "JCT Boyle",
              "runs": {
                "batter": 0,
                "extras": 0,
                "total": 0
              }
            },
            {
              "batter": "TC Bruce",
              "bowler": "J McKenzie",
              "non_striker": "JCT Boyle",
              "runs": {
                "batter": 1,
                "extras": 0,
                "total": 1
              }
            },
            {
              "batter": "JCT Boyle",
              "bowler": "J McKenzie",
              "non_striker": "TC Bruce",
              "runs": {
                "batter": 6,
                "extras": 0,
                "total": 6
              }
            }
          ]
        },
        {
          "over": 10,
          "deliveries": [
            {
              "batter": "TC Bruce",
              "bowler": "DK Ferns",
              "non_striker": "JCT Boyle",
              "runs": {
                "batter": 1,
                "extras": 0,
                "total": 1
              }
            },
            {
              "batter": "JCT Boyle",
              "bowler": "DK Ferns",
              "non_striker": "TC Bruce",
              "runs": {
                "batter": 1,
                "extras": 0,
                "total": 1
              }
            },
            {
              "batter": "TC Bruce",
              "bowler": "DK Ferns",
              "non_striker": "JCT Boyle",
              "runs": {
                "batter": 0,
                "extras": 0,
                "total": 0
              }
            },
            {
              "batter": "TC Bruce",
              "bowler": "DK Ferns",
              "non_striker": "JCT Boyle",
              "runs": {
                "batter": 1,
                "extras": 0,
                "total": 1
              }
            },
            {
              "batter": "JCT Boyle",
              "bowler": "DK Ferns",
              "non_striker": "TC Bruce",
              "runs": {
                "batter": 4,
                "extras": 0,
                "total": 4
              }
            },
            {
              "batter": "JCT Boyle",
              "bowler": "DK Ferns",
              "non_striker": "TC Bruce",
              "runs": {
                "batter": 4,
                "extras": 0,
                "total": 4
              }
            }
          ]
        },
        {
          "over": 11,
          "deliveries": [
            {
              "batter": "TC Bruce",
              "bowler": "WT O'Donnell",
              "non_striker": "JCT Boyle",
              "runs": {
                "batter": 1,
                "extras": 0,
                "total": 1
              }
            },
            {
              "batter": "JCT Boyle",
              "bowler": "WT O'Donnell",
              "non_striker": "TC Bruce",
              "runs": {
                "batter": 1,
                "extras": 0,
                "total": 1
              }
            },
            {
              "batter": "TC Bruce",
              "bowler": "WT O'Donnell",
              "non_striker": "JCT Boyle",
              "runs": {
                "batter": 4,
                "extras": 0,
                "total": 4
              }
            },
            {
              "batter": "TC Bruce",
              "bowler": "WT O'Donnell",
              "non_striker": "JCT Boyle",
              "runs": {
                "batter": 1,
                "extras": 0,
                "total": 1
              }
            },
            {
              "batter": "JCT Boyle",
              "bowler": "WT O'Donnell",
              "non_striker": "TC Bruce",
              "runs": {
                "batter": 1,
                "extras": 0,
                "total": 1
              }
            },
            {
              "batter": "TC Bruce",
              "bowler": "WT O'Donnell",
              "non_striker": "JCT Boyle",
              "runs": {
                "batter": 0,
                "extras": 0,
                "total": 0
              }
            }
          ]
        },
        {
          "over": 12,
          "deliveries": [
            {
              "batter": "JCT Boyle",
              "bowler": "AL Olliver",
              "non_striker": "TC Bruce",
              "runs": {
                "batter": 0,
                "extras": 0,
                "total": 0
              }
            },
            {
              "batter": "JCT Boyle",
              "bowler": "AL Olliver",
              "non_striker": "TC Bruce",
              "runs": {
                "batter": 1,
                "extras": 0,
                "total": 1
              }
            },
            {
              "batter": "TC Bruce",
              "bowler": "AL Olliver",
              "non_striker": "JCT Boyle",
              "runs": {
                "batter": 1,
                "extras": 0,
                "total": 1
              }
            },
            {
              "batter": "JCT Boyle",
              "bowler": "AL Olliver",
              "non_striker": "TC Bruce",
              "runs": {
                "batter": 0,
                "extras": 0,
                "total": 0
              }
            },
            {
              "batter": "JCT Boyle",
              "bowler": "AL Olliver",
              "non_striker": "TC Bruce",
              "runs": {
                "batter": 1,
                "extras": 0,
                "total": 1
              }
            },
            {
              "batter": "TC Bruce",
              "bowler": "AL Olliver",
              "non_striker": "JCT Boyle",
              "runs": {
                "batter": 6,
                "extras": 0,
                "total": 6
              }
            }
          ]
        },
        {
          "over": 13,
          "deliveries": [
            {
              "batter": "JCT Boyle",
              "bowler": "SB Keene",
              "non_striker": "TC Bruce",
              "runs": {
                "batter": 1,
                "extras": 0,
                "total": 1
              }
            },
            {
              "batter": "TC Bruce",
              "bowler": "SB Keene",
              "non_striker": "JCT Boyle",
              "runs": {
                "batter": 1,
                "extras": 0,
                "total": 1
              }
            },
            {
              "batter": "JCT Boyle",
              "bowler": "SB Keene",
              "non_striker": "TC Bruce",
              "runs": {
                "batter": 0,
                "extras": 0,
                "total": 0
              }
            },
            {
              "batter": "JCT Boyle",
              "bowler": "SB Keene",
              "non_striker": "TC Bruce",
              "runs": {
                "batter": 0,
                "extras": 0,
                "total": 0
              }
            },
            {
              "batter": "JCT Boyle",
              "bowler": "SB Keene",
              "non_striker": "TC Bruce",
              "runs": {
                "batter": 1,
                "extras": 0,
                "total": 1
              }
            },
            {
              "batter": "TC Bruce",
              "bowler": "SB Keene",
              "non_striker": "JCT Boyle",
              "runs": {
                "batter": 4,
                "extras": 0,
                "total": 4
              }
            }
          ]
        },
        {
          "over": 14,
          "deliveries": [
            {
              "batter": "JCT Boyle",
              "bowler": "J McKenzie",
              "non_striker": "TC Bruce",
              "runs": {
                "batter": 4,
                "extras": 0,
                "total": 4
              }
            },
            {
              "batter": "JCT Boyle",
              "bowler": "J McKenzie",
              "non_striker": "TC Bruce",
              "runs": {
                "batter": 1,
                "extras": 0,
                "total": 1
              }
            },
            {
              "batter": "TC Bruce",
              "bowler": "J McKenzie",
              "non_striker": "JCT Boyle",
              "runs": {
                "batter": 1,
                "extras": 0,
                "total": 1
              }
            },
            {
              "batter": "JCT Boyle",
              "bowler": "J McKenzie",
              "non_striker": "TC Bruce",
              "runs": {
                "batter": 1,
                "extras": 0,
                "total": 1
              }
            },
            {
              "batter": "TC Bruce",
              "bowler": "J McKenzie",
              "non_striker": "JCT Boyle",
              "runs": {
                "batter": 0,
                "extras": 0,
                "total": 0
              }
            },
            {
              "batter": "TC Bruce",
              "bowler": "J McKenzie",
              "non_striker": "JCT Boyle",
              "runs": {
                "batter": 2,
                "extras": 0,
                "total": 2
              }
            }
          ]
        },
        {
          "over": 15,
          "deliveries": [
            {
              "batter": "JCT Boyle",
              "bowler": "A Ashok",
              "non_striker": "TC Bruce",
              "runs": {
                "batter": 2,
                "extras": 0,
                "total": 2
              }
            },
            {
              "batter": "JCT Boyle",
              "bowler": "A Ashok",
              "non_striker": "TC Bruce",
              "runs": {
                "batter": 0,
                "extras": 0,
                "total": 0
              }
            },
            {
              "batter": "JCT Boyle",
              "bowler": "A Ashok",
              "non_striker": "TC Bruce",
              "runs": {
                "batter": 1,
                "extras": 0,
                "total": 1
              }
            },
            {
              "batter": "TC Bruce",
              "bowler": "A Ashok",
              "non_striker": "JCT Boyle",
              "runs": {
                "batter": 6,
                "extras": 0,
                "total": 6
              }
            },
            {
              "batter": "TC Bruce",
              "bowler": "A Ashok",
              "non_striker": "JCT Boyle",
              "runs": {
                "batter": 1,
                "extras": 0,
                "total": 1
              }
            },
            {
              "batter": "JCT Boyle",
              "bowler": "A Ashok",
              "non_striker": "TC Bruce",
              "runs": {
                "batter": 1,
                "extras": 0,
                "total": 1
              }
            }
          ]
        },
        {
          "over": 16,
          "deliveries": [
            {
              "batter": "JCT Boyle",
              "bowler": "DK Ferns",
              "non_striker": "TC Bruce",
              "runs": {
                "batter": 1,
                "extras": 0,
                "total": 1
              }
            },
            {
              "batter": "TC Bruce",
              "bowler": "DK Ferns",
              "non_striker": "JCT Boyle",
              "runs": {
                "batter": 1,
                "extras": 0,
                "total": 1
              }
            },
            {
              "batter": "JCT Boyle",
              "bowler": "DK Ferns",
              "non_striker": "TC Bruce",
              "runs": {
                "batter": 1,
                "extras": 0,
                "total": 1
              }
            },
            {
              "batter": "TC Bruce",
              "bowler": "DK Ferns",
              "non_striker": "JCT Boyle",
              "runs": {
                "batter": 4,
                "extras": 0,
                "total": 4
              }
            },
            {
              "batter": "TC Bruce",
              "bowler": "DK Ferns",
              "non_striker": "JCT Boyle",
              "runs": {
                "batter": 1,
                "extras": 0,
                "total": 1
              }
            },
            {
              "batter": "JCT Boyle",
              "bowler": "DK Ferns",
              "non_striker": "TC Bruce",
              "runs": {
                "batter": 1,
                "extras": 0,
                "total": 1
              }
            }
          ]
        },
        {
          "over": 17,
          "deliveries": [
            {
              "batter": "JCT Boyle",
              "bowler": "AL Olliver",
              "non_striker": "TC Bruce",
              "runs": {
                "batter": 0,
                "extras": 0,
                "total": 0
              }
            },
            {
              "batter": "JCT Boyle",
              "bowler": "AL Olliver",
              "non_striker": "TC Bruce",
              "runs": {
                "batter": 4,
                "extras": 0,
                "total": 4
              }
            }
          ]
        }
      ],
      "powerplays": [
        {
          "from": 0.1,
          "to": 5.6,
          "type": "mandatory"
        }
      ],
      "target": {
        "overs": 20,
        "runs": 140
      }
    }
  ]
}