{
  "meta": {
    "data_version": "1.1.0",
    "created": "2025-01-28",
    "revision": 1
  },
  "info": {
    "balls_per_over": 6,
    "city": "Christchurch",
    "dates": [
      "2025-01-28"
    ],
    "event": {
      "name": "Super Smash",
      "match_number": 28
    },
    "gender": "male",
    "match_type": "T20",
    "officials": {
      "match_referees": [
        "SB O'Connor"
      ],
      "reserve_umpires": [
        "RG Dalley"
      ],
      "tv_umpires": [
        "Damian Morrow"
      ],
      "umpires": [
        "BF Bowden",
        "BS Wilson"
      ]
    },
    "outcome": {
      "winner": "Canterbury",
      "by": {
        "runs": 56
      }
    },
    "overs": 20,
    "players": {
      "Canterbury": [
        "CJ Bowes",
        "TWM Latham",
        "MWT Boyle",
        "DJ Mitchell",
        "CE McConchie",
        "MJ Hay",
        "ZGF Foulkes",
        "MJ Henry",
        "KA Jamieson",
        "IS Sodhi",
        "W O'Rourke"
      ],
      "Northern Districts": [
        "KD Clarke",
        "JF Carter",
        "BJ Pomare",
        "RR O'Donnell",
        "MJ Santner",
        "BR Hampton",
        "JA Raval",
        "KDC Clarke",
        "N Wagner",
        "FL Walker",
        "MJ Fisher"
      ]
    },
    "registry": {
      "people": {
        "BF Bowden": "efc0a862",
        "BJ Pomare": "0398f255",
        "BR Hampton": "93f25f4f",
        "BS Wilson": "ac3e14ed",
        "CE McConchie": "d285acaf",
        "CJ Bowes": "45df0e72",
        "DJ Mitchell": "eade4650",
        "Damian Morrow": "0fb1f503",
        "FL Walker": "e6e154e3",
        "IS Sodhi": "641ac5ff",
        "JA Raval": "5f966ec0",
        "JF Carter": "125fa4de",
        "KA Jamieson": "68c56d09",
        "KD Clarke": "7a12be0a",
        "KDC Clarke": "1e1a8922",
        "MJ Fisher": "7068c81e",
        "MJ Hay": "732f711b",
        "MJ Henry": "e84ac20c",
        "MJ Santner": "e4a0deae",
        "MWT Boyle": "b42d5053",
        "N Wagner": "78adc879",
        "RG Dalley": "c147335d",
        "RR O'Donnell": "2742086d",
        "SB O'Connor": "4e80ab93",
        "TWM Latham": "e824e6ee",
        "W O'Rourke": "cb9b8664",
        "ZGF Foulkes": "30f92334"
      }
    },
    "season": "2024/25",
    "team_type": "club",
    "teams": [
      "Canterbury",
      "Northern Districts"
    ],
    "toss": {
      "decision": "bat",
      "winner": "Canterbury"
    },
    "venue": "Hagley Oval, Christchurch"
  },
  "innings": [
    {
      "team": "Canterbury",
      "overs": [
        {
          "over": 0,
          "deliveries": [
            {
              "batter": "CJ Bowes",
              "bowler": "KDC Clarke",
              "non_striker": "TWM Latham",
              "runs": {
                "batter": 0,
                "extras": 0,
                "total": 0
              }
            },
            {
              "batter": "CJ Bowes",
              "bowler": "KDC Clarke",
              "non_striker": "TWM Latham",
              "runs": {
                "batter": 0,
                "extras": 0,
                "total": 0
              }
            },
            {
              "batter": "CJ Bowes",
              "bowler": "KDC Clarke",
              "non_striker": "TWM Latham",
              "runs": {
                "batter": 6,
                "extras": 0,
                "total": 6
              }
            },
            {
              "batter": "CJ Bowes",
              "bowler": "KDC Clarke",
              "non_striker": "TWM Latham",
              "runs": {
                "batter": 0,
                "extras": 0,
                "total": 0
              }
            },
            {
              "batter": "CJ Bowes",
              "bowler": "KDC Clarke",
              "non_striker": "TWM Latham",
              "runs": {
                "batter": 0,
                "extras": 0,
                "total": 0
              }
            },
            {
              "batter": "CJ Bowes",
              "bowler": "KDC Clarke",
              "non_striker": "TWM Latham",
              "runs": {
                "batter": 1,
                "extras": 0,
                "total": 1
              }
            }
          ]
        },
        {
          "over": 1,
          "deliveries": [
            {
              "batter": "CJ Bowes",
              "bowler": "MJ Fisher",
              "non_striker": "TWM Latham",
              "runs": {
                "batter": 1,
                "extras": 0,
                "total": 1
              }
            },
            {
              "batter": "TWM Latham",
              "bowler": "MJ Fisher",
              "non_striker": "CJ Bowes",
              "runs": {
                "batter": 0,
                "extras": 0,
                "total": 0
              }
            },
            {
              "batter": "TWM Latham",
              "bowler": "MJ Fisher",
              "extras": {
                "legbyes": 1
              },
              "non_striker": "CJ Bowes",
              "runs": {
                "batter": 0,
                "extras": 1,
                "total": 1
              }
            },
            {
              "batter": "CJ Bowes",
              "bowler": "MJ Fisher",
              "non_striker": "TWM Latham",
              "runs": {
                "batter": 0,
                "extras": 0,
                "total": 0
              }
            },
            {
              "batter": "CJ Bowes",
              "bowler": "MJ Fisher",
              "non_striker": "TWM Latham",
              "runs": {
                "batter": 0,
                "extras": 0,
                "total": 0
              },
              "wickets": [
                {
                  "player_out": "CJ Bowes",
                  "kind": "bowled"
                }
              ]
            },
            {
              "batter": "MWT Boyle",
              "bowler": "MJ Fisher",
              "non_striker": "TWM Latham",
              "runs": {
                "batter": 0,
                "extras": 0,
                "total": 0
              }
            }
          ]
        },
        {
          "over": 2,
          "deliveries": [
            {
              "batter": "TWM Latham",
              "bowler": "BR Hampton",
              "non_striker": "MWT Boyle",
              "runs": {
                "batter": 0,
                "extras": 0,
                "total": 0
              }
            },
            {
              "batter": "TWM Latham",
              "bowler": "BR Hampton",
              "non_striker": "MWT Boyle",
              "runs": {
                "batter": 1,
                "extras": 0,
                "total": 1
              }
            },
            {
              "batter": "MWT Boyle",
              "bowler": "BR Hampton",
              "non_striker": "TWM Latham",
              "runs": {
                "batter": 0,
                "extras": 0,
                "total": 0
              }
            },
            {
              "batter": "MWT Boyle",
              "bowler": "BR Hampton",
              "extras": {
                "wides": 1
              },
              "non_striker": "TWM Latham",
              "runs": {
                "batter": 0,
                "extras": 1,
                "total": 1
              }
            },
            {
              "batter": "MWT Boyle",
              "bowler": "BR Hampton",
              "non_striker": "TWM Latham",
              "runs": {
                "batter": 1,
                "extras": 0,
                "total": 1
              }
            },
            {
              "batter": "TWM Latham",
              "bowler": "BR Hampton",
              "non_striker": "MWT Boyle",
              "runs": {
                "batter": 1,
                "extras": 0,
                "total": 1
              }
            },
            {
              "batter": "MWT Boyle",
              "bowler": "BR Hampton",
              "non_striker": "TWM Latham",
              "runs": {
                "batter": 1,
                "extras": 0,
                "total": 1
              }
            }
          ]
        },
        {
          "over": 3,
          "deliveries": [
            {
              "batter": "MWT Boyle",
              "bowler": "MJ Fisher",
              "non_striker": "TWM Latham",
              "runs": {
                "batter": 0,
                "extras": 0,
                "total": 0
              }
            },
            {
              "batter": "MWT Boyle",
              "bowler": "MJ Fisher",
              "non_striker": "TWM Latham",
              "runs": {
                "batter": 4,
                "extras": 0,
                "total": 4
              }
            },
            {
              "batter": "MWT Boyle",
              "bowler": "MJ Fisher",
              "non_striker": "TWM Latham",
              "runs": {
                "batter": 0,
                "extras": 0,
                "total": 0
              }
            },
            {
              "batter": "MWT Boyle",
              "bowler": "MJ Fisher",
              "non_striker": "TWM Latham",
              "runs": {
                "batter": 4,
                "extras": 0,
                "total": 4
              }
            },
            {
              "batter": "MWT Boyle",
              "bowler": "MJ Fisher",
              "non_striker": "TWM Latham",
              "runs": {
                "batter": 0,
                "extras": 0,
                "total": 0
              }
            },
            {
              "batter": "MWT Boyle",
              "bowler": "MJ Fisher",
              "non_striker": "TWM Latham",
              "runs": {
                "batter": 0,
                "extras": 0,
                "total": 0
              }
            }
          ]
        },
        {
          "over": 4,
          "deliveries": [
            {
              "batter": "TWM Latham",
              "bowler": "BR Hampton",
              "non_striker": "MWT Boyle",
              "runs": {
                "batter": 1,
                "extras": 0,
                "total": 1
              }
            },
            {
              "batter": "MWT Boyle",
              "bowler": "BR Hampton",
              "non_striker": "TWM Latham",
              "runs": {
                "batter": 0,
                "extras": 0,
                "total": 0
              }
            },
            {
              "batter": "MWT Boyle",
              "bowler": "BR Hampton",
              "non_striker": "TWM Latham",
              "runs": {
                "batter": 1,
                "extras": 0,
                "total": 1
              }
            },
            {
              "batter": "TWM Latham",
              "bowler": "BR Hampton",
              "non_striker": "MWT Boyle",
              "runs": {
                "batter": 0,
                "extras": 0,
                "total": 0
              },
              "wickets": [
                {
                  "player_out": "TWM Latham",
                  "fielders": [
                    {
                      "name": "JA Raval"
                    }
                  ],
                  "kind": "caught"
                }
              ]
            },
            {
              "batter": "DJ Mitchell",
              "bowler": "BR Hampton",
              "extras": {
                "wides": 1
              },
              "non_striker": "MWT Boyle",
              "runs": {
                "batter": 0,
                "extras": 1,
                "total": 1
              }
            },
            {
              "batter": "DJ Mitchell",
              "bowler": "BR Hampton",
              "non_striker": "MWT Boyle",
              "runs": {
                "batter": 1,
                "extras": 0,
                "total": 1
              }
            },
            {
              "batter": "MWT Boyle",
              "bowler": "BR Hampton",
              "non_striker": "DJ Mitchell",
              "runs": {
                "batter": 4,
                "extras": 0,
                "total": 4
              }
            }
          ]
        },
        {
          "over": 5,
          "deliveries": [
            {
              "batter": "DJ Mitchell",
              "bowler": "MJ Fisher",
              "non_striker": "MWT Boyle",
              "runs": {
                "batter": 1,
                "extras": 0,
                "total": 1
              }
            },
            {
              "batter": "MWT Boyle",
              "bowler": "MJ Fisher",
              "non_striker": "DJ Mitchell",
              "runs": {
                "batter": 6,
                "extras": 0,
                "total": 6
              }
            },
            {
              "batter": "MWT Boyle",
              "bowler": "MJ Fisher",
              "non_striker": "DJ Mitchell",
              "runs": {
                "batter": 4,
                "extras": 0,
                "total": 4
              }
            },
            {
              "batter": "MWT Boyle",
              "bowler": "MJ Fisher",
              "non_striker": "DJ Mitchell",
              "runs": {
                "batter": 2,
                "extras": 0,
                "total": 2
              }
            },
            {
              "batter": "MWT Boyle",
              "bowler": "MJ Fisher",
              "non_striker": "DJ Mitchell",
              "runs": {
                "batter": 0,
                "extras": 0,
                "total": 0
              }
            },
            {
              "batter": "MWT Boyle",
              "bowler": "MJ Fisher",
              "non_striker": "DJ Mitchell",
              "runs": {
                "batter": 1,
                "extras": 0,
                "total": 1
              }
            }
          ]
        },
        {
          "over": 6,
          "deliveries": [
            {
              "batter": "MWT Boyle",
              "bowler": "N Wagner",
              "non_striker": "DJ Mitchell",
              "runs": {
                "batter": 0,
                "extras": 0,
                "total": 0
              }
            },
            {
              "batter": "MWT Boyle",
              "bowler": "N Wagner",
              "non_striker": "DJ Mitchell",
              "runs": {
                "batter": 4,
                "extras": 0,
                "total": 4
              }
            },
            {
              "batter": "MWT Boyle",
              "bowler": "N Wagner",
              "non_striker": "DJ Mitchell",
              "runs": {
                "batter": 1,
                "extras": 0,
                "total": 1
              }
            },
            {
              "batter": "DJ Mitchell",
              "bowler": "N Wagner",
              "non_striker": "MWT Boyle",
              "runs": {
                "batter": 1,
                "extras": 0,
                "total": 1
              }
            },
            {
              "batter": "MWT Boyle",
              "bowler": "N Wagner",
              "non_striker": "DJ Mitchell",
              "runs": {
                "batter": 1,
                "extras": 0,
                "total": 1
              }
            },
            {
              "batter": "DJ Mitchell",
              "bowler": "N Wagner",
              "non_striker": "MWT Boyle",
              "runs": {
                "batter": 2,
                "extras": 0,
                "total": 2
              }
            }
          ]
        },
        {
          "over": 7,
          "deliveries": [
            {
              "batter": "MWT Boyle",
              "bowler": "KDC Clarke",
              "non_striker": "DJ Mitchell",
              "runs": {
                "batter": 0,
                "extras": 0,
                "total": 0
              }
            },
            {
              "batter": "MWT Boyle",
              "bowler": "KDC Clarke",
              "non_striker": "DJ Mitchell",
              "runs": {
                "batter": 1,
                "extras": 0,
                "total": 1
              }
            },
            {
              "batter": "DJ Mitchell",
              "bowler": "KDC Clarke",
              "non_striker": "MWT Boyle",
              "runs": {
                "batter": 0,
                "extras": 0,
                "total": 0
              }
            },
            {
              "batter": "DJ Mitchell",
              "bowler": "KDC Clarke",
              "non_striker": "MWT Boyle",
              "runs": {
                "batter": 1,
                "extras": 0,
                "total": 1
              }
            },
            {
              "batter": "MWT Boyle",
              "bowler": "KDC Clarke",
              "non_striker": "DJ Mitchell",
              "runs": {
                "batter": 1,
                "extras": 0,
                "total": 1
              }
            },
            {
              "batter": "DJ Mitchell",
              "bowler": "KDC Clarke",
              "non_striker": "MWT Boyle",
              "runs": {
                "batter": 0,
                "extras": 0,
                "total": 0
              }
            }
          ]
        },
        {
          "over": 8,
          "deliveries": [
            {
              "batter": "MWT Boyle",
              "bowler": "MJ Santner",
              "non_striker": "DJ Mitchell",
              "runs": {
                "batter": 1,
                "extras": 0,
                "total": 1
              }
            },
            {
              "batter": "DJ Mitchell",
              "bowler": "MJ Santner",
              "non_striker": "MWT Boyle",
              "runs": {
                "batter": 0,
                "extras": 0,
                "total": 0
              }
            },
            {
              "batter": "DJ Mitchell",
              "bowler": "MJ Santner",
              "non_striker": "MWT Boyle",
              "runs": {
                "batter": 1,
                "extras": 0,
                "total": 1
              }
            },
            {
              "batter": "MWT Boyle",
              "bowler": "MJ Santner",
              "non_striker": "DJ Mitchell",
              "runs": {
                "batter": 4,
                "extras": 0,
                "total": 4
              }
            },
            {
              "batter": "MWT Boyle",
              "bowler": "MJ Santner",
              "non_striker": "DJ Mitchell",
              "runs": {
                "batter": 1,
                "extras": 0,
                "total": 1
              }
            },
            {
              "batter": "DJ Mitchell",
              "bowler": "MJ Santner",
              "non_striker": "MWT Boyle",
              "runs": {
                "batter": 1,
                "extras": 0,
                "total": 1
              }
            }
          ]
        },
        {
          "over": 9,
          "deliveries": [
            {
              "batter": "DJ Mitchell",
              "bowler": "BR Hampton",
              "non_striker": "MWT Boyle",
              "runs": {
                "batter": 1,
                "extras": 0,
                "total": 1
              }
            },
            {
              "batter": "MWT Boyle",
              "bowler": "BR Hampton",
              "non_striker": "DJ Mitchell",
              "runs": {
                "batter": 1,
                "extras": 0,
                "total": 1
              }
            },
            {
              "batter": "DJ Mitchell",
              "bowler": "BR Hampton",
              "non_striker": "MWT Boyle",
              "runs": {
                "batter": 1,
                "extras": 0,
                "total": 1
              }
            },
            {
              "batter": "MWT Boyle",
              "bowler": "BR Hampton",
              "non_striker": "DJ Mitchell",
              "runs": {
                "batter": 4,
                "extras": 0,
                "total": 4
              }
            },
            {
              "batter": "MWT Boyle",
              "bowler": "BR Hampton",
              "non_striker": "DJ Mitchell",
              "runs": {
                "batter": 1,
                "extras": 0,
                "total": 1
              }
            },
            {
              "batter": "DJ Mitchell",
              "bowler": "BR Hampton",
              "non_striker": "MWT Boyle",
              "runs": {
                "batter": 1,
                "extras": 0,
                "total": 1
              }
            }
          ]
        },
        {
          "over": 10,
          "deliveries": [
            {
              "batter": "DJ Mitchell",
              "bowler": "FL Walker",
              "non_striker": "MWT Boyle",
              "runs": {
                "batter": 1,
                "extras": 0,
                "total": 1
              }
            },
            {
              "batter": "MWT Boyle",
              "bowler": "FL Walker",
              "non_striker": "DJ Mitchell",
              "runs": {
                "batter": 1,
                "extras": 0,
                "total": 1
              }
            },
            {
              "batter": "DJ Mitchell",
              "bowler": "FL Walker",
              "non_striker": "MWT Boyle",
              "runs": {
                "batter": 3,
                "extras": 0,
                "total": 3
              }
            },
            {
              "batter": "MWT Boyle",
              "bowler": "FL Walker",
              "non_striker": "DJ Mitchell",
              "runs": {
                "batter": 1,
                "extras": 0,
                "total": 1
              }
            },
            {
              "batter": "DJ Mitchell",
              "bowler": "FL Walker",
              "non_striker": "MWT Boyle",
              "runs": {
                "batter": 6,
                "extras": 0,
                "total": 6
              }
            },
            {
              "batter": "DJ Mitchell",
              "bowler": "FL Walker",
              "non_striker": "MWT Boyle",
              "runs": {
                "batter": 0,
                "extras": 0,
                "total": 0
              }
            }
          ]
        },
        {
          "over": 11,
          "deliveries": [
            {
              "batter": "MWT Boyle",
              "bowler": "MJ Fisher",
              "non_striker": "DJ Mitchell",
              "runs": {
                "batter": 1,
                "extras": 0,
                "total": 1
              }
            },
            {
              "batter": "DJ Mitchell",
              "bowler": "MJ Fisher",
              "non_striker": "MWT Boyle",
              "runs": {
                "batter": 1,
                "extras": 0,
                "total": 1
              }
            },
            {
              "batter": "MWT Boyle",
              "bowler": "MJ Fisher",
              "non_striker": "DJ Mitchell",
              "runs": {
                "batter": 6,
                "extras": 0,
                "total": 6
              }
            },
            {
              "batter": "MWT Boyle",
              "bowler": "MJ Fisher",
              "non_striker": "DJ Mitchell",
              "runs": {
                "batter": 4,
                "extras": 0,
                "total": 4
              }
            },
            {
              "batter": "MWT Boyle",
              "bowler": "MJ Fisher",
              "non_striker": "DJ Mitchell",
              "runs": {
                "batter": 1,
                "extras": 0,
                "total": 1
              }
            },
            {
              "batter": "DJ Mitchell",
              "bowler": "MJ Fisher",
              "non_striker": "MWT Boyle",
              "runs": {
                "batter": 1,
                "extras": 0,
                "total": 1
              }
            }
          ]
        },
        {
          "over": 12,
          "deliveries": [
            {
              "batter": "DJ Mitchell",
              "bowler": "MJ Santner",
              "non_striker": "MWT Boyle",
              "runs": {
                "batter": 2,
                "extras": 0,
                "total": 2
              }
            },
            {
              "batter": "DJ Mitchell",
              "bowler": "MJ Santner",
              "non_striker": "MWT Boyle",
              "runs": {
                "batter": 1,
                "extras": 0,
                "total": 1
              }
            },
            {
              "batter": "MWT Boyle",
              "bowler": "MJ Santner",
              "non_striker": "DJ Mitchell",
              "runs": {
                "batter": 1,
                "extras": 0,
                "total": 1
              }
            },
            {
              "batter": "DJ Mitchell",
              "bowler": "MJ Santner",
              "extras": {
                "wides": 1
              },
              "non_striker": "MWT Boyle",
              "runs": {
                "batter": 0,
                "extras": 1,
                "total": 1
              }
            },
            {
              "batter": "DJ Mitchell",
              "bowler": "MJ Santner",
              "non_striker": "MWT Boyle",
              "runs": {
                "batter": 6,
                "extras": 0,
                "total": 6
              }
            },
            {
              "batter": "DJ Mitchell",
              "bowler": "MJ Santner",
              "non_striker": "MWT Boyle",
              "runs": {
                "batter": 1,
                "extras": 0,
                "total": 1
              }
            },
            {
              "batter": "MWT Boyle",
              "bowler": "MJ Santner",
              "non_striker": "DJ Mitchell",
              "runs": {
                "batter": 1,
                "extras": 0,
                "total": 1
              }
            }
          ]
        },
        {
          "over": 13,
          "deliveries": [
            {
              "batter": "MWT Boyle",
              "bowler": "N Wagner",
              "non_striker": "DJ Mitchell",
              "runs": {
                "batter": 1,
                "extras": 0,
                "total": 1
              }
            },
            {
              "batter": "DJ Mitchell",
              "bowler": "N Wagner",
              "non_striker": "MWT Boyle",
              "runs": {
                "batter": 1,
                "extras": 0,
                "total": 1
              }
            },
            {
              "batter": "MWT Boyle",
              "bowler": "N Wagner",
              "non_striker": "DJ Mitchell",
              "runs": {
                "batter": 1,
                "extras": 0,
                "total": 1
              }
            },
            {
              "batter": "DJ Mitchell",
              "bowler": "N Wagner",
              "non_striker": "MWT Boyle",
              "runs": {
                "batter": 4,
                "extras": 0,
                "total": 4
              }
            },
            {
              "batter": "DJ Mitchell",
              "bowler": "N Wagner",
              "non_striker": "MWT Boyle",
              "runs": {
                "batter": 6,
                "extras": 0,
                "total": 6
              }
            },
            {
              "batter": "DJ Mitchell",
              "bowler": "N Wagner",
              "non_striker": "MWT Boyle",
              "runs": {
                "batter": 1,
                "extras": 0,
                "total": 1
              }
            }
          ]
        },
        {
          "over": 14,
          "deliveries": [
            {
              "batter": "DJ Mitchell",
              "bowler": "MJ Santner",
              "non_striker": "MWT Boyle",
              "runs": {
                "batter": 1,
                "extras": 0,
                "total": 1
              }
            },
            {
              "batter": "MWT Boyle",
              "bowler": "MJ Santner",
              "non_striker": "DJ Mitchell",
              "runs": {
                "batter": 0,
                "extras": 0,
                "total": 0
              },
              "wickets": [
                {
                  "player_out": "MWT Boyle",
                  "fielders": [
                    {
                      "name": "N Wagner"
                    }
                  ],
                  "kind": "caught"
                }
              ]
            },
            {
              "batter": "CE McConchie",
              "bowler": "MJ Santner",
              "non_striker": "DJ Mitchell",
              "runs": {
                "batter": 0,
                "extras": 0,
                "total": 0
              }
            },
            {
              "batter": "CE McConchie",
              "bowler": "MJ Santner",
              "non_striker": "DJ Mitchell",
              "runs": {
                "batter": 0,
                "extras": 0,
                "total": 0
              }
            },
            {
              "batter": "CE McConchie",
              "bowler": "MJ Santner",
              "non_striker": "DJ Mitchell",
              "runs": {
                "batter": 0,
                "extras": 0,
                "total": 0
              },
              "wickets": [
                {
                  "player_out": "CE McConchie",
                  "fielders": [
                    {
                      "name": "BJ Pomare"
                    }
                  ],
                  "kind": "caught"
                }
              ]
            },
            {
              "batter": "MJ Hay",
              "bowler": "MJ Santner",
              "non_striker": "DJ Mitchell",
              "runs": {
                "batter": 1,
                "extras": 0,
                "total": 1
              }
            }
          ]
        },
        {
          "over": 15,
          "deliveries": [
            {
              "batter": "MJ Hay",
              "bowler": "FL Walker",
              "non_striker": "DJ Mitchell",
              "runs": {
                "batter": 1,
                "extras": 0,
                "total": 1
              }
            },
            {
              "batter": "DJ Mitchell",
              "bowler": "FL Walker",
              "non_striker": "MJ Hay",
              "runs": {
                "batter": 2,
                "extras": 0,
                "total": 2
              }
            },
            {
              "batter": "DJ Mitchell",
              "bowler": "FL Walker",
              "extras": {
                "wides": 5
              },
              "non_striker": "MJ Hay",
              "runs": {
                "batter": 0,
                "extras": 5,
                "total": 5
              }
            },
            {
              "batter": "DJ Mitchell",
              "bowler": "FL Walker",
              "non_striker": "MJ Hay",
              "runs": {
                "batter": 0,
                "extras": 0,
                "total": 0
              }
            },
            {
              "batter": "DJ Mitchell",
              "bowler": "FL Walker",
              "non_striker": "MJ Hay",
              "runs": {
                "batter": 1,
                "extras": 0,
                "total": 1
              }
            },
            {
              "batter": "MJ Hay",
              "bowler": "FL Walker",
              "non_striker": "DJ Mitchell",
              "runs": {
                "batter": 0,
                "extras": 0,
                "total": 0
              }
            },
            {
              "batter": "MJ Hay",
              "bowler": "FL Walker",
              "non_striker": "DJ Mitchell",
              "runs": {
                "batter": 0,
                "extras": 0,
                "total": 0
              },
              "wickets": [
                {
                  "player_out": "MJ Hay",
                  "fielders": [
                    {
                      "name": "BR Hampton"
                    }
                  ],
                  "kind": "caught"
                }
              ]
            }
          ]
        },
        {
          "over": 16,
          "deliveries": [
            {
              "batter": "DJ Mitchell",
              "bowler": "MJ Santner",
              "non_striker": "ZGF Foulkes",
              "runs": {
                "batter": 1,
                "extras": 0,
                "total": 1
              }
            },
            {
              "batter": "ZGF Foulkes",
              "bowler": "MJ Santner",
              "non_striker": "DJ Mitchell",
              "runs": {
                "batter": 1,
                "extras": 0,
                "total": 1
              }
            },
            {
              "batter": "DJ Mitchell",
              "bowler": "MJ Santner",
              "non_striker": "ZGF Foulkes",
              "runs": {
                "batter": 2,
                "extras": 0,
                "total": 2
              }
            },
            {
              "batter": "DJ Mitchell",
              "bowler": "MJ Santner",
              "non_striker": "ZGF Foulkes",
              "runs": {
                "batter": 0,
                "extras": 0,
                "total": 0
              }
            },
            {
              "batter": "DJ Mitchell",
              "bowler": "MJ Santner",
              "non_striker": "ZGF Foulkes",
              "runs": {
                "batter": 1,
                "extras": 0,
                "total": 1
              }
            },
            {
              "batter": "ZGF Foulkes",
              "bowler": "MJ Santner",
              "non_striker": "DJ Mitchell",
              "runs": {
                "batter": 1,
                "extras": 0,
                "total": 1
              }
            }
          ]
        },
        {
          "over": 17,
          "deliveries": [
            {
              "batter": "ZGF Foulkes",
              "bowler": "FL Walker",
              "non_striker": "DJ Mitchell",
              "runs": {
                "batter": 1,
                "extras": 0,
                "total": 1
              }
            },
            {
              "batter": "DJ Mitchell",
              "bowler": "FL Walker",
              "non_striker": "ZGF Foulkes",
              "runs": {
                "batter": 1,
                "extras": 0,
                "total": 1
              }
            },
            {
              "batter": "ZGF Foulkes",
              "bowler": "FL Walker",
              "non_striker": "DJ Mitchell",
              "runs": {
                "batter": 4,
                "extras": 0,
                "total": 4
              }
            },
            {
              "batter": "ZGF Foulkes",
              "bowler": "FL Walker",
              "non_striker": "DJ Mitchell",
              "runs": {
                "batter": 2,
                "extras": 0,
                "total": 2
              }
            },
            {
              "batter": "ZGF Foulkes",
              "bowler": "FL Walker",
              "non_striker": "DJ Mitchell",
              "runs": {
                "batter": 4,
                "extras": 0,
                "total": 4
              }
            },
            {
              "batter": "ZGF Foulkes",
              "bowler": "FL Walker",
              "non_striker": "DJ Mitchell",
              "runs": {
                "batter": 0,
                "extras": 0,
                "total": 0
              }
            }
          ]
        },
        {
          "over": 18,
          "deliveries": [
            {
              "batter": "DJ Mitchell",
              "bowler": "N Wagner",
              "non_striker": "ZGF Foulkes",
              "runs": {
                "batter": 1,
                "extras": 0,
                "total": 1
              }
            },
            {
              "batter": "ZGF Foulkes",
              "bowler": "N Wagner",
              "non_striker": "DJ Mitchell",
              "runs": {
                "batter": 1,
                "extras": 0,
                "total": 1
              }
            },
            {
              "batter": "DJ Mitchell",
              "bowler": "N Wagner",
              "non_striker": "ZGF Foulkes",
              "runs": {
                "batter": 2,
                "extras": 0,
                "total": 2
              }
            },
            {
              "batter": "DJ Mitchell",
              "bowler": "N Wagner",
              "extras": {
                "byes": 2
              },
              "non_striker": "ZGF Foulkes",
              "runs": {
                "batter": 0,
                "extras": 2,
                "total": 2
              }
            },
            {
              "batter": "DJ Mitchell",
              "bowler": "N Wagner",
              "non_striker": "ZGF Foulkes",
              "runs": {
                "batter": 2,
                "extras": 0,
                "total": 2
              }
            },
            {
              "batter": "DJ Mitchell",
              "bowler": "N Wagner",
              "non_striker": "ZGF Foulkes",
              "runs": {
                "batter": 2,
                "extras": 0,
                "total": 2
              }
            }
          ]
        },
        {
          "over": 19,
          "deliveries": [
            {
              "batter": "ZGF Foulkes",
              "bowler": "KDC Clarke",
              "non_striker": "DJ Mitchell",
              "runs": {
                "batter": 0,
                "extras": 0,
                "total": 0
              },
              "wickets": [
                {
                  "player_out": "ZGF Foulkes",
                  "fielders": [
                    {
                      "name": "KD Clarke"
                    }
                  ],
                  "kind": "caught"
                }
              ]
            },
            {
              "batter": "MJ Henry",
              "bowler": "KDC Clarke",
              "non_striker": "DJ Mitchell",
              "runs": {
                "batter": 1,
                "extras": 0,
                "total": 1
              }
            },
            {
              "batter": "DJ Mitchell",
              "bowler": "KDC Clarke",
              "non_striker": "MJ Henry",
              "runs": {
                "batter": 2,
                "extras": 0,
                "total": 2
              }
            },
            {
              "batter": "DJ Mitchell",
              "bowler": "KDC Clarke",
              "non_striker": "MJ Henry",
              "runs": {
                "batter": 4,
                "extras": 0,
                "total": 4
              }
            },
            {
              "batter": "DJ Mitchell",
              "bowler": "KDC Clarke",
              "extras": {
                "wides": 1
              },
              "non_striker": "MJ Henry",
              "runs": {
                "batter": 0,
                "extras": 1,
                "total": 1
              }
            },
            {
              "batter": "DJ Mitchell",
              "bowler": "KDC Clarke",
              "non_striker": "MJ Henry",
              "runs": {
                "batter": 0,
                "extras": 0,
                "total": 0
              },
              "wickets": [
                {
                  "player_out": "DJ Mitchell",
                  "fielders": [
                    {
                      "name": "MJ Santner"
                    }
                  ],
                  "kind": "caught"
                }
              ]
            },
            {
              "batter": "KA Jamieson",
              "bowler": "KDC Clarke",
              "non_striker": "MJ Henry",
              "runs": {
                "batter": 2,
                "extras": 0,
                "total": 2
              }
            }
          ]
        }
      ],
      "powerplays": [
        {
          "from": 0.1,
          "to": 5.6,
          "type": "mandatory"
        }
      ]
    },
    {
      "team": "Northern Districts",
      "overs": [
        {
          "over": 0,
          "deliveries": [
            {
              "batter": "KD Clarke",
              "bowler": "MJ Henry",
              "non_striker": "JF Carter",
              "runs": {
                "batter": 0,
                "extras": 0,
                "total": 0
              }
            },
            {
              "batter": "KD Clarke",
              "bowler": "MJ Henry",
              "non_striker": "JF Carter",
              "runs": {
                "batter": 0,
                "extras": 0,
                "total": 0
              }
            },
            {
              "batter": "KD Clarke",
              "bowler": "MJ Henry",
              "non_striker": "JF Carter",
              "runs": {
                "batter": 1,
                "extras": 0,
                "total": 1
              }
            },
            {
              "batter": "JF Carter",
              "bowler": "MJ Henry",
              "non_striker": "KD Clarke",
              "runs": {
                "batter": 1,
                "extras": 0,
                "total": 1
              }
            },
            {
              "batter": "KD Clarke",
              "bowler": "MJ Henry",
              "non_striker": "JF Carter",
              "runs": {
                "batter": 0,
                "extras": 0,
                "total": 0
              },
              "wickets": [
                {
                  "player_out": "KD Clarke",
                  "fielders": [
                    {
                      "name": "DJ Mitchell"
                    }
                  ],
                  "kind": "caught"
                }
              ]
            },
            {
              "batter": "BJ Pomare",
              "bowler": "MJ Henry",
              "non_striker": "JF Carter",
              "runs": {
                "batter": 0,
                "extras": 0,
                "total": 0
              }
            }
          ]
        },
        {
          "over": 1,
          "deliveries": [
            {
              "batter": "JF Carter",
              "bowler": "KA Jamieson",
              "non_striker": "BJ Pomare",
              "runs": {
                "batter": 1,
                "extras": 0,
                "total": 1
              }
            },
            {
              "batter": "BJ Pomare",
              "bowler": "KA Jamieson",
              "non_striker": "JF Carter",
              "runs": {
                "batter": 0,
                "extras": 0,
                "total": 0
              }
            },
            {
              "batter": "BJ Pomare",
              "bowler": "KA Jamieson",
              "non_striker": "JF Carter",
              "runs": {
                "batter": 0,
                "extras": 0,
                "total": 0
              }
            },
            {
              "batter": "BJ Pomare",
              "bowler": "KA Jamieson",
              "non_striker": "JF Carter",
              "runs": {
                "batter": 1,
                "extras": 0,
                "total": 1
              }
            },
            {
              "batter": "JF Carter",
              "bowler": "KA Jamieson",
              "extras": {
                "wides": 1
              },
              "non_striker": "BJ Pomare",
              "runs": {
                "batter": 0,
                "extras": 1,
                "total": 1
              }
            },
            {
              "batter": "JF Carter",
              "bowler": "KA Jamieson",
              "non_striker": "BJ Pomare",
              "runs": {
                "batter": 0,
                "extras": 0,
                "total": 0
              }
            },
            {
              "batter": "JF Carter",
              "bowler": "KA Jamieson",
              "non_striker": "BJ Pomare",
              "runs": {
                "batter": 0,
                "extras": 0,
                "total": 0
              }
            }
          ]
        },
        {
          "over": 2,
          "deliveries": [
            {
              "batter": "BJ Pomare",
              "bowler": "MJ Henry",
              "non_striker": "JF Carter",
              "runs": {
                "batter": 0,
                "extras": 0,
                "total": 0
              }
            },
            {
              "batter": "BJ Pomare",
              "bowler": "MJ Henry",
              "non_striker": "JF Carter",
              "runs": {
                "batter": 1,
                "extras": 0,
                "total": 1
              }
            },
            {
              "batter": "JF Carter",
              "bowler": "MJ Henry",
              "non_striker": "BJ Pomare",
              "runs": {
                "batter": 1,
                "extras": 0,
                "total": 1
              }
            },
            {
              "batter": "BJ Pomare",
              "bowler": "MJ Henry",
              "non_striker": "JF Carter",
              "runs": {
                "batter": 0,
                "extras": 0,
                "total": 0
              }
            },
            {
              "batter": "BJ Pomare",
              "bowler": "MJ Henry",
              "non_striker": "JF Carter",
              "runs": {
                "batter": 0,
                "extras": 0,
                "total": 0
              }
            },
            {
              "batter": "BJ Pomare",
              "bowler": "MJ Henry",
              "non_striker": "JF Carter",
              "runs": {
                "batter": 0,
                "extras": 0,
                "total": 0
              }
            }
          ]
        },
        {
          "over": 3,
          "deliveries": [
            {
              "batter": "JF Carter",
              "bowler": "KA Jamieson",
              "non_striker": "BJ Pomare",
              "runs": {
                "batter": 4,
                "extras": 0,
                "total": 4
              }
            },
            {
              "batter": "JF Carter",
              "bowler": "KA Jamieson",
              "non_striker": "BJ Pomare",
              "runs": {
                "batter": 0,
                "extras": 0,
                "total": 0
              }
            },
            {
              "batter": "JF Carter",
              "bowler": "KA Jamieson",
              "non_striker": "BJ Pomare",
              "runs": {
                "batter": 2,
                "extras": 0,
                "total": 2
              }
            },
            {
              "batter": "JF Carter",
              "bowler": "KA Jamieson",
              "non_striker": "BJ Pomare",
              "runs": {
                "batter": 0,
                "extras": 0,
                "total": 0
              }
            },
            {
              "batter": "JF Carter",
              "bowler": "KA Jamieson",
              "extras": {
                "legbyes": 1
              },
              "non_striker": "BJ Pomare",
              "runs": {
                "batter": 0,
                "extras": 1,
                "total": 1
              }
            },
            {
              "batter": "BJ Pomare",
              "bowler": "KA Jamieson",
              "non_striker": "JF Carter",
              "runs": {
                "batter": 0,
                "extras": 0,
                "total": 0
              }
            }
          ]
        },
        {
          "over": 4,
          "deliveries": [
            {
              "batter": "JF Carter",
              "bowler": "ZGF Foulkes",
              "non_striker": "BJ Pomare",
              "runs": {
                "batter": 0,
                "extras": 0,
                "total": 0
              }
            },
            {
              "batter": "JF Carter",
              "bowler": "ZGF Foulkes",
              "non_striker": "BJ Pomare",
              "runs": {
                "batter": 2,
                "extras": 0,
                "total": 2
              }
            },
            {
              "batter": "JF Carter",
              "bowler": "ZGF Foulkes",
              "non_striker": "BJ Pomare",
              "runs": {
                "batter": 1,
                "extras": 0,
                "total": 1
              }
            },
            {
              "batter": "BJ Pomare",
              "bowler": "ZGF Foulkes",
              "extras": {
                "wides": 1
              },
              "non_striker": "JF Carter",
              "runs": {
                "batter": 0,
                "extras": 1,
                "total": 1
              }
            },
            {
              "batter": "BJ Pomare",
              "bowler": "ZGF Foulkes",
              "non_striker": "JF Carter",
              "runs": {
                "batter": 1,
                "extras": 0,
                "total": 1
              }
            },
            {
              "batter": "JF Carter",
              "bowler": "ZGF Foulkes",
              "non_striker": "BJ Pomare",
              "runs": {
                "batter": 0,
                "extras": 0,
                "total": 0
              }
            },
            {
              "batter": "JF Carter",
              "bowler": "ZGF Foulkes",
              "non_striker": "BJ Pomare",
              "runs": {
                "batter": 1,
                "extras": 0,
                "total": 1
              }
            }
          ]
        },
        {
          "over": 5,
          "deliveries": [
            {
              "batter": "JF Carter",
              "bowler": "W O'Rourke",
              "non_striker": "BJ Pomare",
              "runs": {
                "batter": 4,
                "extras": 0,
                "total": 4
              }
            },
            {
              "batter": "JF Carter",
              "bowler": "W O'Rourke",
              "non_striker": "BJ Pomare",
              "runs": {
                "batter": 0,
                "extras": 0,
                "total": 0
              },
              "wickets": [
                {
                  "player_out": "JF Carter",
                  "kind": "hit wicket"
                }
              ]
            },
            {
              "batter": "RR O'Donnell",
              "bowler": "W O'Rourke",
              "non_striker": "BJ Pomare",
              "runs": {
                "batter": 3,
                "extras": 0,
                "total": 3
              }
            },
            {
              "batter": "BJ Pomare",
              "bowler": "W O'Rourke",
              "non_striker": "RR O'Donnell",
              "runs": {
                "batter": 1,
                "extras": 0,
                "total": 1
              }
            },
            {
              "batter": "RR O'Donnell",
              "bowler": "W O'Rourke",
              "non_striker": "BJ Pomare",
              "runs": {
                "batter": 0,
                "extras": 0,
                "total": 0
              }
            },
            {
              "batter": "RR O'Donnell",
              "bowler": "W O'Rourke",
              "non_striker": "BJ Pomare",
              "runs": {
                "batter": 1,
                "extras": 0,
                "total": 1
              }
            }
          ]
        },
        {
          "over": 6,
          "deliveries": [
            {
              "batter": "RR O'Donnell",
              "bowler": "IS Sodhi",
              "non_striker": "BJ Pomare",
              "runs": {
                "batter": 0,
                "extras": 0,
                "total": 0
              }
            },
            {
              "batter": "RR O'Donnell",
              "bowler": "IS Sodhi",
              "non_striker": "BJ Pomare",
              "runs": {
                "batter": 0,
                "extras": 0,
                "total": 0
              }
            },
            {
              "batter": "RR O'Donnell",
              "bowler": "IS Sodhi",
              "non_striker": "BJ Pomare",
              "runs": {
                "batter": 1,
                "extras": 0,
                "total": 1
              }
            },
            {
              "batter": "BJ Pomare",
              "bowler": "IS Sodhi",
              "non_striker": "RR O'Donnell",
              "runs": {
                "batter": 6,
                "extras": 0,
                "total": 6
              }
            },
            {
              "batter": "BJ Pomare",
              "bowler": "IS Sodhi",
              "non_striker": "RR O'Donnell",
              "runs": {
                "batter": 0,
                "extras": 0,
                "total": 0
              },
              "wickets": [
                {
                  "player_out": "BJ Pomare",
                  "fielders": [
                    {
                      "name": "MWT Boyle"
                    }
                  ],
                  "kind": "caught"
                }
              ]
            },
            {
              "batter": "MJ Santner",
              "bowler": "IS Sodhi",
              "non_striker": "RR O'Donnell",
              "runs": {
                "batter": 0,
                "extras": 0,
                "total": 0
              }
            }
          ]
        },
        {
          "over": 7,
          "deliveries": [
            {
              "batter": "RR O'Donnell",
              "bowler": "CE McConchie",
              "non_striker": "MJ Santner",
              "runs": {
                "batter": 1,
                "extras": 0,
                "total": 1
              }
            },
            {
              "batter": "MJ Santner",
              "bowler": "CE McConchie",
              "non_striker": "RR O'Donnell",
              "runs": {
                "batter": 1,
                "extras": 0,
                "total": 1
              }
            },
            {
              "batter": "RR O'Donnell",
              "bowler": "CE McConchie",
              "non_striker": "MJ Santner",
              "runs": {
                "batter": 4,
                "extras": 0,
                "total": 4
              }
            },
            {
              "batter": "RR O'Donnell",
              "bowler": "CE McConchie",
              "non_striker": "MJ Santner",
              "runs": {
                "batter": 1,
                "extras": 0,
                "total": 1
              }
            },
            {
              "batter": "MJ Santner",
              "bowler": "CE McConchie",
              "non_striker": "RR O'Donnell",
              "runs": {
                "batter": 0,
                "extras": 0,
                "total": 0
              },
              "wickets": [
                {
                  "player_out": "MJ Santner",
                  "fielders": [
                    {
                      "name": "ZGF Foulkes"
                    }
                  ],
                  "kind": "caught"
                }
              ]
            },
            {
              "batter": "BR Hampton",
              "bowler": "CE McConchie",
              "extras": {
                "wides": 1
              },
              "non_striker": "RR O'Donnell",
              "runs": {
                "batter": 0,
                "extras": 1,
                "total": 1
              }
            },
            {
              "batter": "BR Hampton",
              "bowler": "CE McConchie",
              "non_striker": "RR O'Donnell",
              "runs": {
                "batter": 2,
                "extras": 0,
                "total": 2
              }
            }
          ]
        },
        {
          "over": 8,
          "deliveries": [
            {
              "batter": "RR O'Donnell",
              "bowler": "IS Sodhi",
              "non_striker": "BR Hampton",
              "runs": {
                "batter": 1,
                "extras": 0,
                "total": 1
              }
            },
            {
              "batter": "BR Hampton",
              "bowler": "IS Sodhi",
              "non_striker": "RR O'Donnell",
              "runs": {
                "batter": 0,
                "extras": 0,
                "total": 0
              }
            },
            {
              "batter": "BR Hampton",
              "bowler": "IS Sodhi",
              "non_striker": "RR O'Donnell",
              "runs": {
                "batter": 6,
                "extras": 0,
                "total": 6
              }
            },
            {
              "batter": "BR Hampton",
              "bowler": "IS Sodhi",
              "non_striker": "RR O'Donnell",
              "runs": {
                "batter": 2,
                "extras": 0,
                "total": 2
              }
            },
            {
              "batter": "BR Hampton",
              "bowler": "IS Sodhi",
              "non_striker": "RR O'Donnell",
              "runs": {
                "batter": 1,
                "extras": 0,
                "total": 1
              }
            },
            {
              "batter": "RR O'Donnell",
              "bowler": "IS Sodhi",
              "non_striker": "BR Hampton",
              "runs": {
                "batter": 0,
                "extras": 0,
                "total": 0
              }
            }
          ]
        },
        {
          "over": 9,
          "deliveries": [
            {
              "batter": "BR Hampton",
              "bowler": "W O'Rourke",
              "non_striker": "RR O'Donnell",
              "runs": {
                "batter": 0,
                "extras": 0,
                "total": 0
              }
            },
            {
              "batter": "BR Hampton",
              "bowler": "W O'Rourke",
              "non_striker": "RR O'Donnell",
              "runs": {
                "batter": 0,
                "extras": 0,
                "total": 0
              }
            },
            {
              "batter": "BR Hampton",
              "bowler": "W O'Rourke",
              "non_striker": "RR O'Donnell",
              "runs": {
                "batter": 0,
                "extras": 0,
                "total": 0
              },
              "wickets": [
                {
                  "player_out": "BR Hampton",
                  "fielders": [
                    {
                      "name": "CJ Bowes"
                    }
                  ],
                  "kind": "caught"
                }
              ]
            },
            {
              "batter": "JA Raval",
              "bowler": "W O'Rourke",
              "non_striker": "RR O'Donnell",
              "runs": {
                "batter": 4,
                "extras": 0,
                "total": 4
              }
            },
            {
              "batter": "JA Raval",
              "bowler": "W O'Rourke",
              "non_striker": "RR O'Donnell",
              "runs": {
                "batter": 1,
                "extras": 0,
                "total": 1
              }
            },
            {
              "batter": "RR O'Donnell",
              "bowler": "W O'Rourke",
              "non_striker": "JA Raval",
              "runs": {
                "batter": 0,
                "extras": 0,
                "total": 0
              }
            }
          ]
        },
        {
          "over": 10,
          "deliveries": [
            {
              "batter": "JA Raval",
              "bowler": "ZGF Foulkes",
              "non_striker": "RR O'Donnell",
              "runs": {
                "batter": 1,
                "extras": 0,
                "total": 1
              }
            },
            {
              "batter": "RR O'Donnell",
              "bowler": "ZGF Foulkes",
              "non_striker": "JA Raval",
              "runs": {
                "batter": 0,
                "extras": 0,
                "total": 0
              }
            },
            {
              "batter": "RR O'Donnell",
              "bowler": "ZGF Foulkes",
              "non_striker": "JA Raval",
              "runs": {
                "batter": 2,
                "extras": 0,
                "total": 2
              }
            },
            {
              "batter": "RR O'Donnell",
              "bowler": "ZGF Foulkes",
              "non_striker": "JA Raval",
              "runs": {
                "batter": 1,
                "extras": 0,
                "total": 1
              }
            },
            {
              "batter": "JA Raval",
              "bowler": "ZGF Foulkes",
              "non_striker": "RR O'Donnell",
              "runs": {
                "batter": 2,
                "extras": 0,
                "total": 2
              }
            },
            {
              "batter": "JA Raval",
              "bowler": "ZGF Foulkes",
              "non_striker": "RR O'Donnell",
              "runs": {
                "batter": 0,
                "extras": 0,
                "total": 0
              }
            }
          ]
        },
        {
          "over": 11,
          "deliveries": [
            {
              "batter": "RR O'Donnell",
              "bowler": "CE McConchie",
              "non_striker": "JA Raval",
              "runs": {
                "batter": 0,
                "extras": 0,
                "total": 0
              }
            },
            {
              "batter": "RR O'Donnell",
              "bowler": "CE McConchie",
              "non_striker": "JA Raval",
              "runs": {
                "batter": 1,
                "extras": 0,
                "total": 1
              }
            },
            {
              "batter": "JA Raval",
              "bowler": "CE McConchie",
              "non_striker": "RR O'Donnell",
              "runs": {
                "batter": 1,
                "extras": 0,
                "total": 1
              }
            },
            {
              "batter": "RR O'Donnell",
              "bowler": "CE McConchie",
              "non_striker": "JA Raval",
              "runs": {
                "batter": 0,
                "extras": 0,
                "total": 0
              },
              "wickets": [
                {
                  "player_out": "RR O'Donnell",
                  "fielders": [
                    {
                      "name": "MJ Hay"
                    }
                  ],
                  "kind": "caught"
                }
              ]
            },
            {
              "batter": "KDC Clarke",
              "bowler": "CE McConchie",
              "non_striker": "JA Raval",
              "runs": {
                "batter": 1,
                "extras": 0,
                "total": 1
              }
            },
            {
              "batter": "JA Raval",
              "bowler": "CE McConchie",
              "non_striker": "KDC Clarke",
              "runs": {
                "batter": 1,
                "extras": 0,
                "total": 1
              }
            }
          ]
        },
        {
          "over": 12,
          "deliveries": [
            {
              "batter": "JA Raval",
              "bowler": "IS Sodhi",
              "non_striker": "KDC Clarke",
              "runs": {
                "batter": 1,
                "extras": 0,
                "total": 1
              }
            },
            {
              "batter": "KDC Clarke",
              "bowler": "IS Sodhi",
              "non_striker": "JA Raval",
              "runs": {
                "batter": 1,
                "extras": 0,
                "total": 1
              }
            },
            {
              "batter": "JA Raval",
              "bowler": "IS Sodhi",
              "non_striker": "KDC Clarke",
              "runs": {
                "batter": 6,
                "extras": 0,
                "total": 6
              }
            },
            {
              "batter": "JA Raval",
              "bowler": "IS Sodhi",
              "non_striker": "KDC Clarke",
              "runs": {
                "batter": 2,
                "extras": 0,
                "total": 2
              }
            },
            {
              "batter": "JA Raval",
              "bowler": "IS Sodhi",
              "non_striker": "KDC Clarke",
              "runs": {
                "batter": 1,
                "extras": 0,
                "total": 1
              }
            },
            {
              "batter": "KDC Clarke",
              "bowler": "IS Sodhi",
              "non_striker": "JA Raval",
              "runs": {
                "batter": 0,
                "extras": 0,
                "total": 0
              }
            }
          ]
        },
        {
          "over": 13,
          "deliveries": [
            {
              "batter": "JA Raval",
              "bowler": "CE McConchie",
              "extras": {
                "wides": 1
              },
              "non_striker": "KDC Clarke",
              "runs": {
                "batter": 0,
                "extras": 1,
                "total": 1
              }
            },
            {
              "batter": "JA Raval",
              "bowler": "CE McConchie",
              "non_striker": "KDC Clarke",
              "runs": {
                "batter": 0,
                "extras": 0,
                "total": 0
              },
              "wickets": [
                {
                  "player_out": "JA Raval",
                  "fielders": [
                    {
                      "name": "IS Sodhi"
                    }
                  ],
                  "kind": "caught"
                }
              ]
            },
            {
              "batter": "N Wagner",
              "bowler": "CE McConchie",
              "non_striker": "KDC Clarke",
              "runs": {
                "batter": 0,
                "extras": 0,
                "total": 0
              }
            },
            {
              "batter": "N Wagner",
              "bowler": "CE McConchie",
              "non_striker": "KDC Clarke",
              "runs": {
                "batter": 2,
                "extras": 0,
                "total": 2
              }
            },
            {
              "batter": "N Wagner",
              "bowler": "CE McConchie",
              "non_striker": "KDC Clarke",
              "runs": {
                "batter": 1,
                "extras": 0,
                "total": 1
              }
            },
            {
              "batter": "KDC Clarke",
              "bowler": "CE McConchie",
              "non_striker": "N Wagner",
              "runs": {
                "batter": 0,
                "extras": 0,
                "total": 0
              }
            },
            {
              "batter": "KDC Clarke",
              "bowler": "CE McConchie",
              "non_striker": "N Wagner",
              "runs": {
                "batter": 4,
                "extras": 0,
                "total": 4
              }
            }
          ]
        },
        {
          "over": 14,
          "deliveries": [
            {
              "batter": "N Wagner",
              "bowler": "IS Sodhi",
              "non_striker": "KDC Clarke",
              "runs": {
                "batter": 0,
                "extras": 0,
                "total": 0
              }
            },
            {
              "batter": "N Wagner",
              "bowler": "IS Sodhi",
              "non_striker": "KDC Clarke",
              "runs": {
                "batter": 0,
                "extras": 0,
                "total": 0
              }
            },
            {
              "batter": "N Wagner",
              "bowler": "IS Sodhi",
              "non_striker": "KDC Clarke",
              "runs": {
                "batter": 0,
                "extras": 0,
                "total": 0
              }
            },
            {
              "batter": "N Wagner",
              "bowler": "IS Sodhi",
              "non_striker": "KDC Clarke",
              "runs": {
                "batter": 1,
                "extras": 0,
                "total": 1
              }
            },
            {
              "batter": "KDC Clarke",
              "bowler": "IS Sodhi",
              "non_striker": "N Wagner",
              "runs": {
                "batter": 0,
                "extras": 0,
                "total": 0
              }
            },
            {
              "batter": "KDC Clarke",
              "bowler": "IS Sodhi",
              "non_striker": "N Wagner",
              "runs": {
                "batter": 0,
                "extras": 0,
                "total": 0
              }
            }
          ]
        },
        {
          "over": 15,
          "deliveries": [
            {
              "batter": "N Wagner",
              "bowler": "CE McConchie",
              "non_striker": "KDC Clarke",
              "runs": {
                "batter": 6,
                "extras": 0,
                "total": 6
              }
            },
            {
              "batter": "N Wagner",
              "bowler": "CE McConchie",
              "non_striker": "KDC Clarke",
              "runs": {
                "batter": 0,
                "extras": 0,
                "total": 0
              },
              "wickets": [
                {
                  "player_out": "N Wagner",
                  "kind": "caught and bowled"
                }
              ]
            },
            {
              "batter": "FL Walker",
              "bowler": "CE McConchie",
              "non_striker": "KDC Clarke",
              "runs": {
                "batter": 1,
                "extras": 0,
                "total": 1
              }
            },
            {
              "batter": "KDC Clarke",
              "bowler": "CE McConchie",
              "non_striker": "FL Walker",
              "runs": {
                "batter": 1,
                "extras": 0,
                "total": 1
              }
            },
            {
              "batter": "FL Walker",
              "bowler": "CE McConchie",
              "non_striker": "KDC Clarke",
              "runs": {
                "batter": 0,
                "extras": 0,
                "total": 0
              }
            },
            {
              "batter": "FL Walker",
              "bowler": "CE McConchie",
              "non_striker": "KDC Clarke",
              "runs": {
                "batter": 1,
                "extras": 0,
                "total": 1
              }
            }
          ]
        },
        {
          "over": 16,
          "deliveries": [
            {
              "batter": "FL Walker",
              "bowler": "ZGF Foulkes",
              "non_striker": "KDC Clarke",
              "runs": {
                "batter": 4,
                "extras": 0,
                "total": 4
              }
            },
            {
              "batter": "FL Walker",
              "bowler": "ZGF Foulkes",
              "non_striker": "KDC Clarke",
              "runs": {
                "batter": 0,
                "extras": 0,
                "total": 0
              }
            },
            {
              "batter": "FL Walker",
              "bowler": "ZGF Foulkes",
              "non_striker": "KDC Clarke",
              "runs": {
                "batter": 1,
                "extras": 0,
                "total": 1
              }
            },
            {
              "batter": "KDC Clarke",
              "bowler": "ZGF Foulkes",
              "non_striker": "FL Walker",
              "runs": {
                "batter": 2,
                "extras": 0,
                "total": 2
              }
            },
            {
              "batter": "KDC Clarke",
              "bowler": "ZGF Foulkes",
              "non_striker": "FL Walker",
              "runs": {
                "batter": 1,
                "extras": 0,
                "total": 1
              }
            },
            {
              "batter": "FL Walker",
              "bowler": "ZGF Foulkes",
              "extras": {
                "wides": 1
              },
              "non_striker": "KDC Clarke",
              "runs": {
                "batter": 0,
                "extras": 1,
                "total": 1
              }
            },
            {
              "batter": "FL Walker",
              "bowler": "ZGF Foulkes",
              "non_striker": "KDC Clarke",
              "runs": {
                "batter": 1,
                "extras": 0,
                "total": 1
              }
            }
          ]
        },
        {
          "over": 17,
          "deliveries": [
            {
              "batter": "FL Walker",
              "bowler": "W O'Rourke",
              "non_striker": "KDC Clarke",
              "runs": {
                "batter": 0,
                "extras": 0,
                "total": 0
              }
            },
            {
              "batter": "FL Walker",
              "bowler": "W O'Rourke",
              "non_striker": "KDC Clarke",
              "runs": {
                "batter": 0,
                "extras": 0,
                "total": 0
              }
            },
            {
              "batter": "FL Walker",
              "bowler": "W O'Rourke",
              "non_striker": "KDC Clarke",
              "runs": {
                "batter": 0,
                "extras": 0,
                "total": 0
              }
            },
            {
              "batter": "FL Walker",
              "bowler": "W O'Rourke",
              "non_striker": "KDC Clarke",
              "runs": {
                "batter": 1,
                "extras": 0,
                "total": 1
              }
            },
            {
              "batter": "KDC Clarke",
              "bowler": "W O'Rourke",
              "non_striker": "FL Walker",
              "runs": {
                "batter": 2,
                "extras": 0,
                "total": 2
              }
            },
            {
              "batter": "KDC Clarke",
              "bowler": "W O'Rourke",
              "non_striker": "FL Walker",
              "runs": {
                "batter": 0,
                "extras": 0,
                "total": 0
              }
            }
          ]
        },
        {
          "over": 18,
          "deliveries": [
            {
              "batter": "FL Walker",
              "bowler": "ZGF Foulkes",
              "non_striker": "KDC Clarke",
              "runs": {
                "batter": 0,
                "extras": 0,
                "total": 0
              }
            },
            {
              "batter": "FL Walker",
              "bowler": "ZGF Foulkes",
              "non_striker": "KDC Clarke",
              "runs": {
                "batter": 0,
                "extras": 0,
                "total": 0
              }
            },
            {
              "batter": "FL Walker",
              "bowler": "ZGF Foulkes",
              "non_striker": "KDC Clarke",
              "runs": {
                "batter": 0,
                "extras": 0,
                "total": 0
              }
            },
            {
              "batter": "FL Walker",
              "bowler": "ZGF Foulkes",
              "extras": {
                "wides": 1
              },
              "non_striker": "KDC Clarke",
              "runs": {
                "batter": 0,
                "extras": 1,
                "total": 1
              }
            },
            {
              "batter": "FL Walker",
              "bowler": "ZGF Foulkes",
              "non_striker": "KDC Clarke",
              "runs": {
                "batter": 0,
                "extras": 0,
                "total": 0
              },
              "wickets": [
                {
                  "player_out": "FL Walker",
                  "fielders": [
                    {
                      "name": "CE McConchie"
                    }
                  ],
                  "kind": "caught"
                }
              ]
            },
            {
              "batter": "MJ Fisher",
              "bowler": "ZGF Foulkes",
              "non_striker": "KDC Clarke",
              "runs": {
                "batter": 0,
                "extras": 0,
                "total": 0
              }
            },
            {
              "batter": "MJ Fisher",
              "bowler": "ZGF Foulkes",
              "non_striker": "KDC Clarke",
              "runs": {
                "batter": 0,
                "extras": 0,
                "total": 0
              }
            }
          ]
        },
        {
          "over": 19,
          "deliveries": [
            {
              "batter": "KDC Clarke",
              "bowler": "KA Jamieson",
              "non_striker": "MJ Fisher",
              "runs": {
                "batter": 1,
                "extras": 0,
                "total": 1
              }
            },
            {
              "batter": "MJ Fisher",
              "bowler": "KA Jamieson",
              "non_striker": "KDC Clarke",
              "runs": {
                "batter": 1,
                "extras": 0,
                "total": 1
              }
            },
            {
              "batter": "KDC Clarke",
              "bowler": "KA Jamieson",
              "non_striker": "MJ Fisher",
              "runs": {
                "batter": 1,
                "extras": 0,
                "total": 1
              }
            },
            {
              "batter": "MJ Fisher",
              "bowler": "KA Jamieson",
              "non_striker": "KDC Clarke",
              "runs": {
                "batter": 0,
                "extras": 0,
                "total": 0
              }
            },
            {
              "batter": "MJ Fisher",
              "bowler": "KA Jamieson",
              "non_striker": "KDC Clarke",
              "runs": {
                "batter": 2,
                "extras": 0,
                "total": 2
              }
            },
            {
              "batter": "MJ Fisher",
              "bowler": "KA Jamieson",
              "non_striker": "KDC Clarke",
              "runs": {
                "batter": 0,
                "extras": 0,
                "total": 0
              }
            }
          ]
        }
      ],
      "powerplays": [
        {
          "from": 0.1,
          "to": 5.6,
          "type": "mandatory"
        }
      ],
      "target": {
        "overs": 20,
        "runs": 176
      }
    }
  ]
}