{
  "meta": {
    "data_version": "1.1.0",
    "created": "2025-01-26",
    "revision": 1
  },
  "info": {
    "balls_per_over": 6,
    "city": "Christchurch",
    "dates": [
      "2025-01-24"
    ],
    "event": {
      "name": "Super Smash",
      "match_number": 24
    },
    "gender": "male",
    "match_type": "T20",
    "officials": {
      "match_referees": [
        "GB Troup"
      ],
      "reserve_umpires": [
        "DJ Henderson"
      ],
      "tv_umpires": [
        "C Black"
      ],
      "umpires": [
        "PJ Pasco",
        "SB Haig"
      ]
    },
    "outcome": {
      "winner": "Wellington",
      "by": {
        "runs": 31
      }
    },
    "overs": 20,
    "player_of_match": [
      "MG Bracewell"
    ],
    "players": {
      "Wellington": [
        "JM Tashkoff",
        "GR Severin",
        "NF Kelly",
        "MA Abbas",
        "TA Blundell",
        "MG Bracewell",
        "NG Smith",
        "LV van Beek",
        "PF Younghusband",
        "BV Sears",
        "MW Snedden"
      ],
      "Canterbury": [
        "CJ Bowes",
        "TWM Latham",
        "MWT Boyle",
        "DJ Mitchell",
        "CE McConchie",
        "MJ Hay",
        "ZGF Foulkes",
        "KA Jamieson",
        "IS Sodhi",
        "MJ Henry",
        "W O'Rourke"
      ]
    },
    "registry": {
      "people": {
        "BV Sears": "e1891e00",
        "C Black": "75b42f71",
        "CE McConchie": "d285acaf",
        "CJ Bowes": "45df0e72",
        "DJ Henderson": "76e3c08f",
        "DJ Mitchell": "eade4650",
        "GB Troup": "94f0e744",
        "GR Severin": "b1549dc0",
        "IS Sodhi": "641ac5ff",
        "JM Tashkoff": "afe7d695",
        "KA Jamieson": "68c56d09",
        "LV van Beek": "782fb776",
        "MA Abbas": "c3576908",
        "MG Bracewell": "e38bce7a",
        "MJ Hay": "732f711b",
        "MJ Henry": "e84ac20c",
        "MW Snedden": "236c8ffb",
        "MWT Boyle": "b42d5053",
        "NF Kelly": "97f437ed",
        "NG Smith": "05b1aef8",
        "PF Younghusband": "149d0c18",
        "PJ Pasco": "fd92a10c",
        "SB Haig": "811655b3",
        "TA Blundell": "21e5f325",
        "TWM Latham": "e824e6ee",
        "W O'Rourke": "cb9b8664",
        "ZGF Foulkes": "30f92334"
      }
    },
    "season": "2024/25",
    "team_type": "club",
    "teams": [
      "Wellington",
      "Canterbury"
    ],
    "toss": {
      "decision": "field",
      "winner": "Canterbury"
    },
    "venue": "Hagley Oval, Christchurch"
  },
  "innings": [
    {
      "team": "Wellington",
      "overs": [
        {
          "over": 0,
          "deliveries": [
            {
              "batter": "JM Tashkoff",
              "bowler": "MJ Henry",
              "non_striker": "GR Severin",
              "runs": {
                "batter": 0,
                "extras": 0,
                "total": 0
              }
            },
            {
              "batter": "JM Tashkoff",
              "bowler": "MJ Henry",
              "non_striker": "GR Severin",
              "runs": {
                "batter": 0,
                "extras": 0,
                "total": 0
              }
            },
            {
              "batter": "JM Tashkoff",
              "bowler": "MJ Henry",
              "non_striker": "GR Severin",
              "runs": {
                "batter": 0,
                "extras": 0,
                "total": 0
              }
            },
            {
              "batter": "JM Tashkoff",
              "bowler": "MJ Henry",
              "non_striker": "GR Severin",
              "runs": {
                "batter": 0,
                "extras": 0,
                "total": 0
              }
            },
            {
              "batter": "JM Tashkoff",
              "bowler": "MJ Henry",
              "non_striker": "GR Severin",
              "runs": {
                "batter": 0,
                "extras": 0,
                "total": 0
              }
            },
            {
              "batter": "JM Tashkoff",
              "bowler": "MJ Henry",
              "non_striker": "GR Severin",
              "runs": {
                "batter": 3,
                "extras": 0,
                "total": 3
              }
            }
          ]
        },
        {
          "over": 1,
          "deliveries": [
            {
              "batter": "JM Tashkoff",
              "bowler": "KA Jamieson",
              "non_striker": "GR Severin",
              "runs": {
                "batter": 0,
                "extras": 0,
                "total": 0
              }
            },
            {
              "batter": "JM Tashkoff",
              "bowler": "KA Jamieson",
              "non_striker": "GR Severin",
              "runs": {
                "batter": 1,
                "extras": 0,
                "total": 1
              }
            },
            {
              "batter": "GR Severin",
              "bowler": "KA Jamieson",
              "non_striker": "JM Tashkoff",
              "runs": {
                "batter": 0,
                "extras": 0,
                "total": 0
              }
            },
            {
              "batter": "GR Severin",
              "bowler": "KA Jamieson",
              "non_striker": "JM Tashkoff",
              "runs": {
                "batter": 2,
                "extras": 0,
                "total": 2
              }
            },
            {
              "batter": "GR Severin",
              "bowler": "KA Jamieson",
              "non_striker": "JM Tashkoff",
              "runs": {
                "batter": 0,
                "extras": 0,
                "total": 0
              }
            },
            {
              "batter": "GR Severin",
              "bowler": "KA Jamieson",
              "non_striker": "JM Tashkoff",
              "runs": {
                "batter": 1,
                "extras": 0,
                "total": 1
              }
            }
          ]
        },
        {
          "over": 2,
          "deliveries": [
            {
              "batter": "GR Severin",
              "bowler": "MJ Henry",
              "non_striker": "JM Tashkoff",
              "runs": {
                "batter": 0,
                "extras": 0,
                "total": 0
              }
            },
            {
              "batter": "GR Severin",
              "bowler": "MJ Henry",
              "non_striker": "JM Tashkoff",
              "runs": {
                "batter": 0,
                "extras": 0,
                "total": 0
              }
            },
            {
              "batter": "GR Severin",
              "bowler": "MJ Henry",
              "non_striker": "JM Tashkoff",
              "runs": {
                "batter": 0,
                "extras": 0,
                "total": 0
              },
              "wickets": [
                {
                  "player_out": "GR Severin",
                  "fielders": [
                    {
                      "name": "DJ Mitchell"
                    }
                  ],
                  "kind": "caught"
                }
              ]
            },
            {
              "batter": "NF Kelly",
              "bowler": "MJ Henry",
              "non_striker": "JM Tashkoff",
              "runs": {
                "batter": 0,
                "extras": 0,
                "total": 0
              }
            },
            {
              "batter": "NF Kelly",
              "bowler": "MJ Henry",
              "non_striker": "JM Tashkoff",
              "runs": {
                "batter": 0,
                "extras": 0,
                "total": 0
              }
            },
            {
              "batter": "NF Kelly",
              "bowler": "MJ Henry",
              "non_striker": "JM Tashkoff",
              "runs": {
                "batter": 4,
                "extras": 0,
                "total": 4
              }
            }
          ]
        },
        {
          "over": 3,
          "deliveries": [
            {
              "batter": "JM Tashkoff",
              "bowler": "KA Jamieson",
              "non_striker": "NF Kelly",
              "runs": {
                "batter": 1,
                "extras": 0,
                "total": 1
              }
            },
            {
              "batter": "NF Kelly",
              "bowler": "KA Jamieson",
              "non_striker": "JM Tashkoff",
              "runs": {
                "batter": 0,
                "extras": 0,
                "total": 0
              }
            },
            {
              "batter": "NF Kelly",
              "bowler": "KA Jamieson",
              "non_striker": "JM Tashkoff",
              "runs": {
                "batter": 4,
                "extras": 0,
                "total": 4
              }
            },
            {
              "batter": "NF Kelly",
              "bowler": "KA Jamieson",
              "non_striker": "JM Tashkoff",
              "runs": {
                "batter": 0,
                "extras": 0,
                "total": 0
              }
            },
            {
              "batter": "NF Kelly",
              "bowler": "KA Jamieson",
              "non_striker": "JM Tashkoff",
              "runs": {
                "batter": 0,
                "extras": 0,
                "total": 0
              }
            },
            {
              "batter": "NF Kelly",
              "bowler": "KA Jamieson",
              "non_striker": "JM Tashkoff",
              "runs": {
                "batter": 1,
                "extras": 0,
                "total": 1
              }
            }
          ]
        },
        {
          "over": 4,
          "deliveries": [
            {
              "batter": "NF Kelly",
              "bowler": "ZGF Foulkes",
              "non_striker": "JM Tashkoff",
              "runs": {
                "batter": 3,
                "extras": 0,
                "total": 3
              }
            },
            {
              "batter": "JM Tashkoff",
              "bowler": "ZGF Foulkes",
              "non_striker": "NF Kelly",
              "runs": {
                "batter": 2,
                "extras": 0,
                "total": 2
              }
            },
            {
              "batter": "JM Tashkoff",
              "bowler": "ZGF Foulkes",
              "non_striker": "NF Kelly",
              "runs": {
                "batter": 0,
                "extras": 0,
                "total": 0
              }
            },
            {
              "batter": "JM Tashkoff",
              "bowler": "ZGF Foulkes",
              "non_striker": "NF Kelly",
              "runs": {
                "batter": 4,
                "extras": 0,
                "total": 4
              }
            },
            {
              "batter": "JM Tashkoff",
              "bowler": "ZGF Foulkes",
              "extras": {
                "wides": 1
              },
              "non_striker": "NF Kelly",
              "runs": {
                "batter": 0,
                "extras": 1,
                "total": 1
              }
            },
            {
              "batter": "JM Tashkoff",
              "bowler": "ZGF Foulkes",
              "extras": {
                "legbyes": 1
              },
              "non_striker": "NF Kelly",
              "runs": {
                "batter": 0,
                "extras": 1,
                "total": 1
              }
            },
            {
              "batter": "NF Kelly",
              "bowler": "ZGF Foulkes",
              "non_striker": "JM Tashkoff",
              "runs": {
                "batter": 1,
                "extras": 0,
                "total": 1
              }
            }
          ]
        },
        {
          "over": 5,
          "deliveries": [
            {
              "batter": "NF Kelly",
              "bowler": "W O'Rourke",
              "non_striker": "JM Tashkoff",
              "runs": {
                "batter": 6,
                "extras": 0,
                "total": 6
              }
            },
            {
              "batter": "NF Kelly",
              "bowler": "W O'Rourke",
              "non_striker": "JM Tashkoff",
              "runs": {
                "batter": 4,
                "extras": 0,
                "total": 4
              }
            },
            {
              "batter": "NF Kelly",
              "bowler": "W O'Rourke",
              "non_striker": "JM Tashkoff",
              "runs": {
                "batter": 6,
                "extras": 0,
                "total": 6
              }
            },
            {
              "batter": "NF Kelly",
              "bowler": "W O'Rourke",
              "non_striker": "JM Tashkoff",
              "runs": {
                "batter": 2,
                "extras": 0,
                "total": 2
              }
            },
            {
              "batter": "NF Kelly",
              "bowler": "W O'Rourke",
              "non_striker": "JM Tashkoff",
              "runs": {
                "batter": 0,
                "extras": 0,
                "total": 0
              }
            },
            {
              "batter": "NF Kelly",
              "bowler": "W O'Rourke",
              "non_striker": "JM Tashkoff",
              "runs": {
                "batter": 0,
                "extras": 0,
                "total": 0
              }
            }
          ]
        },
        {
          "over": 6,
          "deliveries": [
            {
              "batter": "JM Tashkoff",
              "bowler": "IS Sodhi",
              "non_striker": "NF Kelly",
              "runs": {
                "batter": 1,
                "extras": 0,
                "total": 1
              }
            },
            {
              "batter": "NF Kelly",
              "bowler": "IS Sodhi",
              "non_striker": "JM Tashkoff",
              "runs": {
                "batter": 1,
                "extras": 0,
                "total": 1
              }
            },
            {
              "batter": "JM Tashkoff",
              "bowler": "IS Sodhi",
              "non_striker": "NF Kelly",
              "runs": {
                "batter": 1,
                "extras": 0,
                "total": 1
              }
            },
            {
              "batter": "NF Kelly",
              "bowler": "IS Sodhi",
              "non_striker": "JM Tashkoff",
              "runs": {
                "batter": 1,
                "extras": 0,
                "total": 1
              }
            },
            {
              "batter": "JM Tashkoff",
              "bowler": "IS Sodhi",
              "non_striker": "NF Kelly",
              "runs": {
                "batter": 1,
                "extras": 0,
                "total": 1
              }
            },
            {
              "batter": "NF Kelly",
              "bowler": "IS Sodhi",
              "non_striker": "JM Tashkoff",
              "runs": {
                "batter": 0,
                "extras": 0,
                "total": 0
              }
            }
          ]
        },
        {
          "over": 7,
          "deliveries": [
            {
              "batter": "JM Tashkoff",
              "bowler": "CE McConchie",
              "non_striker": "NF Kelly",
              "runs": {
                "batter": 4,
                "extras": 0,
                "total": 4
              }
            },
            {
              "batter": "JM Tashkoff",
              "bowler": "CE McConchie",
              "non_striker": "NF Kelly",
              "runs": {
                "batter": 1,
                "extras": 0,
                "total": 1
              }
            },
            {
              "batter": "NF Kelly",
              "bowler": "CE McConchie",
              "non_striker": "JM Tashkoff",
              "runs": {
                "batter": 1,
                "extras": 0,
                "total": 1
              }
            },
            {
              "batter": "JM Tashkoff",
              "bowler": "CE McConchie",
              "non_striker": "NF Kelly",
              "runs": {
                "batter": 1,
                "extras": 0,
                "total": 1
              }
            },
            {
              "batter": "NF Kelly",
              "bowler": "CE McConchie",
              "extras": {
                "wides": 1
              },
              "non_striker": "JM Tashkoff",
              "runs": {
                "batter": 0,
                "extras": 1,
                "total": 1
              },
              "wickets": [
                {
                  "player_out": "NF Kelly",
                  "fielders": [
                    {
                      "name": "MJ Hay"
                    }
                  ],
                  "kind": "stumped"
                }
              ]
            },
            {
              "batter": "MA Abbas",
              "bowler": "CE McConchie",
              "non_striker": "JM Tashkoff",
              "runs": {
                "batter": 0,
                "extras": 0,
                "total": 0
              }
            },
            {
              "batter": "MA Abbas",
              "bowler": "CE McConchie",
              "non_striker": "JM Tashkoff",
              "runs": {
                "batter": 0,
                "extras": 0,
                "total": 0
              }
            }
          ]
        },
        {
          "over": 8,
          "deliveries": [
            {
              "batter": "JM Tashkoff",
              "bowler": "IS Sodhi",
              "non_striker": "MA Abbas",
              "runs": {
                "batter": 0,
                "extras": 0,
                "total": 0
              }
            },
            {
              "batter": "JM Tashkoff",
              "bowler": "IS Sodhi",
              "non_striker": "MA Abbas",
              "runs": {
                "batter": 1,
                "extras": 0,
                "total": 1
              }
            },
            {
              "batter": "MA Abbas",
              "bowler": "IS Sodhi",
              "non_striker": "JM Tashkoff",
              "runs": {
                "batter": 1,
                "extras": 0,
                "total": 1
              }
            },
            {
              "batter": "JM Tashkoff",
              "bowler": "IS Sodhi",
              "non_striker": "MA Abbas",
              "runs": {
                "batter": 3,
                "extras": 0,
                "total": 3
              }
            },
            {
              "batter": "MA Abbas",
              "bowler": "IS Sodhi",
              "non_striker": "JM Tashkoff",
              "runs": {
                "batter": 1,
                "extras": 0,
                "total": 1
              }
            },
            {
              "batter": "JM Tashkoff",
              "bowler": "IS Sodhi",
              "non_striker": "MA Abbas",
              "runs": {
                "batter": 0,
                "extras": 0,
                "total": 0
              }
            }
          ]
        },
        {
          "over": 9,
          "deliveries": [
            {
              "batter": "MA Abbas",
              "bowler": "KA Jamieson",
              "non_striker": "JM Tashkoff",
              "runs": {
                "batter": 0,
                "extras": 0,
                "total": 0
              }
            },
            {
              "batter": "MA Abbas",
              "bowler": "KA Jamieson",
              "non_striker": "JM Tashkoff",
              "runs": {
                "batter": 0,
                "extras": 0,
                "total": 0
              },
              "wickets": [
                {
                  "player_out": "MA Abbas",
                  "fielders": [
                    {
                      "name": "IS Sodhi"
                    }
                  ],
                  "kind": "caught"
                }
              ]
            },
            {
              "batter": "TA Blundell",
              "bowler": "KA Jamieson",
              "non_striker": "JM Tashkoff",
              "runs": {
                "batter": 0,
                "extras": 0,
                "total": 0
              }
            },
            {
              "batter": "TA Blundell",
              "bowler": "KA Jamieson",
              "extras": {
                "wides": 1
              },
              "non_striker": "JM Tashkoff",
              "runs": {
                "batter": 0,
                "extras": 1,
                "total": 1
              }
            },
            {
              "batter": "TA Blundell",
              "bowler": "KA Jamieson",
              "non_striker": "JM Tashkoff",
              "runs": {
                "batter": 1,
                "extras": 0,
                "total": 1
              }
            },
            {
              "batter": "JM Tashkoff",
              "bowler": "KA Jamieson",
              "non_striker": "TA Blundell",
              "runs": {
                "batter": 6,
                "extras": 0,
                "total": 6
              }
            },
            {
              "batter": "JM Tashkoff",
              "bowler": "KA Jamieson",
              "non_striker": "TA Blundell",
              "runs": {
                "batter": 1,
                "extras": 0,
                "total": 1
              }
            }
          ]
        },
        {
          "over": 10,
          "deliveries": [
            {
              "batter": "JM Tashkoff",
              "bowler": "IS Sodhi",
              "non_striker": "TA Blundell",
              "runs": {
                "batter": 1,
                "extras": 0,
                "total": 1
              }
            },
            {
              "batter": "TA Blundell",
              "bowler": "IS Sodhi",
              "non_striker": "JM Tashkoff",
              "runs": {
                "batter": 0,
                "extras": 0,
                "total": 0
              }
            },
            {
              "batter": "TA Blundell",
              "bowler": "IS Sodhi",
              "non_striker": "JM Tashkoff",
              "runs": {
                "batter": 2,
                "extras": 0,
                "total": 2
              }
            },
            {
              "batter": "TA Blundell",
              "bowler": "IS Sodhi",
              "non_striker": "JM Tashkoff",
              "runs": {
                "batter": 1,
                "extras": 0,
                "total": 1
              }
            },
            {
              "batter": "JM Tashkoff",
              "bowler": "IS Sodhi",
              "non_striker": "TA Blundell",
              "runs": {
                "batter": 4,
                "extras": 0,
                "total": 4
              }
            },
            {
              "batter": "JM Tashkoff",
              "bowler": "IS Sodhi",
              "non_striker": "TA Blundell",
              "runs": {
                "batter": 2,
                "extras": 0,
                "total": 2
              }
            }
          ]
        },
        {
          "over": 11,
          "deliveries": [
            {
              "batter": "TA Blundell",
              "bowler": "W O'Rourke",
              "non_striker": "JM Tashkoff",
              "runs": {
                "batter": 0,
                "extras": 0,
                "total": 0
              }
            },
            {
              "batter": "TA Blundell",
              "bowler": "W O'Rourke",
              "non_striker": "JM Tashkoff",
              "runs": {
                "batter": 1,
                "extras": 0,
                "total": 1
              }
            },
            {
              "batter": "JM Tashkoff",
              "bowler": "W O'Rourke",
              "non_striker": "TA Blundell",
              "runs": {
                "batter": 0,
                "extras": 0,
                "total": 0
              }
            },
            {
              "batter": "JM Tashkoff",
              "bowler": "W O'Rourke",
              "non_striker": "TA Blundell",
              "runs": {
                "batter": 1,
                "extras": 0,
                "total": 1
              }
            },
            {
              "batter": "TA Blundell",
              "bowler": "W O'Rourke",
              "non_striker": "JM Tashkoff",
              "runs": {
                "batter": 3,
                "extras": 0,
                "total": 3
              }
            },
            {
              "batter": "JM Tashkoff",
              "bowler": "W O'Rourke",
              "non_striker": "TA Blundell",
              "runs": {
                "batter": 1,
                "extras": 0,
                "total": 1
              }
            }
          ]
        },
        {
          "over": 12,
          "deliveries": [
            {
              "batter": "JM Tashkoff",
              "bowler": "ZGF Foulkes",
              "non_striker": "TA Blundell",
              "runs": {
                "batter": 6,
                "extras": 0,
                "total": 6
              }
            },
            {
              "batter": "JM Tashkoff",
              "bowler": "ZGF Foulkes",
              "non_striker": "TA Blundell",
              "runs": {
                "batter": 1,
                "extras": 0,
                "total": 1
              }
            },
            {
              "batter": "TA Blundell",
              "bowler": "ZGF Foulkes",
              "non_striker": "JM Tashkoff",
              "runs": {
                "batter": 2,
                "extras": 0,
                "total": 2
              }
            },
            {
              "batter": "TA Blundell",
              "bowler": "ZGF Foulkes",
              "non_striker": "JM Tashkoff",
              "runs": {
                "batter": 4,
                "extras": 0,
                "total": 4
              }
            },
            {
              "batter": "TA Blundell",
              "bowler": "ZGF Foulkes",
              "extras": {
                "wides": 1
              },
              "non_striker": "JM Tashkoff",
              "runs": {
                "batter": 0,
                "extras": 1,
                "total": 1
              }
            },
            {
              "batter": "TA Blundell",
              "bowler": "ZGF Foulkes",
              "non_striker": "JM Tashkoff",
              "runs": {
                "batter": 1,
                "extras": 0,
                "total": 1
              }
            },
            {
              "batter": "JM Tashkoff",
              "bowler": "ZGF Foulkes",
              "non_striker": "TA Blundell",
              "runs": {
                "batter": 1,
                "extras": 0,
                "total": 1
              }
            }
          ]
        },
        {
          "over": 13,
          "deliveries": [
            {
              "batter": "JM Tashkoff",
              "bowler": "KA Jamieson",
              "extras": {
                "legbyes": 1
              },
              "non_striker": "TA Blundell",
              "runs": {
                "batter": 0,
                "extras": 1,
                "total": 1
              }
            },
            {
              "batter": "TA Blundell",
              "bowler": "KA Jamieson",
              "non_striker": "JM Tashkoff",
              "runs": {
                "batter": 1,
                "extras": 0,
                "total": 1
              }
            },
            {
              "batter": "JM Tashkoff",
              "bowler": "KA Jamieson",
              "non_striker": "TA Blundell",
              "runs": {
                "batter": 0,
                "extras": 0,
                "total": 0
              }
            },
            {
              "batter": "JM Tashkoff",
              "bowler": "KA Jamieson",
              "non_striker": "TA Blundell",
              "runs": {
                "batter": 2,
                "extras": 0,
                "total": 2
              }
            },
            {
              "batter": "JM Tashkoff",
              "bowler": "KA Jamieson",
              "non_striker": "TA Blundell",
              "runs": {
                "batter": 1,
                "extras": 0,
                "total": 1
              }
            },
            {
              "batter": "TA Blundell",
              "bowler": "KA Jamieson",
              "non_striker": "JM Tashkoff",
              "runs": {
                "batter": 4,
                "extras": 0,
                "total": 4
              }
            }
          ]
        },
        {
          "over": 14,
          "deliveries": [
            {
              "batter": "JM Tashkoff",
              "bowler": "MJ Henry",
              "non_striker": "TA Blundell",
              "runs": {
                "batter": 1,
                "extras": 0,
                "total": 1
              }
            },
            {
              "batter": "TA Blundell",
              "bowler": "MJ Henry",
              "non_striker": "JM Tashkoff",
              "runs": {
                "batter": 0,
                "extras": 0,
                "total": 0
              },
              "wickets": [
                {
                  "player_out": "TA Blundell",
                  "fielders": [
                    {
                      "name": "MWT Boyle"
                    }
                  ],
                  "kind": "caught"
                }
              ]
            },
            {
              "batter": "MG Bracewell",
              "bowler": "MJ Henry",
              "non_striker": "JM Tashkoff",
              "runs": {
                "batter": 1,
                "extras": 0,
                "total": 1
              }
            },
            {
              "batter": "JM Tashkoff",
              "bowler": "MJ Henry",
              "non_striker": "MG Bracewell",
              "runs": {
                "batter": 0,
                "extras": 0,
                "total": 0
              },
              "wickets": [
                {
                  "player_out": "JM Tashkoff",
                  "fielders": [
                    {
                      "name": "CE McConchie"
                    }
                  ],
                  "kind": "caught"
                }
              ]
            },
            {
              "batter": "NG Smith",
              "bowler": "MJ Henry",
              "non_striker": "MG Bracewell",
              "runs": {
                "batter": 0,
                "extras": 0,
                "total": 0
              }
            },
            {
              "batter": "NG Smith",
              "bowler": "MJ Henry",
              "extras": {
                "legbyes": 1
              },
              "non_striker": "MG Bracewell",
              "runs": {
                "batter": 0,
                "extras": 1,
                "total": 1
              }
            }
          ]
        },
        {
          "over": 15,
          "deliveries": [
            {
              "batter": "NG Smith",
              "bowler": "W O'Rourke",
              "non_striker": "MG Bracewell",
              "runs": {
                "batter": 1,
                "extras": 0,
                "total": 1
              }
            },
            {
              "batter": "MG Bracewell",
              "bowler": "W O'Rourke",
              "non_striker": "NG Smith",
              "runs": {
                "batter": 1,
                "extras": 0,
                "total": 1
              }
            },
            {
              "batter": "NG Smith",
              "bowler": "W O'Rourke",
              "non_striker": "MG Bracewell",
              "runs": {
                "batter": 1,
                "extras": 0,
                "total": 1
              }
            },
            {
              "batter": "MG Bracewell",
              "bowler": "W O'Rourke",
              "non_striker": "NG Smith",
              "runs": {
                "batter": 6,
                "extras": 0,
                "total": 6
              }
            },
            {
              "batter": "MG Bracewell",
              "bowler": "W O'Rourke",
              "non_striker": "NG Smith",
              "runs": {
                "batter": 2,
                "extras": 0,
                "total": 2
              }
            },
            {
              "batter": "MG Bracewell",
              "bowler": "W O'Rourke",
              "non_striker": "NG Smith",
              "runs": {
                "batter": 0,
                "extras": 0,
                "total": 0
              }
            }
          ]
        },
        {
          "over": 16,
          "deliveries": [
            {
              "batter": "NG Smith",
              "bowler": "IS Sodhi",
              "non_striker": "MG Bracewell",
              "runs": {
                "batter": 1,
                "extras": 0,
                "total": 1
              }
            },
            {
              "batter": "MG Bracewell",
              "bowler": "IS Sodhi",
              "non_striker": "NG Smith",
              "runs": {
                "batter": 0,
                "extras": 0,
                "total": 0
              }
            },
            {
              "batter": "MG Bracewell",
              "bowler": "IS Sodhi",
              "non_striker": "NG Smith",
              "runs": {
                "batter": 1,
                "extras": 0,
                "total": 1
              }
            },
            {
              "batter": "NG Smith",
              "bowler": "IS Sodhi",
              "non_striker": "MG Bracewell",
              "runs": {
                "batter": 2,
                "extras": 0,
                "total": 2
              }
            },
            {
              "batter": "NG Smith",
              "bowler": "IS Sodhi",
              "non_striker": "MG Bracewell",
              "runs": {
                "batter": 1,
                "extras": 0,
                "total": 1
              }
            },
            {
              "batter": "MG Bracewell",
              "bowler": "IS Sodhi",
              "non_striker": "NG Smith",
              "runs": {
                "batter": 2,
                "extras": 0,
                "total": 2
              }
            }
          ]
        },
        {
          "over": 17,
          "deliveries": [
            {
              "batter": "NG Smith",
              "bowler": "ZGF Foulkes",
              "non_striker": "MG Bracewell",
              "runs": {
                "batter": 2,
                "extras": 0,
                "total": 2
              }
            },
            {
              "batter": "NG Smith",
              "bowler": "ZGF Foulkes",
              "extras": {
                "wides": 1
              },
              "non_striker": "MG Bracewell",
              "runs": {
                "batter": 0,
                "extras": 1,
                "total": 1
              }
            },
            {
              "batter": "NG Smith",
              "bowler": "ZGF Foulkes",
              "extras": {
                "wides": 1
              },
              "non_striker": "MG Bracewell",
              "runs": {
                "batter": 0,
                "extras": 1,
                "total": 1
              }
            },
            {
              "batter": "NG Smith",
              "bowler": "ZGF Foulkes",
              "non_striker": "MG Bracewell",
              "runs": {
                "batter": 1,
                "extras": 0,
                "total": 1
              }
            },
            {
              "batter": "MG Bracewell",
              "bowler": "ZGF Foulkes",
              "extras": {
                "noballs": 1
              },
              "non_striker": "NG Smith",
              "runs": {
                "batter": 0,
                "extras": 1,
                "total": 1
              }
            },
            {
              "batter": "MG Bracewell",
              "bowler": "ZGF Foulkes",
              "non_striker": "NG Smith",
              "runs": {
                "batter": 1,
                "extras": 0,
                "total": 1
              }
            },
            {
              "batter": "NG Smith",
              "bowler": "ZGF Foulkes",
              "non_striker": "MG Bracewell",
              "runs": {
                "batter": 1,
                "extras": 0,
                "total": 1
              }
            },
            {
              "batter": "MG Bracewell",
              "bowler": "ZGF Foulkes",
              "non_striker": "NG Smith",
              "runs": {
                "batter": 6,
                "extras": 0,
                "total": 6
              }
            },
            {
              "batter": "MG Bracewell",
              "bowler": "ZGF Foulkes",
              "non_striker": "NG Smith",
              "runs": {
                "batter": 0,
                "extras": 0,
                "total": 0
              },
              "wickets": [
                {
                  "player_out": "MG Bracewell",
                  "kind": "bowled"
                }
              ]
            }
          ]
        },
        {
          "over": 18,
          "deliveries": [
            {
              "batter": "NG Smith",
              "bowler": "MJ Henry",
              "non_striker": "LV van Beek",
              "runs": {
                "batter": 6,
                "extras": 0,
                "total": 6
              }
            },
            {
              "batter": "NG Smith",
              "bowler": "MJ Henry",
              "non_striker": "LV van Beek",
              "runs": {
                "batter": 1,
                "extras": 0,
                "total": 1
              }
            },
            {
              "batter": "LV van Beek",
              "bowler": "MJ Henry",
              "non_striker": "NG Smith",
              "runs": {
                "batter": 1,
                "extras": 0,
                "total": 1
              }
            },
            {
              "batter": "NG Smith",
              "bowler": "MJ Henry",
              "non_striker": "LV van Beek",
              "runs": {
                "batter": 0,
                "extras": 0,
                "total": 0
              },
              "wickets": [
                {
                  "player_out": "NG Smith",
                  "fielders": [
                    {
                      "name": "KA Jamieson"
                    }
                  ],
                  "kind": "caught"
                }
              ]
            },
            {
              "batter": "PF Younghusband",
              "bowler": "MJ Henry",
              "non_striker": "LV van Beek",
              "runs": {
                "batter": 1,
                "extras": 0,
                "total": 1
              }
            },
            {
              "batter": "LV van Beek",
              "bowler": "MJ Henry",
              "non_striker": "PF Younghusband",
              "runs": {
                "batter": 0,
                "extras": 0,
                "total": 0
              },
              "wickets": [
                {
                  "player_out": "LV van Beek",
                  "fielders": [
                    {
                      "name": "CE McConchie"
                    }
                  ],
                  "kind": "caught"
                }
              ]
            }
          ]
        },
        {
          "over": 19,
          "deliveries": [
            {
              "batter": "PF Younghusband",
              "bowler": "ZGF Foulkes",
              "non_striker": "BV Sears",
              "runs": {
                "batter": 0,
                "extras": 0,
                "total": 0
              },
              "wickets": [
                {
                  "player_out": "PF Younghusband",
                  "fielders": [
                    {
                      "name": "MJ Henry"
                    }
                  ],
                  "kind": "caught"
                }
              ]
            },
            {
              "batter": "MW Snedden",
              "bowler": "ZGF Foulkes",
              "non_striker": "BV Sears",
              "runs": {
                "batter": 1,
                "extras": 0,
                "total": 1
              }
            },
            {
              "batter": "BV Sears",
              "bowler": "ZGF Foulkes",
              "non_striker": "MW Snedden",
              "runs": {
                "batter": 2,
                "extras": 0,
                "total": 2
              }
            },
            {
              "batter": "BV Sears",
              "bowler": "ZGF Foulkes",
              "extras": {
                "wides": 1
              },
              "non_striker": "MW Snedden",
              "runs": {
                "batter": 0,
                "extras": 1,
                "total": 1
              }
            },
            {
              "batter": "BV Sears",
              "bowler": "ZGF Foulkes",
              "extras": {
                "legbyes": 1
              },
              "non_striker": "MW Snedden",
              "runs": {
                "batter": 0,
                "extras": 1,
                "total": 1
              }
            },
            {
              "batter": "MW Snedden",
              "bowler": "ZGF Foulkes",
              "non_striker": "BV Sears",
              "runs": {
                "batter": 1,
                "extras": 0,
                "total": 1
              }
            },
            {
              "batter": "BV Sears",
              "bowler": "ZGF Foulkes",
              "non_striker": "MW Snedden",
              "runs": {
                "batter": 1,
                "extras": 0,
                "total": 1
              },
              "wickets": [
                {
                  "player_out": "BV Sears",
                  "fielders": [
                    {
                      "name": "MJ Hay"
                    },
                    {
                      "name": "MJ Henry"
                    }
                  ],
                  "kind": "run out"
                }
              ]
            }
          ]
        }
      ],
      "powerplays": [
        {
          "from": 0.1,
          "to": 5.6,
          "type": "mandatory"
        }
      ]
    },
    {
      "team": "Canterbury",
      "overs": [
        {
          "over": 0,
          "deliveries": [
            {
              "batter": "CJ Bowes",
              "bowler": "MW Snedden",
              "non_striker": "TWM Latham",
              "runs": {
                "batter": 0,
                "extras": 0,
                "total": 0
              }
            },
            {
              "batter": "CJ Bowes",
              "bowler": "MW Snedden",
              "non_striker": "TWM Latham",
              "runs": {
                "batter": 4,
                "extras": 0,
                "total": 4
              }
            },
            {
              "batter": "CJ Bowes",
              "bowler": "MW Snedden",
              "non_striker": "TWM Latham",
              "runs": {
                "batter": 0,
                "extras": 0,
                "total": 0
              }
            },
            {
              "batter": "CJ Bowes",
              "bowler": "MW Snedden",
              "non_striker": "TWM Latham",
              "runs": {
                "batter": 0,
                "extras": 0,
                "total": 0
              }
            },
            {
              "batter": "CJ Bowes",
              "bowler": "MW Snedden",
              "non_striker": "TWM Latham",
              "runs": {
                "batter": 4,
                "extras": 0,
                "total": 4
              }
            },
            {
              "batter": "CJ Bowes",
              "bowler": "MW Snedden",
              "non_striker": "TWM Latham",
              "runs": {
                "batter": 0,
                "extras": 0,
                "total": 0
              }
            }
          ]
        },
        {
          "over": 1,
          "deliveries": [
            {
              "batter": "TWM Latham",
              "bowler": "NG Smith",
              "non_striker": "CJ Bowes",
              "runs": {
                "batter": 0,
                "extras": 0,
                "total": 0
              }
            },
            {
              "batter": "TWM Latham",
              "bowler": "NG Smith",
              "non_striker": "CJ Bowes",
              "runs": {
                "batter": 0,
                "extras": 0,
                "total": 0
              }
            },
            {
              "batter": "TWM Latham",
              "bowler": "NG Smith",
              "non_striker": "CJ Bowes",
              "runs": {
                "batter": 4,
                "extras": 0,
                "total": 4
              }
            },
            {
              "batter": "TWM Latham",
              "bowler": "NG Smith",
              "non_striker": "CJ Bowes",
              "runs": {
                "batter": 0,
                "extras": 0,
                "total": 0
              }
            },
            {
              "batter": "TWM Latham",
              "bowler": "NG Smith",
              "non_striker": "CJ Bowes",
              "runs": {
                "batter": 1,
                "extras": 0,
                "total": 1
              }
            },
            {
              "batter": "CJ Bowes",
              "bowler": "NG Smith",
              "non_striker": "TWM Latham",
              "runs": {
                "batter": 0,
                "extras": 0,
                "total": 0
              }
            }
          ]
        },
        {
          "over": 2,
          "deliveries": [
            {
              "batter": "TWM Latham",
              "bowler": "MA Abbas",
              "non_striker": "CJ Bowes",
              "runs": {
                "batter": 0,
                "extras": 0,
                "total": 0
              }
            },
            {
              "batter": "TWM Latham",
              "bowler": "MA Abbas",
              "non_striker": "CJ Bowes",
              "runs": {
                "batter": 4,
                "extras": 0,
                "total": 4
              }
            },
            {
              "batter": "TWM Latham",
              "bowler": "MA Abbas",
              "non_striker": "CJ Bowes",
              "runs": {
                "batter": 4,
                "extras": 0,
                "total": 4
              }
            },
            {
              "batter": "TWM Latham",
              "bowler": "MA Abbas",
              "non_striker": "CJ Bowes",
              "runs": {
                "batter": 0,
                "extras": 0,
                "total": 0
              }
            },
            {
              "batter": "TWM Latham",
              "bowler": "MA Abbas",
              "non_striker": "CJ Bowes",
              "runs": {
                "batter": 0,
                "extras": 0,
                "total": 0
              }
            },
            {
              "batter": "TWM Latham",
              "bowler": "MA Abbas",
              "non_striker": "CJ Bowes",
              "runs": {
                "batter": 0,
                "extras": 0,
                "total": 0
              }
            }
          ]
        },
        {
          "over": 3,
          "deliveries": [
            {
              "batter": "CJ Bowes",
              "bowler": "NG Smith",
              "non_striker": "TWM Latham",
              "runs": {
                "batter": 0,
                "extras": 0,
                "total": 0
              }
            },
            {
              "batter": "CJ Bowes",
              "bowler": "NG Smith",
              "non_striker": "TWM Latham",
              "runs": {
                "batter": 1,
                "extras": 0,
                "total": 1
              }
            },
            {
              "batter": "TWM Latham",
              "bowler": "NG Smith",
              "non_striker": "CJ Bowes",
              "runs": {
                "batter": 0,
                "extras": 0,
                "total": 0
              }
            },
            {
              "batter": "TWM Latham",
              "bowler": "NG Smith",
              "non_striker": "CJ Bowes",
              "runs": {
                "batter": 1,
                "extras": 0,
                "total": 1
              }
            },
            {
              "batter": "CJ Bowes",
              "bowler": "NG Smith",
              "non_striker": "TWM Latham",
              "runs": {
                "batter": 0,
                "extras": 0,
                "total": 0
              }
            },
            {
              "batter": "CJ Bowes",
              "bowler": "NG Smith",
              "non_striker": "TWM Latham",
              "runs": {
                "batter": 0,
                "extras": 0,
                "total": 0
              }
            }
          ]
        },
        {
          "over": 4,
          "deliveries": [
            {
              "batter": "TWM Latham",
              "bowler": "MW Snedden",
              "non_striker": "CJ Bowes",
              "runs": {
                "batter": 0,
                "extras": 0,
                "total": 0
              }
            },
            {
              "batter": "TWM Latham",
              "bowler": "MW Snedden",
              "non_striker": "CJ Bowes",
              "runs": {
                "batter": 0,
                "extras": 0,
                "total": 0
              }
            },
            {
              "batter": "TWM Latham",
              "bowler": "MW Snedden",
              "non_striker": "CJ Bowes",
              "runs": {
                "batter": 4,
                "extras": 0,
                "total": 4
              }
            },
            {
              "batter": "TWM Latham",
              "bowler": "MW Snedden",
              "non_striker": "CJ Bowes",
              "runs": {
                "batter": 0,
                "extras": 0,
                "total": 0
              }
            },
            {
              "batter": "TWM Latham",
              "bowler": "MW Snedden",
              "non_striker": "CJ Bowes",
              "runs": {
                "batter": 0,
                "extras": 0,
                "total": 0
              }
            },
            {
              "batter": "TWM Latham",
              "bowler": "MW Snedden",
              "non_striker": "CJ Bowes",
              "runs": {
                "batter": 0,
                "extras": 0,
                "total": 0
              }
            }
          ]
        },
        {
          "over": 5,
          "deliveries": [
            {
              "batter": "CJ Bowes",
              "bowler": "MG Bracewell",
              "non_striker": "TWM Latham",
              "runs": {
                "batter": 1,
                "extras": 0,
                "total": 1
              }
            },
            {
              "batter": "TWM Latham",
              "bowler": "MG Bracewell",
              "non_striker": "CJ Bowes",
              "runs": {
                "batter": 4,
                "extras": 0,
                "total": 4
              }
            },
            {
              "batter": "TWM Latham",
              "bowler": "MG Bracewell",
              "non_striker": "CJ Bowes",
              "runs": {
                "batter": 4,
                "extras": 0,
                "total": 4
              }
            },
            {
              "batter": "TWM Latham",
              "bowler": "MG Bracewell",
              "non_striker": "CJ Bowes",
              "runs": {
                "batter": 0,
                "extras": 0,
                "total": 0
              }
            },
            {
              "batter": "TWM Latham",
              "bowler": "MG Bracewell",
              "non_striker": "CJ Bowes",
              "runs": {
                "batter": 0,
                "extras": 0,
                "total": 0
              },
              "wickets": [
                {
                  "player_out": "TWM Latham",
                  "fielders": [
                    {
                      "name": "TA Blundell"
                    }
                  ],
                  "kind": "stumped"
                }
              ]
            },
            {
              "batter": "MWT Boyle",
              "bowler": "MG Bracewell",
              "non_striker": "CJ Bowes",
              "runs": {
                "batter": 1,
                "extras": 0,
                "total": 1
              }
            }
          ]
        },
        {
          "over": 6,
          "deliveries": [
            {
              "batter": "MWT Boyle",
              "bowler": "PF Younghusband",
              "non_striker": "CJ Bowes",
              "runs": {
                "batter": 1,
                "extras": 0,
                "total": 1
              }
            },
            {
              "batter": "CJ Bowes",
              "bowler": "PF Younghusband",
              "non_striker": "MWT Boyle",
              "runs": {
                "batter": 1,
                "extras": 0,
                "total": 1
              }
            },
            {
              "batter": "MWT Boyle",
              "bowler": "PF Younghusband",
              "non_striker": "CJ Bowes",
              "runs": {
                "batter": 1,
                "extras": 0,
                "total": 1
              }
            },
            {
              "batter": "CJ Bowes",
              "bowler": "PF Younghusband",
              "non_striker": "MWT Boyle",
              "runs": {
                "batter": 1,
                "extras": 0,
                "total": 1
              }
            },
            {
              "batter": "MWT Boyle",
              "bowler": "PF Younghusband",
              "non_striker": "CJ Bowes",
              "runs": {
                "batter": 1,
                "extras": 0,
                "total": 1
              }
            },
            {
              "batter": "CJ Bowes",
              "bowler": "PF Younghusband",
              "non_striker": "MWT Boyle",
              "runs": {
                "batter": 1,
                "extras": 0,
                "total": 1
              }
            }
          ]
        },
        {
          "over": 7,
          "deliveries": [
            {
              "batter": "CJ Bowes",
              "bowler": "BV Sears",
              "non_striker": "MWT Boyle",
              "runs": {
                "batter": 1,
                "extras": 0,
                "total": 1
              }
            },
            {
              "batter": "MWT Boyle",
              "bowler": "BV Sears",
              "non_striker": "CJ Bowes",
              "runs": {
                "batter": 6,
                "extras": 0,
                "total": 6
              }
            },
            {
              "batter": "MWT Boyle",
              "bowler": "BV Sears",
              "non_striker": "CJ Bowes",
              "runs": {
                "batter": 1,
                "extras": 0,
                "total": 1
              }
            },
            {
              "batter": "CJ Bowes",
              "bowler": "BV Sears",
              "non_striker": "MWT Boyle",
              "runs": {
                "batter": 0,
                "extras": 0,
                "total": 0
              },
              "wickets": [
                {
                  "player_out": "CJ Bowes",
                  "fielders": [
                    {
                      "name": "NG Smith"
                    }
                  ],
                  "kind": "caught"
                }
              ]
            },
            {
              "batter": "DJ Mitchell",
              "bowler": "BV Sears",
              "non_striker": "MWT Boyle",
              "runs": {
                "batter": 0,
                "extras": 0,
                "total": 0
              }
            },
            {
              "batter": "DJ Mitchell",
              "bowler": "BV Sears",
              "non_striker": "MWT Boyle",
              "runs": {
                "batter": 0,
                "extras": 0,
                "total": 0
              }
            }
          ]
        },
        {
          "over": 8,
          "deliveries": [
            {
              "batter": "MWT Boyle",
              "bowler": "PF Younghusband",
              "non_striker": "DJ Mitchell",
              "runs": {
                "batter": 1,
                "extras": 0,
                "total": 1
              }
            },
            {
              "batter": "DJ Mitchell",
              "bowler": "PF Younghusband",
              "non_striker": "MWT Boyle",
              "runs": {
                "batter": 0,
                "extras": 0,
                "total": 0
              }
            },
            {
              "batter": "DJ Mitchell",
              "bowler": "PF Younghusband",
              "non_striker": "MWT Boyle",
              "runs": {
                "batter": 2,
                "extras": 0,
                "total": 2
              }
            },
            {
              "batter": "DJ Mitchell",
              "bowler": "PF Younghusband",
              "non_striker": "MWT Boyle",
              "runs": {
                "batter": 0,
                "extras": 0,
                "total": 0
              },
              "wickets": [
                {
                  "player_out": "MWT Boyle",
                  "fielders": [
                    {
                      "name": "PF Younghusband"
                    },
                    {
                      "name": "BV Sears"
                    }
                  ],
                  "kind": "run out"
                }
              ]
            },
            {
              "batter": "DJ Mitchell",
              "bowler": "PF Younghusband",
              "non_striker": "CE McConchie",
              "runs": {
                "batter": 1,
                "extras": 0,
                "total": 1
              }
            },
            {
              "batter": "CE McConchie",
              "bowler": "PF Younghusband",
              "extras": {
                "legbyes": 1
              },
              "non_striker": "DJ Mitchell",
              "runs": {
                "batter": 0,
                "extras": 1,
                "total": 1
              }
            }
          ]
        },
        {
          "over": 9,
          "deliveries": [
            {
              "batter": "CE McConchie",
              "bowler": "BV Sears",
              "non_striker": "DJ Mitchell",
              "runs": {
                "batter": 4,
                "extras": 0,
                "total": 4
              }
            },
            {
              "batter": "CE McConchie",
              "bowler": "BV Sears",
              "non_striker": "DJ Mitchell",
              "runs": {
                "batter": 0,
                "extras": 0,
                "total": 0
              }
            },
            {
              "batter": "CE McConchie",
              "bowler": "BV Sears",
              "non_striker": "DJ Mitchell",
              "runs": {
                "batter": 0,
                "extras": 0,
                "total": 0
              }
            },
            {
              "batter": "CE McConchie",
              "bowler": "BV Sears",
              "non_striker": "DJ Mitchell",
              "runs": {
                "batter": 4,
                "extras": 0,
                "total": 4
              }
            },
            {
              "batter": "CE McConchie",
              "bowler": "BV Sears",
              "non_striker": "DJ Mitchell",
              "runs": {
                "batter": 1,
                "extras": 0,
                "total": 1
              }
            },
            {
              "batter": "DJ Mitchell",
              "bowler": "BV Sears",
              "non_striker": "CE McConchie",
              "runs": {
                "batter": 0,
                "extras": 0,
                "total": 0
              }
            }
          ]
        },
        {
          "over": 10,
          "deliveries": [
            {
              "batter": "CE McConchie",
              "bowler": "MA Abbas",
              "non_striker": "DJ Mitchell",
              "runs": {
                "batter": 0,
                "extras": 0,
                "total": 0
              }
            },
            {
              "batter": "CE McConchie",
              "bowler": "MA Abbas",
              "non_striker": "DJ Mitchell",
              "runs": {
                "batter": 1,
                "extras": 0,
                "total": 1
              }
            },
            {
              "batter": "DJ Mitchell",
              "bowler": "MA Abbas",
              "non_striker": "CE McConchie",
              "runs": {
                "batter": 0,
                "extras": 0,
                "total": 0
              }
            },
            {
              "batter": "DJ Mitchell",
              "bowler": "MA Abbas",
              "non_striker": "CE McConchie",
              "runs": {
                "batter": 4,
                "extras": 0,
                "total": 4
              }
            },
            {
              "batter": "DJ Mitchell",
              "bowler": "MA Abbas",
              "non_striker": "CE McConchie",
              "runs": {
                "batter": 2,
                "extras": 0,
                "total": 2
              }
            },
            {
              "batter": "DJ Mitchell",
              "bowler": "MA Abbas",
              "non_striker": "CE McConchie",
              "runs": {
                "batter": 1,
                "extras": 0,
                "total": 1
              }
            }
          ]
        },
        {
          "over": 11,
          "deliveries": [
            {
              "batter": "DJ Mitchell",
              "bowler": "MG Bracewell",
              "non_striker": "CE McConchie",
              "runs": {
                "batter": 4,
                "extras": 0,
                "total": 4
              }
            },
            {
              "batter": "DJ Mitchell",
              "bowler": "MG Bracewell",
              "non_striker": "CE McConchie",
              "runs": {
                "batter": 0,
                "extras": 0,
                "total": 0
              }
            },
            {
              "batter": "DJ Mitchell",
              "bowler": "MG Bracewell",
              "non_striker": "CE McConchie",
              "runs": {
                "batter": 1,
                "extras": 0,
                "total": 1
              }
            },
            {
              "batter": "CE McConchie",
              "bowler": "MG Bracewell",
              "non_striker": "DJ Mitchell",
              "runs": {
                "batter": 0,
                "extras": 0,
                "total": 0
              }
            },
            {
              "batter": "CE McConchie",
              "bowler": "MG Bracewell",
              "extras": {
                "wides": 2
              },
              "non_striker": "DJ Mitchell",
              "runs": {
                "batter": 0,
                "extras": 2,
                "total": 2
              }
            },
            {
              "batter": "DJ Mitchell",
              "bowler": "MG Bracewell",
              "non_striker": "CE McConchie",
              "runs": {
                "batter": 1,
                "extras": 0,
                "total": 1
              }
            },
            {
              "batter": "CE McConchie",
              "bowler": "MG Bracewell",
              "non_striker": "DJ Mitchell",
              "runs": {
                "batter": 0,
                "extras": 0,
                "total": 0
              },
              "wickets": [
                {
                  "player_out": "CE McConchie",
                  "fielders": [
                    {
                      "name": "TA Blundell"
                    }
                  ],
                  "kind": "caught"
                }
              ]
            }
          ]
        },
        {
          "over": 12,
          "deliveries": [
            {
              "batter": "DJ Mitchell",
              "bowler": "PF Younghusband",
              "non_striker": "MJ Hay",
              "runs": {
                "batter": 1,
                "extras": 0,
                "total": 1
              }
            },
            {
              "batter": "MJ Hay",
              "bowler": "PF Younghusband",
              "non_striker": "DJ Mitchell",
              "runs": {
                "batter": 0,
                "extras": 0,
                "total": 0
              }
            },
            {
              "batter": "MJ Hay",
              "bowler": "PF Younghusband",
              "non_striker": "DJ Mitchell",
              "runs": {
                "batter": 1,
                "extras": 0,
                "total": 1
              }
            },
            {
              "batter": "DJ Mitchell",
              "bowler": "PF Younghusband",
              "non_striker": "MJ Hay",
              "runs": {
                "batter": 1,
                "extras": 0,
                "total": 1
              }
            },
            {
              "batter": "MJ Hay",
              "bowler": "PF Younghusband",
              "non_striker": "DJ Mitchell",
              "runs": {
                "batter": 2,
                "extras": 0,
                "total": 2
              }
            },
            {
              "batter": "MJ Hay",
              "bowler": "PF Younghusband",
              "non_striker": "DJ Mitchell",
              "runs": {
                "batter": 1,
                "extras": 0,
                "total": 1
              }
            }
          ]
        },
        {
          "over": 13,
          "deliveries": [
            {
              "batter": "MJ Hay",
              "bowler": "BV Sears",
              "extras": {
                "legbyes": 1
              },
              "non_striker": "DJ Mitchell",
              "runs": {
                "batter": 0,
                "extras": 1,
                "total": 1
              }
            },
            {
              "batter": "DJ Mitchell",
              "bowler": "BV Sears",
              "non_striker": "MJ Hay",
              "runs": {
                "batter": 2,
                "extras": 0,
                "total": 2
              }
            },
            {
              "batter": "DJ Mitchell",
              "bowler": "BV Sears",
              "non_striker": "MJ Hay",
              "runs": {
                "batter": 2,
                "extras": 0,
                "total": 2
              }
            },
            {
              "batter": "DJ Mitchell",
              "bowler": "BV Sears",
              "extras": {
                "wides": 1
              },
              "non_striker": "MJ Hay",
              "runs": {
                "batter": 0,
                "extras": 1,
                "total": 1
              }
            },
            {
              "batter": "DJ Mitchell",
              "bowler": "BV Sears",
              "non_striker": "MJ Hay",
              "runs": {
                "batter": 0,
                "extras": 0,
                "total": 0
              },
              "wickets": [
                {
                  "player_out": "DJ Mitchell",
                  "fielders": [
                    {
                      "name": "MG Bracewell"
                    }
                  ],
                  "kind": "caught"
                }
              ]
            },
            {
              "batter": "ZGF Foulkes",
              "bowler": "BV Sears",
              "non_striker": "MJ Hay",
              "runs": {
                "batter": 1,
                "extras": 0,
                "total": 1
              }
            },
            {
              "batter": "MJ Hay",
              "bowler": "BV Sears",
              "non_striker": "ZGF Foulkes",
              "runs": {
                "batter": 0,
                "extras": 0,
                "total": 0
              }
            }
          ]
        },
        {
          "over": 14,
          "deliveries": [
            {
              "batter": "ZGF Foulkes",
              "bowler": "PF Younghusband",
              "non_striker": "MJ Hay",
              "runs": {
                "batter": 6,
                "extras": 0,
                "total": 6
              }
            },
            {
              "batter": "ZGF Foulkes",
              "bowler": "PF Younghusband",
              "non_striker": "MJ Hay",
              "runs": {
                "batter": 6,
                "extras": 0,
                "total": 6
              }
            },
            {
              "batter": "ZGF Foulkes",
              "bowler": "PF Younghusband",
              "non_striker": "MJ Hay",
              "runs": {
                "batter": 0,
                "extras": 0,
                "total": 0
              }
            },
            {
              "batter": "ZGF Foulkes",
              "bowler": "PF Younghusband",
              "non_striker": "MJ Hay",
              "runs": {
                "batter": 0,
                "extras": 0,
                "total": 0
              }
            },
            {
              "batter": "ZGF Foulkes",
              "bowler": "PF Younghusband",
              "non_striker": "MJ Hay",
              "runs": {
                "batter": 0,
                "extras": 0,
                "total": 0
              },
              "wickets": [
                {
                  "player_out": "ZGF Foulkes",
                  "fielders": [
                    {
                      "name": "MG Bracewell"
                    }
                  ],
                  "kind": "caught"
                }
              ]
            },
            {
              "batter": "KA Jamieson",
              "bowler": "PF Younghusband",
              "non_striker": "MJ Hay",
              "runs": {
                "batter": 0,
                "extras": 0,
                "total": 0
              },
              "wickets": [
                {
                  "player_out": "KA Jamieson",
                  "kind": "bowled"
                }
              ]
            }
          ]
        },
        {
          "over": 15,
          "deliveries": [
            {
              "batter": "MJ Hay",
              "bowler": "MG Bracewell",
              "non_striker": "IS Sodhi",
              "runs": {
                "batter": 1,
                "extras": 0,
                "total": 1
              }
            },
            {
              "batter": "IS Sodhi",
              "bowler": "MG Bracewell",
              "non_striker": "MJ Hay",
              "runs": {
                "batter": 0,
                "extras": 0,
                "total": 0
              }
            },
            {
              "batter": "IS Sodhi",
              "bowler": "MG Bracewell",
              "non_striker": "MJ Hay",
              "runs": {
                "batter": 0,
                "extras": 0,
                "total": 0
              },
              "wickets": [
                {
                  "player_out": "IS Sodhi",
                  "fielders": [
                    {
                      "name": "NG Smith"
                    }
                  ],
                  "kind": "caught"
                }
              ]
            },
            {
              "batter": "MJ Henry",
              "bowler": "MG Bracewell",
              "non_striker": "MJ Hay",
              "runs": {
                "batter": 0,
                "extras": 0,
                "total": 0
              }
            },
            {
              "batter": "MJ Henry",
              "bowler": "MG Bracewell",
              "non_striker": "MJ Hay",
              "runs": {
                "batter": 1,
                "extras": 0,
                "total": 1
              }
            },
            {
              "batter": "MJ Hay",
              "bowler": "MG Bracewell",
              "non_striker": "MJ Henry",
              "runs": {
                "batter": 1,
                "extras": 0,
                "total": 1
              }
            }
          ]
        },
        {
          "over": 16,
          "deliveries": [
            {
              "batter": "MJ Hay",
              "bowler": "NG Smith",
              "non_striker": "MJ Henry",
              "runs": {
                "batter": 6,
                "extras": 0,
                "total": 6
              }
            },
            {
              "batter": "MJ Hay",
              "bowler": "NG Smith",
              "non_striker": "MJ Henry",
              "runs": {
                "batter": 0,
                "extras": 0,
                "total": 0
              }
            },
            {
              "batter": "MJ Hay",
              "bowler": "NG Smith",
              "non_striker": "MJ Henry",
              "runs": {
                "batter": 4,
                "extras": 0,
                "total": 4
              }
            },
            {
              "batter": "MJ Hay",
              "bowler": "NG Smith",
              "non_striker": "MJ Henry",
              "runs": {
                "batter": 4,
                "extras": 0,
                "total": 4
              }
            },
            {
              "batter": "MJ Hay",
              "bowler": "NG Smith",
              "extras": {
                "legbyes": 1
              },
              "non_striker": "MJ Henry",
              "runs": {
                "batter": 0,
                "extras": 1,
                "total": 1
              }
            },
            {
              "batter": "MJ Henry",
              "bowler": "NG Smith",
              "non_striker": "MJ Hay",
              "runs": {
                "batter": 0,
                "extras": 0,
                "total": 0
              }
            }
          ]
        },
        {
          "over": 17,
          "deliveries": [
            {
              "batter": "MJ Hay",
              "bowler": "MG Bracewell",
              "non_striker": "MJ Henry",
              "runs": {
                "batter": 1,
                "extras": 0,
                "total": 1
              }
            },
            {
              "batter": "MJ Henry",
              "bowler": "MG Bracewell",
              "non_striker": "MJ Hay",
              "runs": {
                "batter": 6,
                "extras": 0,
                "total": 6
              }
            },
            {
              "batter": "MJ Henry",
              "bowler": "MG Bracewell",
              "non_striker": "MJ Hay",
              "runs": {
                "batter": 1,
                "extras": 0,
                "total": 1
              }
            },
            {
              "batter": "MJ Hay",
              "bowler": "MG Bracewell",
              "non_striker": "MJ Henry",
              "runs": {
                "batter": 0,
                "extras": 0,
                "total": 0
              },
              "wickets": [
                {
                  "player_out": "MJ Hay",
                  "fielders": [
                    {
                      "name": "GR Severin"
                    }
                  ],
                  "kind": "caught"
                }
              ]
            },
            {
              "batter": "W O'Rourke",
              "bowler": "MG Bracewell",
              "non_striker": "MJ Henry",
              "runs": {
                "batter": 1,
                "extras": 0,
                "total": 1
              }
            },
            {
              "batter": "MJ Henry",
              "bowler": "MG Bracewell",
              "non_striker": "W O'Rourke",
              "runs": {
                "batter": 1,
                "extras": 0,
                "total": 1
              }
            }
          ]
        },
        {
          "over": 18,
          "deliveries": [
            {
              "batter": "MJ Henry",
              "bowler": "NG Smith",
              "non_striker": "W O'Rourke",
              "runs": {
                "batter": 0,
                "extras": 0,
                "total": 0
              }
            },
            {
              "batter": "MJ Henry",
              "bowler": "NG Smith",
              "non_striker": "W O'Rourke",
              "runs": {
                "batter": 1,
                "extras": 0,
                "total": 1
              }
            },
            {
              "batter": "W O'Rourke",
              "bowler": "NG Smith",
              "extras": {
                "byes": 1
              },
              "non_striker": "MJ Henry",
              "runs": {
                "batter": 0,
                "extras": 1,
                "total": 1
              }
            },
            {
              "batter": "MJ Henry",
              "bowler": "NG Smith",
              "non_striker": "W O'Rourke",
              "runs": {
                "batter": 0,
                "extras": 0,
                "total": 0
              }
            },
            {
              "batter": "MJ Henry",
              "bowler": "NG Smith",
              "non_striker": "W O'Rourke",
              "runs": {
                "batter": 0,
                "extras": 0,
                "total": 0
              },
              "wickets": [
                {
                  "player_out": "MJ Henry",
                  "kind": "bowled"
                }
              ]
            }
          ]
        }
      ],
      "powerplays": [
        {
          "from": 0.1,
          "to": 5.6,
          "type": "mandatory"
        }
      ],
      "target": {
        "overs": 20,
        "runs": 168
      }
    }
  ]
}