{
  "meta": {
    "data_version": "1.1.0",
    "created": "2025-01-03",
    "revision": 1
  },
  "info": {
    "balls_per_over": 6,
    "city": "Dhaka",
    "dates": [
      "2025-01-03"
    ],
    "event": {
      "name": "Bangladesh Premier League",
      "match_number": 8
    },
    "gender": "male",
    "match_type": "T20",
    "officials": {
      "match_referees": [
        "Debabrata Paul"
      ],
      "reserve_umpires": [
        "Mahfuzur Rahman"
      ],
      "tv_umpires": [
        "Ali Arman"
      ],
      "umpires": [
        "Gazi Sohel",
        "RR Wimalasiri"
      ]
    },
    "outcome": {
      "winner": "Khulna Tigers",
      "by": {
        "runs": 20
      }
    },
    "overs": 20,
    "player_of_match": [
      "Mehedi Hasan Miraz"
    ],
    "players": {
      "Khulna Tigers": [
        "Mohammad Naim",
        "WG Bosisto",
        "Afif Hossain",
        "Ibrahim Zadran",
        "Mehedi Hasan Miraz",
        "Mohammad Nawaz",
        "Mahidul Islam Ankon",
        "Ziaur Rahman",
        "Abu Hider",
        "Nasum Ahmed",
        "Hasan Mahmud"
      ],
      "Dhaka Capital": [
        "Tanzid Hasan",
        "Liton Das",
        "SS Eskinazi",
        "Shahadat Hossain",
        "Shubham Ranjane",
        "NLTC Perera",
        "Alauddin Babu",
        "PC de Silva",
        "Nazmul Islam",
        "Mustafizur Rahman",
        "Abu Jayed"
      ]
    },
    "registry": {
      "people": {
        "Abu Hider": "31803fac",
        "Abu Jayed": "1bb0993e",
        "Afif Hossain": "37138918",
        "Alauddin Babu": "721032ec",
        "Ali Arman": "1342d8d8",
        "Debabrata Paul": "a77f51d0",
        "Gazi Sohel": "f0df3ed7",
        "Hasan Mahmud": "80ad39ac",
        "Ibrahim Zadran": "d4550956",
        "Liton Das": "0404d43c",
        "Mahfuzur Rahman": "3275b68b",
        "Mahidul Islam Ankon": "dac6aabc",
        "Mehedi Hasan Miraz": "c58b0108",
        "Mohammad Naim": "7923a51d",
        "Mohammad Nawaz": "3086f7a4",
        "Mustafizur Rahman": "0a8fce53",
        "NLTC Perera": "0f12f9df",
        "Nasum Ahmed": "37654b75",
        "Nazmul Islam": "6575e3bc",
        "PC de Silva": "b40ee8a8",
        "RR Wimalasiri": "4950c8db",
        "SS Eskinazi": "75cbed9b",
        "Shahadat Hossain": "69e23303",
        "Shubham Ranjane": "6c7a68d0",
        "Tanzid Hasan": "80fe764d",
        "WG Bosisto": "04ef663a",
        "Ziaur Rahman": "c27518d2"
      }
    },
    "season": "2024/25",
    "team_type": "club",
    "teams": [
      "Khulna Tigers",
      "Dhaka Capital"
    ],
    "toss": {
      "decision": "field",
      "winner": "Dhaka Capital"
    },
    "venue": "Shere Bangla National Stadium, Mirpur"
  },
  "innings": [
    {
      "team": "Khulna Tigers",
      "overs": [
        {
          "over": 0,
          "deliveries": [
            {
              "batter": "Mohammad Naim",
              "bowler": "Abu Jayed",
              "extras": {
                "wides": 1
              },
              "non_striker": "WG Bosisto",
              "runs": {
                "batter": 0,
                "extras": 1,
                "total": 1
              }
            },
            {
              "batter": "Mohammad Naim",
              "bowler": "Abu Jayed",
              "non_striker": "WG Bosisto",
              "runs": {
                "batter": 0,
                "extras": 0,
                "total": 0
              }
            },
            {
              "batter": "Mohammad Naim",
              "bowler": "Abu Jayed",
              "non_striker": "WG Bosisto",
              "runs": {
                "batter": 0,
                "extras": 0,
                "total": 0
              }
            },
            {
              "batter": "Mohammad Naim",
              "bowler": "Abu Jayed",
              "non_striker": "WG Bosisto",
              "runs": {
                "batter": 1,
                "extras": 0,
                "total": 1
              }
            },
            {
              "batter": "WG Bosisto",
              "bowler": "Abu Jayed",
              "extras": {
                "wides": 1
              },
              "non_striker": "Mohammad Naim",
              "runs": {
                "batter": 0,
                "extras": 1,
                "total": 1
              }
            },
            {
              "batter": "WG Bosisto",
              "bowler": "Abu Jayed",
              "non_striker": "Mohammad Naim",
              "runs": {
                "batter": 0,
                "extras": 0,
                "total": 0
              }
            },
            {
              "batter": "WG Bosisto",
              "bowler": "Abu Jayed",
              "non_striker": "Mohammad Naim",
              "runs": {
                "batter": 0,
                "extras": 0,
                "total": 0
              }
            },
            {
              "batter": "WG Bosisto",
              "bowler": "Abu Jayed",
              "non_striker": "Mohammad Naim",
              "runs": {
                "batter": 0,
                "extras": 0,
                "total": 0
              }
            }
          ]
        },
        {
          "over": 1,
          "deliveries": [
            {
              "batter": "Mohammad Naim",
              "bowler": "Mustafizur Rahman",
              "non_striker": "WG Bosisto",
              "runs": {
                "batter": 4,
                "extras": 0,
                "total": 4
              }
            },
            {
              "batter": "Mohammad Naim",
              "bowler": "Mustafizur Rahman",
              "non_striker": "WG Bosisto",
              "runs": {
                "batter": 0,
                "extras": 0,
                "total": 0
              }
            },
            {
              "batter": "Mohammad Naim",
              "bowler": "Mustafizur Rahman",
              "non_striker": "WG Bosisto",
              "runs": {
                "batter": 1,
                "extras": 0,
                "total": 1
              }
            },
            {
              "batter": "WG Bosisto",
              "bowler": "Mustafizur Rahman",
              "non_striker": "Mohammad Naim",
              "runs": {
                "batter": 0,
                "extras": 0,
                "total": 0
              }
            },
            {
              "batter": "WG Bosisto",
              "bowler": "Mustafizur Rahman",
              "non_striker": "Mohammad Naim",
              "runs": {
                "batter": 0,
                "extras": 0,
                "total": 0
              }
            },
            {
              "batter": "WG Bosisto",
              "bowler": "Mustafizur Rahman",
              "non_striker": "Mohammad Naim",
              "runs": {
                "batter": 0,
                "extras": 0,
                "total": 0
              }
            }
          ]
        },
        {
          "over": 2,
          "deliveries": [
            {
              "batter": "Mohammad Naim",
              "bowler": "Abu Jayed",
              "extras": {
                "wides": 1
              },
              "non_striker": "WG Bosisto",
              "runs": {
                "batter": 0,
                "extras": 1,
                "total": 1
              }
            },
            {
              "batter": "Mohammad Naim",
              "bowler": "Abu Jayed",
              "extras": {
                "wides": 1
              },
              "non_striker": "WG Bosisto",
              "runs": {
                "batter": 0,
                "extras": 1,
                "total": 1
              }
            },
            {
              "batter": "Mohammad Naim",
              "bowler": "Abu Jayed",
              "non_striker": "WG Bosisto",
              "runs": {
                "batter": 4,
                "extras": 0,
                "total": 4
              }
            },
            {
              "batter": "Mohammad Naim",
              "bowler": "Abu Jayed",
              "non_striker": "WG Bosisto",
              "runs": {
                "batter": 0,
                "extras": 0,
                "total": 0
              }
            },
            {
              "batter": "Mohammad Naim",
              "bowler": "Abu Jayed",
              "non_striker": "WG Bosisto",
              "runs": {
                "batter": 4,
                "extras": 0,
                "total": 4
              }
            },
            {
              "batter": "Mohammad Naim",
              "bowler": "Abu Jayed",
              "non_striker": "WG Bosisto",
              "runs": {
                "batter": 0,
                "extras": 0,
                "total": 0
              }
            },
            {
              "batter": "Mohammad Naim",
              "bowler": "Abu Jayed",
              "non_striker": "WG Bosisto",
              "runs": {
                "batter": 4,
                "extras": 0,
                "total": 4
              }
            },
            {
              "batter": "Mohammad Naim",
              "bowler": "Abu Jayed",
              "non_striker": "WG Bosisto",
              "runs": {
                "batter": 0,
                "extras": 0,
                "total": 0
              }
            }
          ]
        },
        {
          "over": 3,
          "deliveries": [
            {
              "batter": "WG Bosisto",
              "bowler": "Nazmul Islam",
              "extras": {
                "byes": 4
              },
              "non_striker": "Mohammad Naim",
              "runs": {
                "batter": 0,
                "extras": 4,
                "total": 4
              }
            },
            {
              "batter": "WG Bosisto",
              "bowler": "Nazmul Islam",
              "non_striker": "Mohammad Naim",
              "runs": {
                "batter": 4,
                "extras": 0,
                "total": 4
              }
            },
            {
              "batter": "WG Bosisto",
              "bowler": "Nazmul Islam",
              "non_striker": "Mohammad Naim",
              "runs": {
                "batter": 0,
                "extras": 0,
                "total": 0
              }
            },
            {
              "batter": "WG Bosisto",
              "bowler": "Nazmul Islam",
              "extras": {
                "wides": 1
              },
              "non_striker": "Mohammad Naim",
              "runs": {
                "batter": 0,
                "extras": 1,
                "total": 1
              }
            },
            {
              "batter": "WG Bosisto",
              "bowler": "Nazmul Islam",
              "non_striker": "Mohammad Naim",
              "runs": {
                "batter": 6,
                "extras": 0,
                "total": 6
              }
            },
            {
              "batter": "WG Bosisto",
              "bowler": "Nazmul Islam",
              "non_striker": "Mohammad Naim",
              "runs": {
                "batter": 0,
                "extras": 0,
                "total": 0
              }
            },
            {
              "batter": "WG Bosisto",
              "bowler": "Nazmul Islam",
              "non_striker": "Mohammad Naim",
              "runs": {
                "batter": 0,
                "extras": 0,
                "total": 0
              }
            }
          ]
        },
        {
          "over": 4,
          "deliveries": [
            {
              "batter": "Mohammad Naim",
              "bowler": "PC de Silva",
              "non_striker": "WG Bosisto",
              "runs": {
                "batter": 4,
                "extras": 0,
                "total": 4
              }
            },
            {
              "batter": "Mohammad Naim",
              "bowler": "PC de Silva",
              "non_striker": "WG Bosisto",
              "runs": {
                "batter": 0,
                "extras": 0,
                "total": 0
              }
            },
            {
              "batter": "Mohammad Naim",
              "bowler": "PC de Silva",
              "non_striker": "WG Bosisto",
              "runs": {
                "batter": 4,
                "extras": 0,
                "total": 4
              }
            },
            {
              "batter": "Mohammad Naim",
              "bowler": "PC de Silva",
              "non_striker": "WG Bosisto",
              "runs": {
                "batter": 4,
                "extras": 0,
                "total": 4
              }
            },
            {
              "batter": "Mohammad Naim",
              "bowler": "PC de Silva",
              "non_striker": "WG Bosisto",
              "runs": {
                "batter": 0,
                "extras": 0,
                "total": 0
              },
              "wickets": [
                {
                  "player_out": "Mohammad Naim",
                  "fielders": [
                    {
                      "name": "Shahadat Hossain"
                    }
                  ],
                  "kind": "caught"
                }
              ]
            },
            {
              "batter": "Afif Hossain",
              "bowler": "PC de Silva",
              "non_striker": "WG Bosisto",
              "runs": {
                "batter": 1,
                "extras": 0,
                "total": 1
              }
            }
          ]
        },
        {
          "over": 5,
          "deliveries": [
            {
              "batter": "Afif Hossain",
              "bowler": "Shubham Ranjane",
              "non_striker": "WG Bosisto",
              "review": {
                "by": "Khulna Tigers",
                "umpire": "Gazi Sohel",
                "batter": "Afif Hossain",
                "decision": "struck down",
                "type": "wicket"
              },
              "runs": {
                "batter": 0,
                "extras": 0,
                "total": 0
              },
              "wickets": [
                {
                  "player_out": "Afif Hossain",
                  "kind": "lbw"
                }
              ]
            },
            {
              "batter": "Ibrahim Zadran",
              "bowler": "Shubham Ranjane",
              "non_striker": "WG Bosisto",
              "runs": {
                "batter": 1,
                "extras": 0,
                "total": 1
              }
            },
            {
              "batter": "WG Bosisto",
              "bowler": "Shubham Ranjane",
              "non_striker": "Ibrahim Zadran",
              "runs": {
                "batter": 1,
                "extras": 0,
                "total": 1
              }
            },
            {
              "batter": "Ibrahim Zadran",
              "bowler": "Shubham Ranjane",
              "non_striker": "WG Bosisto",
              "runs": {
                "batter": 0,
                "extras": 0,
                "total": 0
              }
            },
            {
              "batter": "Ibrahim Zadran",
              "bowler": "Shubham Ranjane",
              "non_striker": "WG Bosisto",
              "runs": {
                "batter": 2,
                "extras": 0,
                "total": 2
              }
            },
            {
              "batter": "Ibrahim Zadran",
              "bowler": "Shubham Ranjane",
              "non_striker": "WG Bosisto",
              "runs": {
                "batter": 1,
                "extras": 0,
                "total": 1
              }
            }
          ]
        },
        {
          "over": 6,
          "deliveries": [
            {
              "batter": "Ibrahim Zadran",
              "bowler": "Nazmul Islam",
              "non_striker": "WG Bosisto",
              "runs": {
                "batter": 1,
                "extras": 0,
                "total": 1
              }
            },
            {
              "batter": "WG Bosisto",
              "bowler": "Nazmul Islam",
              "non_striker": "Ibrahim Zadran",
              "runs": {
                "batter": 1,
                "extras": 0,
                "total": 1
              }
            },
            {
              "batter": "Ibrahim Zadran",
              "bowler": "Nazmul Islam",
              "non_striker": "WG Bosisto",
              "runs": {
                "batter": 0,
                "extras": 0,
                "total": 0
              },
              "wickets": [
                {
                  "player_out": "Ibrahim Zadran",
                  "fielders": [
                    {
                      "name": "Liton Das"
                    }
                  ],
                  "kind": "stumped"
                }
              ]
            },
            {
              "batter": "Mehedi Hasan Miraz",
              "bowler": "Nazmul Islam",
              "non_striker": "WG Bosisto",
              "runs": {
                "batter": 0,
                "extras": 0,
                "total": 0
              }
            },
            {
              "batter": "Mehedi Hasan Miraz",
              "bowler": "Nazmul Islam",
              "non_striker": "WG Bosisto",
              "runs": {
                "batter": 1,
                "extras": 0,
                "total": 1
              }
            },
            {
              "batter": "WG Bosisto",
              "bowler": "Nazmul Islam",
              "non_striker": "Mehedi Hasan Miraz",
              "runs": {
                "batter": 4,
                "extras": 0,
                "total": 4
              }
            }
          ]
        },
        {
          "over": 7,
          "deliveries": [
            {
              "batter": "Mehedi Hasan Miraz",
              "bowler": "Mustafizur Rahman",
              "non_striker": "WG Bosisto",
              "runs": {
                "batter": 1,
                "extras": 0,
                "total": 1
              }
            },
            {
              "batter": "WG Bosisto",
              "bowler": "Mustafizur Rahman",
              "non_striker": "Mehedi Hasan Miraz",
              "runs": {
                "batter": 0,
                "extras": 0,
                "total": 0
              }
            },
            {
              "batter": "WG Bosisto",
              "bowler": "Mustafizur Rahman",
              "non_striker": "Mehedi Hasan Miraz",
              "runs": {
                "batter": 0,
                "extras": 0,
                "total": 0
              }
            },
            {
              "batter": "WG Bosisto",
              "bowler": "Mustafizur Rahman",
              "non_striker": "Mehedi Hasan Miraz",
              "runs": {
                "batter": 0,
                "extras": 0,
                "total": 0
              }
            },
            {
              "batter": "WG Bosisto",
              "bowler": "Mustafizur Rahman",
              "non_striker": "Mehedi Hasan Miraz",
              "runs": {
                "batter": 1,
                "extras": 0,
                "total": 1
              }
            },
            {
              "batter": "Mehedi Hasan Miraz",
              "bowler": "Mustafizur Rahman",
              "non_striker": "WG Bosisto",
              "runs": {
                "batter": 1,
                "extras": 0,
                "total": 1
              }
            }
          ]
        },
        {
          "over": 8,
          "deliveries": [
            {
              "batter": "Mehedi Hasan Miraz",
              "bowler": "Alauddin Babu",
              "extras": {
                "wides": 1
              },
              "non_striker": "WG Bosisto",
              "runs": {
                "batter": 0,
                "extras": 1,
                "total": 1
              }
            },
            {
              "batter": "Mehedi Hasan Miraz",
              "bowler": "Alauddin Babu",
              "non_striker": "WG Bosisto",
              "runs": {
                "batter": 0,
                "extras": 0,
                "total": 0
              }
            },
            {
              "batter": "Mehedi Hasan Miraz",
              "bowler": "Alauddin Babu",
              "non_striker": "WG Bosisto",
              "runs": {
                "batter": 1,
                "extras": 0,
                "total": 1
              }
            },
            {
              "batter": "WG Bosisto",
              "bowler": "Alauddin Babu",
              "non_striker": "Mehedi Hasan Miraz",
              "runs": {
                "batter": 1,
                "extras": 0,
                "total": 1
              }
            },
            {
              "batter": "Mehedi Hasan Miraz",
              "bowler": "Alauddin Babu",
              "non_striker": "WG Bosisto",
              "runs": {
                "batter": 0,
                "extras": 0,
                "total": 0
              }
            },
            {
              "batter": "Mehedi Hasan Miraz",
              "bowler": "Alauddin Babu",
              "extras": {
                "wides": 1
              },
              "non_striker": "WG Bosisto",
              "runs": {
                "batter": 0,
                "extras": 1,
                "total": 1
              }
            },
            {
              "batter": "Mehedi Hasan Miraz",
              "bowler": "Alauddin Babu",
              "extras": {
                "wides": 1
              },
              "non_striker": "WG Bosisto",
              "runs": {
                "batter": 0,
                "extras": 1,
                "total": 1
              }
            },
            {
              "batter": "Mehedi Hasan Miraz",
              "bowler": "Alauddin Babu",
              "non_striker": "WG Bosisto",
              "runs": {
                "batter": 0,
                "extras": 0,
                "total": 0
              }
            },
            {
              "batter": "Mehedi Hasan Miraz",
              "bowler": "Alauddin Babu",
              "non_striker": "WG Bosisto",
              "runs": {
                "batter": 4,
                "extras": 0,
                "total": 4
              }
            }
          ]
        },
        {
          "over": 9,
          "deliveries": [
            {
              "batter": "WG Bosisto",
              "bowler": "NLTC Perera",
              "non_striker": "Mehedi Hasan Miraz",
              "runs": {
                "batter": 1,
                "extras": 0,
                "total": 1
              }
            },
            {
              "batter": "Mehedi Hasan Miraz",
              "bowler": "NLTC Perera",
              "non_striker": "WG Bosisto",
              "runs": {
                "batter": 0,
                "extras": 0,
                "total": 0
              },
              "wickets": [
                {
                  "player_out": "Mehedi Hasan Miraz",
                  "fielders": [
                    {
                      "name": "Alauddin Babu"
                    }
                  ],
                  "kind": "caught"
                }
              ]
            },
            {
              "batter": "Mohammad Nawaz",
              "bowler": "NLTC Perera",
              "non_striker": "WG Bosisto",
              "runs": {
                "batter": 0,
                "extras": 0,
                "total": 0
              }
            },
            {
              "batter": "Mohammad Nawaz",
              "bowler": "NLTC Perera",
              "non_striker": "WG Bosisto",
              "runs": {
                "batter": 0,
                "extras": 0,
                "total": 0
              }
            },
            {
              "batter": "Mohammad Nawaz",
              "bowler": "NLTC Perera",
              "non_striker": "WG Bosisto",
              "runs": {
                "batter": 1,
                "extras": 0,
                "total": 1
              }
            },
            {
              "batter": "WG Bosisto",
              "bowler": "NLTC Perera",
              "non_striker": "Mohammad Nawaz",
              "runs": {
                "batter": 0,
                "extras": 0,
                "total": 0
              }
            }
          ]
        },
        {
          "over": 10,
          "deliveries": [
            {
              "batter": "Mohammad Nawaz",
              "bowler": "Nazmul Islam",
              "non_striker": "WG Bosisto",
              "runs": {
                "batter": 1,
                "extras": 0,
                "total": 1
              }
            },
            {
              "batter": "WG Bosisto",
              "bowler": "Nazmul Islam",
              "non_striker": "Mohammad Nawaz",
              "runs": {
                "batter": 4,
                "extras": 0,
                "total": 4
              }
            },
            {
              "batter": "WG Bosisto",
              "bowler": "Nazmul Islam",
              "non_striker": "Mohammad Nawaz",
              "runs": {
                "batter": 1,
                "extras": 0,
                "total": 1
              }
            },
            {
              "batter": "Mohammad Nawaz",
              "bowler": "Nazmul Islam",
              "non_striker": "WG Bosisto",
              "runs": {
                "batter": 2,
                "extras": 0,
                "total": 2
              }
            },
            {
              "batter": "Mohammad Nawaz",
              "bowler": "Nazmul Islam",
              "non_striker": "WG Bosisto",
              "runs": {
                "batter": 1,
                "extras": 0,
                "total": 1
              }
            },
            {
              "batter": "WG Bosisto",
              "bowler": "Nazmul Islam",
              "non_striker": "Mohammad Nawaz",
              "runs": {
                "batter": 2,
                "extras": 0,
                "total": 2
              }
            }
          ]
        },
        {
          "over": 11,
          "deliveries": [
            {
              "batter": "Mohammad Nawaz",
              "bowler": "Alauddin Babu",
              "non_striker": "WG Bosisto",
              "runs": {
                "batter": 0,
                "extras": 0,
                "total": 0
              }
            },
            {
              "batter": "Mohammad Nawaz",
              "bowler": "Alauddin Babu",
              "non_striker": "WG Bosisto",
              "runs": {
                "batter": 0,
                "extras": 0,
                "total": 0
              },
              "wickets": [
                {
                  "player_out": "Mohammad Nawaz",
                  "fielders": [
                    {
                      "name": "NLTC Perera"
                    }
                  ],
                  "kind": "caught"
                }
              ]
            },
            {
              "batter": "Mahidul Islam Ankon",
              "bowler": "Alauddin Babu",
              "non_striker": "WG Bosisto",
              "runs": {
                "batter": 0,
                "extras": 0,
                "total": 0
              }
            },
            {
              "batter": "Mahidul Islam Ankon",
              "bowler": "Alauddin Babu",
              "non_striker": "WG Bosisto",
              "runs": {
                "batter": 1,
                "extras": 0,
                "total": 1
              }
            },
            {
              "batter": "WG Bosisto",
              "bowler": "Alauddin Babu",
              "non_striker": "Mahidul Islam Ankon",
              "runs": {
                "batter": 0,
                "extras": 0,
                "total": 0
              }
            },
            {
              "batter": "WG Bosisto",
              "bowler": "Alauddin Babu",
              "non_striker": "Mahidul Islam Ankon",
              "runs": {
                "batter": 0,
                "extras": 0,
                "total": 0
              }
            }
          ]
        },
        {
          "over": 12,
          "deliveries": [
            {
              "batter": "Mahidul Islam Ankon",
              "bowler": "PC de Silva",
              "non_striker": "WG Bosisto",
              "runs": {
                "batter": 4,
                "extras": 0,
                "total": 4
              }
            },
            {
              "batter": "Mahidul Islam Ankon",
              "bowler": "PC de Silva",
              "non_striker": "WG Bosisto",
              "runs": {
                "batter": 0,
                "extras": 0,
                "total": 0
              }
            },
            {
              "batter": "Mahidul Islam Ankon",
              "bowler": "PC de Silva",
              "non_striker": "WG Bosisto",
              "runs": {
                "batter": 1,
                "extras": 0,
                "total": 1
              }
            },
            {
              "batter": "WG Bosisto",
              "bowler": "PC de Silva",
              "non_striker": "Mahidul Islam Ankon",
              "runs": {
                "batter": 0,
                "extras": 0,
                "total": 0
              },
              "wickets": [
                {
                  "player_out": "WG Bosisto",
                  "fielders": [
                    {
                      "name": "Shubham Ranjane"
                    }
                  ],
                  "kind": "caught"
                }
              ]
            },
            {
              "batter": "Ziaur Rahman",
              "bowler": "PC de Silva",
              "extras": {
                "wides": 1
              },
              "non_striker": "Mahidul Islam Ankon",
              "runs": {
                "batter": 0,
                "extras": 1,
                "total": 1
              }
            },
            {
              "batter": "Ziaur Rahman",
              "bowler": "PC de Silva",
              "extras": {
                "wides": 1
              },
              "non_striker": "Mahidul Islam Ankon",
              "runs": {
                "batter": 0,
                "extras": 1,
                "total": 1
              }
            },
            {
              "batter": "Ziaur Rahman",
              "bowler": "PC de Silva",
              "non_striker": "Mahidul Islam Ankon",
              "runs": {
                "batter": 1,
                "extras": 0,
                "total": 1
              }
            },
            {
              "batter": "Mahidul Islam Ankon",
              "bowler": "PC de Silva",
              "non_striker": "Ziaur Rahman",
              "runs": {
                "batter": 1,
                "extras": 0,
                "total": 1
              }
            }
          ]
        },
        {
          "over": 13,
          "deliveries": [
            {
              "batter": "Mahidul Islam Ankon",
              "bowler": "Shubham Ranjane",
              "non_striker": "Ziaur Rahman",
              "runs": {
                "batter": 1,
                "extras": 0,
                "total": 1
              }
            },
            {
              "batter": "Ziaur Rahman",
              "bowler": "Shubham Ranjane",
              "non_striker": "Mahidul Islam Ankon",
              "runs": {
                "batter": 1,
                "extras": 0,
                "total": 1
              }
            },
            {
              "batter": "Mahidul Islam Ankon",
              "bowler": "Shubham Ranjane",
              "non_striker": "Ziaur Rahman",
              "runs": {
                "batter": 1,
                "extras": 0,
                "total": 1
              }
            },
            {
              "batter": "Ziaur Rahman",
              "bowler": "Shubham Ranjane",
              "non_striker": "Mahidul Islam Ankon",
              "runs": {
                "batter": 1,
                "extras": 0,
                "total": 1
              }
            },
            {
              "batter": "Mahidul Islam Ankon",
              "bowler": "Shubham Ranjane",
              "non_striker": "Ziaur Rahman",
              "runs": {
                "batter": 1,
                "extras": 0,
                "total": 1
              }
            },
            {
              "batter": "Ziaur Rahman",
              "bowler": "Shubham Ranjane",
              "non_striker": "Mahidul Islam Ankon",
              "runs": {
                "batter": 0,
                "extras": 0,
                "total": 0
              }
            }
          ]
        },
        {
          "over": 14,
          "deliveries": [
            {
              "batter": "Mahidul Islam Ankon",
              "bowler": "Alauddin Babu",
              "non_striker": "Ziaur Rahman",
              "runs": {
                "batter": 2,
                "extras": 0,
                "total": 2
              }
            },
            {
              "batter": "Mahidul Islam Ankon",
              "bowler": "Alauddin Babu",
              "non_striker": "Ziaur Rahman",
              "runs": {
                "batter": 1,
                "extras": 0,
                "total": 1
              }
            },
            {
              "batter": "Ziaur Rahman",
              "bowler": "Alauddin Babu",
              "non_striker": "Mahidul Islam Ankon",
              "runs": {
                "batter": 0,
                "extras": 0,
                "total": 0
              }
            },
            {
              "batter": "Ziaur Rahman",
              "bowler": "Alauddin Babu",
              "non_striker": "Mahidul Islam Ankon",
              "runs": {
                "batter": 1,
                "extras": 0,
                "total": 1
              }
            },
            {
              "batter": "Mahidul Islam Ankon",
              "bowler": "Alauddin Babu",
              "non_striker": "Ziaur Rahman",
              "runs": {
                "batter": 0,
                "extras": 0,
                "total": 0
              }
            },
            {
              "batter": "Mahidul Islam Ankon",
              "bowler": "Alauddin Babu",
              "non_striker": "Ziaur Rahman",
              "runs": {
                "batter": 1,
                "extras": 0,
                "total": 1
              }
            }
          ]
        },
        {
          "over": 15,
          "deliveries": [
            {
              "batter": "Mahidul Islam Ankon",
              "bowler": "Mustafizur Rahman",
              "non_striker": "Ziaur Rahman",
              "runs": {
                "batter": 0,
                "extras": 0,
                "total": 0
              }
            },
            {
              "batter": "Mahidul Islam Ankon",
              "bowler": "Mustafizur Rahman",
              "non_striker": "Ziaur Rahman",
              "runs": {
                "batter": 1,
                "extras": 0,
                "total": 1
              }
            },
            {
              "batter": "Ziaur Rahman",
              "bowler": "Mustafizur Rahman",
              "non_striker": "Mahidul Islam Ankon",
              "runs": {
                "batter": 0,
                "extras": 0,
                "total": 0
              }
            },
            {
              "batter": "Ziaur Rahman",
              "bowler": "Mustafizur Rahman",
              "non_striker": "Mahidul Islam Ankon",
              "runs": {
                "batter": 1,
                "extras": 0,
                "total": 1
              }
            },
            {
              "batter": "Mahidul Islam Ankon",
              "bowler": "Mustafizur Rahman",
              "non_striker": "Ziaur Rahman",
              "runs": {
                "batter": 1,
                "extras": 0,
                "total": 1
              }
            },
            {
              "batter": "Ziaur Rahman",
              "bowler": "Mustafizur Rahman",
              "non_striker": "Mahidul Islam Ankon",
              "runs": {
                "batter": 0,
                "extras": 0,
                "total": 0
              }
            }
          ]
        },
        {
          "over": 16,
          "deliveries": [
            {
              "batter": "Mahidul Islam Ankon",
              "bowler": "Abu Jayed",
              "non_striker": "Ziaur Rahman",
              "runs": {
                "batter": 1,
                "extras": 0,
                "total": 1
              }
            },
            {
              "batter": "Ziaur Rahman",
              "bowler": "Abu Jayed",
              "non_striker": "Mahidul Islam Ankon",
              "runs": {
                "batter": 4,
                "extras": 0,
                "total": 4
              }
            },
            {
              "batter": "Ziaur Rahman",
              "bowler": "Abu Jayed",
              "non_striker": "Mahidul Islam Ankon",
              "runs": {
                "batter": 6,
                "extras": 0,
                "total": 6
              }
            },
            {
              "batter": "Ziaur Rahman",
              "bowler": "Abu Jayed",
              "non_striker": "Mahidul Islam Ankon",
              "runs": {
                "batter": 1,
                "extras": 0,
                "total": 1
              }
            },
            {
              "batter": "Mahidul Islam Ankon",
              "bowler": "Abu Jayed",
              "non_striker": "Ziaur Rahman",
              "runs": {
                "batter": 2,
                "extras": 0,
                "total": 2
              }
            },
            {
              "batter": "Mahidul Islam Ankon",
              "bowler": "Abu Jayed",
              "non_striker": "Ziaur Rahman",
              "runs": {
                "batter": 6,
                "extras": 0,
                "total": 6
              }
            }
          ]
        },
        {
          "over": 17,
          "deliveries": [
            {
              "batter": "Ziaur Rahman",
              "bowler": "Mustafizur Rahman",
              "non_striker": "Mahidul Islam Ankon",
              "runs": {
                "batter": 4,
                "extras": 0,
                "total": 4
              }
            },
            {
              "batter": "Ziaur Rahman",
              "bowler": "Mustafizur Rahman",
              "non_striker": "Mahidul Islam Ankon",
              "runs": {
                "batter": 2,
                "extras": 0,
                "total": 2
              }
            },
            {
              "batter": "Ziaur Rahman",
              "bowler": "Mustafizur Rahman",
              "non_striker": "Mahidul Islam Ankon",
              "runs": {
                "batter": 0,
                "extras": 0,
                "total": 0
              },
              "wickets": [
                {
                  "player_out": "Ziaur Rahman",
                  "fielders": [
                    {
                      "name": "Tanzid Hasan"
                    }
                  ],
                  "kind": "caught"
                }
              ]
            },
            {
              "batter": "Abu Hider",
              "bowler": "Mustafizur Rahman",
              "non_striker": "Mahidul Islam Ankon",
              "runs": {
                "batter": 0,
                "extras": 0,
                "total": 0
              }
            },
            {
              "batter": "Abu Hider",
              "bowler": "Mustafizur Rahman",
              "non_striker": "Mahidul Islam Ankon",
              "runs": {
                "batter": 1,
                "extras": 0,
                "total": 1
              }
            },
            {
              "batter": "Mahidul Islam Ankon",
              "bowler": "Mustafizur Rahman",
              "non_striker": "Abu Hider",
              "runs": {
                "batter": 1,
                "extras": 0,
                "total": 1
              }
            }
          ]
        },
        {
          "over": 18,
          "deliveries": [
            {
              "batter": "Mahidul Islam Ankon",
              "bowler": "Abu Jayed",
              "non_striker": "Abu Hider",
              "runs": {
                "batter": 6,
                "extras": 0,
                "total": 6
              }
            },
            {
              "batter": "Mahidul Islam Ankon",
              "bowler": "Abu Jayed",
              "non_striker": "Abu Hider",
              "runs": {
                "batter": 0,
                "extras": 0,
                "total": 0
              },
              "wickets": [
                {
                  "player_out": "Mahidul Islam Ankon",
                  "fielders": [
                    {
                      "name": "Tanzid Hasan"
                    }
                  ],
                  "kind": "caught"
                }
              ]
            },
            {
              "batter": "Nasum Ahmed",
              "bowler": "Abu Jayed",
              "non_striker": "Abu Hider",
              "runs": {
                "batter": 1,
                "extras": 0,
                "total": 1
              }
            },
            {
              "batter": "Abu Hider",
              "bowler": "Abu Jayed",
              "non_striker": "Nasum Ahmed",
              "runs": {
                "batter": 1,
                "extras": 0,
                "total": 1
              }
            },
            {
              "batter": "Nasum Ahmed",
              "bowler": "Abu Jayed",
              "non_striker": "Abu Hider",
              "runs": {
                "batter": 4,
                "extras": 0,
                "total": 4
              }
            },
            {
              "batter": "Nasum Ahmed",
              "bowler": "Abu Jayed",
              "non_striker": "Abu Hider",
              "runs": {
                "batter": 0,
                "extras": 0,
                "total": 0
              }
            }
          ]
        },
        {
          "over": 19,
          "deliveries": [
            {
              "batter": "Abu Hider",
              "bowler": "Shubham Ranjane",
              "non_striker": "Nasum Ahmed",
              "runs": {
                "batter": 6,
                "extras": 0,
                "total": 6
              }
            },
            {
              "batter": "Abu Hider",
              "bowler": "Shubham Ranjane",
              "non_striker": "Nasum Ahmed",
              "runs": {
                "batter": 0,
                "extras": 0,
                "total": 0
              }
            },
            {
              "batter": "Abu Hider",
              "bowler": "Shubham Ranjane",
              "non_striker": "Nasum Ahmed",
              "runs": {
                "batter": 6,
                "extras": 0,
                "total": 6
              }
            },
            {
              "batter": "Abu Hider",
              "bowler": "Shubham Ranjane",
              "non_striker": "Nasum Ahmed",
              "runs": {
                "batter": 6,
                "extras": 0,
                "total": 6
              }
            },
            {
              "batter": "Abu Hider",
              "bowler": "Shubham Ranjane",
              "non_striker": "Nasum Ahmed",
              "runs": {
                "batter": 1,
                "extras": 0,
                "total": 1
              }
            },
            {
              "batter": "Nasum Ahmed",
              "bowler": "Shubham Ranjane",
              "non_striker": "Abu Hider",
              "runs": {
                "batter": 4,
                "extras": 0,
                "total": 4
              }
            }
          ]
        }
      ],
      "powerplays": [
        {
          "from": 0.1,
          "to": 5.6,
          "type": "mandatory"
        }
      ]
    },
    {
      "team": "Dhaka Capital",
      "overs": [
        {
          "over": 0,
          "deliveries": [
            {
              "batter": "Tanzid Hasan",
              "bowler": "Nasum Ahmed",
              "non_striker": "Liton Das",
              "runs": {
                "batter": 4,
                "extras": 0,
                "total": 4
              }
            },
            {
              "batter": "Tanzid Hasan",
              "bowler": "Nasum Ahmed",
              "non_striker": "Liton Das",
              "runs": {
                "batter": 2,
                "extras": 0,
                "total": 2
              }
            },
            {
              "batter": "Tanzid Hasan",
              "bowler": "Nasum Ahmed",
              "non_striker": "Liton Das",
              "runs": {
                "batter": 1,
                "extras": 0,
                "total": 1
              }
            },
            {
              "batter": "Liton Das",
              "bowler": "Nasum Ahmed",
              "non_striker": "Tanzid Hasan",
              "runs": {
                "batter": 1,
                "extras": 0,
                "total": 1
              }
            },
            {
              "batter": "Tanzid Hasan",
              "bowler": "Nasum Ahmed",
              "extras": {
                "wides": 1
              },
              "non_striker": "Liton Das",
              "runs": {
                "batter": 0,
                "extras": 1,
                "total": 1
              }
            },
            {
              "batter": "Tanzid Hasan",
              "bowler": "Nasum Ahmed",
              "non_striker": "Liton Das",
              "runs": {
                "batter": 0,
                "extras": 0,
                "total": 0
              }
            },
            {
              "batter": "Tanzid Hasan",
              "bowler": "Nasum Ahmed",
              "non_striker": "Liton Das",
              "runs": {
                "batter": 0,
                "extras": 0,
                "total": 0
              }
            }
          ]
        },
        {
          "over": 1,
          "deliveries": [
            {
              "batter": "Liton Das",
              "bowler": "Hasan Mahmud",
              "non_striker": "Tanzid Hasan",
              "runs": {
                "batter": 1,
                "extras": 0,
                "total": 1
              }
            },
            {
              "batter": "Tanzid Hasan",
              "bowler": "Hasan Mahmud",
              "non_striker": "Liton Das",
              "runs": {
                "batter": 0,
                "extras": 0,
                "total": 0
              }
            },
            {
              "batter": "Tanzid Hasan",
              "bowler": "Hasan Mahmud",
              "non_striker": "Liton Das",
              "runs": {
                "batter": 0,
                "extras": 0,
                "total": 0
              }
            },
            {
              "batter": "Tanzid Hasan",
              "bowler": "Hasan Mahmud",
              "non_striker": "Liton Das",
              "runs": {
                "batter": 0,
                "extras": 0,
                "total": 0
              }
            },
            {
              "batter": "Tanzid Hasan",
              "bowler": "Hasan Mahmud",
              "extras": {
                "wides": 1
              },
              "non_striker": "Liton Das",
              "runs": {
                "batter": 0,
                "extras": 1,
                "total": 1
              }
            },
            {
              "batter": "Tanzid Hasan",
              "bowler": "Hasan Mahmud",
              "non_striker": "Liton Das",
              "runs": {
                "batter": 6,
                "extras": 0,
                "total": 6
              }
            },
            {
              "batter": "Tanzid Hasan",
              "bowler": "Hasan Mahmud",
              "non_striker": "Liton Das",
              "runs": {
                "batter": 0,
                "extras": 0,
                "total": 0
              }
            }
          ]
        },
        {
          "over": 2,
          "deliveries": [
            {
              "batter": "Liton Das",
              "bowler": "Mehedi Hasan Miraz",
              "non_striker": "Tanzid Hasan",
              "runs": {
                "batter": 0,
                "extras": 0,
                "total": 0
              },
              "wickets": [
                {
                  "player_out": "Liton Das",
                  "fielders": [
                    {
                      "name": "Ibrahim Zadran"
                    }
                  ],
                  "kind": "caught"
                }
              ]
            },
            {
              "batter": "SS Eskinazi",
              "bowler": "Mehedi Hasan Miraz",
              "non_striker": "Tanzid Hasan",
              "runs": {
                "batter": 0,
                "extras": 0,
                "total": 0
              },
              "wickets": [
                {
                  "player_out": "SS Eskinazi",
                  "fielders": [
                    {
                      "name": "WG Bosisto"
                    }
                  ],
                  "kind": "caught"
                }
              ]
            },
            {
              "batter": "Shahadat Hossain",
              "bowler": "Mehedi Hasan Miraz",
              "non_striker": "Tanzid Hasan",
              "runs": {
                "batter": 0,
                "extras": 0,
                "total": 0
              }
            },
            {
              "batter": "Shahadat Hossain",
              "bowler": "Mehedi Hasan Miraz",
              "non_striker": "Tanzid Hasan",
              "runs": {
                "batter": 0,
                "extras": 0,
                "total": 0
              }
            },
            {
              "batter": "Shahadat Hossain",
              "bowler": "Mehedi Hasan Miraz",
              "non_striker": "Tanzid Hasan",
              "runs": {
                "batter": 0,
                "extras": 0,
                "total": 0
              }
            },
            {
              "batter": "Shahadat Hossain",
              "bowler": "Mehedi Hasan Miraz",
              "non_striker": "Tanzid Hasan",
              "runs": {
                "batter": 1,
                "extras": 0,
                "total": 1
              }
            }
          ]
        },
        {
          "over": 3,
          "deliveries": [
            {
              "batter": "Shahadat Hossain",
              "bowler": "Abu Hider",
              "non_striker": "Tanzid Hasan",
              "runs": {
                "batter": 1,
                "extras": 0,
                "total": 1
              }
            },
            {
              "batter": "Tanzid Hasan",
              "bowler": "Abu Hider",
              "non_striker": "Shahadat Hossain",
              "runs": {
                "batter": 6,
                "extras": 0,
                "total": 6
              }
            },
            {
              "batter": "Tanzid Hasan",
              "bowler": "Abu Hider",
              "non_striker": "Shahadat Hossain",
              "runs": {
                "batter": 0,
                "extras": 0,
                "total": 0
              }
            },
            {
              "batter": "Tanzid Hasan",
              "bowler": "Abu Hider",
              "non_striker": "Shahadat Hossain",
              "runs": {
                "batter": 0,
                "extras": 0,
                "total": 0
              }
            },
            {
              "batter": "Tanzid Hasan",
              "bowler": "Abu Hider",
              "non_striker": "Shahadat Hossain",
              "runs": {
                "batter": 0,
                "extras": 0,
                "total": 0
              }
            },
            {
              "batter": "Tanzid Hasan",
              "bowler": "Abu Hider",
              "non_striker": "Shahadat Hossain",
              "runs": {
                "batter": 0,
                "extras": 0,
                "total": 0
              },
              "wickets": [
                {
                  "player_out": "Tanzid Hasan",
                  "fielders": [
                    {
                      "name": "Ibrahim Zadran"
                    }
                  ],
                  "kind": "caught"
                }
              ]
            }
          ]
        },
        {
          "over": 4,
          "deliveries": [
            {
              "batter": "Shahadat Hossain",
              "bowler": "Nasum Ahmed",
              "non_striker": "Shubham Ranjane",
              "runs": {
                "batter": 0,
                "extras": 0,
                "total": 0
              }
            },
            {
              "batter": "Shahadat Hossain",
              "bowler": "Nasum Ahmed",
              "non_striker": "Shubham Ranjane",
              "runs": {
                "batter": 1,
                "extras": 0,
                "total": 1
              }
            },
            {
              "batter": "Shubham Ranjane",
              "bowler": "Nasum Ahmed",
              "non_striker": "Shahadat Hossain",
              "runs": {
                "batter": 0,
                "extras": 0,
                "total": 0
              }
            },
            {
              "batter": "Shubham Ranjane",
              "bowler": "Nasum Ahmed",
              "non_striker": "Shahadat Hossain",
              "runs": {
                "batter": 0,
                "extras": 0,
                "total": 0
              }
            },
            {
              "batter": "Shubham Ranjane",
              "bowler": "Nasum Ahmed",
              "non_striker": "Shahadat Hossain",
              "runs": {
                "batter": 0,
                "extras": 0,
                "total": 0
              }
            },
            {
              "batter": "Shubham Ranjane",
              "bowler": "Nasum Ahmed",
              "non_striker": "Shahadat Hossain",
              "runs": {
                "batter": 0,
                "extras": 0,
                "total": 0
              }
            }
          ]
        },
        {
          "over": 5,
          "deliveries": [
            {
              "batter": "Shahadat Hossain",
              "bowler": "Abu Hider",
              "non_striker": "Shubham Ranjane",
              "runs": {
                "batter": 0,
                "extras": 0,
                "total": 0
              },
              "wickets": [
                {
                  "player_out": "Shahadat Hossain",
                  "fielders": [
                    {
                      "name": "Nasum Ahmed"
                    }
                  ],
                  "kind": "caught"
                }
              ]
            },
            {
              "batter": "NLTC Perera",
              "bowler": "Abu Hider",
              "non_striker": "Shubham Ranjane",
              "runs": {
                "batter": 0,
                "extras": 0,
                "total": 0
              }
            },
            {
              "batter": "NLTC Perera",
              "bowler": "Abu Hider",
              "non_striker": "Shubham Ranjane",
              "runs": {
                "batter": 4,
                "extras": 0,
                "total": 4
              }
            },
            {
              "batter": "NLTC Perera",
              "bowler": "Abu Hider",
              "non_striker": "Shubham Ranjane",
              "runs": {
                "batter": 0,
                "extras": 0,
                "total": 0
              }
            },
            {
              "batter": "NLTC Perera",
              "bowler": "Abu Hider",
              "non_striker": "Shubham Ranjane",
              "runs": {
                "batter": 1,
                "extras": 0,
                "total": 1
              }
            },
            {
              "batter": "Shubham Ranjane",
              "bowler": "Abu Hider",
              "non_striker": "NLTC Perera",
              "runs": {
                "batter": 0,
                "extras": 0,
                "total": 0
              }
            }
          ]
        },
        {
          "over": 6,
          "deliveries": [
            {
              "batter": "NLTC Perera",
              "bowler": "Mehedi Hasan Miraz",
              "non_striker": "Shubham Ranjane",
              "runs": {
                "batter": 0,
                "extras": 0,
                "total": 0
              }
            },
            {
              "batter": "NLTC Perera",
              "bowler": "Mehedi Hasan Miraz",
              "non_striker": "Shubham Ranjane",
              "review": {
                "by": "Khulna Tigers",
                "umpire": "RR Wimalasiri",
                "batter": "NLTC Perera",
                "decision": "struck down",
                "type": "wicket"
              },
              "runs": {
                "batter": 0,
                "extras": 0,
                "total": 0
              }
            },
            {
              "batter": "NLTC Perera",
              "bowler": "Mehedi Hasan Miraz",
              "non_striker": "Shubham Ranjane",
              "runs": {
                "batter": 0,
                "extras": 0,
                "total": 0
              }
            },
            {
              "batter": "NLTC Perera",
              "bowler": "Mehedi Hasan Miraz",
              "non_striker": "Shubham Ranjane",
              "runs": {
                "batter": 0,
                "extras": 0,
                "total": 0
              }
            },
            {
              "batter": "NLTC Perera",
              "bowler": "Mehedi Hasan Miraz",
              "non_striker": "Shubham Ranjane",
              "runs": {
                "batter": 0,
                "extras": 0,
                "total": 0
              }
            },
            {
              "batter": "NLTC Perera",
              "bowler": "Mehedi Hasan Miraz",
              "non_striker": "Shubham Ranjane",
              "runs": {
                "batter": 0,
                "extras": 0,
                "total": 0
              }
            }
          ]
        },
        {
          "over": 7,
          "deliveries": [
            {
              "batter": "Shubham Ranjane",
              "bowler": "Hasan Mahmud",
              "non_striker": "NLTC Perera",
              "runs": {
                "batter": 0,
                "extras": 0,
                "total": 0
              }
            },
            {
              "batter": "Shubham Ranjane",
              "bowler": "Hasan Mahmud",
              "non_striker": "NLTC Perera",
              "runs": {
                "batter": 1,
                "extras": 0,
                "total": 1
              }
            },
            {
              "batter": "NLTC Perera",
              "bowler": "Hasan Mahmud",
              "extras": {
                "legbyes": 1
              },
              "non_striker": "Shubham Ranjane",
              "runs": {
                "batter": 0,
                "extras": 1,
                "total": 1
              }
            },
            {
              "batter": "Shubham Ranjane",
              "bowler": "Hasan Mahmud",
              "non_striker": "NLTC Perera",
              "runs": {
                "batter": 4,
                "extras": 0,
                "total": 4
              }
            },
            {
              "batter": "Shubham Ranjane",
              "bowler": "Hasan Mahmud",
              "non_striker": "NLTC Perera",
              "runs": {
                "batter": 1,
                "extras": 0,
                "total": 1
              }
            },
            {
              "batter": "NLTC Perera",
              "bowler": "Hasan Mahmud",
              "non_striker": "Shubham Ranjane",
              "runs": {
                "batter": 1,
                "extras": 0,
                "total": 1
              }
            }
          ]
        },
        {
          "over": 8,
          "deliveries": [
            {
              "batter": "NLTC Perera",
              "bowler": "Mehedi Hasan Miraz",
              "non_striker": "Shubham Ranjane",
              "runs": {
                "batter": 0,
                "extras": 0,
                "total": 0
              }
            },
            {
              "batter": "NLTC Perera",
              "bowler": "Mehedi Hasan Miraz",
              "non_striker": "Shubham Ranjane",
              "runs": {
                "batter": 0,
                "extras": 0,
                "total": 0
              }
            },
            {
              "batter": "NLTC Perera",
              "bowler": "Mehedi Hasan Miraz",
              "non_striker": "Shubham Ranjane",
              "runs": {
                "batter": 0,
                "extras": 0,
                "total": 0
              }
            },
            {
              "batter": "NLTC Perera",
              "bowler": "Mehedi Hasan Miraz",
              "non_striker": "Shubham Ranjane",
              "runs": {
                "batter": 1,
                "extras": 0,
                "total": 1
              }
            },
            {
              "batter": "Shubham Ranjane",
              "bowler": "Mehedi Hasan Miraz",
              "non_striker": "NLTC Perera",
              "review": {
                "by": "Dhaka Capital",
                "umpire": "RR Wimalasiri",
                "batter": "Shubham Ranjane",
                "decision": "struck down",
                "type": "wicket"
              },
              "runs": {
                "batter": 0,
                "extras": 0,
                "total": 0
              },
              "wickets": [
                {
                  "player_out": "Shubham Ranjane",
                  "kind": "lbw"
                }
              ]
            },
            {
              "batter": "Alauddin Babu",
              "bowler": "Mehedi Hasan Miraz",
              "non_striker": "NLTC Perera",
              "runs": {
                "batter": 0,
                "extras": 0,
                "total": 0
              }
            }
          ]
        },
        {
          "over": 9,
          "deliveries": [
            {
              "batter": "NLTC Perera",
              "bowler": "Ziaur Rahman",
              "non_striker": "Alauddin Babu",
              "runs": {
                "batter": 1,
                "extras": 0,
                "total": 1
              }
            },
            {
              "batter": "Alauddin Babu",
              "bowler": "Ziaur Rahman",
              "non_striker": "NLTC Perera",
              "runs": {
                "batter": 0,
                "extras": 0,
                "total": 0
              }
            },
            {
              "batter": "Alauddin Babu",
              "bowler": "Ziaur Rahman",
              "non_striker": "NLTC Perera",
              "runs": {
                "batter": 0,
                "extras": 0,
                "total": 0
              },
              "wickets": [
                {
                  "player_out": "Alauddin Babu",
                  "fielders": [
                    {
                      "name": "Mahidul Islam Ankon"
                    }
                  ],
                  "kind": "caught"
                }
              ]
            },
            {
              "batter": "PC de Silva",
              "bowler": "Ziaur Rahman",
              "extras": {
                "wides": 1
              },
              "non_striker": "NLTC Perera",
              "runs": {
                "batter": 0,
                "extras": 1,
                "total": 1
              }
            },
            {
              "batter": "PC de Silva",
              "bowler": "Ziaur Rahman",
              "non_striker": "NLTC Perera",
              "runs": {
                "batter": 1,
                "extras": 0,
                "total": 1
              }
            },
            {
              "batter": "NLTC Perera",
              "bowler": "Ziaur Rahman",
              "non_striker": "PC de Silva",
              "runs": {
                "batter": 2,
                "extras": 0,
                "total": 2
              }
            },
            {
              "batter": "NLTC Perera",
              "bowler": "Ziaur Rahman",
              "non_striker": "PC de Silva",
              "runs": {
                "batter": 1,
                "extras": 0,
                "total": 1
              }
            }
          ]
        },
        {
          "over": 10,
          "deliveries": [
            {
              "batter": "NLTC Perera",
              "bowler": "WG Bosisto",
              "non_striker": "PC de Silva",
              "runs": {
                "batter": 1,
                "extras": 0,
                "total": 1
              }
            },
            {
              "batter": "PC de Silva",
              "bowler": "WG Bosisto",
              "non_striker": "NLTC Perera",
              "runs": {
                "batter": 1,
                "extras": 0,
                "total": 1
              }
            },
            {
              "batter": "NLTC Perera",
              "bowler": "WG Bosisto",
              "non_striker": "PC de Silva",
              "runs": {
                "batter": 6,
                "extras": 0,
                "total": 6
              }
            },
            {
              "batter": "NLTC Perera",
              "bowler": "WG Bosisto",
              "non_striker": "PC de Silva",
              "runs": {
                "batter": 0,
                "extras": 0,
                "total": 0
              }
            },
            {
              "batter": "NLTC Perera",
              "bowler": "WG Bosisto",
              "non_striker": "PC de Silva",
              "runs": {
                "batter": 1,
                "extras": 0,
                "total": 1
              }
            },
            {
              "batter": "PC de Silva",
              "bowler": "WG Bosisto",
              "non_striker": "NLTC Perera",
              "runs": {
                "batter": 1,
                "extras": 0,
                "total": 1
              }
            }
          ]
        },
        {
          "over": 11,
          "deliveries": [
            {
              "batter": "PC de Silva",
              "bowler": "Ziaur Rahman",
              "non_striker": "NLTC Perera",
              "runs": {
                "batter": 0,
                "extras": 0,
                "total": 0
              }
            },
            {
              "batter": "PC de Silva",
              "bowler": "Ziaur Rahman",
              "non_striker": "NLTC Perera",
              "runs": {
                "batter": 1,
                "extras": 0,
                "total": 1
              }
            },
            {
              "batter": "NLTC Perera",
              "bowler": "Ziaur Rahman",
              "non_striker": "PC de Silva",
              "runs": {
                "batter": 2,
                "extras": 0,
                "total": 2
              }
            },
            {
              "batter": "NLTC Perera",
              "bowler": "Ziaur Rahman",
              "non_striker": "PC de Silva",
              "runs": {
                "batter": 4,
                "extras": 0,
                "total": 4
              }
            },
            {
              "batter": "NLTC Perera",
              "bowler": "Ziaur Rahman",
              "non_striker": "PC de Silva",
              "runs": {
                "batter": 0,
                "extras": 0,
                "total": 0
              }
            },
            {
              "batter": "NLTC Perera",
              "bowler": "Ziaur Rahman",
              "non_striker": "PC de Silva",
              "runs": {
                "batter": 1,
                "extras": 0,
                "total": 1
              }
            }
          ]
        },
        {
          "over": 12,
          "deliveries": [
            {
              "batter": "NLTC Perera",
              "bowler": "Mehedi Hasan Miraz",
              "non_striker": "PC de Silva",
              "runs": {
                "batter": 0,
                "extras": 0,
                "total": 0
              }
            },
            {
              "batter": "NLTC Perera",
              "bowler": "Mehedi Hasan Miraz",
              "non_striker": "PC de Silva",
              "runs": {
                "batter": 1,
                "extras": 0,
                "total": 1
              }
            },
            {
              "batter": "PC de Silva",
              "bowler": "Mehedi Hasan Miraz",
              "non_striker": "NLTC Perera",
              "runs": {
                "batter": 1,
                "extras": 0,
                "total": 1
              }
            },
            {
              "batter": "NLTC Perera",
              "bowler": "Mehedi Hasan Miraz",
              "non_striker": "PC de Silva",
              "runs": {
                "batter": 0,
                "extras": 0,
                "total": 0
              }
            },
            {
              "batter": "NLTC Perera",
              "bowler": "Mehedi Hasan Miraz",
              "non_striker": "PC de Silva",
              "runs": {
                "batter": 1,
                "extras": 0,
                "total": 1
              }
            },
            {
              "batter": "PC de Silva",
              "bowler": "Mehedi Hasan Miraz",
              "non_striker": "NLTC Perera",
              "runs": {
                "batter": 1,
                "extras": 0,
                "total": 1
              }
            }
          ]
        },
        {
          "over": 13,
          "deliveries": [
            {
              "batter": "PC de Silva",
              "bowler": "Hasan Mahmud",
              "non_striker": "NLTC Perera",
              "runs": {
                "batter": 0,
                "extras": 0,
                "total": 0
              }
            },
            {
              "batter": "PC de Silva",
              "bowler": "Hasan Mahmud",
              "non_striker": "NLTC Perera",
              "runs": {
                "batter": 0,
                "extras": 0,
                "total": 0
              }
            },
            {
              "batter": "PC de Silva",
              "bowler": "Hasan Mahmud",
              "non_striker": "NLTC Perera",
              "runs": {
                "batter": 0,
                "extras": 0,
                "total": 0
              }
            },
            {
              "batter": "PC de Silva",
              "bowler": "Hasan Mahmud",
              "non_striker": "NLTC Perera",
              "runs": {
                "batter": 1,
                "extras": 0,
                "total": 1
              }
            },
            {
              "batter": "NLTC Perera",
              "bowler": "Hasan Mahmud",
              "extras": {
                "wides": 1
              },
              "non_striker": "PC de Silva",
              "runs": {
                "batter": 0,
                "extras": 1,
                "total": 1
              }
            },
            {
              "batter": "NLTC Perera",
              "bowler": "Hasan Mahmud",
              "non_striker": "PC de Silva",
              "runs": {
                "batter": 1,
                "extras": 0,
                "total": 1
              }
            },
            {
              "batter": "PC de Silva",
              "bowler": "Hasan Mahmud",
              "non_striker": "NLTC Perera",
              "runs": {
                "batter": 0,
                "extras": 0,
                "total": 0
              }
            }
          ]
        },
        {
          "over": 14,
          "deliveries": [
            {
              "batter": "NLTC Perera",
              "bowler": "Abu Hider",
              "non_striker": "PC de Silva",
              "runs": {
                "batter": 4,
                "extras": 0,
                "total": 4
              }
            },
            {
              "batter": "NLTC Perera",
              "bowler": "Abu Hider",
              "non_striker": "PC de Silva",
              "runs": {
                "batter": 6,
                "extras": 0,
                "total": 6
              }
            },
            {
              "batter": "NLTC Perera",
              "bowler": "Abu Hider",
              "non_striker": "PC de Silva",
              "runs": {
                "batter": 6,
                "extras": 0,
                "total": 6
              }
            },
            {
              "batter": "NLTC Perera",
              "bowler": "Abu Hider",
              "non_striker": "PC de Silva",
              "runs": {
                "batter": 0,
                "extras": 0,
                "total": 0
              }
            },
            {
              "batter": "NLTC Perera",
              "bowler": "Abu Hider",
              "non_striker": "PC de Silva",
              "runs": {
                "batter": 0,
                "extras": 0,
                "total": 0
              }
            },
            {
              "batter": "NLTC Perera",
              "bowler": "Abu Hider",
              "non_striker": "PC de Silva",
              "runs": {
                "batter": 1,
                "extras": 0,
                "total": 1
              }
            }
          ]
        },
        {
          "over": 15,
          "deliveries": [
            {
              "batter": "NLTC Perera",
              "bowler": "Ziaur Rahman",
              "non_striker": "PC de Silva",
              "runs": {
                "batter": 4,
                "extras": 0,
                "total": 4
              }
            },
            {
              "batter": "NLTC Perera",
              "bowler": "Ziaur Rahman",
              "non_striker": "PC de Silva",
              "runs": {
                "batter": 1,
                "extras": 0,
                "total": 1
              }
            },
            {
              "batter": "PC de Silva",
              "bowler": "Ziaur Rahman",
              "non_striker": "NLTC Perera",
              "runs": {
                "batter": 1,
                "extras": 0,
                "total": 1
              }
            },
            {
              "batter": "NLTC Perera",
              "bowler": "Ziaur Rahman",
              "extras": {
                "wides": 1
              },
              "non_striker": "PC de Silva",
              "runs": {
                "batter": 0,
                "extras": 1,
                "total": 1
              }
            },
            {
              "batter": "NLTC Perera",
              "bowler": "Ziaur Rahman",
              "non_striker": "PC de Silva",
              "runs": {
                "batter": 1,
                "extras": 0,
                "total": 1
              }
            },
            {
              "batter": "PC de Silva",
              "bowler": "Ziaur Rahman",
              "non_striker": "NLTC Perera",
              "runs": {
                "batter": 0,
                "extras": 0,
                "total": 0
              }
            },
            {
              "batter": "PC de Silva",
              "bowler": "Ziaur Rahman",
              "non_striker": "NLTC Perera",
              "runs": {
                "batter": 0,
                "extras": 0,
                "total": 0
              }
            }
          ]
        },
        {
          "over": 16,
          "deliveries": [
            {
              "batter": "NLTC Perera",
              "bowler": "Abu Hider",
              "non_striker": "PC de Silva",
              "runs": {
                "batter": 6,
                "extras": 0,
                "total": 6
              }
            },
            {
              "batter": "NLTC Perera",
              "bowler": "Abu Hider",
              "non_striker": "PC de Silva",
              "runs": {
                "batter": 1,
                "extras": 0,
                "total": 1
              }
            },
            {
              "batter": "PC de Silva",
              "bowler": "Abu Hider",
              "non_striker": "NLTC Perera",
              "runs": {
                "batter": 1,
                "extras": 0,
                "total": 1
              }
            },
            {
              "batter": "NLTC Perera",
              "bowler": "Abu Hider",
              "non_striker": "PC de Silva",
              "runs": {
                "batter": 6,
                "extras": 0,
                "total": 6
              }
            },
            {
              "batter": "NLTC Perera",
              "bowler": "Abu Hider",
              "non_striker": "PC de Silva",
              "runs": {
                "batter": 4,
                "extras": 0,
                "total": 4
              }
            },
            {
              "batter": "NLTC Perera",
              "bowler": "Abu Hider",
              "non_striker": "PC de Silva",
              "runs": {
                "batter": 0,
                "extras": 0,
                "total": 0
              }
            }
          ]
        },
        {
          "over": 17,
          "deliveries": [
            {
              "batter": "PC de Silva",
              "bowler": "Ziaur Rahman",
              "non_striker": "NLTC Perera",
              "runs": {
                "batter": 1,
                "extras": 0,
                "total": 1
              }
            },
            {
              "batter": "NLTC Perera",
              "bowler": "Ziaur Rahman",
              "non_striker": "PC de Silva",
              "runs": {
                "batter": 1,
                "extras": 0,
                "total": 1
              }
            },
            {
              "batter": "PC de Silva",
              "bowler": "Ziaur Rahman",
              "non_striker": "NLTC Perera",
              "runs": {
                "batter": 0,
                "extras": 0,
                "total": 0
              }
            },
            {
              "batter": "PC de Silva",
              "bowler": "Ziaur Rahman",
              "non_striker": "NLTC Perera",
              "runs": {
                "batter": 1,
                "extras": 0,
                "total": 1
              }
            },
            {
              "batter": "NLTC Perera",
              "bowler": "Ziaur Rahman",
              "extras": {
                "wides": 1
              },
              "non_striker": "PC de Silva",
              "runs": {
                "batter": 0,
                "extras": 1,
                "total": 1
              }
            },
            {
              "batter": "NLTC Perera",
              "bowler": "Ziaur Rahman",
              "non_striker": "PC de Silva",
              "runs": {
                "batter": 6,
                "extras": 0,
                "total": 6
              }
            },
            {
              "batter": "NLTC Perera",
              "bowler": "Ziaur Rahman",
              "extras": {
                "wides": 1
              },
              "non_striker": "PC de Silva",
              "runs": {
                "batter": 0,
                "extras": 1,
                "total": 1
              }
            },
            {
              "batter": "NLTC Perera",
              "bowler": "Ziaur Rahman",
              "non_striker": "PC de Silva",
              "runs": {
                "batter": 1,
                "extras": 0,
                "total": 1
              }
            }
          ]
        },
        {
          "over": 18,
          "deliveries": [
            {
              "batter": "NLTC Perera",
              "bowler": "Hasan Mahmud",
              "non_striker": "PC de Silva",
              "runs": {
                "batter": 4,
                "extras": 0,
                "total": 4
              }
            },
            {
              "batter": "NLTC Perera",
              "bowler": "Hasan Mahmud",
              "non_striker": "PC de Silva",
              "runs": {
                "batter": 4,
                "extras": 0,
                "total": 4
              }
            },
            {
              "batter": "NLTC Perera",
              "bowler": "Hasan Mahmud",
              "non_striker": "PC de Silva",
              "runs": {
                "batter": 0,
                "extras": 0,
                "total": 0
              }
            },
            {
              "batter": "NLTC Perera",
              "bowler": "Hasan Mahmud",
              "non_striker": "PC de Silva",
              "runs": {
                "batter": 2,
                "extras": 0,
                "total": 2
              }
            },
            {
              "batter": "NLTC Perera",
              "bowler": "Hasan Mahmud",
              "non_striker": "PC de Silva",
              "runs": {
                "batter": 0,
                "extras": 0,
                "total": 0
              }
            },
            {
              "batter": "NLTC Perera",
              "bowler": "Hasan Mahmud",
              "non_striker": "PC de Silva",
              "runs": {
                "batter": 1,
                "extras": 0,
                "total": 1
              }
            }
          ]
        },
        {
          "over": 19,
          "deliveries": [
            {
              "batter": "NLTC Perera",
              "bowler": "WG Bosisto",
              "non_striker": "PC de Silva",
              "runs": {
                "batter": 1,
                "extras": 0,
                "total": 1
              }
            },
            {
              "batter": "PC de Silva",
              "bowler": "WG Bosisto",
              "extras": {
                "legbyes": 1
              },
              "non_striker": "NLTC Perera",
              "runs": {
                "batter": 0,
                "extras": 1,
                "total": 1
              }
            },
            {
              "batter": "NLTC Perera",
              "bowler": "WG Bosisto",
              "non_striker": "PC de Silva",
              "runs": {
                "batter": 6,
                "extras": 0,
                "total": 6
              }
            },
            {
              "batter": "NLTC Perera",
              "bowler": "WG Bosisto",
              "non_striker": "PC de Silva",
              "runs": {
                "batter": 4,
                "extras": 0,
                "total": 4
              }
            },
            {
              "batter": "NLTC Perera",
              "bowler": "WG Bosisto",
              "non_striker": "PC de Silva",
              "review": {
                "by": "Khulna Tigers",
                "umpire": "Gazi Sohel",
                "batter": "NLTC Perera",
                "decision": "struck down",
                "type": "wicket"
              },
              "runs": {
                "batter": 0,
                "extras": 0,
                "total": 0
              }
            },
            {
              "batter": "NLTC Perera",
              "bowler": "WG Bosisto",
              "non_striker": "PC de Silva",
              "runs": {
                "batter": 4,
                "extras": 0,
                "total": 4
              }
            }
          ]
        }
      ],
      "powerplays": [
        {
          "from": 0.1,
          "to": 5.6,
          "type": "mandatory"
        }
      ],
      "target": {
        "overs": 20,
        "runs": 174
      }
    }
  ]
}