{
  "meta": {
    "data_version": "1.1.0",
    "created": "2025-01-10",
    "revision": 1
  },
  "info": {
    "balls_per_over": 6,
    "city": "Sylhet",
    "dates": [
      "2025-01-10"
    ],
    "event": {
      "name": "Bangladesh Premier League",
      "match_number": 15
    },
    "gender": "male",
    "match_type": "T20",
    "officials": {
      "match_referees": [
        "Debabrata Paul"
      ],
      "reserve_umpires": [
        "Sajedul Islam"
      ],
      "tv_umpires": [
        "Morshed Ali Khan"
      ],
      "umpires": [
        "RR Wimalasiri",
        "Tanvir Ahmed"
      ]
    },
    "outcome": {
      "winner": "Durbar Rajshahi",
      "by": {
        "runs": 28
      }
    },
    "overs": 20,
    "player_of_match": [
      "RP Burl"
    ],
    "players": {
      "Durbar Rajshahi": [
        "Mohammad Haris",
        "Jishan Alam",
        "Anamul Haque",
        "SM Meherob",
        "Yasir Ali Chowdhury",
        "RP Burl",
        "Akbar Ali",
        "Sohag Gazi",
        "Taskin Ahmed",
        "Shafiul Islam",
        "Mrittunjoy Chowdhury"
      ],
      "Khulna Tigers": [
        "WG Bosisto",
        "Mohammad Naim",
        "Mehedi Hasan Miraz",
        "Afif Hossain",
        "Mahidul Islam Ankon",
        "Imrul Kayes",
        "Abu Hider",
        "Mohammad Nawaz",
        "Nasum Ahmed",
        "Hasan Mahmud",
        "Salman Irshad"
      ]
    },
    "registry": {
      "people": {
        "Abu Hider": "31803fac",
        "Afif Hossain": "37138918",
        "Akbar Ali": "abae26ad",
        "Anamul Haque": "72b245dd",
        "Debabrata Paul": "a77f51d0",
        "Hasan Mahmud": "80ad39ac",
        "Hasan Murad": "da9f58aa",
        "Imrul Kayes": "5fbe14fc",
        "Jishan Alam": "86e22dd4",
        "Mahidul Islam Ankon": "dac6aabc",
        "Mehedi Hasan Miraz": "c58b0108",
        "Mohammad Haris": "ff3f6fc1",
        "Mohammad Naim": "7923a51d",
        "Mohammad Nawaz": "3086f7a4",
        "Morshed Ali Khan": "a7c3cf5f",
        "Mrittunjoy Chowdhury": "21b97584",
        "Nasum Ahmed": "37654b75",
        "RP Burl": "b08252b8",
        "RR Wimalasiri": "4950c8db",
        "SM Meherob": "f146c339",
        "Sajedul Islam": "0443414a",
        "Salman Irshad": "30afc92b",
        "Shafiul Islam": "1a8eebbe",
        "Sohag Gazi": "5a4c12ab",
        "Tanvir Ahmed": "ea2df1f1",
        "Taskin Ahmed": "ef18b66e",
        "WG Bosisto": "04ef663a",
        "Yasir Ali Chowdhury": "5791b840"
      }
    },
    "season": "2024/25",
    "team_type": "club",
    "teams": [
      "Durbar Rajshahi",
      "Khulna Tigers"
    ],
    "toss": {
      "decision": "field",
      "winner": "Khulna Tigers"
    },
    "venue": "Sylhet International Cricket Stadium"
  },
  "innings": [
    {
      "team": "Durbar Rajshahi",
      "overs": [
        {
          "over": 0,
          "deliveries": [
            {
              "batter": "Mohammad Haris",
              "bowler": "Nasum Ahmed",
              "non_striker": "Jishan Alam",
              "runs": {
                "batter": 0,
                "extras": 0,
                "total": 0
              }
            },
            {
              "batter": "Mohammad Haris",
              "bowler": "Nasum Ahmed",
              "non_striker": "Jishan Alam",
              "runs": {
                "batter": 0,
                "extras": 0,
                "total": 0
              }
            },
            {
              "batter": "Mohammad Haris",
              "bowler": "Nasum Ahmed",
              "non_striker": "Jishan Alam",
              "runs": {
                "batter": 4,
                "extras": 0,
                "total": 4
              }
            },
            {
              "batter": "Mohammad Haris",
              "bowler": "Nasum Ahmed",
              "non_striker": "Jishan Alam",
              "runs": {
                "batter": 6,
                "extras": 0,
                "total": 6
              }
            },
            {
              "batter": "Mohammad Haris",
              "bowler": "Nasum Ahmed",
              "non_striker": "Jishan Alam",
              "runs": {
                "batter": 0,
                "extras": 0,
                "total": 0
              }
            },
            {
              "batter": "Mohammad Haris",
              "bowler": "Nasum Ahmed",
              "non_striker": "Jishan Alam",
              "review": {
                "by": "Khulna Tigers",
                "umpire": "Tanvir Ahmed",
                "batter": "Mohammad Haris",
                "decision": "struck down",
                "type": "wicket"
              },
              "runs": {
                "batter": 0,
                "extras": 0,
                "total": 0
              }
            }
          ]
        },
        {
          "over": 1,
          "deliveries": [
            {
              "batter": "Jishan Alam",
              "bowler": "Hasan Mahmud",
              "non_striker": "Mohammad Haris",
              "runs": {
                "batter": 0,
                "extras": 0,
                "total": 0
              }
            },
            {
              "batter": "Jishan Alam",
              "bowler": "Hasan Mahmud",
              "non_striker": "Mohammad Haris",
              "runs": {
                "batter": 0,
                "extras": 0,
                "total": 0
              }
            },
            {
              "batter": "Jishan Alam",
              "bowler": "Hasan Mahmud",
              "non_striker": "Mohammad Haris",
              "runs": {
                "batter": 0,
                "extras": 0,
                "total": 0
              }
            },
            {
              "batter": "Jishan Alam",
              "bowler": "Hasan Mahmud",
              "extras": {
                "wides": 1
              },
              "non_striker": "Mohammad Haris",
              "runs": {
                "batter": 0,
                "extras": 1,
                "total": 1
              }
            },
            {
              "batter": "Jishan Alam",
              "bowler": "Hasan Mahmud",
              "non_striker": "Mohammad Haris",
              "runs": {
                "batter": 4,
                "extras": 0,
                "total": 4
              }
            },
            {
              "batter": "Jishan Alam",
              "bowler": "Hasan Mahmud",
              "extras": {
                "wides": 2
              },
              "non_striker": "Mohammad Haris",
              "runs": {
                "batter": 0,
                "extras": 2,
                "total": 2
              }
            },
            {
              "batter": "Mohammad Haris",
              "bowler": "Hasan Mahmud",
              "non_striker": "Jishan Alam",
              "runs": {
                "batter": 0,
                "extras": 0,
                "total": 0
              }
            },
            {
              "batter": "Mohammad Haris",
              "bowler": "Hasan Mahmud",
              "non_striker": "Jishan Alam",
              "runs": {
                "batter": 0,
                "extras": 0,
                "total": 0
              }
            }
          ]
        },
        {
          "over": 2,
          "deliveries": [
            {
              "batter": "Jishan Alam",
              "bowler": "Salman Irshad",
              "non_striker": "Mohammad Haris",
              "runs": {
                "batter": 0,
                "extras": 0,
                "total": 0
              }
            },
            {
              "batter": "Jishan Alam",
              "bowler": "Salman Irshad",
              "non_striker": "Mohammad Haris",
              "runs": {
                "batter": 0,
                "extras": 0,
                "total": 0
              }
            },
            {
              "batter": "Jishan Alam",
              "bowler": "Salman Irshad",
              "non_striker": "Mohammad Haris",
              "runs": {
                "batter": 1,
                "extras": 0,
                "total": 1
              }
            },
            {
              "batter": "Mohammad Haris",
              "bowler": "Salman Irshad",
              "non_striker": "Jishan Alam",
              "runs": {
                "batter": 1,
                "extras": 0,
                "total": 1
              }
            },
            {
              "batter": "Jishan Alam",
              "bowler": "Salman Irshad",
              "non_striker": "Mohammad Haris",
              "runs": {
                "batter": 1,
                "extras": 0,
                "total": 1
              }
            },
            {
              "batter": "Mohammad Haris",
              "bowler": "Salman Irshad",
              "non_striker": "Jishan Alam",
              "runs": {
                "batter": 4,
                "extras": 0,
                "total": 4
              }
            }
          ]
        },
        {
          "over": 3,
          "deliveries": [
            {
              "batter": "Jishan Alam",
              "bowler": "Hasan Mahmud",
              "non_striker": "Mohammad Haris",
              "runs": {
                "batter": 4,
                "extras": 0,
                "total": 4
              }
            },
            {
              "batter": "Jishan Alam",
              "bowler": "Hasan Mahmud",
              "extras": {
                "wides": 1
              },
              "non_striker": "Mohammad Haris",
              "runs": {
                "batter": 0,
                "extras": 1,
                "total": 1
              }
            },
            {
              "batter": "Jishan Alam",
              "bowler": "Hasan Mahmud",
              "non_striker": "Mohammad Haris",
              "runs": {
                "batter": 1,
                "extras": 0,
                "total": 1
              }
            },
            {
              "batter": "Mohammad Haris",
              "bowler": "Hasan Mahmud",
              "non_striker": "Jishan Alam",
              "runs": {
                "batter": 0,
                "extras": 0,
                "total": 0
              }
            },
            {
              "batter": "Mohammad Haris",
              "bowler": "Hasan Mahmud",
              "non_striker": "Jishan Alam",
              "runs": {
                "batter": 0,
                "extras": 0,
                "total": 0
              }
            },
            {
              "batter": "Mohammad Haris",
              "bowler": "Hasan Mahmud",
              "non_striker": "Jishan Alam",
              "runs": {
                "batter": 0,
                "extras": 0,
                "total": 0
              }
            },
            {
              "batter": "Mohammad Haris",
              "bowler": "Hasan Mahmud",
              "non_striker": "Jishan Alam",
              "runs": {
                "batter": 1,
                "extras": 0,
                "total": 1
              }
            }
          ]
        },
        {
          "over": 4,
          "deliveries": [
            {
              "batter": "Mohammad Haris",
              "bowler": "Salman Irshad",
              "non_striker": "Jishan Alam",
              "runs": {
                "batter": 4,
                "extras": 0,
                "total": 4
              }
            },
            {
              "batter": "Mohammad Haris",
              "bowler": "Salman Irshad",
              "non_striker": "Jishan Alam",
              "runs": {
                "batter": 4,
                "extras": 0,
                "total": 4
              }
            },
            {
              "batter": "Mohammad Haris",
              "bowler": "Salman Irshad",
              "non_striker": "Jishan Alam",
              "runs": {
                "batter": 1,
                "extras": 0,
                "total": 1
              }
            },
            {
              "batter": "Jishan Alam",
              "bowler": "Salman Irshad",
              "non_striker": "Mohammad Haris",
              "runs": {
                "batter": 1,
                "extras": 0,
                "total": 1
              }
            },
            {
              "batter": "Mohammad Haris",
              "bowler": "Salman Irshad",
              "non_striker": "Jishan Alam",
              "runs": {
                "batter": 1,
                "extras": 0,
                "total": 1
              }
            },
            {
              "batter": "Jishan Alam",
              "bowler": "Salman Irshad",
              "non_striker": "Mohammad Haris",
              "runs": {
                "batter": 0,
                "extras": 0,
                "total": 0
              }
            }
          ]
        },
        {
          "over": 5,
          "deliveries": [
            {
              "batter": "Mohammad Haris",
              "bowler": "Nasum Ahmed",
              "non_striker": "Jishan Alam",
              "runs": {
                "batter": 1,
                "extras": 0,
                "total": 1
              }
            },
            {
              "batter": "Jishan Alam",
              "bowler": "Nasum Ahmed",
              "non_striker": "Mohammad Haris",
              "runs": {
                "batter": 1,
                "extras": 0,
                "total": 1
              }
            },
            {
              "batter": "Mohammad Haris",
              "bowler": "Nasum Ahmed",
              "non_striker": "Jishan Alam",
              "runs": {
                "batter": 0,
                "extras": 0,
                "total": 0
              },
              "wickets": [
                {
                  "player_out": "Mohammad Haris",
                  "kind": "bowled"
                }
              ]
            },
            {
              "batter": "Anamul Haque",
              "bowler": "Nasum Ahmed",
              "non_striker": "Jishan Alam",
              "runs": {
                "batter": 0,
                "extras": 0,
                "total": 0
              }
            },
            {
              "batter": "Anamul Haque",
              "bowler": "Nasum Ahmed",
              "non_striker": "Jishan Alam",
              "runs": {
                "batter": 0,
                "extras": 0,
                "total": 0
              }
            },
            {
              "batter": "Anamul Haque",
              "bowler": "Nasum Ahmed",
              "non_striker": "Jishan Alam",
              "runs": {
                "batter": 1,
                "extras": 0,
                "total": 1
              }
            }
          ]
        },
        {
          "over": 6,
          "deliveries": [
            {
              "batter": "Anamul Haque",
              "bowler": "Mohammad Nawaz",
              "non_striker": "Jishan Alam",
              "runs": {
                "batter": 0,
                "extras": 0,
                "total": 0
              }
            },
            {
              "batter": "Anamul Haque",
              "bowler": "Mohammad Nawaz",
              "non_striker": "Jishan Alam",
              "runs": {
                "batter": 4,
                "extras": 0,
                "total": 4
              }
            },
            {
              "batter": "Anamul Haque",
              "bowler": "Mohammad Nawaz",
              "non_striker": "Jishan Alam",
              "runs": {
                "batter": 1,
                "extras": 0,
                "total": 1
              }
            },
            {
              "batter": "Jishan Alam",
              "bowler": "Mohammad Nawaz",
              "non_striker": "Anamul Haque",
              "runs": {
                "batter": 1,
                "extras": 0,
                "total": 1
              }
            },
            {
              "batter": "Anamul Haque",
              "bowler": "Mohammad Nawaz",
              "non_striker": "Jishan Alam",
              "runs": {
                "batter": 1,
                "extras": 0,
                "total": 1
              }
            },
            {
              "batter": "Jishan Alam",
              "bowler": "Mohammad Nawaz",
              "non_striker": "Anamul Haque",
              "runs": {
                "batter": 1,
                "extras": 0,
                "total": 1
              }
            }
          ]
        },
        {
          "over": 7,
          "deliveries": [
            {
              "batter": "Jishan Alam",
              "bowler": "Nasum Ahmed",
              "non_striker": "Anamul Haque",
              "runs": {
                "batter": 1,
                "extras": 0,
                "total": 1
              }
            },
            {
              "batter": "Anamul Haque",
              "bowler": "Nasum Ahmed",
              "non_striker": "Jishan Alam",
              "runs": {
                "batter": 0,
                "extras": 0,
                "total": 0
              },
              "wickets": [
                {
                  "player_out": "Anamul Haque",
                  "fielders": [
                    {
                      "name": "Imrul Kayes"
                    }
                  ],
                  "kind": "caught"
                }
              ]
            },
            {
              "batter": "SM Meherob",
              "bowler": "Nasum Ahmed",
              "non_striker": "Jishan Alam",
              "runs": {
                "batter": 0,
                "extras": 0,
                "total": 0
              }
            },
            {
              "batter": "SM Meherob",
              "bowler": "Nasum Ahmed",
              "non_striker": "Jishan Alam",
              "runs": {
                "batter": 1,
                "extras": 0,
                "total": 1
              }
            },
            {
              "batter": "Jishan Alam",
              "bowler": "Nasum Ahmed",
              "non_striker": "SM Meherob",
              "runs": {
                "batter": 1,
                "extras": 0,
                "total": 1
              }
            },
            {
              "batter": "SM Meherob",
              "bowler": "Nasum Ahmed",
              "non_striker": "Jishan Alam",
              "runs": {
                "batter": 4,
                "extras": 0,
                "total": 4
              }
            }
          ]
        },
        {
          "over": 8,
          "deliveries": [
            {
              "batter": "Jishan Alam",
              "bowler": "Mehedi Hasan Miraz",
              "non_striker": "SM Meherob",
              "runs": {
                "batter": 1,
                "extras": 0,
                "total": 1
              }
            },
            {
              "batter": "SM Meherob",
              "bowler": "Mehedi Hasan Miraz",
              "non_striker": "Jishan Alam",
              "runs": {
                "batter": 0,
                "extras": 0,
                "total": 0
              }
            },
            {
              "batter": "SM Meherob",
              "bowler": "Mehedi Hasan Miraz",
              "non_striker": "Jishan Alam",
              "runs": {
                "batter": 0,
                "extras": 0,
                "total": 0
              }
            },
            {
              "batter": "SM Meherob",
              "bowler": "Mehedi Hasan Miraz",
              "non_striker": "Jishan Alam",
              "runs": {
                "batter": 0,
                "extras": 0,
                "total": 0
              }
            },
            {
              "batter": "SM Meherob",
              "bowler": "Mehedi Hasan Miraz",
              "non_striker": "Jishan Alam",
              "runs": {
                "batter": 0,
                "extras": 0,
                "total": 0
              },
              "wickets": [
                {
                  "player_out": "SM Meherob",
                  "kind": "bowled"
                }
              ]
            },
            {
              "batter": "Yasir Ali Chowdhury",
              "bowler": "Mehedi Hasan Miraz",
              "non_striker": "Jishan Alam",
              "runs": {
                "batter": 0,
                "extras": 0,
                "total": 0
              }
            }
          ]
        },
        {
          "over": 9,
          "deliveries": [
            {
              "batter": "Jishan Alam",
              "bowler": "Mohammad Nawaz",
              "non_striker": "Yasir Ali Chowdhury",
              "runs": {
                "batter": 0,
                "extras": 0,
                "total": 0
              }
            },
            {
              "batter": "Jishan Alam",
              "bowler": "Mohammad Nawaz",
              "non_striker": "Yasir Ali Chowdhury",
              "runs": {
                "batter": 1,
                "extras": 0,
                "total": 1
              }
            },
            {
              "batter": "Yasir Ali Chowdhury",
              "bowler": "Mohammad Nawaz",
              "non_striker": "Jishan Alam",
              "runs": {
                "batter": 1,
                "extras": 0,
                "total": 1
              }
            },
            {
              "batter": "Jishan Alam",
              "bowler": "Mohammad Nawaz",
              "non_striker": "Yasir Ali Chowdhury",
              "runs": {
                "batter": 4,
                "extras": 0,
                "total": 4
              }
            },
            {
              "batter": "Jishan Alam",
              "bowler": "Mohammad Nawaz",
              "non_striker": "Yasir Ali Chowdhury",
              "runs": {
                "batter": 0,
                "extras": 0,
                "total": 0
              },
              "wickets": [
                {
                  "player_out": "Jishan Alam",
                  "fielders": [
                    {
                      "name": "Mohammad Naim"
                    }
                  ],
                  "kind": "caught"
                }
              ]
            },
            {
              "batter": "RP Burl",
              "bowler": "Mohammad Nawaz",
              "non_striker": "Yasir Ali Chowdhury",
              "runs": {
                "batter": 0,
                "extras": 0,
                "total": 0
              }
            }
          ]
        },
        {
          "over": 10,
          "deliveries": [
            {
              "batter": "Yasir Ali Chowdhury",
              "bowler": "Abu Hider",
              "non_striker": "RP Burl",
              "runs": {
                "batter": 0,
                "extras": 0,
                "total": 0
              }
            },
            {
              "batter": "Yasir Ali Chowdhury",
              "bowler": "Abu Hider",
              "non_striker": "RP Burl",
              "runs": {
                "batter": 4,
                "extras": 0,
                "total": 4
              }
            },
            {
              "batter": "Yasir Ali Chowdhury",
              "bowler": "Abu Hider",
              "non_striker": "RP Burl",
              "runs": {
                "batter": 4,
                "extras": 0,
                "total": 4
              }
            },
            {
              "batter": "Yasir Ali Chowdhury",
              "bowler": "Abu Hider",
              "non_striker": "RP Burl",
              "runs": {
                "batter": 1,
                "extras": 0,
                "total": 1
              }
            },
            {
              "batter": "RP Burl",
              "bowler": "Abu Hider",
              "non_striker": "Yasir Ali Chowdhury",
              "runs": {
                "batter": 1,
                "extras": 0,
                "total": 1
              }
            },
            {
              "batter": "Yasir Ali Chowdhury",
              "bowler": "Abu Hider",
              "non_striker": "RP Burl",
              "runs": {
                "batter": 1,
                "extras": 0,
                "total": 1
              }
            }
          ]
        },
        {
          "over": 11,
          "deliveries": [
            {
              "batter": "Yasir Ali Chowdhury",
              "bowler": "Mohammad Nawaz",
              "non_striker": "RP Burl",
              "runs": {
                "batter": 1,
                "extras": 0,
                "total": 1
              }
            },
            {
              "batter": "RP Burl",
              "bowler": "Mohammad Nawaz",
              "non_striker": "Yasir Ali Chowdhury",
              "runs": {
                "batter": 1,
                "extras": 0,
                "total": 1
              }
            },
            {
              "batter": "Yasir Ali Chowdhury",
              "bowler": "Mohammad Nawaz",
              "non_striker": "RP Burl",
              "runs": {
                "batter": 1,
                "extras": 0,
                "total": 1
              }
            },
            {
              "batter": "RP Burl",
              "bowler": "Mohammad Nawaz",
              "non_striker": "Yasir Ali Chowdhury",
              "runs": {
                "batter": 4,
                "extras": 0,
                "total": 4
              }
            },
            {
              "batter": "RP Burl",
              "bowler": "Mohammad Nawaz",
              "non_striker": "Yasir Ali Chowdhury",
              "runs": {
                "batter": 0,
                "extras": 0,
                "total": 0
              }
            },
            {
              "batter": "RP Burl",
              "bowler": "Mohammad Nawaz",
              "non_striker": "Yasir Ali Chowdhury",
              "runs": {
                "batter": 6,
                "extras": 0,
                "total": 6
              }
            }
          ]
        },
        {
          "over": 12,
          "deliveries": [
            {
              "batter": "Yasir Ali Chowdhury",
              "bowler": "Abu Hider",
              "non_striker": "RP Burl",
              "runs": {
                "batter": 1,
                "extras": 0,
                "total": 1
              }
            },
            {
              "batter": "RP Burl",
              "bowler": "Abu Hider",
              "non_striker": "Yasir Ali Chowdhury",
              "runs": {
                "batter": 1,
                "extras": 0,
                "total": 1
              }
            },
            {
              "batter": "Yasir Ali Chowdhury",
              "bowler": "Abu Hider",
              "non_striker": "RP Burl",
              "runs": {
                "batter": 1,
                "extras": 0,
                "total": 1
              }
            },
            {
              "batter": "RP Burl",
              "bowler": "Abu Hider",
              "non_striker": "Yasir Ali Chowdhury",
              "runs": {
                "batter": 1,
                "extras": 0,
                "total": 1
              }
            },
            {
              "batter": "Yasir Ali Chowdhury",
              "bowler": "Abu Hider",
              "non_striker": "RP Burl",
              "runs": {
                "batter": 2,
                "extras": 0,
                "total": 2
              }
            },
            {
              "batter": "Yasir Ali Chowdhury",
              "bowler": "Abu Hider",
              "non_striker": "RP Burl",
              "runs": {
                "batter": 1,
                "extras": 0,
                "total": 1
              }
            }
          ]
        },
        {
          "over": 13,
          "deliveries": [
            {
              "batter": "Yasir Ali Chowdhury",
              "bowler": "Mehedi Hasan Miraz",
              "non_striker": "RP Burl",
              "runs": {
                "batter": 1,
                "extras": 0,
                "total": 1
              }
            },
            {
              "batter": "RP Burl",
              "bowler": "Mehedi Hasan Miraz",
              "non_striker": "Yasir Ali Chowdhury",
              "runs": {
                "batter": 0,
                "extras": 0,
                "total": 0
              }
            },
            {
              "batter": "RP Burl",
              "bowler": "Mehedi Hasan Miraz",
              "non_striker": "Yasir Ali Chowdhury",
              "runs": {
                "batter": 0,
                "extras": 0,
                "total": 0
              }
            },
            {
              "batter": "RP Burl",
              "bowler": "Mehedi Hasan Miraz",
              "non_striker": "Yasir Ali Chowdhury",
              "runs": {
                "batter": 4,
                "extras": 0,
                "total": 4
              }
            },
            {
              "batter": "RP Burl",
              "bowler": "Mehedi Hasan Miraz",
              "non_striker": "Yasir Ali Chowdhury",
              "runs": {
                "batter": 1,
                "extras": 0,
                "total": 1
              }
            },
            {
              "batter": "Yasir Ali Chowdhury",
              "bowler": "Mehedi Hasan Miraz",
              "non_striker": "RP Burl",
              "runs": {
                "batter": 6,
                "extras": 0,
                "total": 6
              }
            }
          ]
        },
        {
          "over": 14,
          "deliveries": [
            {
              "batter": "RP Burl",
              "bowler": "Salman Irshad",
              "non_striker": "Yasir Ali Chowdhury",
              "runs": {
                "batter": 1,
                "extras": 0,
                "total": 1
              }
            },
            {
              "batter": "Yasir Ali Chowdhury",
              "bowler": "Salman Irshad",
              "non_striker": "RP Burl",
              "runs": {
                "batter": 4,
                "extras": 0,
                "total": 4
              }
            },
            {
              "batter": "Yasir Ali Chowdhury",
              "bowler": "Salman Irshad",
              "non_striker": "RP Burl",
              "runs": {
                "batter": 1,
                "extras": 0,
                "total": 1
              }
            },
            {
              "batter": "RP Burl",
              "bowler": "Salman Irshad",
              "non_striker": "Yasir Ali Chowdhury",
              "runs": {
                "batter": 1,
                "extras": 0,
                "total": 1
              }
            },
            {
              "batter": "Yasir Ali Chowdhury",
              "bowler": "Salman Irshad",
              "non_striker": "RP Burl",
              "runs": {
                "batter": 1,
                "extras": 0,
                "total": 1
              }
            },
            {
              "batter": "RP Burl",
              "bowler": "Salman Irshad",
              "non_striker": "Yasir Ali Chowdhury",
              "runs": {
                "batter": 4,
                "extras": 0,
                "total": 4
              }
            }
          ]
        },
        {
          "over": 15,
          "deliveries": [
            {
              "batter": "Yasir Ali Chowdhury",
              "bowler": "Mehedi Hasan Miraz",
              "extras": {
                "legbyes": 1
              },
              "non_striker": "RP Burl",
              "runs": {
                "batter": 0,
                "extras": 1,
                "total": 1
              }
            },
            {
              "batter": "RP Burl",
              "bowler": "Mehedi Hasan Miraz",
              "non_striker": "Yasir Ali Chowdhury",
              "runs": {
                "batter": 4,
                "extras": 0,
                "total": 4
              }
            },
            {
              "batter": "RP Burl",
              "bowler": "Mehedi Hasan Miraz",
              "non_striker": "Yasir Ali Chowdhury",
              "runs": {
                "batter": 1,
                "extras": 0,
                "total": 1
              }
            },
            {
              "batter": "Yasir Ali Chowdhury",
              "bowler": "Mehedi Hasan Miraz",
              "non_striker": "RP Burl",
              "runs": {
                "batter": 6,
                "extras": 0,
                "total": 6
              }
            },
            {
              "batter": "Yasir Ali Chowdhury",
              "bowler": "Mehedi Hasan Miraz",
              "non_striker": "RP Burl",
              "runs": {
                "batter": 1,
                "extras": 0,
                "total": 1
              }
            },
            {
              "batter": "RP Burl",
              "bowler": "Mehedi Hasan Miraz",
              "non_striker": "Yasir Ali Chowdhury",
              "runs": {
                "batter": 1,
                "extras": 0,
                "total": 1
              }
            }
          ]
        },
        {
          "over": 16,
          "deliveries": [
            {
              "batter": "RP Burl",
              "bowler": "Hasan Mahmud",
              "non_striker": "Yasir Ali Chowdhury",
              "runs": {
                "batter": 4,
                "extras": 0,
                "total": 4
              }
            },
            {
              "batter": "RP Burl",
              "bowler": "Hasan Mahmud",
              "non_striker": "Yasir Ali Chowdhury",
              "runs": {
                "batter": 1,
                "extras": 0,
                "total": 1
              }
            },
            {
              "batter": "Yasir Ali Chowdhury",
              "bowler": "Hasan Mahmud",
              "non_striker": "RP Burl",
              "runs": {
                "batter": 1,
                "extras": 0,
                "total": 1
              }
            },
            {
              "batter": "RP Burl",
              "bowler": "Hasan Mahmud",
              "non_striker": "Yasir Ali Chowdhury",
              "runs": {
                "batter": 4,
                "extras": 0,
                "total": 4
              }
            },
            {
              "batter": "RP Burl",
              "bowler": "Hasan Mahmud",
              "non_striker": "Yasir Ali Chowdhury",
              "runs": {
                "batter": 0,
                "extras": 0,
                "total": 0
              }
            },
            {
              "batter": "RP Burl",
              "bowler": "Hasan Mahmud",
              "non_striker": "Yasir Ali Chowdhury",
              "runs": {
                "batter": 0,
                "extras": 0,
                "total": 0
              }
            }
          ]
        },
        {
          "over": 17,
          "deliveries": [
            {
              "batter": "Yasir Ali Chowdhury",
              "bowler": "Salman Irshad",
              "non_striker": "RP Burl",
              "runs": {
                "batter": 1,
                "extras": 0,
                "total": 1
              }
            },
            {
              "batter": "RP Burl",
              "bowler": "Salman Irshad",
              "non_striker": "Yasir Ali Chowdhury",
              "runs": {
                "batter": 1,
                "extras": 0,
                "total": 1
              }
            },
            {
              "batter": "Yasir Ali Chowdhury",
              "bowler": "Salman Irshad",
              "non_striker": "RP Burl",
              "runs": {
                "batter": 1,
                "extras": 0,
                "total": 1
              }
            },
            {
              "batter": "RP Burl",
              "bowler": "Salman Irshad",
              "non_striker": "Yasir Ali Chowdhury",
              "runs": {
                "batter": 0,
                "extras": 0,
                "total": 0
              }
            },
            {
              "batter": "RP Burl",
              "bowler": "Salman Irshad",
              "non_striker": "Yasir Ali Chowdhury",
              "runs": {
                "batter": 4,
                "extras": 0,
                "total": 4
              }
            },
            {
              "batter": "RP Burl",
              "bowler": "Salman Irshad",
              "non_striker": "Yasir Ali Chowdhury",
              "runs": {
                "batter": 1,
                "extras": 0,
                "total": 1
              }
            }
          ]
        },
        {
          "over": 18,
          "deliveries": [
            {
              "batter": "RP Burl",
              "bowler": "Abu Hider",
              "non_striker": "Yasir Ali Chowdhury",
              "runs": {
                "batter": 1,
                "extras": 0,
                "total": 1
              }
            },
            {
              "batter": "Yasir Ali Chowdhury",
              "bowler": "Abu Hider",
              "non_striker": "RP Burl",
              "runs": {
                "batter": 0,
                "extras": 0,
                "total": 0
              },
              "wickets": [
                {
                  "player_out": "Yasir Ali Chowdhury",
                  "kind": "bowled"
                }
              ]
            },
            {
              "batter": "Akbar Ali",
              "bowler": "Abu Hider",
              "non_striker": "RP Burl",
              "runs": {
                "batter": 4,
                "extras": 0,
                "total": 4
              }
            },
            {
              "batter": "Akbar Ali",
              "bowler": "Abu Hider",
              "non_striker": "RP Burl",
              "runs": {
                "batter": 6,
                "extras": 0,
                "total": 6
              }
            },
            {
              "batter": "Akbar Ali",
              "bowler": "Abu Hider",
              "non_striker": "RP Burl",
              "runs": {
                "batter": 0,
                "extras": 0,
                "total": 0
              }
            },
            {
              "batter": "Akbar Ali",
              "bowler": "Abu Hider",
              "non_striker": "RP Burl",
              "runs": {
                "batter": 4,
                "extras": 0,
                "total": 4
              }
            }
          ]
        },
        {
          "over": 19,
          "deliveries": [
            {
              "batter": "RP Burl",
              "bowler": "Hasan Mahmud",
              "extras": {
                "wides": 1
              },
              "non_striker": "Akbar Ali",
              "runs": {
                "batter": 0,
                "extras": 1,
                "total": 1
              }
            },
            {
              "batter": "RP Burl",
              "bowler": "Hasan Mahmud",
              "non_striker": "Akbar Ali",
              "runs": {
                "batter": 1,
                "extras": 0,
                "total": 1
              }
            },
            {
              "batter": "Akbar Ali",
              "bowler": "Hasan Mahmud",
              "non_striker": "RP Burl",
              "runs": {
                "batter": 4,
                "extras": 0,
                "total": 4
              }
            },
            {
              "batter": "Akbar Ali",
              "bowler": "Hasan Mahmud",
              "non_striker": "RP Burl",
              "runs": {
                "batter": 2,
                "extras": 0,
                "total": 2
              }
            },
            {
              "batter": "Akbar Ali",
              "bowler": "Hasan Mahmud",
              "non_striker": "RP Burl",
              "runs": {
                "batter": 0,
                "extras": 0,
                "total": 0
              }
            },
            {
              "batter": "Akbar Ali",
              "bowler": "Hasan Mahmud",
              "non_striker": "RP Burl",
              "runs": {
                "batter": 0,
                "extras": 0,
                "total": 0
              }
            },
            {
              "batter": "Akbar Ali",
              "bowler": "Hasan Mahmud",
              "non_striker": "RP Burl",
              "runs": {
                "batter": 1,
                "extras": 0,
                "total": 1
              }
            }
          ]
        }
      ],
      "powerplays": [
        {
          "from": 0.1,
          "to": 5.6,
          "type": "mandatory"
        }
      ]
    },
    {
      "team": "Khulna Tigers",
      "overs": [
        {
          "over": 0,
          "deliveries": [
            {
              "batter": "WG Bosisto",
              "bowler": "Jishan Alam",
              "non_striker": "Mohammad Naim",
              "review": {
                "by": "Durbar Rajshahi",
                "umpire": "RR Wimalasiri",
                "batter": "WG Bosisto",
                "decision": "struck down",
                "type": "wicket",
                "umpires_call": true
              },
              "runs": {
                "batter": 0,
                "extras": 0,
                "total": 0
              }
            },
            {
              "batter": "WG Bosisto",
              "bowler": "Jishan Alam",
              "non_striker": "Mohammad Naim",
              "runs": {
                "batter": 0,
                "extras": 0,
                "total": 0
              }
            },
            {
              "batter": "WG Bosisto",
              "bowler": "Jishan Alam",
              "non_striker": "Mohammad Naim",
              "runs": {
                "batter": 6,
                "extras": 0,
                "total": 6
              }
            },
            {
              "batter": "WG Bosisto",
              "bowler": "Jishan Alam",
              "non_striker": "Mohammad Naim",
              "runs": {
                "batter": 0,
                "extras": 0,
                "total": 0
              }
            },
            {
              "batter": "WG Bosisto",
              "bowler": "Jishan Alam",
              "non_striker": "Mohammad Naim",
              "runs": {
                "batter": 0,
                "extras": 0,
                "total": 0
              },
              "wickets": [
                {
                  "player_out": "WG Bosisto",
                  "fielders": [
                    {
                      "name": "Taskin Ahmed"
                    }
                  ],
                  "kind": "caught"
                }
              ]
            },
            {
              "batter": "Mehedi Hasan Miraz",
              "bowler": "Jishan Alam",
              "non_striker": "Mohammad Naim",
              "runs": {
                "batter": 0,
                "extras": 0,
                "total": 0
              }
            }
          ]
        },
        {
          "over": 1,
          "deliveries": [
            {
              "batter": "Mohammad Naim",
              "bowler": "Taskin Ahmed",
              "non_striker": "Mehedi Hasan Miraz",
              "runs": {
                "batter": 1,
                "extras": 0,
                "total": 1
              }
            },
            {
              "batter": "Mehedi Hasan Miraz",
              "bowler": "Taskin Ahmed",
              "non_striker": "Mohammad Naim",
              "runs": {
                "batter": 0,
                "extras": 0,
                "total": 0
              }
            },
            {
              "batter": "Mehedi Hasan Miraz",
              "bowler": "Taskin Ahmed",
              "extras": {
                "legbyes": 1
              },
              "non_striker": "Mohammad Naim",
              "runs": {
                "batter": 0,
                "extras": 1,
                "total": 1
              }
            },
            {
              "batter": "Mohammad Naim",
              "bowler": "Taskin Ahmed",
              "non_striker": "Mehedi Hasan Miraz",
              "runs": {
                "batter": 0,
                "extras": 0,
                "total": 0
              }
            },
            {
              "batter": "Mohammad Naim",
              "bowler": "Taskin Ahmed",
              "non_striker": "Mehedi Hasan Miraz",
              "runs": {
                "batter": 0,
                "extras": 0,
                "total": 0
              }
            },
            {
              "batter": "Mohammad Naim",
              "bowler": "Taskin Ahmed",
              "extras": {
                "wides": 5
              },
              "non_striker": "Mehedi Hasan Miraz",
              "runs": {
                "batter": 0,
                "extras": 5,
                "total": 5
              }
            },
            {
              "batter": "Mohammad Naim",
              "bowler": "Taskin Ahmed",
              "non_striker": "Mehedi Hasan Miraz",
              "runs": {
                "batter": 4,
                "extras": 0,
                "total": 4
              }
            }
          ]
        },
        {
          "over": 2,
          "deliveries": [
            {
              "batter": "Mehedi Hasan Miraz",
              "bowler": "Jishan Alam",
              "non_striker": "Mohammad Naim",
              "runs": {
                "batter": 1,
                "extras": 0,
                "total": 1
              }
            },
            {
              "batter": "Mohammad Naim",
              "bowler": "Jishan Alam",
              "non_striker": "Mehedi Hasan Miraz",
              "runs": {
                "batter": 0,
                "extras": 0,
                "total": 0
              }
            },
            {
              "batter": "Mohammad Naim",
              "bowler": "Jishan Alam",
              "non_striker": "Mehedi Hasan Miraz",
              "runs": {
                "batter": 6,
                "extras": 0,
                "total": 6
              }
            },
            {
              "batter": "Mohammad Naim",
              "bowler": "Jishan Alam",
              "non_striker": "Mehedi Hasan Miraz",
              "runs": {
                "batter": 0,
                "extras": 0,
                "total": 0
              }
            },
            {
              "batter": "Mohammad Naim",
              "bowler": "Jishan Alam",
              "non_striker": "Mehedi Hasan Miraz",
              "runs": {
                "batter": 0,
                "extras": 0,
                "total": 0
              }
            },
            {
              "batter": "Mohammad Naim",
              "bowler": "Jishan Alam",
              "non_striker": "Mehedi Hasan Miraz",
              "runs": {
                "batter": 0,
                "extras": 0,
                "total": 0
              }
            }
          ]
        },
        {
          "over": 3,
          "deliveries": [
            {
              "batter": "Mehedi Hasan Miraz",
              "bowler": "Taskin Ahmed",
              "extras": {
                "legbyes": 1
              },
              "non_striker": "Mohammad Naim",
              "review": {
                "by": "Durbar Rajshahi",
                "umpire": "Tanvir Ahmed",
                "batter": "Mehedi Hasan Miraz",
                "decision": "struck down",
                "type": "wicket"
              },
              "runs": {
                "batter": 0,
                "extras": 1,
                "total": 1
              }
            },
            {
              "batter": "Mohammad Naim",
              "bowler": "Taskin Ahmed",
              "extras": {
                "legbyes": 1
              },
              "non_striker": "Mehedi Hasan Miraz",
              "runs": {
                "batter": 0,
                "extras": 1,
                "total": 1
              }
            },
            {
              "batter": "Mehedi Hasan Miraz",
              "bowler": "Taskin Ahmed",
              "non_striker": "Mohammad Naim",
              "runs": {
                "batter": 0,
                "extras": 0,
                "total": 0
              }
            },
            {
              "batter": "Mehedi Hasan Miraz",
              "bowler": "Taskin Ahmed",
              "non_striker": "Mohammad Naim",
              "runs": {
                "batter": 0,
                "extras": 0,
                "total": 0
              },
              "wickets": [
                {
                  "player_out": "Mehedi Hasan Miraz",
                  "fielders": [
                    {
                      "name": "Shafiul Islam"
                    }
                  ],
                  "kind": "caught"
                }
              ]
            },
            {
              "batter": "Afif Hossain",
              "bowler": "Taskin Ahmed",
              "non_striker": "Mohammad Naim",
              "runs": {
                "batter": 4,
                "extras": 0,
                "total": 4
              }
            },
            {
              "batter": "Afif Hossain",
              "bowler": "Taskin Ahmed",
              "non_striker": "Mohammad Naim",
              "runs": {
                "batter": 0,
                "extras": 0,
                "total": 0
              }
            }
          ]
        },
        {
          "over": 4,
          "deliveries": [
            {
              "batter": "Mohammad Naim",
              "bowler": "Jishan Alam",
              "non_striker": "Afif Hossain",
              "runs": {
                "batter": 0,
                "extras": 0,
                "total": 0
              }
            },
            {
              "batter": "Mohammad Naim",
              "bowler": "Jishan Alam",
              "non_striker": "Afif Hossain",
              "runs": {
                "batter": 0,
                "extras": 0,
                "total": 0
              }
            },
            {
              "batter": "Mohammad Naim",
              "bowler": "Jishan Alam",
              "non_striker": "Afif Hossain",
              "runs": {
                "batter": 0,
                "extras": 0,
                "total": 0
              }
            },
            {
              "batter": "Mohammad Naim",
              "bowler": "Jishan Alam",
              "non_striker": "Afif Hossain",
              "runs": {
                "batter": 1,
                "extras": 0,
                "total": 1
              }
            },
            {
              "batter": "Afif Hossain",
              "bowler": "Jishan Alam",
              "non_striker": "Mohammad Naim",
              "runs": {
                "batter": 0,
                "extras": 0,
                "total": 0
              }
            },
            {
              "batter": "Afif Hossain",
              "bowler": "Jishan Alam",
              "non_striker": "Mohammad Naim",
              "runs": {
                "batter": 1,
                "extras": 0,
                "total": 1
              }
            }
          ]
        },
        {
          "over": 5,
          "deliveries": [
            {
              "batter": "Afif Hossain",
              "bowler": "SM Meherob",
              "non_striker": "Mohammad Naim",
              "runs": {
                "batter": 0,
                "extras": 0,
                "total": 0
              }
            },
            {
              "batter": "Afif Hossain",
              "bowler": "SM Meherob",
              "non_striker": "Mohammad Naim",
              "runs": {
                "batter": 0,
                "extras": 0,
                "total": 0
              }
            },
            {
              "batter": "Afif Hossain",
              "bowler": "SM Meherob",
              "extras": {
                "wides": 1
              },
              "non_striker": "Mohammad Naim",
              "runs": {
                "batter": 0,
                "extras": 1,
                "total": 1
              }
            },
            {
              "batter": "Afif Hossain",
              "bowler": "SM Meherob",
              "non_striker": "Mohammad Naim",
              "runs": {
                "batter": 0,
                "extras": 0,
                "total": 0
              }
            },
            {
              "batter": "Afif Hossain",
              "bowler": "SM Meherob",
              "non_striker": "Mohammad Naim",
              "runs": {
                "batter": 1,
                "extras": 0,
                "total": 1
              }
            },
            {
              "batter": "Mohammad Naim",
              "bowler": "SM Meherob",
              "non_striker": "Afif Hossain",
              "runs": {
                "batter": 0,
                "extras": 0,
                "total": 0
              }
            },
            {
              "batter": "Mohammad Naim",
              "bowler": "SM Meherob",
              "non_striker": "Afif Hossain",
              "runs": {
                "batter": 0,
                "extras": 0,
                "total": 0
              }
            }
          ]
        },
        {
          "over": 6,
          "deliveries": [
            {
              "batter": "Afif Hossain",
              "bowler": "Jishan Alam",
              "non_striker": "Mohammad Naim",
              "runs": {
                "batter": 1,
                "extras": 0,
                "total": 1
              }
            },
            {
              "batter": "Mohammad Naim",
              "bowler": "Jishan Alam",
              "non_striker": "Afif Hossain",
              "runs": {
                "batter": 0,
                "extras": 0,
                "total": 0
              }
            },
            {
              "batter": "Mohammad Naim",
              "bowler": "Jishan Alam",
              "non_striker": "Afif Hossain",
              "runs": {
                "batter": 1,
                "extras": 0,
                "total": 1
              }
            },
            {
              "batter": "Afif Hossain",
              "bowler": "Jishan Alam",
              "non_striker": "Mohammad Naim",
              "runs": {
                "batter": 0,
                "extras": 0,
                "total": 0
              }
            },
            {
              "batter": "Afif Hossain",
              "bowler": "Jishan Alam",
              "non_striker": "Mohammad Naim",
              "runs": {
                "batter": 1,
                "extras": 0,
                "total": 1
              }
            },
            {
              "batter": "Mohammad Naim",
              "bowler": "Jishan Alam",
              "non_striker": "Afif Hossain",
              "runs": {
                "batter": 0,
                "extras": 0,
                "total": 0
              }
            }
          ]
        },
        {
          "over": 7,
          "deliveries": [
            {
              "batter": "Afif Hossain",
              "bowler": "SM Meherob",
              "non_striker": "Mohammad Naim",
              "runs": {
                "batter": 0,
                "extras": 0,
                "total": 0
              }
            },
            {
              "batter": "Afif Hossain",
              "bowler": "SM Meherob",
              "non_striker": "Mohammad Naim",
              "runs": {
                "batter": 1,
                "extras": 0,
                "total": 1
              }
            },
            {
              "batter": "Mohammad Naim",
              "bowler": "SM Meherob",
              "non_striker": "Afif Hossain",
              "runs": {
                "batter": 1,
                "extras": 0,
                "total": 1
              }
            },
            {
              "batter": "Afif Hossain",
              "bowler": "SM Meherob",
              "non_striker": "Mohammad Naim",
              "runs": {
                "batter": 1,
                "extras": 0,
                "total": 1
              }
            },
            {
              "batter": "Mohammad Naim",
              "bowler": "SM Meherob",
              "non_striker": "Afif Hossain",
              "runs": {
                "batter": 1,
                "extras": 0,
                "total": 1
              }
            },
            {
              "batter": "Afif Hossain",
              "bowler": "SM Meherob",
              "non_striker": "Mohammad Naim",
              "runs": {
                "batter": 0,
                "extras": 0,
                "total": 0
              }
            }
          ]
        },
        {
          "over": 8,
          "deliveries": [
            {
              "batter": "Mohammad Naim",
              "bowler": "Sohag Gazi",
              "non_striker": "Afif Hossain",
              "runs": {
                "batter": 1,
                "extras": 0,
                "total": 1
              }
            },
            {
              "batter": "Afif Hossain",
              "bowler": "Sohag Gazi",
              "non_striker": "Mohammad Naim",
              "runs": {
                "batter": 1,
                "extras": 0,
                "total": 1
              }
            },
            {
              "batter": "Mohammad Naim",
              "bowler": "Sohag Gazi",
              "non_striker": "Afif Hossain",
              "runs": {
                "batter": 4,
                "extras": 0,
                "total": 4
              }
            },
            {
              "batter": "Mohammad Naim",
              "bowler": "Sohag Gazi",
              "non_striker": "Afif Hossain",
              "runs": {
                "batter": 1,
                "extras": 0,
                "total": 1
              }
            },
            {
              "batter": "Afif Hossain",
              "bowler": "Sohag Gazi",
              "non_striker": "Mohammad Naim",
              "runs": {
                "batter": 1,
                "extras": 0,
                "total": 1
              }
            },
            {
              "batter": "Mohammad Naim",
              "bowler": "Sohag Gazi",
              "non_striker": "Afif Hossain",
              "runs": {
                "batter": 1,
                "extras": 0,
                "total": 1
              }
            }
          ]
        },
        {
          "over": 9,
          "deliveries": [
            {
              "batter": "Mohammad Naim",
              "bowler": "SM Meherob",
              "non_striker": "Afif Hossain",
              "runs": {
                "batter": 1,
                "extras": 0,
                "total": 1
              }
            },
            {
              "batter": "Afif Hossain",
              "bowler": "SM Meherob",
              "non_striker": "Mohammad Naim",
              "runs": {
                "batter": 0,
                "extras": 0,
                "total": 0
              }
            },
            {
              "batter": "Afif Hossain",
              "bowler": "SM Meherob",
              "non_striker": "Mohammad Naim",
              "runs": {
                "batter": 4,
                "extras": 0,
                "total": 4
              }
            },
            {
              "batter": "Afif Hossain",
              "bowler": "SM Meherob",
              "non_striker": "Mohammad Naim",
              "runs": {
                "batter": 1,
                "extras": 0,
                "total": 1
              }
            },
            {
              "batter": "Mohammad Naim",
              "bowler": "SM Meherob",
              "non_striker": "Afif Hossain",
              "runs": {
                "batter": 1,
                "extras": 0,
                "total": 1
              }
            },
            {
              "batter": "Afif Hossain",
              "bowler": "SM Meherob",
              "non_striker": "Mohammad Naim",
              "runs": {
                "batter": 1,
                "extras": 0,
                "total": 1
              }
            }
          ]
        },
        {
          "over": 10,
          "deliveries": [
            {
              "batter": "Afif Hossain",
              "bowler": "Sohag Gazi",
              "non_striker": "Mohammad Naim",
              "runs": {
                "batter": 0,
                "extras": 0,
                "total": 0
              }
            },
            {
              "batter": "Afif Hossain",
              "bowler": "Sohag Gazi",
              "non_striker": "Mohammad Naim",
              "runs": {
                "batter": 1,
                "extras": 0,
                "total": 1
              }
            },
            {
              "batter": "Mohammad Naim",
              "bowler": "Sohag Gazi",
              "non_striker": "Afif Hossain",
              "runs": {
                "batter": 0,
                "extras": 0,
                "total": 0
              },
              "wickets": [
                {
                  "player_out": "Mohammad Naim",
                  "fielders": [
                    {
                      "name": "Hasan Murad",
                      "substitute": true
                    }
                  ],
                  "kind": "caught"
                }
              ]
            },
            {
              "batter": "Mahidul Islam Ankon",
              "bowler": "Sohag Gazi",
              "non_striker": "Afif Hossain",
              "runs": {
                "batter": 1,
                "extras": 0,
                "total": 1
              }
            },
            {
              "batter": "Afif Hossain",
              "bowler": "Sohag Gazi",
              "non_striker": "Mahidul Islam Ankon",
              "runs": {
                "batter": 1,
                "extras": 0,
                "total": 1
              }
            },
            {
              "batter": "Mahidul Islam Ankon",
              "bowler": "Sohag Gazi",
              "non_striker": "Afif Hossain",
              "runs": {
                "batter": 2,
                "extras": 0,
                "total": 2
              }
            }
          ]
        },
        {
          "over": 11,
          "deliveries": [
            {
              "batter": "Afif Hossain",
              "bowler": "Mrittunjoy Chowdhury",
              "non_striker": "Mahidul Islam Ankon",
              "runs": {
                "batter": 1,
                "extras": 0,
                "total": 1
              }
            },
            {
              "batter": "Mahidul Islam Ankon",
              "bowler": "Mrittunjoy Chowdhury",
              "non_striker": "Afif Hossain",
              "runs": {
                "batter": 6,
                "extras": 0,
                "total": 6
              }
            },
            {
              "batter": "Mahidul Islam Ankon",
              "bowler": "Mrittunjoy Chowdhury",
              "non_striker": "Afif Hossain",
              "runs": {
                "batter": 0,
                "extras": 0,
                "total": 0
              }
            },
            {
              "batter": "Mahidul Islam Ankon",
              "bowler": "Mrittunjoy Chowdhury",
              "non_striker": "Afif Hossain",
              "runs": {
                "batter": 1,
                "extras": 0,
                "total": 1
              }
            },
            {
              "batter": "Afif Hossain",
              "bowler": "Mrittunjoy Chowdhury",
              "non_striker": "Mahidul Islam Ankon",
              "runs": {
                "batter": 0,
                "extras": 0,
                "total": 0
              }
            },
            {
              "batter": "Afif Hossain",
              "bowler": "Mrittunjoy Chowdhury",
              "non_striker": "Mahidul Islam Ankon",
              "runs": {
                "batter": 6,
                "extras": 0,
                "total": 6
              }
            }
          ]
        },
        {
          "over": 12,
          "deliveries": [
            {
              "batter": "Mahidul Islam Ankon",
              "bowler": "Sohag Gazi",
              "non_striker": "Afif Hossain",
              "runs": {
                "batter": 6,
                "extras": 0,
                "total": 6
              }
            },
            {
              "batter": "Mahidul Islam Ankon",
              "bowler": "Sohag Gazi",
              "non_striker": "Afif Hossain",
              "runs": {
                "batter": 0,
                "extras": 0,
                "total": 0
              }
            },
            {
              "batter": "Mahidul Islam Ankon",
              "bowler": "Sohag Gazi",
              "non_striker": "Afif Hossain",
              "runs": {
                "batter": 1,
                "extras": 0,
                "total": 1
              }
            },
            {
              "batter": "Afif Hossain",
              "bowler": "Sohag Gazi",
              "non_striker": "Mahidul Islam Ankon",
              "runs": {
                "batter": 4,
                "extras": 0,
                "total": 4
              }
            },
            {
              "batter": "Afif Hossain",
              "bowler": "Sohag Gazi",
              "non_striker": "Mahidul Islam Ankon",
              "runs": {
                "batter": 2,
                "extras": 0,
                "total": 2
              }
            },
            {
              "batter": "Afif Hossain",
              "bowler": "Sohag Gazi",
              "non_striker": "Mahidul Islam Ankon",
              "runs": {
                "batter": 0,
                "extras": 0,
                "total": 0
              },
              "wickets": [
                {
                  "player_out": "Afif Hossain",
                  "fielders": [
                    {
                      "name": "Jishan Alam"
                    }
                  ],
                  "kind": "caught"
                }
              ]
            }
          ]
        },
        {
          "over": 13,
          "deliveries": [
            {
              "batter": "Mahidul Islam Ankon",
              "bowler": "RP Burl",
              "non_striker": "Imrul Kayes",
              "runs": {
                "batter": 1,
                "extras": 0,
                "total": 1
              }
            },
            {
              "batter": "Imrul Kayes",
              "bowler": "RP Burl",
              "non_striker": "Mahidul Islam Ankon",
              "runs": {
                "batter": 1,
                "extras": 0,
                "total": 1
              }
            },
            {
              "batter": "Mahidul Islam Ankon",
              "bowler": "RP Burl",
              "non_striker": "Imrul Kayes",
              "runs": {
                "batter": 0,
                "extras": 0,
                "total": 0
              }
            },
            {
              "batter": "Mahidul Islam Ankon",
              "bowler": "RP Burl",
              "non_striker": "Imrul Kayes",
              "runs": {
                "batter": 0,
                "extras": 0,
                "total": 0
              },
              "wickets": [
                {
                  "player_out": "Mahidul Islam Ankon",
                  "fielders": [
                    {
                      "name": "Mohammad Haris"
                    }
                  ],
                  "kind": "caught"
                }
              ]
            },
            {
              "batter": "Abu Hider",
              "bowler": "RP Burl",
              "non_striker": "Imrul Kayes",
              "runs": {
                "batter": 2,
                "extras": 0,
                "total": 2
              }
            },
            {
              "batter": "Abu Hider",
              "bowler": "RP Burl",
              "non_striker": "Imrul Kayes",
              "runs": {
                "batter": 1,
                "extras": 0,
                "total": 1
              }
            }
          ]
        },
        {
          "over": 14,
          "deliveries": [
            {
              "batter": "Abu Hider",
              "bowler": "Mrittunjoy Chowdhury",
              "non_striker": "Imrul Kayes",
              "runs": {
                "batter": 1,
                "extras": 0,
                "total": 1
              }
            },
            {
              "batter": "Imrul Kayes",
              "bowler": "Mrittunjoy Chowdhury",
              "non_striker": "Abu Hider",
              "runs": {
                "batter": 4,
                "extras": 0,
                "total": 4
              }
            },
            {
              "batter": "Imrul Kayes",
              "bowler": "Mrittunjoy Chowdhury",
              "non_striker": "Abu Hider",
              "runs": {
                "batter": 6,
                "extras": 0,
                "total": 6
              }
            },
            {
              "batter": "Imrul Kayes",
              "bowler": "Mrittunjoy Chowdhury",
              "non_striker": "Abu Hider",
              "runs": {
                "batter": 0,
                "extras": 0,
                "total": 0
              }
            },
            {
              "batter": "Imrul Kayes",
              "bowler": "Mrittunjoy Chowdhury",
              "non_striker": "Abu Hider",
              "runs": {
                "batter": 6,
                "extras": 0,
                "total": 6
              }
            },
            {
              "batter": "Imrul Kayes",
              "bowler": "Mrittunjoy Chowdhury",
              "non_striker": "Abu Hider",
              "runs": {
                "batter": 0,
                "extras": 0,
                "total": 0
              },
              "wickets": [
                {
                  "player_out": "Imrul Kayes",
                  "fielders": [
                    {
                      "name": "Mohammad Haris"
                    }
                  ],
                  "kind": "caught"
                }
              ]
            }
          ]
        },
        {
          "over": 15,
          "deliveries": [
            {
              "batter": "Abu Hider",
              "bowler": "RP Burl",
              "non_striker": "Mohammad Nawaz",
              "runs": {
                "batter": 0,
                "extras": 0,
                "total": 0
              },
              "wickets": [
                {
                  "player_out": "Abu Hider",
                  "fielders": [
                    {
                      "name": "Mohammad Haris"
                    }
                  ],
                  "kind": "caught"
                }
              ]
            },
            {
              "batter": "Nasum Ahmed",
              "bowler": "RP Burl",
              "non_striker": "Mohammad Nawaz",
              "runs": {
                "batter": 2,
                "extras": 0,
                "total": 2
              }
            },
            {
              "batter": "Nasum Ahmed",
              "bowler": "RP Burl",
              "non_striker": "Mohammad Nawaz",
              "runs": {
                "batter": 0,
                "extras": 0,
                "total": 0
              }
            },
            {
              "batter": "Nasum Ahmed",
              "bowler": "RP Burl",
              "non_striker": "Mohammad Nawaz",
              "runs": {
                "batter": 6,
                "extras": 0,
                "total": 6
              }
            },
            {
              "batter": "Nasum Ahmed",
              "bowler": "RP Burl",
              "non_striker": "Mohammad Nawaz",
              "runs": {
                "batter": 0,
                "extras": 0,
                "total": 0
              }
            },
            {
              "batter": "Nasum Ahmed",
              "bowler": "RP Burl",
              "non_striker": "Mohammad Nawaz",
              "runs": {
                "batter": 0,
                "extras": 0,
                "total": 0
              }
            }
          ]
        },
        {
          "over": 16,
          "deliveries": [
            {
              "batter": "Mohammad Nawaz",
              "bowler": "SM Meherob",
              "non_striker": "Nasum Ahmed",
              "runs": {
                "batter": 0,
                "extras": 0,
                "total": 0
              }
            },
            {
              "batter": "Mohammad Nawaz",
              "bowler": "SM Meherob",
              "non_striker": "Nasum Ahmed",
              "runs": {
                "batter": 1,
                "extras": 0,
                "total": 1
              }
            },
            {
              "batter": "Nasum Ahmed",
              "bowler": "SM Meherob",
              "non_striker": "Mohammad Nawaz",
              "runs": {
                "batter": 0,
                "extras": 0,
                "total": 0
              }
            },
            {
              "batter": "Nasum Ahmed",
              "bowler": "SM Meherob",
              "extras": {
                "wides": 2
              },
              "non_striker": "Mohammad Nawaz",
              "runs": {
                "batter": 0,
                "extras": 2,
                "total": 2
              }
            },
            {
              "batter": "Mohammad Nawaz",
              "bowler": "SM Meherob",
              "non_striker": "Nasum Ahmed",
              "runs": {
                "batter": 2,
                "extras": 0,
                "total": 2
              }
            },
            {
              "batter": "Mohammad Nawaz",
              "bowler": "SM Meherob",
              "non_striker": "Nasum Ahmed",
              "runs": {
                "batter": 6,
                "extras": 0,
                "total": 6
              }
            },
            {
              "batter": "Mohammad Nawaz",
              "bowler": "SM Meherob",
              "non_striker": "Nasum Ahmed",
              "runs": {
                "batter": 0,
                "extras": 0,
                "total": 0
              },
              "wickets": [
                {
                  "player_out": "Mohammad Nawaz",
                  "kind": "caught and bowled"
                }
              ]
            }
          ]
        },
        {
          "over": 17,
          "deliveries": [
            {
              "batter": "Nasum Ahmed",
              "bowler": "Taskin Ahmed",
              "non_striker": "Hasan Mahmud",
              "runs": {
                "batter": 4,
                "extras": 0,
                "total": 4
              }
            },
            {
              "batter": "Nasum Ahmed",
              "bowler": "Taskin Ahmed",
              "non_striker": "Hasan Mahmud",
              "runs": {
                "batter": 0,
                "extras": 0,
                "total": 0
              }
            },
            {
              "batter": "Nasum Ahmed",
              "bowler": "Taskin Ahmed",
              "non_striker": "Hasan Mahmud",
              "runs": {
                "batter": 2,
                "extras": 0,
                "total": 2
              }
            },
            {
              "batter": "Nasum Ahmed",
              "bowler": "Taskin Ahmed",
              "non_striker": "Hasan Mahmud",
              "runs": {
                "batter": 0,
                "extras": 0,
                "total": 0
              }
            },
            {
              "batter": "Nasum Ahmed",
              "bowler": "Taskin Ahmed",
              "non_striker": "Hasan Mahmud",
              "runs": {
                "batter": 4,
                "extras": 0,
                "total": 4
              }
            },
            {
              "batter": "Nasum Ahmed",
              "bowler": "Taskin Ahmed",
              "non_striker": "Hasan Mahmud",
              "runs": {
                "batter": 0,
                "extras": 0,
                "total": 0
              }
            }
          ]
        },
        {
          "over": 18,
          "deliveries": [
            {
              "batter": "Hasan Mahmud",
              "bowler": "Shafiul Islam",
              "non_striker": "Nasum Ahmed",
              "runs": {
                "batter": 1,
                "extras": 0,
                "total": 1
              }
            },
            {
              "batter": "Nasum Ahmed",
              "bowler": "Shafiul Islam",
              "non_striker": "Hasan Mahmud",
              "runs": {
                "batter": 0,
                "extras": 0,
                "total": 0
              }
            },
            {
              "batter": "Nasum Ahmed",
              "bowler": "Shafiul Islam",
              "non_striker": "Hasan Mahmud",
              "runs": {
                "batter": 0,
                "extras": 0,
                "total": 0
              }
            },
            {
              "batter": "Nasum Ahmed",
              "bowler": "Shafiul Islam",
              "non_striker": "Hasan Mahmud",
              "runs": {
                "batter": 0,
                "extras": 0,
                "total": 0
              },
              "wickets": [
                {
                  "player_out": "Nasum Ahmed",
                  "fielders": [
                    {
                      "name": "Anamul Haque"
                    }
                  ],
                  "kind": "caught"
                }
              ]
            },
            {
              "batter": "Salman Irshad",
              "bowler": "Shafiul Islam",
              "non_striker": "Hasan Mahmud",
              "runs": {
                "batter": 1,
                "extras": 0,
                "total": 1
              }
            },
            {
              "batter": "Hasan Mahmud",
              "bowler": "Shafiul Islam",
              "non_striker": "Salman Irshad",
              "runs": {
                "batter": 1,
                "extras": 0,
                "total": 1
              }
            }
          ]
        },
        {
          "over": 19,
          "deliveries": [
            {
              "batter": "Hasan Mahmud",
              "bowler": "Taskin Ahmed",
              "non_striker": "Salman Irshad",
              "runs": {
                "batter": 1,
                "extras": 0,
                "total": 1
              }
            },
            {
              "batter": "Salman Irshad",
              "bowler": "Taskin Ahmed",
              "non_striker": "Hasan Mahmud",
              "runs": {
                "batter": 4,
                "extras": 0,
                "total": 4
              }
            },
            {
              "batter": "Salman Irshad",
              "bowler": "Taskin Ahmed",
              "extras": {
                "wides": 1
              },
              "non_striker": "Hasan Mahmud",
              "runs": {
                "batter": 0,
                "extras": 1,
                "total": 1
              }
            },
            {
              "batter": "Salman Irshad",
              "bowler": "Taskin Ahmed",
              "non_striker": "Hasan Mahmud",
              "runs": {
                "batter": 0,
                "extras": 0,
                "total": 0
              },
              "wickets": [
                {
                  "player_out": "Salman Irshad",
                  "fielders": [
                    {
                      "name": "Yasir Ali Chowdhury"
                    }
                  ],
                  "kind": "caught"
                }
              ]
            }
          ]
        }
      ],
      "powerplays": [
        {
          "from": 0.1,
          "to": 5.7,
          "type": "mandatory"
        }
      ],
      "target": {
        "overs": 20,
        "runs": 179
      }
    }
  ]
}