{
  "meta": {
    "data_version": "1.1.0",
    "created": "2025-02-01",
    "revision": 1
  },
  "info": {
    "balls_per_over": 6,
    "city": "Dhaka",
    "dates": [
      "2025-02-01"
    ],
    "event": {
      "name": "Bangladesh Premier League",
      "match_number": 42
    },
    "gender": "male",
    "match_type": "T20",
    "officials": {
      "match_referees": [
        "Ehsanul Haque"
      ],
      "reserve_umpires": [
        "Shafeen Shareef"
      ],
      "tv_umpires": [
        "Gazi Sohel"
      ],
      "umpires": [
        "Masudur Rahman",
        "RR Wimalasiri"
      ]
    },
    "outcome": {
      "winner": "Chittagong Kings",
      "by": {
        "runs": 24
      }
    },
    "overs": 20,
    "player_of_match": [
      "Parvez Hossain Emon"
    ],
    "players": {
      "Chittagong Kings": [
        "Khawaja Nafay",
        "Parvez Hossain Emon",
        "G Clark",
        "Haider Ali",
        "Mohammad Mithun",
        "Shamim Hossain",
        "Shoriful Islam",
        "Khaled Ahmed",
        "Al Islam",
        "Arafat Sunny",
        "B Fernando"
      ],
      "Fortune Barishal": [
        "Tamim Iqbal",
        "Towhid Hridoy",
        "DJ Malan",
        "Mushfiqur Rahim",
        "Mahmudullah",
        "Mohammad Nabi",
        "Rishad Hossain",
        "JK Fuller",
        "Taijul Islam",
        "Ebadat Hossain",
        "Mohammad Imran"
      ]
    },
    "registry": {
      "people": {
        "Al Islam": "45d38a84",
        "Arafat Sunny": "1f7adc8a",
        "B Fernando": "dabbd0ae",
        "DJ Malan": "ad9c32a2",
        "Ebadat Hossain": "cb5100f1",
        "Ehsanul Haque": "688b2d58",
        "G Clark": "4fd09cfc",
        "Gazi Sohel": "f0df3ed7",
        "Haider Ali": "c13e34f4",
        "JK Fuller": "dda5aae5",
        "Khaled Ahmed": "5dbdecf1",
        "Khawaja Nafay": "3cf54e77",
        "Mahmudullah": "bf1d7d3e",
        "Masudur Rahman": "9581ac6b",
        "Mohammad Imran": "687e20b3",
        "Mohammad Mithun": "77191792",
        "Mohammad Nabi": "62af8546",
        "Mushfiqur Rahim": "a94e08ea",
        "Parvez Hossain Emon": "489aaf0a",
        "RR Wimalasiri": "4950c8db",
        "Rishad Hossain": "5935d694",
        "Shafeen Shareef": "bd616323",
        "Shamim Hossain": "711249d1",
        "Shoriful Islam": "bb34fd31",
        "Taijul Islam": "9d1d34bd",
        "Tamim Iqbal": "3b041a12",
        "Towhid Hridoy": "9e52a414"
      }
    },
    "season": "2024/25",
    "team_type": "club",
    "teams": [
      "Chittagong Kings",
      "Fortune Barishal"
    ],
    "toss": {
      "decision": "field",
      "winner": "Fortune Barishal"
    },
    "venue": "Shere Bangla National Stadium, Mirpur"
  },
  "innings": [
    {
      "team": "Chittagong Kings",
      "overs": [
        {
          "over": 0,
          "deliveries": [
            {
              "batter": "Khawaja Nafay",
              "bowler": "Mohammad Imran",
              "non_striker": "Parvez Hossain Emon",
              "runs": {
                "batter": 0,
                "extras": 0,
                "total": 0
              }
            },
            {
              "batter": "Khawaja Nafay",
              "bowler": "Mohammad Imran",
              "non_striker": "Parvez Hossain Emon",
              "runs": {
                "batter": 0,
                "extras": 0,
                "total": 0
              }
            },
            {
              "batter": "Khawaja Nafay",
              "bowler": "Mohammad Imran",
              "non_striker": "Parvez Hossain Emon",
              "runs": {
                "batter": 0,
                "extras": 0,
                "total": 0
              }
            },
            {
              "batter": "Khawaja Nafay",
              "bowler": "Mohammad Imran",
              "non_striker": "Parvez Hossain Emon",
              "runs": {
                "batter": 0,
                "extras": 0,
                "total": 0
              }
            },
            {
              "batter": "Khawaja Nafay",
              "bowler": "Mohammad Imran",
              "non_striker": "Parvez Hossain Emon",
              "runs": {
                "batter": 0,
                "extras": 0,
                "total": 0
              }
            },
            {
              "batter": "Khawaja Nafay",
              "bowler": "Mohammad Imran",
              "non_striker": "Parvez Hossain Emon",
              "runs": {
                "batter": 4,
                "extras": 0,
                "total": 4
              }
            }
          ]
        },
        {
          "over": 1,
          "deliveries": [
            {
              "batter": "Parvez Hossain Emon",
              "bowler": "Taijul Islam",
              "non_striker": "Khawaja Nafay",
              "runs": {
                "batter": 0,
                "extras": 0,
                "total": 0
              }
            },
            {
              "batter": "Parvez Hossain Emon",
              "bowler": "Taijul Islam",
              "non_striker": "Khawaja Nafay",
              "runs": {
                "batter": 6,
                "extras": 0,
                "total": 6
              }
            },
            {
              "batter": "Parvez Hossain Emon",
              "bowler": "Taijul Islam",
              "non_striker": "Khawaja Nafay",
              "runs": {
                "batter": 6,
                "extras": 0,
                "total": 6
              }
            },
            {
              "batter": "Parvez Hossain Emon",
              "bowler": "Taijul Islam",
              "non_striker": "Khawaja Nafay",
              "runs": {
                "batter": 1,
                "extras": 0,
                "total": 1
              }
            },
            {
              "batter": "Khawaja Nafay",
              "bowler": "Taijul Islam",
              "non_striker": "Parvez Hossain Emon",
              "runs": {
                "batter": 0,
                "extras": 0,
                "total": 0
              }
            },
            {
              "batter": "Khawaja Nafay",
              "bowler": "Taijul Islam",
              "non_striker": "Parvez Hossain Emon",
              "runs": {
                "batter": 0,
                "extras": 0,
                "total": 0
              }
            }
          ]
        },
        {
          "over": 2,
          "deliveries": [
            {
              "batter": "Parvez Hossain Emon",
              "bowler": "Ebadat Hossain",
              "non_striker": "Khawaja Nafay",
              "runs": {
                "batter": 0,
                "extras": 0,
                "total": 0
              }
            },
            {
              "batter": "Parvez Hossain Emon",
              "bowler": "Ebadat Hossain",
              "non_striker": "Khawaja Nafay",
              "runs": {
                "batter": 0,
                "extras": 0,
                "total": 0
              }
            },
            {
              "batter": "Parvez Hossain Emon",
              "bowler": "Ebadat Hossain",
              "non_striker": "Khawaja Nafay",
              "runs": {
                "batter": 2,
                "extras": 0,
                "total": 2
              }
            },
            {
              "batter": "Parvez Hossain Emon",
              "bowler": "Ebadat Hossain",
              "non_striker": "Khawaja Nafay",
              "runs": {
                "batter": 0,
                "extras": 0,
                "total": 0
              }
            },
            {
              "batter": "Parvez Hossain Emon",
              "bowler": "Ebadat Hossain",
              "non_striker": "Khawaja Nafay",
              "runs": {
                "batter": 0,
                "extras": 0,
                "total": 0
              }
            },
            {
              "batter": "Parvez Hossain Emon",
              "bowler": "Ebadat Hossain",
              "non_striker": "Khawaja Nafay",
              "runs": {
                "batter": 0,
                "extras": 0,
                "total": 0
              }
            }
          ]
        },
        {
          "over": 3,
          "deliveries": [
            {
              "batter": "Khawaja Nafay",
              "bowler": "Mohammad Imran",
              "non_striker": "Parvez Hossain Emon",
              "runs": {
                "batter": 0,
                "extras": 0,
                "total": 0
              }
            },
            {
              "batter": "Khawaja Nafay",
              "bowler": "Mohammad Imran",
              "non_striker": "Parvez Hossain Emon",
              "runs": {
                "batter": 6,
                "extras": 0,
                "total": 6
              }
            },
            {
              "batter": "Khawaja Nafay",
              "bowler": "Mohammad Imran",
              "non_striker": "Parvez Hossain Emon",
              "runs": {
                "batter": 6,
                "extras": 0,
                "total": 6
              }
            },
            {
              "batter": "Khawaja Nafay",
              "bowler": "Mohammad Imran",
              "non_striker": "Parvez Hossain Emon",
              "runs": {
                "batter": 0,
                "extras": 0,
                "total": 0
              }
            },
            {
              "batter": "Khawaja Nafay",
              "bowler": "Mohammad Imran",
              "non_striker": "Parvez Hossain Emon",
              "runs": {
                "batter": 0,
                "extras": 0,
                "total": 0
              }
            },
            {
              "batter": "Khawaja Nafay",
              "bowler": "Mohammad Imran",
              "non_striker": "Parvez Hossain Emon",
              "runs": {
                "batter": 0,
                "extras": 0,
                "total": 0
              }
            }
          ]
        },
        {
          "over": 4,
          "deliveries": [
            {
              "batter": "Parvez Hossain Emon",
              "bowler": "Mohammad Nabi",
              "non_striker": "Khawaja Nafay",
              "runs": {
                "batter": 6,
                "extras": 0,
                "total": 6
              }
            },
            {
              "batter": "Parvez Hossain Emon",
              "bowler": "Mohammad Nabi",
              "extras": {
                "byes": 4
              },
              "non_striker": "Khawaja Nafay",
              "runs": {
                "batter": 0,
                "extras": 4,
                "total": 4
              }
            },
            {
              "batter": "Parvez Hossain Emon",
              "bowler": "Mohammad Nabi",
              "non_striker": "Khawaja Nafay",
              "runs": {
                "batter": 0,
                "extras": 0,
                "total": 0
              }
            },
            {
              "batter": "Parvez Hossain Emon",
              "bowler": "Mohammad Nabi",
              "non_striker": "Khawaja Nafay",
              "runs": {
                "batter": 0,
                "extras": 0,
                "total": 0
              }
            },
            {
              "batter": "Parvez Hossain Emon",
              "bowler": "Mohammad Nabi",
              "non_striker": "Khawaja Nafay",
              "runs": {
                "batter": 1,
                "extras": 0,
                "total": 1
              }
            },
            {
              "batter": "Khawaja Nafay",
              "bowler": "Mohammad Nabi",
              "non_striker": "Parvez Hossain Emon",
              "runs": {
                "batter": 4,
                "extras": 0,
                "total": 4
              }
            }
          ]
        },
        {
          "over": 5,
          "deliveries": [
            {
              "batter": "Parvez Hossain Emon",
              "bowler": "Ebadat Hossain",
              "non_striker": "Khawaja Nafay",
              "runs": {
                "batter": 1,
                "extras": 0,
                "total": 1
              }
            },
            {
              "batter": "Khawaja Nafay",
              "bowler": "Ebadat Hossain",
              "non_striker": "Parvez Hossain Emon",
              "runs": {
                "batter": 1,
                "extras": 0,
                "total": 1
              }
            },
            {
              "batter": "Parvez Hossain Emon",
              "bowler": "Ebadat Hossain",
              "non_striker": "Khawaja Nafay",
              "runs": {
                "batter": 0,
                "extras": 0,
                "total": 0
              }
            },
            {
              "batter": "Parvez Hossain Emon",
              "bowler": "Ebadat Hossain",
              "non_striker": "Khawaja Nafay",
              "runs": {
                "batter": 0,
                "extras": 0,
                "total": 0
              }
            },
            {
              "batter": "Parvez Hossain Emon",
              "bowler": "Ebadat Hossain",
              "non_striker": "Khawaja Nafay",
              "runs": {
                "batter": 6,
                "extras": 0,
                "total": 6
              }
            },
            {
              "batter": "Parvez Hossain Emon",
              "bowler": "Ebadat Hossain",
              "non_striker": "Khawaja Nafay",
              "runs": {
                "batter": 1,
                "extras": 0,
                "total": 1
              }
            }
          ]
        },
        {
          "over": 6,
          "deliveries": [
            {
              "batter": "Parvez Hossain Emon",
              "bowler": "Mohammad Nabi",
              "non_striker": "Khawaja Nafay",
              "runs": {
                "batter": 1,
                "extras": 0,
                "total": 1
              }
            },
            {
              "batter": "Khawaja Nafay",
              "bowler": "Mohammad Nabi",
              "non_striker": "Parvez Hossain Emon",
              "runs": {
                "batter": 0,
                "extras": 0,
                "total": 0
              }
            },
            {
              "batter": "Khawaja Nafay",
              "bowler": "Mohammad Nabi",
              "non_striker": "Parvez Hossain Emon",
              "runs": {
                "batter": 1,
                "extras": 0,
                "total": 1
              }
            },
            {
              "batter": "Parvez Hossain Emon",
              "bowler": "Mohammad Nabi",
              "non_striker": "Khawaja Nafay",
              "runs": {
                "batter": 1,
                "extras": 0,
                "total": 1
              }
            },
            {
              "batter": "Khawaja Nafay",
              "bowler": "Mohammad Nabi",
              "non_striker": "Parvez Hossain Emon",
              "runs": {
                "batter": 0,
                "extras": 0,
                "total": 0
              },
              "wickets": [
                {
                  "player_out": "Khawaja Nafay",
                  "fielders": [
                    {
                      "name": "Towhid Hridoy"
                    }
                  ],
                  "kind": "caught"
                }
              ]
            },
            {
              "batter": "G Clark",
              "bowler": "Mohammad Nabi",
              "non_striker": "Parvez Hossain Emon",
              "runs": {
                "batter": 0,
                "extras": 0,
                "total": 0
              }
            }
          ]
        },
        {
          "over": 7,
          "deliveries": [
            {
              "batter": "Parvez Hossain Emon",
              "bowler": "JK Fuller",
              "non_striker": "G Clark",
              "runs": {
                "batter": 1,
                "extras": 0,
                "total": 1
              }
            },
            {
              "batter": "G Clark",
              "bowler": "JK Fuller",
              "non_striker": "Parvez Hossain Emon",
              "runs": {
                "batter": 1,
                "extras": 0,
                "total": 1
              }
            },
            {
              "batter": "Parvez Hossain Emon",
              "bowler": "JK Fuller",
              "non_striker": "G Clark",
              "runs": {
                "batter": 6,
                "extras": 0,
                "total": 6
              }
            },
            {
              "batter": "Parvez Hossain Emon",
              "bowler": "JK Fuller",
              "non_striker": "G Clark",
              "runs": {
                "batter": 1,
                "extras": 0,
                "total": 1
              }
            },
            {
              "batter": "G Clark",
              "bowler": "JK Fuller",
              "non_striker": "Parvez Hossain Emon",
              "runs": {
                "batter": 0,
                "extras": 0,
                "total": 0
              }
            },
            {
              "batter": "G Clark",
              "bowler": "JK Fuller",
              "non_striker": "Parvez Hossain Emon",
              "runs": {
                "batter": 0,
                "extras": 0,
                "total": 0
              }
            }
          ]
        },
        {
          "over": 8,
          "deliveries": [
            {
              "batter": "Parvez Hossain Emon",
              "bowler": "Mohammad Nabi",
              "non_striker": "G Clark",
              "runs": {
                "batter": 0,
                "extras": 0,
                "total": 0
              }
            },
            {
              "batter": "Parvez Hossain Emon",
              "bowler": "Mohammad Nabi",
              "non_striker": "G Clark",
              "runs": {
                "batter": 1,
                "extras": 0,
                "total": 1
              }
            },
            {
              "batter": "G Clark",
              "bowler": "Mohammad Nabi",
              "non_striker": "Parvez Hossain Emon",
              "runs": {
                "batter": 6,
                "extras": 0,
                "total": 6
              }
            },
            {
              "batter": "G Clark",
              "bowler": "Mohammad Nabi",
              "extras": {
                "legbyes": 1
              },
              "non_striker": "Parvez Hossain Emon",
              "runs": {
                "batter": 0,
                "extras": 1,
                "total": 1
              }
            },
            {
              "batter": "Parvez Hossain Emon",
              "bowler": "Mohammad Nabi",
              "non_striker": "G Clark",
              "runs": {
                "batter": 0,
                "extras": 0,
                "total": 0
              }
            },
            {
              "batter": "Parvez Hossain Emon",
              "bowler": "Mohammad Nabi",
              "non_striker": "G Clark",
              "runs": {
                "batter": 1,
                "extras": 0,
                "total": 1
              }
            }
          ]
        },
        {
          "over": 9,
          "deliveries": [
            {
              "batter": "Parvez Hossain Emon",
              "bowler": "Taijul Islam",
              "non_striker": "G Clark",
              "runs": {
                "batter": 6,
                "extras": 0,
                "non_boundary": true,
                "total": 6
              }
            },
            {
              "batter": "Parvez Hossain Emon",
              "bowler": "Taijul Islam",
              "non_striker": "G Clark",
              "runs": {
                "batter": 6,
                "extras": 0,
                "total": 6
              }
            },
            {
              "batter": "Parvez Hossain Emon",
              "bowler": "Taijul Islam",
              "non_striker": "G Clark",
              "runs": {
                "batter": 4,
                "extras": 0,
                "total": 4
              }
            },
            {
              "batter": "Parvez Hossain Emon",
              "bowler": "Taijul Islam",
              "non_striker": "G Clark",
              "runs": {
                "batter": 1,
                "extras": 0,
                "total": 1
              }
            },
            {
              "batter": "G Clark",
              "bowler": "Taijul Islam",
              "non_striker": "Parvez Hossain Emon",
              "runs": {
                "batter": 4,
                "extras": 0,
                "total": 4
              }
            },
            {
              "batter": "G Clark",
              "bowler": "Taijul Islam",
              "non_striker": "Parvez Hossain Emon",
              "runs": {
                "batter": 1,
                "extras": 0,
                "total": 1
              }
            }
          ]
        },
        {
          "over": 10,
          "deliveries": [
            {
              "batter": "G Clark",
              "bowler": "JK Fuller",
              "non_striker": "Parvez Hossain Emon",
              "runs": {
                "batter": 1,
                "extras": 0,
                "total": 1
              }
            },
            {
              "batter": "Parvez Hossain Emon",
              "bowler": "JK Fuller",
              "non_striker": "G Clark",
              "runs": {
                "batter": 6,
                "extras": 0,
                "total": 6
              }
            },
            {
              "batter": "Parvez Hossain Emon",
              "bowler": "JK Fuller",
              "non_striker": "G Clark",
              "runs": {
                "batter": 1,
                "extras": 0,
                "total": 1
              }
            },
            {
              "batter": "G Clark",
              "bowler": "JK Fuller",
              "non_striker": "Parvez Hossain Emon",
              "runs": {
                "batter": 1,
                "extras": 0,
                "total": 1
              }
            },
            {
              "batter": "Parvez Hossain Emon",
              "bowler": "JK Fuller",
              "non_striker": "G Clark",
              "runs": {
                "batter": 1,
                "extras": 0,
                "total": 1
              }
            },
            {
              "batter": "G Clark",
              "bowler": "JK Fuller",
              "extras": {
                "legbyes": 1
              },
              "non_striker": "Parvez Hossain Emon",
              "runs": {
                "batter": 0,
                "extras": 1,
                "total": 1
              }
            }
          ]
        },
        {
          "over": 11,
          "deliveries": [
            {
              "batter": "G Clark",
              "bowler": "Rishad Hossain",
              "non_striker": "Parvez Hossain Emon",
              "runs": {
                "batter": 0,
                "extras": 0,
                "total": 0
              }
            },
            {
              "batter": "G Clark",
              "bowler": "Rishad Hossain",
              "non_striker": "Parvez Hossain Emon",
              "runs": {
                "batter": 6,
                "extras": 0,
                "total": 6
              }
            },
            {
              "batter": "G Clark",
              "bowler": "Rishad Hossain",
              "non_striker": "Parvez Hossain Emon",
              "runs": {
                "batter": 1,
                "extras": 0,
                "total": 1
              }
            },
            {
              "batter": "Parvez Hossain Emon",
              "bowler": "Rishad Hossain",
              "non_striker": "G Clark",
              "runs": {
                "batter": 1,
                "extras": 0,
                "total": 1
              }
            },
            {
              "batter": "G Clark",
              "bowler": "Rishad Hossain",
              "non_striker": "Parvez Hossain Emon",
              "runs": {
                "batter": 1,
                "extras": 0,
                "total": 1
              }
            },
            {
              "batter": "Parvez Hossain Emon",
              "bowler": "Rishad Hossain",
              "non_striker": "G Clark",
              "runs": {
                "batter": 6,
                "extras": 0,
                "total": 6
              }
            }
          ]
        },
        {
          "over": 12,
          "deliveries": [
            {
              "batter": "G Clark",
              "bowler": "Ebadat Hossain",
              "extras": {
                "legbyes": 1
              },
              "non_striker": "Parvez Hossain Emon",
              "runs": {
                "batter": 0,
                "extras": 1,
                "total": 1
              }
            },
            {
              "batter": "Parvez Hossain Emon",
              "bowler": "Ebadat Hossain",
              "non_striker": "G Clark",
              "runs": {
                "batter": 0,
                "extras": 0,
                "total": 0
              }
            },
            {
              "batter": "Parvez Hossain Emon",
              "bowler": "Ebadat Hossain",
              "non_striker": "G Clark",
              "runs": {
                "batter": 1,
                "extras": 0,
                "total": 1
              }
            },
            {
              "batter": "G Clark",
              "bowler": "Ebadat Hossain",
              "extras": {
                "wides": 1
              },
              "non_striker": "Parvez Hossain Emon",
              "runs": {
                "batter": 0,
                "extras": 1,
                "total": 1
              }
            },
            {
              "batter": "G Clark",
              "bowler": "Ebadat Hossain",
              "non_striker": "Parvez Hossain Emon",
              "runs": {
                "batter": 1,
                "extras": 0,
                "total": 1
              }
            },
            {
              "batter": "Parvez Hossain Emon",
              "bowler": "Ebadat Hossain",
              "non_striker": "G Clark",
              "runs": {
                "batter": 0,
                "extras": 0,
                "total": 0
              },
              "wickets": [
                {
                  "player_out": "Parvez Hossain Emon",
                  "fielders": [
                    {
                      "name": "JK Fuller"
                    }
                  ],
                  "kind": "caught"
                }
              ]
            },
            {
              "batter": "Haider Ali",
              "bowler": "Ebadat Hossain",
              "extras": {
                "wides": 1
              },
              "non_striker": "G Clark",
              "runs": {
                "batter": 0,
                "extras": 1,
                "total": 1
              }
            },
            {
              "batter": "Haider Ali",
              "bowler": "Ebadat Hossain",
              "non_striker": "G Clark",
              "runs": {
                "batter": 1,
                "extras": 0,
                "total": 1
              }
            }
          ]
        },
        {
          "over": 13,
          "deliveries": [
            {
              "batter": "Haider Ali",
              "bowler": "Taijul Islam",
              "non_striker": "G Clark",
              "runs": {
                "batter": 1,
                "extras": 0,
                "total": 1
              }
            },
            {
              "batter": "G Clark",
              "bowler": "Taijul Islam",
              "non_striker": "Haider Ali",
              "runs": {
                "batter": 0,
                "extras": 0,
                "total": 0
              }
            },
            {
              "batter": "G Clark",
              "bowler": "Taijul Islam",
              "non_striker": "Haider Ali",
              "runs": {
                "batter": 1,
                "extras": 0,
                "total": 1
              }
            },
            {
              "batter": "Haider Ali",
              "bowler": "Taijul Islam",
              "non_striker": "G Clark",
              "runs": {
                "batter": 1,
                "extras": 0,
                "total": 1
              }
            },
            {
              "batter": "G Clark",
              "bowler": "Taijul Islam",
              "non_striker": "Haider Ali",
              "runs": {
                "batter": 2,
                "extras": 0,
                "total": 2
              }
            },
            {
              "batter": "G Clark",
              "bowler": "Taijul Islam",
              "non_striker": "Haider Ali",
              "runs": {
                "batter": 0,
                "extras": 0,
                "total": 0
              },
              "wickets": [
                {
                  "player_out": "G Clark",
                  "kind": "bowled"
                }
              ]
            }
          ]
        },
        {
          "over": 14,
          "deliveries": [
            {
              "batter": "Haider Ali",
              "bowler": "Rishad Hossain",
              "non_striker": "Mohammad Mithun",
              "runs": {
                "batter": 4,
                "extras": 0,
                "total": 4
              }
            },
            {
              "batter": "Haider Ali",
              "bowler": "Rishad Hossain",
              "non_striker": "Mohammad Mithun",
              "runs": {
                "batter": 6,
                "extras": 0,
                "total": 6
              }
            },
            {
              "batter": "Haider Ali",
              "bowler": "Rishad Hossain",
              "non_striker": "Mohammad Mithun",
              "review": {
                "by": "Fortune Barishal",
                "umpire": "Masudur Rahman",
                "batter": "Haider Ali",
                "decision": "struck down",
                "type": "wicket"
              },
              "runs": {
                "batter": 0,
                "extras": 0,
                "total": 0
              }
            },
            {
              "batter": "Haider Ali",
              "bowler": "Rishad Hossain",
              "non_striker": "Mohammad Mithun",
              "runs": {
                "batter": 1,
                "extras": 0,
                "total": 1
              }
            },
            {
              "batter": "Mohammad Mithun",
              "bowler": "Rishad Hossain",
              "non_striker": "Haider Ali",
              "runs": {
                "batter": 0,
                "extras": 0,
                "total": 0
              }
            },
            {
              "batter": "Mohammad Mithun",
              "bowler": "Rishad Hossain",
              "non_striker": "Haider Ali",
              "runs": {
                "batter": 0,
                "extras": 0,
                "total": 0
              }
            }
          ]
        },
        {
          "over": 15,
          "deliveries": [
            {
              "batter": "Haider Ali",
              "bowler": "Mohammad Imran",
              "non_striker": "Mohammad Mithun",
              "runs": {
                "batter": 4,
                "extras": 0,
                "total": 4
              }
            },
            {
              "batter": "Haider Ali",
              "bowler": "Mohammad Imran",
              "non_striker": "Mohammad Mithun",
              "runs": {
                "batter": 0,
                "extras": 0,
                "total": 0
              }
            },
            {
              "batter": "Haider Ali",
              "bowler": "Mohammad Imran",
              "non_striker": "Mohammad Mithun",
              "runs": {
                "batter": 0,
                "extras": 0,
                "total": 0
              }
            },
            {
              "batter": "Haider Ali",
              "bowler": "Mohammad Imran",
              "non_striker": "Mohammad Mithun",
              "runs": {
                "batter": 6,
                "extras": 0,
                "total": 6
              }
            },
            {
              "batter": "Haider Ali",
              "bowler": "Mohammad Imran",
              "non_striker": "Mohammad Mithun",
              "runs": {
                "batter": 4,
                "extras": 0,
                "total": 4
              }
            },
            {
              "batter": "Haider Ali",
              "bowler": "Mohammad Imran",
              "non_striker": "Mohammad Mithun",
              "runs": {
                "batter": 1,
                "extras": 0,
                "total": 1
              }
            }
          ]
        },
        {
          "over": 16,
          "deliveries": [
            {
              "batter": "Haider Ali",
              "bowler": "Taijul Islam",
              "non_striker": "Mohammad Mithun",
              "runs": {
                "batter": 1,
                "extras": 0,
                "total": 1
              }
            },
            {
              "batter": "Mohammad Mithun",
              "bowler": "Taijul Islam",
              "non_striker": "Haider Ali",
              "runs": {
                "batter": 1,
                "extras": 0,
                "total": 1
              }
            },
            {
              "batter": "Haider Ali",
              "bowler": "Taijul Islam",
              "non_striker": "Mohammad Mithun",
              "runs": {
                "batter": 2,
                "extras": 0,
                "total": 2
              }
            },
            {
              "batter": "Haider Ali",
              "bowler": "Taijul Islam",
              "non_striker": "Mohammad Mithun",
              "runs": {
                "batter": 1,
                "extras": 0,
                "total": 1
              }
            },
            {
              "batter": "Mohammad Mithun",
              "bowler": "Taijul Islam",
              "non_striker": "Haider Ali",
              "runs": {
                "batter": 0,
                "extras": 0,
                "total": 0
              },
              "wickets": [
                {
                  "player_out": "Mohammad Mithun",
                  "fielders": [
                    {
                      "name": "Tamim Iqbal"
                    }
                  ],
                  "kind": "caught"
                }
              ]
            },
            {
              "batter": "Shamim Hossain",
              "bowler": "Taijul Islam",
              "non_striker": "Haider Ali",
              "runs": {
                "batter": 1,
                "extras": 0,
                "total": 1
              }
            }
          ]
        },
        {
          "over": 17,
          "deliveries": [
            {
              "batter": "Shamim Hossain",
              "bowler": "Ebadat Hossain",
              "non_striker": "Haider Ali",
              "runs": {
                "batter": 1,
                "extras": 0,
                "total": 1
              }
            },
            {
              "batter": "Haider Ali",
              "bowler": "Ebadat Hossain",
              "non_striker": "Shamim Hossain",
              "runs": {
                "batter": 1,
                "extras": 0,
                "total": 1
              }
            },
            {
              "batter": "Shamim Hossain",
              "bowler": "Ebadat Hossain",
              "non_striker": "Haider Ali",
              "runs": {
                "batter": 0,
                "extras": 0,
                "total": 0
              }
            },
            {
              "batter": "Shamim Hossain",
              "bowler": "Ebadat Hossain",
              "non_striker": "Haider Ali",
              "runs": {
                "batter": 1,
                "extras": 0,
                "total": 1
              }
            },
            {
              "batter": "Haider Ali",
              "bowler": "Ebadat Hossain",
              "non_striker": "Shamim Hossain",
              "runs": {
                "batter": 0,
                "extras": 0,
                "total": 0
              }
            },
            {
              "batter": "Haider Ali",
              "bowler": "Ebadat Hossain",
              "non_striker": "Shamim Hossain",
              "runs": {
                "batter": 0,
                "extras": 0,
                "total": 0
              }
            }
          ]
        },
        {
          "over": 18,
          "deliveries": [
            {
              "batter": "Shamim Hossain",
              "bowler": "JK Fuller",
              "non_striker": "Haider Ali",
              "runs": {
                "batter": 0,
                "extras": 0,
                "total": 0
              }
            },
            {
              "batter": "Shamim Hossain",
              "bowler": "JK Fuller",
              "non_striker": "Haider Ali",
              "runs": {
                "batter": 4,
                "extras": 0,
                "total": 4
              }
            },
            {
              "batter": "Shamim Hossain",
              "bowler": "JK Fuller",
              "non_striker": "Haider Ali",
              "runs": {
                "batter": 6,
                "extras": 0,
                "total": 6
              }
            },
            {
              "batter": "Shamim Hossain",
              "bowler": "JK Fuller",
              "non_striker": "Haider Ali",
              "runs": {
                "batter": 2,
                "extras": 0,
                "total": 2
              }
            },
            {
              "batter": "Shamim Hossain",
              "bowler": "JK Fuller",
              "non_striker": "Haider Ali",
              "runs": {
                "batter": 6,
                "extras": 0,
                "total": 6
              }
            },
            {
              "batter": "Shamim Hossain",
              "bowler": "JK Fuller",
              "non_striker": "Haider Ali",
              "runs": {
                "batter": 4,
                "extras": 0,
                "total": 4
              }
            }
          ]
        },
        {
          "over": 19,
          "deliveries": [
            {
              "batter": "Haider Ali",
              "bowler": "Mohammad Imran",
              "non_striker": "Shamim Hossain",
              "runs": {
                "batter": 0,
                "extras": 0,
                "total": 0
              }
            },
            {
              "batter": "Haider Ali",
              "bowler": "Mohammad Imran",
              "non_striker": "Shamim Hossain",
              "runs": {
                "batter": 2,
                "extras": 0,
                "total": 2
              }
            },
            {
              "batter": "Haider Ali",
              "bowler": "Mohammad Imran",
              "extras": {
                "legbyes": 1
              },
              "non_striker": "Shamim Hossain",
              "runs": {
                "batter": 0,
                "extras": 1,
                "total": 1
              }
            },
            {
              "batter": "Shamim Hossain",
              "bowler": "Mohammad Imran",
              "non_striker": "Haider Ali",
              "runs": {
                "batter": 4,
                "extras": 0,
                "total": 4
              }
            },
            {
              "batter": "Shamim Hossain",
              "bowler": "Mohammad Imran",
              "non_striker": "Haider Ali",
              "runs": {
                "batter": 1,
                "extras": 0,
                "total": 1
              }
            },
            {
              "batter": "Haider Ali",
              "bowler": "Mohammad Imran",
              "non_striker": "Shamim Hossain",
              "runs": {
                "batter": 6,
                "extras": 0,
                "total": 6
              }
            }
          ]
        }
      ],
      "powerplays": [
        {
          "from": 0.1,
          "to": 5.6,
          "type": "mandatory"
        }
      ]
    },
    {
      "team": "Fortune Barishal",
      "overs": [
        {
          "over": 0,
          "deliveries": [
            {
              "batter": "Tamim Iqbal",
              "bowler": "B Fernando",
              "non_striker": "Towhid Hridoy",
              "runs": {
                "batter": 0,
                "extras": 0,
                "total": 0
              }
            },
            {
              "batter": "Tamim Iqbal",
              "bowler": "B Fernando",
              "non_striker": "Towhid Hridoy",
              "runs": {
                "batter": 0,
                "extras": 0,
                "total": 0
              }
            },
            {
              "batter": "Tamim Iqbal",
              "bowler": "B Fernando",
              "non_striker": "Towhid Hridoy",
              "runs": {
                "batter": 0,
                "extras": 0,
                "total": 0
              }
            },
            {
              "batter": "Tamim Iqbal",
              "bowler": "B Fernando",
              "non_striker": "Towhid Hridoy",
              "runs": {
                "batter": 0,
                "extras": 0,
                "total": 0
              }
            },
            {
              "batter": "Tamim Iqbal",
              "bowler": "B Fernando",
              "non_striker": "Towhid Hridoy",
              "runs": {
                "batter": 0,
                "extras": 0,
                "total": 0
              }
            },
            {
              "batter": "Tamim Iqbal",
              "bowler": "B Fernando",
              "non_striker": "Towhid Hridoy",
              "runs": {
                "batter": 0,
                "extras": 0,
                "total": 0
              },
              "wickets": [
                {
                  "player_out": "Tamim Iqbal",
                  "fielders": [
                    {
                      "name": "Khawaja Nafay"
                    }
                  ],
                  "kind": "caught"
                }
              ]
            }
          ]
        },
        {
          "over": 1,
          "deliveries": [
            {
              "batter": "Towhid Hridoy",
              "bowler": "Shoriful Islam",
              "non_striker": "DJ Malan",
              "runs": {
                "batter": 4,
                "extras": 0,
                "total": 4
              }
            },
            {
              "batter": "Towhid Hridoy",
              "bowler": "Shoriful Islam",
              "non_striker": "DJ Malan",
              "runs": {
                "batter": 0,
                "extras": 0,
                "total": 0
              }
            },
            {
              "batter": "Towhid Hridoy",
              "bowler": "Shoriful Islam",
              "non_striker": "DJ Malan",
              "runs": {
                "batter": 0,
                "extras": 0,
                "total": 0
              }
            },
            {
              "batter": "Towhid Hridoy",
              "bowler": "Shoriful Islam",
              "non_striker": "DJ Malan",
              "runs": {
                "batter": 1,
                "extras": 0,
                "total": 1
              }
            },
            {
              "batter": "DJ Malan",
              "bowler": "Shoriful Islam",
              "non_striker": "Towhid Hridoy",
              "runs": {
                "batter": 1,
                "extras": 0,
                "total": 1
              }
            },
            {
              "batter": "Towhid Hridoy",
              "bowler": "Shoriful Islam",
              "non_striker": "DJ Malan",
              "runs": {
                "batter": 0,
                "extras": 0,
                "total": 0
              }
            }
          ]
        },
        {
          "over": 2,
          "deliveries": [
            {
              "batter": "DJ Malan",
              "bowler": "B Fernando",
              "non_striker": "Towhid Hridoy",
              "runs": {
                "batter": 0,
                "extras": 0,
                "total": 0
              }
            },
            {
              "batter": "DJ Malan",
              "bowler": "B Fernando",
              "non_striker": "Towhid Hridoy",
              "runs": {
                "batter": 0,
                "extras": 0,
                "total": 0
              }
            },
            {
              "batter": "DJ Malan",
              "bowler": "B Fernando",
              "non_striker": "Towhid Hridoy",
              "runs": {
                "batter": 0,
                "extras": 0,
                "total": 0
              }
            },
            {
              "batter": "DJ Malan",
              "bowler": "B Fernando",
              "non_striker": "Towhid Hridoy",
              "runs": {
                "batter": 0,
                "extras": 0,
                "total": 0
              }
            },
            {
              "batter": "DJ Malan",
              "bowler": "B Fernando",
              "non_striker": "Towhid Hridoy",
              "runs": {
                "batter": 1,
                "extras": 0,
                "total": 1
              }
            },
            {
              "batter": "Towhid Hridoy",
              "bowler": "B Fernando",
              "non_striker": "DJ Malan",
              "runs": {
                "batter": 0,
                "extras": 0,
                "total": 0
              }
            }
          ]
        },
        {
          "over": 3,
          "deliveries": [
            {
              "batter": "DJ Malan",
              "bowler": "Al Islam",
              "non_striker": "Towhid Hridoy",
              "runs": {
                "batter": 0,
                "extras": 0,
                "total": 0
              }
            },
            {
              "batter": "DJ Malan",
              "bowler": "Al Islam",
              "non_striker": "Towhid Hridoy",
              "runs": {
                "batter": 1,
                "extras": 0,
                "total": 1
              }
            },
            {
              "batter": "Towhid Hridoy",
              "bowler": "Al Islam",
              "non_striker": "DJ Malan",
              "runs": {
                "batter": 0,
                "extras": 0,
                "total": 0
              }
            },
            {
              "batter": "Towhid Hridoy",
              "bowler": "Al Islam",
              "non_striker": "DJ Malan",
              "runs": {
                "batter": 4,
                "extras": 0,
                "total": 4
              }
            },
            {
              "batter": "Towhid Hridoy",
              "bowler": "Al Islam",
              "non_striker": "DJ Malan",
              "runs": {
                "batter": 0,
                "extras": 0,
                "total": 0
              }
            },
            {
              "batter": "Towhid Hridoy",
              "bowler": "Al Islam",
              "non_striker": "DJ Malan",
              "runs": {
                "batter": 0,
                "extras": 0,
                "total": 0
              }
            }
          ]
        },
        {
          "over": 4,
          "deliveries": [
            {
              "batter": "DJ Malan",
              "bowler": "Khaled Ahmed",
              "non_striker": "Towhid Hridoy",
              "runs": {
                "batter": 0,
                "extras": 0,
                "total": 0
              }
            },
            {
              "batter": "DJ Malan",
              "bowler": "Khaled Ahmed",
              "non_striker": "Towhid Hridoy",
              "runs": {
                "batter": 1,
                "extras": 0,
                "total": 1
              }
            },
            {
              "batter": "Towhid Hridoy",
              "bowler": "Khaled Ahmed",
              "non_striker": "DJ Malan",
              "runs": {
                "batter": 0,
                "extras": 0,
                "total": 0
              },
              "wickets": [
                {
                  "player_out": "Towhid Hridoy",
                  "fielders": [
                    {
                      "name": "Al Islam"
                    }
                  ],
                  "kind": "caught"
                }
              ]
            },
            {
              "batter": "Mushfiqur Rahim",
              "bowler": "Khaled Ahmed",
              "non_striker": "DJ Malan",
              "runs": {
                "batter": 0,
                "extras": 0,
                "total": 0
              }
            },
            {
              "batter": "Mushfiqur Rahim",
              "bowler": "Khaled Ahmed",
              "non_striker": "DJ Malan",
              "runs": {
                "batter": 1,
                "extras": 0,
                "total": 1
              }
            },
            {
              "batter": "DJ Malan",
              "bowler": "Khaled Ahmed",
              "non_striker": "Mushfiqur Rahim",
              "runs": {
                "batter": 6,
                "extras": 0,
                "total": 6
              }
            }
          ]
        },
        {
          "over": 5,
          "deliveries": [
            {
              "batter": "Mushfiqur Rahim",
              "bowler": "Shoriful Islam",
              "non_striker": "DJ Malan",
              "runs": {
                "batter": 0,
                "extras": 0,
                "total": 0
              }
            },
            {
              "batter": "Mushfiqur Rahim",
              "bowler": "Shoriful Islam",
              "non_striker": "DJ Malan",
              "runs": {
                "batter": 0,
                "extras": 0,
                "total": 0
              }
            },
            {
              "batter": "Mushfiqur Rahim",
              "bowler": "Shoriful Islam",
              "extras": {
                "wides": 1
              },
              "non_striker": "DJ Malan",
              "runs": {
                "batter": 0,
                "extras": 1,
                "total": 1
              }
            },
            {
              "batter": "Mushfiqur Rahim",
              "bowler": "Shoriful Islam",
              "non_striker": "DJ Malan",
              "runs": {
                "batter": 0,
                "extras": 0,
                "total": 0
              }
            },
            {
              "batter": "Mushfiqur Rahim",
              "bowler": "Shoriful Islam",
              "non_striker": "DJ Malan",
              "runs": {
                "batter": 4,
                "extras": 0,
                "total": 4
              }
            },
            {
              "batter": "Mushfiqur Rahim",
              "bowler": "Shoriful Islam",
              "non_striker": "DJ Malan",
              "runs": {
                "batter": 4,
                "extras": 0,
                "total": 4
              }
            },
            {
              "batter": "Mushfiqur Rahim",
              "bowler": "Shoriful Islam",
              "non_striker": "DJ Malan",
              "runs": {
                "batter": 1,
                "extras": 0,
                "total": 1
              }
            }
          ]
        },
        {
          "over": 6,
          "deliveries": [
            {
              "batter": "Mushfiqur Rahim",
              "bowler": "Arafat Sunny",
              "non_striker": "DJ Malan",
              "runs": {
                "batter": 1,
                "extras": 0,
                "total": 1
              }
            },
            {
              "batter": "DJ Malan",
              "bowler": "Arafat Sunny",
              "non_striker": "Mushfiqur Rahim",
              "runs": {
                "batter": 0,
                "extras": 0,
                "total": 0
              }
            },
            {
              "batter": "DJ Malan",
              "bowler": "Arafat Sunny",
              "non_striker": "Mushfiqur Rahim",
              "runs": {
                "batter": 1,
                "extras": 0,
                "total": 1
              }
            },
            {
              "batter": "Mushfiqur Rahim",
              "bowler": "Arafat Sunny",
              "non_striker": "DJ Malan",
              "runs": {
                "batter": 1,
                "extras": 0,
                "total": 1
              }
            },
            {
              "batter": "DJ Malan",
              "bowler": "Arafat Sunny",
              "non_striker": "Mushfiqur Rahim",
              "runs": {
                "batter": 6,
                "extras": 0,
                "total": 6
              }
            },
            {
              "batter": "DJ Malan",
              "bowler": "Arafat Sunny",
              "non_striker": "Mushfiqur Rahim",
              "runs": {
                "batter": 4,
                "extras": 0,
                "total": 4
              }
            }
          ]
        },
        {
          "over": 7,
          "deliveries": [
            {
              "batter": "Mushfiqur Rahim",
              "bowler": "Al Islam",
              "non_striker": "DJ Malan",
              "runs": {
                "batter": 0,
                "extras": 0,
                "total": 0
              }
            },
            {
              "batter": "Mushfiqur Rahim",
              "bowler": "Al Islam",
              "non_striker": "DJ Malan",
              "runs": {
                "batter": 1,
                "extras": 0,
                "total": 1
              }
            },
            {
              "batter": "DJ Malan",
              "bowler": "Al Islam",
              "non_striker": "Mushfiqur Rahim",
              "runs": {
                "batter": 1,
                "extras": 0,
                "total": 1
              }
            },
            {
              "batter": "Mushfiqur Rahim",
              "bowler": "Al Islam",
              "non_striker": "DJ Malan",
              "runs": {
                "batter": 6,
                "extras": 0,
                "total": 6
              }
            },
            {
              "batter": "Mushfiqur Rahim",
              "bowler": "Al Islam",
              "non_striker": "DJ Malan",
              "runs": {
                "batter": 0,
                "extras": 0,
                "total": 0
              }
            },
            {
              "batter": "Mushfiqur Rahim",
              "bowler": "Al Islam",
              "non_striker": "DJ Malan",
              "runs": {
                "batter": 1,
                "extras": 0,
                "total": 1
              }
            }
          ]
        },
        {
          "over": 8,
          "deliveries": [
            {
              "batter": "Mushfiqur Rahim",
              "bowler": "Khaled Ahmed",
              "non_striker": "DJ Malan",
              "runs": {
                "batter": 1,
                "extras": 0,
                "total": 1
              }
            },
            {
              "batter": "DJ Malan",
              "bowler": "Khaled Ahmed",
              "non_striker": "Mushfiqur Rahim",
              "runs": {
                "batter": 4,
                "extras": 0,
                "total": 4
              }
            },
            {
              "batter": "DJ Malan",
              "bowler": "Khaled Ahmed",
              "non_striker": "Mushfiqur Rahim",
              "runs": {
                "batter": 4,
                "extras": 0,
                "total": 4
              }
            },
            {
              "batter": "DJ Malan",
              "bowler": "Khaled Ahmed",
              "extras": {
                "wides": 1
              },
              "non_striker": "Mushfiqur Rahim",
              "runs": {
                "batter": 0,
                "extras": 1,
                "total": 1
              }
            },
            {
              "batter": "DJ Malan",
              "bowler": "Khaled Ahmed",
              "non_striker": "Mushfiqur Rahim",
              "runs": {
                "batter": 1,
                "extras": 0,
                "total": 1
              }
            },
            {
              "batter": "Mushfiqur Rahim",
              "bowler": "Khaled Ahmed",
              "non_striker": "DJ Malan",
              "runs": {
                "batter": 0,
                "extras": 0,
                "total": 0
              }
            },
            {
              "batter": "Mushfiqur Rahim",
              "bowler": "Khaled Ahmed",
              "non_striker": "DJ Malan",
              "runs": {
                "batter": 1,
                "extras": 0,
                "total": 1
              }
            }
          ]
        },
        {
          "over": 9,
          "deliveries": [
            {
              "batter": "Mushfiqur Rahim",
              "bowler": "Al Islam",
              "non_striker": "DJ Malan",
              "runs": {
                "batter": 0,
                "extras": 0,
                "total": 0
              }
            },
            {
              "batter": "Mushfiqur Rahim",
              "bowler": "Al Islam",
              "non_striker": "DJ Malan",
              "review": {
                "by": "Fortune Barishal",
                "umpire": "RR Wimalasiri",
                "batter": "Mushfiqur Rahim",
                "decision": "upheld",
                "type": "wicket"
              },
              "runs": {
                "batter": 0,
                "extras": 0,
                "total": 0
              }
            },
            {
              "batter": "Mushfiqur Rahim",
              "bowler": "Al Islam",
              "non_striker": "DJ Malan",
              "runs": {
                "batter": 2,
                "extras": 0,
                "total": 2
              }
            },
            {
              "batter": "Mushfiqur Rahim",
              "bowler": "Al Islam",
              "non_striker": "DJ Malan",
              "runs": {
                "batter": 0,
                "extras": 0,
                "total": 0
              },
              "wickets": [
                {
                  "player_out": "Mushfiqur Rahim",
                  "kind": "caught and bowled"
                }
              ]
            },
            {
              "batter": "Mahmudullah",
              "bowler": "Al Islam",
              "non_striker": "DJ Malan",
              "runs": {
                "batter": 1,
                "extras": 0,
                "total": 1
              }
            },
            {
              "batter": "DJ Malan",
              "bowler": "Al Islam",
              "non_striker": "Mahmudullah",
              "runs": {
                "batter": 0,
                "extras": 0,
                "total": 0
              }
            }
          ]
        },
        {
          "over": 10,
          "deliveries": [
            {
              "batter": "Mahmudullah",
              "bowler": "Arafat Sunny",
              "non_striker": "DJ Malan",
              "runs": {
                "batter": 1,
                "extras": 0,
                "total": 1
              }
            },
            {
              "batter": "DJ Malan",
              "bowler": "Arafat Sunny",
              "non_striker": "Mahmudullah",
              "runs": {
                "batter": 0,
                "extras": 0,
                "total": 0
              }
            },
            {
              "batter": "DJ Malan",
              "bowler": "Arafat Sunny",
              "non_striker": "Mahmudullah",
              "runs": {
                "batter": 1,
                "extras": 0,
                "total": 1
              }
            },
            {
              "batter": "Mahmudullah",
              "bowler": "Arafat Sunny",
              "non_striker": "DJ Malan",
              "runs": {
                "batter": 0,
                "extras": 0,
                "total": 0
              }
            },
            {
              "batter": "Mahmudullah",
              "bowler": "Arafat Sunny",
              "extras": {
                "wides": 1
              },
              "non_striker": "DJ Malan",
              "runs": {
                "batter": 0,
                "extras": 1,
                "total": 1
              }
            },
            {
              "batter": "Mahmudullah",
              "bowler": "Arafat Sunny",
              "non_striker": "DJ Malan",
              "runs": {
                "batter": 2,
                "extras": 0,
                "total": 2
              }
            },
            {
              "batter": "Mahmudullah",
              "bowler": "Arafat Sunny",
              "non_striker": "DJ Malan",
              "runs": {
                "batter": 1,
                "extras": 0,
                "total": 1
              }
            }
          ]
        },
        {
          "over": 11,
          "deliveries": [
            {
              "batter": "Mahmudullah",
              "bowler": "Khaled Ahmed",
              "non_striker": "DJ Malan",
              "runs": {
                "batter": 1,
                "extras": 0,
                "total": 1
              }
            },
            {
              "batter": "DJ Malan",
              "bowler": "Khaled Ahmed",
              "non_striker": "Mahmudullah",
              "runs": {
                "batter": 6,
                "extras": 0,
                "total": 6
              }
            },
            {
              "batter": "DJ Malan",
              "bowler": "Khaled Ahmed",
              "non_striker": "Mahmudullah",
              "runs": {
                "batter": 1,
                "extras": 0,
                "total": 1
              }
            },
            {
              "batter": "Mahmudullah",
              "bowler": "Khaled Ahmed",
              "non_striker": "DJ Malan",
              "runs": {
                "batter": 4,
                "extras": 0,
                "total": 4
              }
            },
            {
              "batter": "Mahmudullah",
              "bowler": "Khaled Ahmed",
              "non_striker": "DJ Malan",
              "runs": {
                "batter": 1,
                "extras": 0,
                "total": 1
              }
            },
            {
              "batter": "DJ Malan",
              "bowler": "Khaled Ahmed",
              "non_striker": "Mahmudullah",
              "runs": {
                "batter": 1,
                "extras": 0,
                "total": 1
              }
            }
          ]
        },
        {
          "over": 12,
          "deliveries": [
            {
              "batter": "DJ Malan",
              "bowler": "Arafat Sunny",
              "non_striker": "Mahmudullah",
              "runs": {
                "batter": 4,
                "extras": 0,
                "total": 4
              }
            },
            {
              "batter": "DJ Malan",
              "bowler": "Arafat Sunny",
              "non_striker": "Mahmudullah",
              "runs": {
                "batter": 0,
                "extras": 0,
                "total": 0
              }
            },
            {
              "batter": "DJ Malan",
              "bowler": "Arafat Sunny",
              "non_striker": "Mahmudullah",
              "runs": {
                "batter": 6,
                "extras": 0,
                "total": 6
              }
            },
            {
              "batter": "DJ Malan",
              "bowler": "Arafat Sunny",
              "non_striker": "Mahmudullah",
              "runs": {
                "batter": 4,
                "extras": 0,
                "total": 4
              }
            },
            {
              "batter": "DJ Malan",
              "bowler": "Arafat Sunny",
              "non_striker": "Mahmudullah",
              "runs": {
                "batter": 0,
                "extras": 0,
                "total": 0
              }
            },
            {
              "batter": "DJ Malan",
              "bowler": "Arafat Sunny",
              "non_striker": "Mahmudullah",
              "runs": {
                "batter": 6,
                "extras": 0,
                "total": 6
              }
            }
          ]
        },
        {
          "over": 13,
          "deliveries": [
            {
              "batter": "Mahmudullah",
              "bowler": "Al Islam",
              "non_striker": "DJ Malan",
              "runs": {
                "batter": 1,
                "extras": 0,
                "total": 1
              }
            },
            {
              "batter": "DJ Malan",
              "bowler": "Al Islam",
              "non_striker": "Mahmudullah",
              "runs": {
                "batter": 1,
                "extras": 0,
                "total": 1
              }
            },
            {
              "batter": "Mahmudullah",
              "bowler": "Al Islam",
              "non_striker": "DJ Malan",
              "runs": {
                "batter": 6,
                "extras": 0,
                "total": 6
              }
            },
            {
              "batter": "Mahmudullah",
              "bowler": "Al Islam",
              "non_striker": "DJ Malan",
              "runs": {
                "batter": 1,
                "extras": 0,
                "total": 1
              }
            },
            {
              "batter": "DJ Malan",
              "bowler": "Al Islam",
              "non_striker": "Mahmudullah",
              "runs": {
                "batter": 6,
                "extras": 0,
                "total": 6
              }
            },
            {
              "batter": "DJ Malan",
              "bowler": "Al Islam",
              "non_striker": "Mahmudullah",
              "runs": {
                "batter": 0,
                "extras": 0,
                "total": 0
              },
              "wickets": [
                {
                  "player_out": "DJ Malan",
                  "fielders": [
                    {
                      "name": "G Clark"
                    }
                  ],
                  "kind": "caught"
                }
              ]
            }
          ]
        },
        {
          "over": 14,
          "deliveries": [
            {
              "batter": "Mahmudullah",
              "bowler": "Arafat Sunny",
              "non_striker": "Mohammad Nabi",
              "runs": {
                "batter": 0,
                "extras": 0,
                "total": 0
              }
            },
            {
              "batter": "Mahmudullah",
              "bowler": "Arafat Sunny",
              "non_striker": "Mohammad Nabi",
              "runs": {
                "batter": 1,
                "extras": 0,
                "total": 1
              }
            },
            {
              "batter": "Mohammad Nabi",
              "bowler": "Arafat Sunny",
              "non_striker": "Mahmudullah",
              "runs": {
                "batter": 0,
                "extras": 0,
                "total": 0
              }
            },
            {
              "batter": "Mohammad Nabi",
              "bowler": "Arafat Sunny",
              "non_striker": "Mahmudullah",
              "runs": {
                "batter": 0,
                "extras": 0,
                "total": 0
              },
              "wickets": [
                {
                  "player_out": "Mohammad Nabi",
                  "fielders": [
                    {
                      "name": "Shamim Hossain"
                    }
                  ],
                  "kind": "caught"
                }
              ]
            },
            {
              "batter": "Rishad Hossain",
              "bowler": "Arafat Sunny",
              "non_striker": "Mahmudullah",
              "runs": {
                "batter": 0,
                "extras": 0,
                "total": 0
              }
            },
            {
              "batter": "Rishad Hossain",
              "bowler": "Arafat Sunny",
              "non_striker": "Mahmudullah",
              "runs": {
                "batter": 1,
                "extras": 0,
                "total": 1
              }
            }
          ]
        },
        {
          "over": 15,
          "deliveries": [
            {
              "batter": "Rishad Hossain",
              "bowler": "Shoriful Islam",
              "non_striker": "Mahmudullah",
              "runs": {
                "batter": 2,
                "extras": 0,
                "total": 2
              }
            },
            {
              "batter": "Rishad Hossain",
              "bowler": "Shoriful Islam",
              "non_striker": "Mahmudullah",
              "runs": {
                "batter": 1,
                "extras": 0,
                "total": 1
              }
            },
            {
              "batter": "Mahmudullah",
              "bowler": "Shoriful Islam",
              "non_striker": "Rishad Hossain",
              "runs": {
                "batter": 0,
                "extras": 0,
                "total": 0
              }
            },
            {
              "batter": "Mahmudullah",
              "bowler": "Shoriful Islam",
              "non_striker": "Rishad Hossain",
              "runs": {
                "batter": 6,
                "extras": 0,
                "total": 6
              }
            },
            {
              "batter": "Mahmudullah",
              "bowler": "Shoriful Islam",
              "non_striker": "Rishad Hossain",
              "runs": {
                "batter": 1,
                "extras": 0,
                "total": 1
              }
            },
            {
              "batter": "Rishad Hossain",
              "bowler": "Shoriful Islam",
              "non_striker": "Mahmudullah",
              "runs": {
                "batter": 0,
                "extras": 0,
                "total": 0
              }
            }
          ]
        },
        {
          "over": 16,
          "deliveries": [
            {
              "batter": "Mahmudullah",
              "bowler": "B Fernando",
              "non_striker": "Rishad Hossain",
              "runs": {
                "batter": 2,
                "extras": 0,
                "total": 2
              }
            },
            {
              "batter": "Mahmudullah",
              "bowler": "B Fernando",
              "non_striker": "Rishad Hossain",
              "runs": {
                "batter": 1,
                "extras": 0,
                "total": 1
              }
            },
            {
              "batter": "Rishad Hossain",
              "bowler": "B Fernando",
              "extras": {
                "wides": 1
              },
              "non_striker": "Mahmudullah",
              "runs": {
                "batter": 0,
                "extras": 1,
                "total": 1
              }
            },
            {
              "batter": "Rishad Hossain",
              "bowler": "B Fernando",
              "non_striker": "Mahmudullah",
              "runs": {
                "batter": 0,
                "extras": 0,
                "total": 0
              }
            },
            {
              "batter": "Rishad Hossain",
              "bowler": "B Fernando",
              "non_striker": "Mahmudullah",
              "runs": {
                "batter": 0,
                "extras": 0,
                "total": 0
              }
            },
            {
              "batter": "Rishad Hossain",
              "bowler": "B Fernando",
              "extras": {
                "wides": 1
              },
              "non_striker": "Mahmudullah",
              "runs": {
                "batter": 0,
                "extras": 1,
                "total": 1
              }
            },
            {
              "batter": "Rishad Hossain",
              "bowler": "B Fernando",
              "non_striker": "Mahmudullah",
              "runs": {
                "batter": 0,
                "extras": 0,
                "total": 0
              }
            },
            {
              "batter": "Rishad Hossain",
              "bowler": "B Fernando",
              "non_striker": "Mahmudullah",
              "runs": {
                "batter": 6,
                "extras": 0,
                "total": 6
              }
            }
          ]
        },
        {
          "over": 17,
          "deliveries": [
            {
              "batter": "Mahmudullah",
              "bowler": "Khaled Ahmed",
              "non_striker": "Rishad Hossain",
              "runs": {
                "batter": 1,
                "extras": 0,
                "total": 1
              }
            },
            {
              "batter": "Rishad Hossain",
              "bowler": "Khaled Ahmed",
              "non_striker": "Mahmudullah",
              "runs": {
                "batter": 1,
                "extras": 0,
                "total": 1
              }
            },
            {
              "batter": "Mahmudullah",
              "bowler": "Khaled Ahmed",
              "extras": {
                "noballs": 1
              },
              "non_striker": "Rishad Hossain",
              "runs": {
                "batter": 4,
                "extras": 1,
                "total": 5
              }
            },
            {
              "batter": "Mahmudullah",
              "bowler": "Khaled Ahmed",
              "non_striker": "Rishad Hossain",
              "runs": {
                "batter": 1,
                "extras": 0,
                "total": 1
              },
              "wickets": [
                {
                  "player_out": "Rishad Hossain",
                  "fielders": [
                    {
                      "name": "Shamim Hossain"
                    },
                    {
                      "name": "Khaled Ahmed"
                    }
                  ],
                  "kind": "run out"
                }
              ]
            },
            {
              "batter": "Mahmudullah",
              "bowler": "Khaled Ahmed",
              "non_striker": "JK Fuller",
              "runs": {
                "batter": 1,
                "extras": 0,
                "total": 1
              }
            },
            {
              "batter": "JK Fuller",
              "bowler": "Khaled Ahmed",
              "non_striker": "Mahmudullah",
              "runs": {
                "batter": 4,
                "extras": 0,
                "total": 4
              }
            },
            {
              "batter": "JK Fuller",
              "bowler": "Khaled Ahmed",
              "extras": {
                "legbyes": 1
              },
              "non_striker": "Mahmudullah",
              "review": {
                "by": "Chittagong Kings",
                "umpire": "RR Wimalasiri",
                "batter": "JK Fuller",
                "decision": "struck down",
                "type": "wicket"
              },
              "runs": {
                "batter": 0,
                "extras": 1,
                "total": 1
              }
            }
          ]
        },
        {
          "over": 18,
          "deliveries": [
            {
              "batter": "JK Fuller",
              "bowler": "Shoriful Islam",
              "non_striker": "Mahmudullah",
              "runs": {
                "batter": 0,
                "extras": 0,
                "total": 0
              }
            },
            {
              "batter": "JK Fuller",
              "bowler": "Shoriful Islam",
              "non_striker": "Mahmudullah",
              "runs": {
                "batter": 4,
                "extras": 0,
                "total": 4
              }
            },
            {
              "batter": "JK Fuller",
              "bowler": "Shoriful Islam",
              "extras": {
                "wides": 1
              },
              "non_striker": "Mahmudullah",
              "runs": {
                "batter": 0,
                "extras": 1,
                "total": 1
              }
            },
            {
              "batter": "JK Fuller",
              "bowler": "Shoriful Islam",
              "non_striker": "Mahmudullah",
              "runs": {
                "batter": 1,
                "extras": 0,
                "total": 1
              }
            },
            {
              "batter": "Mahmudullah",
              "bowler": "Shoriful Islam",
              "extras": {
                "wides": 1
              },
              "non_striker": "JK Fuller",
              "runs": {
                "batter": 0,
                "extras": 1,
                "total": 1
              }
            },
            {
              "batter": "Mahmudullah",
              "bowler": "Shoriful Islam",
              "non_striker": "JK Fuller",
              "runs": {
                "batter": 3,
                "extras": 0,
                "total": 3
              }
            },
            {
              "batter": "JK Fuller",
              "bowler": "Shoriful Islam",
              "non_striker": "Mahmudullah",
              "runs": {
                "batter": 6,
                "extras": 0,
                "total": 6
              }
            },
            {
              "batter": "JK Fuller",
              "bowler": "Shoriful Islam",
              "non_striker": "Mahmudullah",
              "runs": {
                "batter": 1,
                "extras": 0,
                "total": 1
              }
            }
          ]
        },
        {
          "over": 19,
          "deliveries": [
            {
              "batter": "JK Fuller",
              "bowler": "B Fernando",
              "extras": {
                "noballs": 1
              },
              "non_striker": "Mahmudullah",
              "runs": {
                "batter": 2,
                "extras": 1,
                "total": 3
              }
            },
            {
              "batter": "JK Fuller",
              "bowler": "B Fernando",
              "extras": {
                "noballs": 1
              },
              "non_striker": "Mahmudullah",
              "runs": {
                "batter": 0,
                "extras": 1,
                "total": 1
              }
            },
            {
              "batter": "JK Fuller",
              "bowler": "B Fernando",
              "non_striker": "Mahmudullah",
              "runs": {
                "batter": 0,
                "extras": 0,
                "total": 0
              }
            },
            {
              "batter": "JK Fuller",
              "bowler": "B Fernando",
              "non_striker": "Mahmudullah",
              "runs": {
                "batter": 0,
                "extras": 0,
                "total": 0
              },
              "wickets": [
                {
                  "player_out": "JK Fuller",
                  "fielders": [
                    {
                      "name": "Shoriful Islam"
                    }
                  ],
                  "kind": "caught"
                }
              ]
            },
            {
              "batter": "Taijul Islam",
              "bowler": "B Fernando",
              "non_striker": "Mahmudullah",
              "runs": {
                "batter": 1,
                "extras": 0,
                "total": 1
              }
            },
            {
              "batter": "Mahmudullah",
              "bowler": "B Fernando",
              "non_striker": "Taijul Islam",
              "runs": {
                "batter": 0,
                "extras": 0,
                "total": 0
              }
            },
            {
              "batter": "Mahmudullah",
              "bowler": "B Fernando",
              "non_striker": "Taijul Islam",
              "runs": {
                "batter": 0,
                "extras": 0,
                "total": 0
              }
            },
            {
              "batter": "Mahmudullah",
              "bowler": "B Fernando",
              "non_striker": "Taijul Islam",
              "runs": {
                "batter": 1,
                "extras": 0,
                "total": 1
              }
            }
          ]
        }
      ],
      "powerplays": [
        {
          "from": 0.1,
          "to": 5.7,
          "type": "mandatory"
        }
      ],
      "target": {
        "overs": 20,
        "runs": 207
      }
    }
  ]
}