{
  "meta": {
    "data_version": "1.1.0",
    "created": "2025-01-10",
    "revision": 1
  },
  "info": {
    "balls_per_over": 6,
    "city": "Sylhet",
    "dates": [
      "2025-01-09"
    ],
    "event": {
      "name": "Bangladesh Premier League",
      "match_number": 13
    },
    "gender": "male",
    "match_type": "T20",
    "officials": {
      "match_referees": [
        "Neeyamur Rashid"
      ],
      "reserve_umpires": [
        "Sajedul Islam"
      ],
      "tv_umpires": [
        "Tanvir Ahmed"
      ],
      "umpires": [
        "Ali Arman",
        "Asif Yaqoob"
      ]
    },
    "outcome": {
      "winner": "Rangpur Riders",
      "by": {
        "wickets": 3
      }
    },
    "overs": 20,
    "player_of_match": [
      "Nurul Hasan"
    ],
    "players": {
      "Fortune Barishal": [
        "Tamim Iqbal",
        "Nazmul Hossain Shanto",
        "KR Mayers",
        "Towhid Hridoy",
        "Mahmudullah",
        "Faheem Ashraf",
        "Jahandad Khan",
        "Mushfiqur Rahim",
        "Rishad Hossain",
        "Shaheen Shah Afridi",
        "Tanvir Islam"
      ],
      "Rangpur Riders": [
        "Towfiq Khan",
        "AD Hales",
        "Saif Hassan",
        "Iftikhar Ahmed",
        "Khushdil Shah",
        "Nurul Hasan",
        "Mahedi Hasan",
        "Mohammad Saifuddin",
        "Kamrul Islam Rabbi",
        "Nahid Rana",
        "Akif Javed"
      ]
    },
    "registry": {
      "people": {
        "AD Hales": "92aeac25",
        "Akif Javed": "99d7d5b7",
        "Ali Arman": "1342d8d8",
        "Asif Yaqoob": "6b35790c",
        "Faheem Ashraf": "bd4ea627",
        "Iftikhar Ahmed": "29e253dd",
        "Jahandad Khan": "22d73540",
        "KR Mayers": "73c18486",
        "Kamrul Islam Rabbi": "f7e9a562",
        "Khushdil Shah": "fce581b5",
        "Mahedi Hasan": "9dad0f2e",
        "Mahmudullah": "bf1d7d3e",
        "Mohammad Saifuddin": "b3a28446",
        "Mushfiqur Rahim": "a94e08ea",
        "Nahid Rana": "5318ee68",
        "Nayeem Hasan": "1670dcfd",
        "Nazmul Hossain Shanto": "1274d7ab",
        "Neeyamur Rashid": "bd81a027",
        "Nurul Hasan": "d365d463",
        "Rishad Hossain": "5935d694",
        "Saif Hassan": "bb95564b",
        "Sajedul Islam": "0443414a",
        "Shaheen Shah Afridi": "45a7e761",
        "Tamim Iqbal": "3b041a12",
        "Tanvir Ahmed": "ea2df1f1",
        "Tanvir Islam": "aa467af0",
        "Towfiq Khan": "24e3c15b",
        "Towhid Hridoy": "9e52a414"
      }
    },
    "season": "2024/25",
    "team_type": "club",
    "teams": [
      "Fortune Barishal",
      "Rangpur Riders"
    ],
    "toss": {
      "decision": "field",
      "winner": "Rangpur Riders"
    },
    "venue": "Sylhet International Cricket Stadium"
  },
  "innings": [
    {
      "team": "Fortune Barishal",
      "overs": [
        {
          "over": 0,
          "deliveries": [
            {
              "batter": "Tamim Iqbal",
              "bowler": "Mahedi Hasan",
              "non_striker": "Nazmul Hossain Shanto",
              "runs": {
                "batter": 0,
                "extras": 0,
                "total": 0
              }
            },
            {
              "batter": "Tamim Iqbal",
              "bowler": "Mahedi Hasan",
              "non_striker": "Nazmul Hossain Shanto",
              "runs": {
                "batter": 0,
                "extras": 0,
                "total": 0
              }
            },
            {
              "batter": "Tamim Iqbal",
              "bowler": "Mahedi Hasan",
              "non_striker": "Nazmul Hossain Shanto",
              "runs": {
                "batter": 0,
                "extras": 0,
                "total": 0
              }
            },
            {
              "batter": "Tamim Iqbal",
              "bowler": "Mahedi Hasan",
              "non_striker": "Nazmul Hossain Shanto",
              "runs": {
                "batter": 0,
                "extras": 0,
                "total": 0
              }
            },
            {
              "batter": "Tamim Iqbal",
              "bowler": "Mahedi Hasan",
              "non_striker": "Nazmul Hossain Shanto",
              "runs": {
                "batter": 0,
                "extras": 0,
                "total": 0
              }
            },
            {
              "batter": "Tamim Iqbal",
              "bowler": "Mahedi Hasan",
              "non_striker": "Nazmul Hossain Shanto",
              "runs": {
                "batter": 0,
                "extras": 0,
                "total": 0
              }
            }
          ]
        },
        {
          "over": 1,
          "deliveries": [
            {
              "batter": "Nazmul Hossain Shanto",
              "bowler": "Iftikhar Ahmed",
              "non_striker": "Tamim Iqbal",
              "runs": {
                "batter": 0,
                "extras": 0,
                "total": 0
              }
            },
            {
              "batter": "Nazmul Hossain Shanto",
              "bowler": "Iftikhar Ahmed",
              "non_striker": "Tamim Iqbal",
              "runs": {
                "batter": 0,
                "extras": 0,
                "total": 0
              }
            },
            {
              "batter": "Nazmul Hossain Shanto",
              "bowler": "Iftikhar Ahmed",
              "non_striker": "Tamim Iqbal",
              "runs": {
                "batter": 4,
                "extras": 0,
                "total": 4
              }
            },
            {
              "batter": "Nazmul Hossain Shanto",
              "bowler": "Iftikhar Ahmed",
              "extras": {
                "legbyes": 1
              },
              "non_striker": "Tamim Iqbal",
              "review": {
                "by": "Rangpur Riders",
                "umpire": "Ali Arman",
                "batter": "Nazmul Hossain Shanto",
                "decision": "struck down",
                "type": "wicket"
              },
              "runs": {
                "batter": 0,
                "extras": 1,
                "total": 1
              }
            },
            {
              "batter": "Tamim Iqbal",
              "bowler": "Iftikhar Ahmed",
              "non_striker": "Nazmul Hossain Shanto",
              "runs": {
                "batter": 0,
                "extras": 0,
                "total": 0
              }
            },
            {
              "batter": "Tamim Iqbal",
              "bowler": "Iftikhar Ahmed",
              "non_striker": "Nazmul Hossain Shanto",
              "runs": {
                "batter": 1,
                "extras": 0,
                "total": 1
              }
            }
          ]
        },
        {
          "over": 2,
          "deliveries": [
            {
              "batter": "Tamim Iqbal",
              "bowler": "Mahedi Hasan",
              "non_striker": "Nazmul Hossain Shanto",
              "runs": {
                "batter": 1,
                "extras": 0,
                "total": 1
              }
            },
            {
              "batter": "Nazmul Hossain Shanto",
              "bowler": "Mahedi Hasan",
              "non_striker": "Tamim Iqbal",
              "runs": {
                "batter": 0,
                "extras": 0,
                "total": 0
              }
            },
            {
              "batter": "Nazmul Hossain Shanto",
              "bowler": "Mahedi Hasan",
              "non_striker": "Tamim Iqbal",
              "runs": {
                "batter": 1,
                "extras": 0,
                "total": 1
              }
            },
            {
              "batter": "Tamim Iqbal",
              "bowler": "Mahedi Hasan",
              "non_striker": "Nazmul Hossain Shanto",
              "runs": {
                "batter": 1,
                "extras": 0,
                "total": 1
              }
            },
            {
              "batter": "Nazmul Hossain Shanto",
              "bowler": "Mahedi Hasan",
              "non_striker": "Tamim Iqbal",
              "runs": {
                "batter": 6,
                "extras": 0,
                "total": 6
              }
            },
            {
              "batter": "Nazmul Hossain Shanto",
              "bowler": "Mahedi Hasan",
              "non_striker": "Tamim Iqbal",
              "runs": {
                "batter": 1,
                "extras": 0,
                "total": 1
              }
            }
          ]
        },
        {
          "over": 3,
          "deliveries": [
            {
              "batter": "Nazmul Hossain Shanto",
              "bowler": "Akif Javed",
              "non_striker": "Tamim Iqbal",
              "runs": {
                "batter": 0,
                "extras": 0,
                "total": 0
              }
            },
            {
              "batter": "Nazmul Hossain Shanto",
              "bowler": "Akif Javed",
              "non_striker": "Tamim Iqbal",
              "runs": {
                "batter": 1,
                "extras": 0,
                "total": 1
              }
            },
            {
              "batter": "Tamim Iqbal",
              "bowler": "Akif Javed",
              "non_striker": "Nazmul Hossain Shanto",
              "runs": {
                "batter": 1,
                "extras": 0,
                "total": 1
              }
            },
            {
              "batter": "Nazmul Hossain Shanto",
              "bowler": "Akif Javed",
              "non_striker": "Tamim Iqbal",
              "runs": {
                "batter": 4,
                "extras": 0,
                "total": 4
              }
            },
            {
              "batter": "Nazmul Hossain Shanto",
              "bowler": "Akif Javed",
              "extras": {
                "legbyes": 1
              },
              "non_striker": "Tamim Iqbal",
              "runs": {
                "batter": 0,
                "extras": 1,
                "total": 1
              }
            },
            {
              "batter": "Tamim Iqbal",
              "bowler": "Akif Javed",
              "non_striker": "Nazmul Hossain Shanto",
              "runs": {
                "batter": 0,
                "extras": 0,
                "total": 0
              }
            }
          ]
        },
        {
          "over": 4,
          "deliveries": [
            {
              "batter": "Nazmul Hossain Shanto",
              "bowler": "Mahedi Hasan",
              "non_striker": "Tamim Iqbal",
              "runs": {
                "batter": 1,
                "extras": 0,
                "total": 1
              }
            },
            {
              "batter": "Tamim Iqbal",
              "bowler": "Mahedi Hasan",
              "non_striker": "Nazmul Hossain Shanto",
              "runs": {
                "batter": 0,
                "extras": 0,
                "total": 0
              }
            },
            {
              "batter": "Tamim Iqbal",
              "bowler": "Mahedi Hasan",
              "non_striker": "Nazmul Hossain Shanto",
              "runs": {
                "batter": 0,
                "extras": 0,
                "total": 0
              }
            },
            {
              "batter": "Tamim Iqbal",
              "bowler": "Mahedi Hasan",
              "non_striker": "Nazmul Hossain Shanto",
              "runs": {
                "batter": 4,
                "extras": 0,
                "total": 4
              }
            },
            {
              "batter": "Tamim Iqbal",
              "bowler": "Mahedi Hasan",
              "non_striker": "Nazmul Hossain Shanto",
              "runs": {
                "batter": 0,
                "extras": 0,
                "total": 0
              }
            },
            {
              "batter": "Tamim Iqbal",
              "bowler": "Mahedi Hasan",
              "non_striker": "Nazmul Hossain Shanto",
              "runs": {
                "batter": 4,
                "extras": 0,
                "total": 4
              }
            }
          ]
        },
        {
          "over": 5,
          "deliveries": [
            {
              "batter": "Nazmul Hossain Shanto",
              "bowler": "Nahid Rana",
              "non_striker": "Tamim Iqbal",
              "runs": {
                "batter": 2,
                "extras": 0,
                "total": 2
              }
            },
            {
              "batter": "Nazmul Hossain Shanto",
              "bowler": "Nahid Rana",
              "non_striker": "Tamim Iqbal",
              "runs": {
                "batter": 4,
                "extras": 0,
                "total": 4
              }
            },
            {
              "batter": "Nazmul Hossain Shanto",
              "bowler": "Nahid Rana",
              "non_striker": "Tamim Iqbal",
              "runs": {
                "batter": 4,
                "extras": 0,
                "total": 4
              }
            },
            {
              "batter": "Nazmul Hossain Shanto",
              "bowler": "Nahid Rana",
              "non_striker": "Tamim Iqbal",
              "runs": {
                "batter": 0,
                "extras": 0,
                "total": 0
              }
            },
            {
              "batter": "Nazmul Hossain Shanto",
              "bowler": "Nahid Rana",
              "non_striker": "Tamim Iqbal",
              "runs": {
                "batter": 0,
                "extras": 0,
                "total": 0
              }
            },
            {
              "batter": "Nazmul Hossain Shanto",
              "bowler": "Nahid Rana",
              "non_striker": "Tamim Iqbal",
              "runs": {
                "batter": 4,
                "extras": 0,
                "total": 4
              }
            }
          ]
        },
        {
          "over": 6,
          "deliveries": [
            {
              "batter": "Tamim Iqbal",
              "bowler": "Akif Javed",
              "non_striker": "Nazmul Hossain Shanto",
              "runs": {
                "batter": 0,
                "extras": 0,
                "total": 0
              }
            },
            {
              "batter": "Tamim Iqbal",
              "bowler": "Akif Javed",
              "non_striker": "Nazmul Hossain Shanto",
              "runs": {
                "batter": 1,
                "extras": 0,
                "total": 1
              }
            },
            {
              "batter": "Nazmul Hossain Shanto",
              "bowler": "Akif Javed",
              "non_striker": "Tamim Iqbal",
              "runs": {
                "batter": 1,
                "extras": 0,
                "total": 1
              }
            },
            {
              "batter": "Tamim Iqbal",
              "bowler": "Akif Javed",
              "non_striker": "Nazmul Hossain Shanto",
              "runs": {
                "batter": 0,
                "extras": 0,
                "total": 0
              }
            },
            {
              "batter": "Tamim Iqbal",
              "bowler": "Akif Javed",
              "non_striker": "Nazmul Hossain Shanto",
              "runs": {
                "batter": 0,
                "extras": 0,
                "total": 0
              }
            },
            {
              "batter": "Tamim Iqbal",
              "bowler": "Akif Javed",
              "non_striker": "Nazmul Hossain Shanto",
              "runs": {
                "batter": 1,
                "extras": 0,
                "total": 1
              }
            }
          ]
        },
        {
          "over": 7,
          "deliveries": [
            {
              "batter": "Tamim Iqbal",
              "bowler": "Iftikhar Ahmed",
              "non_striker": "Nazmul Hossain Shanto",
              "runs": {
                "batter": 6,
                "extras": 0,
                "total": 6
              }
            },
            {
              "batter": "Tamim Iqbal",
              "bowler": "Iftikhar Ahmed",
              "non_striker": "Nazmul Hossain Shanto",
              "runs": {
                "batter": 4,
                "extras": 0,
                "total": 4
              }
            },
            {
              "batter": "Tamim Iqbal",
              "bowler": "Iftikhar Ahmed",
              "non_striker": "Nazmul Hossain Shanto",
              "runs": {
                "batter": 6,
                "extras": 0,
                "total": 6
              }
            },
            {
              "batter": "Tamim Iqbal",
              "bowler": "Iftikhar Ahmed",
              "non_striker": "Nazmul Hossain Shanto",
              "runs": {
                "batter": 1,
                "extras": 0,
                "total": 1
              }
            },
            {
              "batter": "Nazmul Hossain Shanto",
              "bowler": "Iftikhar Ahmed",
              "non_striker": "Tamim Iqbal",
              "runs": {
                "batter": 1,
                "extras": 0,
                "total": 1
              }
            },
            {
              "batter": "Tamim Iqbal",
              "bowler": "Iftikhar Ahmed",
              "non_striker": "Nazmul Hossain Shanto",
              "runs": {
                "batter": 0,
                "extras": 0,
                "total": 0
              }
            }
          ]
        },
        {
          "over": 8,
          "deliveries": [
            {
              "batter": "Nazmul Hossain Shanto",
              "bowler": "Mohammad Saifuddin",
              "non_striker": "Tamim Iqbal",
              "runs": {
                "batter": 1,
                "extras": 0,
                "total": 1
              }
            },
            {
              "batter": "Tamim Iqbal",
              "bowler": "Mohammad Saifuddin",
              "non_striker": "Nazmul Hossain Shanto",
              "runs": {
                "batter": 1,
                "extras": 0,
                "total": 1
              }
            },
            {
              "batter": "Nazmul Hossain Shanto",
              "bowler": "Mohammad Saifuddin",
              "non_striker": "Tamim Iqbal",
              "runs": {
                "batter": 2,
                "extras": 0,
                "total": 2
              }
            },
            {
              "batter": "Nazmul Hossain Shanto",
              "bowler": "Mohammad Saifuddin",
              "non_striker": "Tamim Iqbal",
              "runs": {
                "batter": 0,
                "extras": 0,
                "total": 0
              }
            },
            {
              "batter": "Nazmul Hossain Shanto",
              "bowler": "Mohammad Saifuddin",
              "non_striker": "Tamim Iqbal",
              "runs": {
                "batter": 1,
                "extras": 0,
                "total": 1
              }
            },
            {
              "batter": "Tamim Iqbal",
              "bowler": "Mohammad Saifuddin",
              "non_striker": "Nazmul Hossain Shanto",
              "runs": {
                "batter": 4,
                "extras": 0,
                "total": 4
              }
            }
          ]
        },
        {
          "over": 9,
          "deliveries": [
            {
              "batter": "Nazmul Hossain Shanto",
              "bowler": "Nahid Rana",
              "non_striker": "Tamim Iqbal",
              "runs": {
                "batter": 0,
                "extras": 0,
                "total": 0
              }
            },
            {
              "batter": "Nazmul Hossain Shanto",
              "bowler": "Nahid Rana",
              "non_striker": "Tamim Iqbal",
              "runs": {
                "batter": 1,
                "extras": 0,
                "total": 1
              }
            },
            {
              "batter": "Tamim Iqbal",
              "bowler": "Nahid Rana",
              "non_striker": "Nazmul Hossain Shanto",
              "runs": {
                "batter": 1,
                "extras": 0,
                "total": 1
              }
            },
            {
              "batter": "Nazmul Hossain Shanto",
              "bowler": "Nahid Rana",
              "non_striker": "Tamim Iqbal",
              "runs": {
                "batter": 1,
                "extras": 0,
                "total": 1
              }
            },
            {
              "batter": "Tamim Iqbal",
              "bowler": "Nahid Rana",
              "non_striker": "Nazmul Hossain Shanto",
              "runs": {
                "batter": 1,
                "extras": 0,
                "total": 1
              }
            },
            {
              "batter": "Nazmul Hossain Shanto",
              "bowler": "Nahid Rana",
              "non_striker": "Tamim Iqbal",
              "runs": {
                "batter": 1,
                "extras": 0,
                "total": 1
              }
            }
          ]
        },
        {
          "over": 10,
          "deliveries": [
            {
              "batter": "Nazmul Hossain Shanto",
              "bowler": "Kamrul Islam Rabbi",
              "non_striker": "Tamim Iqbal",
              "runs": {
                "batter": 0,
                "extras": 0,
                "total": 0
              },
              "wickets": [
                {
                  "player_out": "Nazmul Hossain Shanto",
                  "fielders": [
                    {
                      "name": "Khushdil Shah"
                    }
                  ],
                  "kind": "caught"
                }
              ]
            },
            {
              "batter": "KR Mayers",
              "bowler": "Kamrul Islam Rabbi",
              "non_striker": "Tamim Iqbal",
              "runs": {
                "batter": 6,
                "extras": 0,
                "total": 6
              }
            },
            {
              "batter": "KR Mayers",
              "bowler": "Kamrul Islam Rabbi",
              "non_striker": "Tamim Iqbal",
              "runs": {
                "batter": 1,
                "extras": 0,
                "total": 1
              }
            },
            {
              "batter": "Tamim Iqbal",
              "bowler": "Kamrul Islam Rabbi",
              "non_striker": "KR Mayers",
              "runs": {
                "batter": 2,
                "extras": 0,
                "total": 2
              }
            },
            {
              "batter": "Tamim Iqbal",
              "bowler": "Kamrul Islam Rabbi",
              "non_striker": "KR Mayers",
              "runs": {
                "batter": 0,
                "extras": 0,
                "total": 0
              }
            },
            {
              "batter": "Tamim Iqbal",
              "bowler": "Kamrul Islam Rabbi",
              "non_striker": "KR Mayers",
              "runs": {
                "batter": 0,
                "extras": 0,
                "total": 0
              },
              "wickets": [
                {
                  "player_out": "Tamim Iqbal",
                  "fielders": [
                    {
                      "name": "AD Hales"
                    }
                  ],
                  "kind": "caught"
                }
              ]
            }
          ]
        },
        {
          "over": 11,
          "deliveries": [
            {
              "batter": "KR Mayers",
              "bowler": "Akif Javed",
              "non_striker": "Towhid Hridoy",
              "runs": {
                "batter": 1,
                "extras": 0,
                "total": 1
              }
            },
            {
              "batter": "Towhid Hridoy",
              "bowler": "Akif Javed",
              "non_striker": "KR Mayers",
              "runs": {
                "batter": 0,
                "extras": 0,
                "total": 0
              }
            },
            {
              "batter": "Towhid Hridoy",
              "bowler": "Akif Javed",
              "non_striker": "KR Mayers",
              "runs": {
                "batter": 0,
                "extras": 0,
                "total": 0
              }
            },
            {
              "batter": "Towhid Hridoy",
              "bowler": "Akif Javed",
              "non_striker": "KR Mayers",
              "runs": {
                "batter": 1,
                "extras": 0,
                "total": 1
              }
            },
            {
              "batter": "KR Mayers",
              "bowler": "Akif Javed",
              "non_striker": "Towhid Hridoy",
              "runs": {
                "batter": 1,
                "extras": 0,
                "total": 1
              }
            },
            {
              "batter": "Towhid Hridoy",
              "bowler": "Akif Javed",
              "non_striker": "KR Mayers",
              "runs": {
                "batter": 0,
                "extras": 0,
                "total": 0
              }
            }
          ]
        },
        {
          "over": 12,
          "deliveries": [
            {
              "batter": "KR Mayers",
              "bowler": "Kamrul Islam Rabbi",
              "non_striker": "Towhid Hridoy",
              "runs": {
                "batter": 6,
                "extras": 0,
                "total": 6
              }
            },
            {
              "batter": "KR Mayers",
              "bowler": "Kamrul Islam Rabbi",
              "non_striker": "Towhid Hridoy",
              "runs": {
                "batter": 1,
                "extras": 0,
                "total": 1
              }
            },
            {
              "batter": "Towhid Hridoy",
              "bowler": "Kamrul Islam Rabbi",
              "non_striker": "KR Mayers",
              "runs": {
                "batter": 6,
                "extras": 0,
                "total": 6
              }
            },
            {
              "batter": "Towhid Hridoy",
              "bowler": "Kamrul Islam Rabbi",
              "non_striker": "KR Mayers",
              "runs": {
                "batter": 1,
                "extras": 0,
                "total": 1
              }
            },
            {
              "batter": "KR Mayers",
              "bowler": "Kamrul Islam Rabbi",
              "non_striker": "Towhid Hridoy",
              "runs": {
                "batter": 1,
                "extras": 0,
                "total": 1
              }
            },
            {
              "batter": "Towhid Hridoy",
              "bowler": "Kamrul Islam Rabbi",
              "non_striker": "KR Mayers",
              "runs": {
                "batter": 1,
                "extras": 0,
                "total": 1
              }
            }
          ]
        },
        {
          "over": 13,
          "deliveries": [
            {
              "batter": "Towhid Hridoy",
              "bowler": "Nahid Rana",
              "non_striker": "KR Mayers",
              "runs": {
                "batter": 1,
                "extras": 0,
                "total": 1
              }
            },
            {
              "batter": "KR Mayers",
              "bowler": "Nahid Rana",
              "non_striker": "Towhid Hridoy",
              "runs": {
                "batter": 0,
                "extras": 0,
                "total": 0
              }
            },
            {
              "batter": "KR Mayers",
              "bowler": "Nahid Rana",
              "non_striker": "Towhid Hridoy",
              "runs": {
                "batter": 1,
                "extras": 0,
                "total": 1
              }
            },
            {
              "batter": "Towhid Hridoy",
              "bowler": "Nahid Rana",
              "non_striker": "KR Mayers",
              "runs": {
                "batter": 2,
                "extras": 0,
                "total": 2
              }
            },
            {
              "batter": "Towhid Hridoy",
              "bowler": "Nahid Rana",
              "non_striker": "KR Mayers",
              "runs": {
                "batter": 2,
                "extras": 0,
                "total": 2
              }
            },
            {
              "batter": "Towhid Hridoy",
              "bowler": "Nahid Rana",
              "non_striker": "KR Mayers",
              "runs": {
                "batter": 1,
                "extras": 0,
                "total": 1
              }
            }
          ]
        },
        {
          "over": 14,
          "deliveries": [
            {
              "batter": "Towhid Hridoy",
              "bowler": "Mohammad Saifuddin",
              "non_striker": "KR Mayers",
              "runs": {
                "batter": 1,
                "extras": 0,
                "total": 1
              }
            },
            {
              "batter": "KR Mayers",
              "bowler": "Mohammad Saifuddin",
              "non_striker": "Towhid Hridoy",
              "runs": {
                "batter": 0,
                "extras": 0,
                "total": 0
              }
            },
            {
              "batter": "KR Mayers",
              "bowler": "Mohammad Saifuddin",
              "non_striker": "Towhid Hridoy",
              "runs": {
                "batter": 0,
                "extras": 0,
                "total": 0
              }
            },
            {
              "batter": "KR Mayers",
              "bowler": "Mohammad Saifuddin",
              "non_striker": "Towhid Hridoy",
              "runs": {
                "batter": 2,
                "extras": 0,
                "total": 2
              }
            },
            {
              "batter": "KR Mayers",
              "bowler": "Mohammad Saifuddin",
              "non_striker": "Towhid Hridoy",
              "runs": {
                "batter": 1,
                "extras": 0,
                "total": 1
              }
            },
            {
              "batter": "Towhid Hridoy",
              "bowler": "Mohammad Saifuddin",
              "non_striker": "KR Mayers",
              "runs": {
                "batter": 4,
                "extras": 0,
                "total": 4
              }
            }
          ]
        },
        {
          "over": 15,
          "deliveries": [
            {
              "batter": "KR Mayers",
              "bowler": "Kamrul Islam Rabbi",
              "non_striker": "Towhid Hridoy",
              "runs": {
                "batter": 1,
                "extras": 0,
                "total": 1
              }
            },
            {
              "batter": "Towhid Hridoy",
              "bowler": "Kamrul Islam Rabbi",
              "non_striker": "KR Mayers",
              "runs": {
                "batter": 1,
                "extras": 0,
                "total": 1
              }
            },
            {
              "batter": "KR Mayers",
              "bowler": "Kamrul Islam Rabbi",
              "extras": {
                "noballs": 1
              },
              "non_striker": "Towhid Hridoy",
              "runs": {
                "batter": 0,
                "extras": 1,
                "total": 1
              }
            },
            {
              "batter": "KR Mayers",
              "bowler": "Kamrul Islam Rabbi",
              "extras": {
                "wides": 1
              },
              "non_striker": "Towhid Hridoy",
              "runs": {
                "batter": 0,
                "extras": 1,
                "total": 1
              }
            },
            {
              "batter": "KR Mayers",
              "bowler": "Kamrul Islam Rabbi",
              "non_striker": "Towhid Hridoy",
              "runs": {
                "batter": 6,
                "extras": 0,
                "total": 6
              }
            },
            {
              "batter": "KR Mayers",
              "bowler": "Kamrul Islam Rabbi",
              "non_striker": "Towhid Hridoy",
              "runs": {
                "batter": 4,
                "extras": 0,
                "total": 4
              }
            },
            {
              "batter": "KR Mayers",
              "bowler": "Kamrul Islam Rabbi",
              "non_striker": "Towhid Hridoy",
              "runs": {
                "batter": 6,
                "extras": 0,
                "total": 6
              }
            },
            {
              "batter": "KR Mayers",
              "bowler": "Kamrul Islam Rabbi",
              "non_striker": "Towhid Hridoy",
              "runs": {
                "batter": 2,
                "extras": 0,
                "total": 2
              }
            }
          ]
        },
        {
          "over": 16,
          "deliveries": [
            {
              "batter": "Towhid Hridoy",
              "bowler": "Akif Javed",
              "non_striker": "KR Mayers",
              "runs": {
                "batter": 0,
                "extras": 0,
                "total": 0
              }
            },
            {
              "batter": "Towhid Hridoy",
              "bowler": "Akif Javed",
              "non_striker": "KR Mayers",
              "runs": {
                "batter": 2,
                "extras": 0,
                "total": 2
              }
            },
            {
              "batter": "Towhid Hridoy",
              "bowler": "Akif Javed",
              "non_striker": "KR Mayers",
              "runs": {
                "batter": 0,
                "extras": 0,
                "total": 0
              }
            },
            {
              "batter": "Towhid Hridoy",
              "bowler": "Akif Javed",
              "extras": {
                "wides": 1
              },
              "non_striker": "KR Mayers",
              "runs": {
                "batter": 0,
                "extras": 1,
                "total": 1
              }
            },
            {
              "batter": "Towhid Hridoy",
              "bowler": "Akif Javed",
              "non_striker": "KR Mayers",
              "runs": {
                "batter": 0,
                "extras": 0,
                "total": 0
              },
              "wickets": [
                {
                  "player_out": "Towhid Hridoy",
                  "fielders": [
                    {
                      "name": "Mohammad Saifuddin"
                    }
                  ],
                  "kind": "caught"
                }
              ]
            },
            {
              "batter": "Mahmudullah",
              "bowler": "Akif Javed",
              "non_striker": "KR Mayers",
              "runs": {
                "batter": 1,
                "extras": 0,
                "total": 1
              }
            },
            {
              "batter": "KR Mayers",
              "bowler": "Akif Javed",
              "non_striker": "Mahmudullah",
              "runs": {
                "batter": 0,
                "extras": 0,
                "total": 0
              }
            }
          ]
        },
        {
          "over": 17,
          "deliveries": [
            {
              "batter": "Mahmudullah",
              "bowler": "Mohammad Saifuddin",
              "non_striker": "KR Mayers",
              "runs": {
                "batter": 1,
                "extras": 0,
                "total": 1
              }
            },
            {
              "batter": "KR Mayers",
              "bowler": "Mohammad Saifuddin",
              "non_striker": "Mahmudullah",
              "runs": {
                "batter": 0,
                "extras": 0,
                "total": 0
              }
            },
            {
              "batter": "KR Mayers",
              "bowler": "Mohammad Saifuddin",
              "non_striker": "Mahmudullah",
              "runs": {
                "batter": 1,
                "extras": 0,
                "total": 1
              }
            },
            {
              "batter": "Mahmudullah",
              "bowler": "Mohammad Saifuddin",
              "non_striker": "KR Mayers",
              "runs": {
                "batter": 0,
                "extras": 0,
                "total": 0
              }
            },
            {
              "batter": "Mahmudullah",
              "bowler": "Mohammad Saifuddin",
              "non_striker": "KR Mayers",
              "runs": {
                "batter": 0,
                "extras": 0,
                "total": 0
              },
              "wickets": [
                {
                  "player_out": "Mahmudullah",
                  "fielders": [
                    {
                      "name": "Saif Hassan"
                    }
                  ],
                  "kind": "caught"
                }
              ]
            },
            {
              "batter": "Faheem Ashraf",
              "bowler": "Mohammad Saifuddin",
              "non_striker": "KR Mayers",
              "runs": {
                "batter": 1,
                "extras": 0,
                "total": 1
              }
            }
          ]
        },
        {
          "over": 18,
          "deliveries": [
            {
              "batter": "Faheem Ashraf",
              "bowler": "Nahid Rana",
              "extras": {
                "wides": 1
              },
              "non_striker": "KR Mayers",
              "runs": {
                "batter": 0,
                "extras": 1,
                "total": 1
              }
            },
            {
              "batter": "Faheem Ashraf",
              "bowler": "Nahid Rana",
              "extras": {
                "wides": 1
              },
              "non_striker": "KR Mayers",
              "runs": {
                "batter": 0,
                "extras": 1,
                "total": 1
              }
            },
            {
              "batter": "Faheem Ashraf",
              "bowler": "Nahid Rana",
              "non_striker": "KR Mayers",
              "runs": {
                "batter": 4,
                "extras": 0,
                "total": 4
              }
            },
            {
              "batter": "Faheem Ashraf",
              "bowler": "Nahid Rana",
              "non_striker": "KR Mayers",
              "runs": {
                "batter": 6,
                "extras": 0,
                "total": 6
              }
            },
            {
              "batter": "Faheem Ashraf",
              "bowler": "Nahid Rana",
              "non_striker": "KR Mayers",
              "runs": {
                "batter": 6,
                "extras": 0,
                "total": 6
              }
            },
            {
              "batter": "Faheem Ashraf",
              "bowler": "Nahid Rana",
              "non_striker": "KR Mayers",
              "runs": {
                "batter": 2,
                "extras": 0,
                "total": 2
              }
            },
            {
              "batter": "Faheem Ashraf",
              "bowler": "Nahid Rana",
              "non_striker": "KR Mayers",
              "runs": {
                "batter": 1,
                "extras": 0,
                "total": 1
              }
            },
            {
              "batter": "KR Mayers",
              "bowler": "Nahid Rana",
              "extras": {
                "legbyes": 1
              },
              "non_striker": "Faheem Ashraf",
              "runs": {
                "batter": 0,
                "extras": 1,
                "total": 1
              }
            }
          ]
        },
        {
          "over": 19,
          "deliveries": [
            {
              "batter": "KR Mayers",
              "bowler": "Mohammad Saifuddin",
              "non_striker": "Faheem Ashraf",
              "runs": {
                "batter": 6,
                "extras": 0,
                "total": 6
              }
            },
            {
              "batter": "KR Mayers",
              "bowler": "Mohammad Saifuddin",
              "non_striker": "Faheem Ashraf",
              "runs": {
                "batter": 0,
                "extras": 0,
                "total": 0
              },
              "wickets": [
                {
                  "player_out": "Faheem Ashraf",
                  "fielders": [
                    {
                      "name": "Nurul Hasan"
                    },
                    {
                      "name": "Mohammad Saifuddin"
                    }
                  ],
                  "kind": "run out"
                }
              ]
            },
            {
              "batter": "KR Mayers",
              "bowler": "Mohammad Saifuddin",
              "non_striker": "Jahandad Khan",
              "runs": {
                "batter": 1,
                "extras": 0,
                "total": 1
              }
            },
            {
              "batter": "Jahandad Khan",
              "bowler": "Mohammad Saifuddin",
              "non_striker": "KR Mayers",
              "runs": {
                "batter": 1,
                "extras": 0,
                "total": 1
              }
            },
            {
              "batter": "KR Mayers",
              "bowler": "Mohammad Saifuddin",
              "extras": {
                "noballs": 1
              },
              "non_striker": "Jahandad Khan",
              "runs": {
                "batter": 6,
                "extras": 1,
                "total": 7
              }
            },
            {
              "batter": "KR Mayers",
              "bowler": "Mohammad Saifuddin",
              "non_striker": "Jahandad Khan",
              "runs": {
                "batter": 6,
                "extras": 0,
                "total": 6
              }
            },
            {
              "batter": "KR Mayers",
              "bowler": "Mohammad Saifuddin",
              "non_striker": "Jahandad Khan",
              "runs": {
                "batter": 1,
                "extras": 0,
                "total": 1
              }
            }
          ]
        }
      ],
      "powerplays": [
        {
          "from": 0.1,
          "to": 5.6,
          "type": "mandatory"
        }
      ]
    },
    {
      "team": "Rangpur Riders",
      "overs": [
        {
          "over": 0,
          "deliveries": [
            {
              "batter": "Towfiq Khan",
              "bowler": "KR Mayers",
              "extras": {
                "wides": 1
              },
              "non_striker": "AD Hales",
              "runs": {
                "batter": 0,
                "extras": 1,
                "total": 1
              }
            },
            {
              "batter": "Towfiq Khan",
              "bowler": "KR Mayers",
              "non_striker": "AD Hales",
              "runs": {
                "batter": 0,
                "extras": 0,
                "total": 0
              }
            },
            {
              "batter": "Towfiq Khan",
              "bowler": "KR Mayers",
              "extras": {
                "legbyes": 1
              },
              "non_striker": "AD Hales",
              "runs": {
                "batter": 0,
                "extras": 1,
                "total": 1
              }
            },
            {
              "batter": "AD Hales",
              "bowler": "KR Mayers",
              "extras": {
                "wides": 1
              },
              "non_striker": "Towfiq Khan",
              "runs": {
                "batter": 0,
                "extras": 1,
                "total": 1
              }
            },
            {
              "batter": "AD Hales",
              "bowler": "KR Mayers",
              "non_striker": "Towfiq Khan",
              "runs": {
                "batter": 0,
                "extras": 0,
                "total": 0
              }
            },
            {
              "batter": "AD Hales",
              "bowler": "KR Mayers",
              "non_striker": "Towfiq Khan",
              "runs": {
                "batter": 1,
                "extras": 0,
                "total": 1
              }
            },
            {
              "batter": "Towfiq Khan",
              "bowler": "KR Mayers",
              "non_striker": "AD Hales",
              "runs": {
                "batter": 0,
                "extras": 0,
                "total": 0
              }
            },
            {
              "batter": "Towfiq Khan",
              "bowler": "KR Mayers",
              "non_striker": "AD Hales",
              "runs": {
                "batter": 0,
                "extras": 0,
                "total": 0
              }
            }
          ]
        },
        {
          "over": 1,
          "deliveries": [
            {
              "batter": "AD Hales",
              "bowler": "Tanvir Islam",
              "non_striker": "Towfiq Khan",
              "runs": {
                "batter": 0,
                "extras": 0,
                "total": 0
              },
              "wickets": [
                {
                  "player_out": "AD Hales",
                  "fielders": [
                    {
                      "name": "Nazmul Hossain Shanto"
                    }
                  ],
                  "kind": "stumped"
                }
              ]
            },
            {
              "batter": "Saif Hassan",
              "bowler": "Tanvir Islam",
              "non_striker": "Towfiq Khan",
              "runs": {
                "batter": 0,
                "extras": 0,
                "total": 0
              }
            },
            {
              "batter": "Saif Hassan",
              "bowler": "Tanvir Islam",
              "non_striker": "Towfiq Khan",
              "runs": {
                "batter": 0,
                "extras": 0,
                "total": 0
              }
            },
            {
              "batter": "Saif Hassan",
              "bowler": "Tanvir Islam",
              "non_striker": "Towfiq Khan",
              "runs": {
                "batter": 4,
                "extras": 0,
                "total": 4
              }
            },
            {
              "batter": "Saif Hassan",
              "bowler": "Tanvir Islam",
              "non_striker": "Towfiq Khan",
              "runs": {
                "batter": 0,
                "extras": 0,
                "total": 0
              }
            },
            {
              "batter": "Saif Hassan",
              "bowler": "Tanvir Islam",
              "non_striker": "Towfiq Khan",
              "runs": {
                "batter": 0,
                "extras": 0,
                "total": 0
              }
            }
          ]
        },
        {
          "over": 2,
          "deliveries": [
            {
              "batter": "Towfiq Khan",
              "bowler": "Shaheen Shah Afridi",
              "non_striker": "Saif Hassan",
              "runs": {
                "batter": 0,
                "extras": 0,
                "total": 0
              }
            },
            {
              "batter": "Towfiq Khan",
              "bowler": "Shaheen Shah Afridi",
              "non_striker": "Saif Hassan",
              "runs": {
                "batter": 0,
                "extras": 0,
                "total": 0
              }
            },
            {
              "batter": "Towfiq Khan",
              "bowler": "Shaheen Shah Afridi",
              "non_striker": "Saif Hassan",
              "runs": {
                "batter": 1,
                "extras": 0,
                "total": 1
              }
            },
            {
              "batter": "Saif Hassan",
              "bowler": "Shaheen Shah Afridi",
              "non_striker": "Towfiq Khan",
              "runs": {
                "batter": 0,
                "extras": 0,
                "total": 0
              }
            },
            {
              "batter": "Saif Hassan",
              "bowler": "Shaheen Shah Afridi",
              "non_striker": "Towfiq Khan",
              "runs": {
                "batter": 4,
                "extras": 0,
                "total": 4
              }
            },
            {
              "batter": "Saif Hassan",
              "bowler": "Shaheen Shah Afridi",
              "non_striker": "Towfiq Khan",
              "runs": {
                "batter": 0,
                "extras": 0,
                "total": 0
              }
            }
          ]
        },
        {
          "over": 3,
          "deliveries": [
            {
              "batter": "Towfiq Khan",
              "bowler": "Tanvir Islam",
              "non_striker": "Saif Hassan",
              "runs": {
                "batter": 0,
                "extras": 0,
                "total": 0
              }
            },
            {
              "batter": "Towfiq Khan",
              "bowler": "Tanvir Islam",
              "non_striker": "Saif Hassan",
              "runs": {
                "batter": 0,
                "extras": 0,
                "total": 0
              }
            },
            {
              "batter": "Towfiq Khan",
              "bowler": "Tanvir Islam",
              "non_striker": "Saif Hassan",
              "runs": {
                "batter": 0,
                "extras": 0,
                "total": 0
              }
            },
            {
              "batter": "Towfiq Khan",
              "bowler": "Tanvir Islam",
              "non_striker": "Saif Hassan",
              "runs": {
                "batter": 1,
                "extras": 0,
                "total": 1
              }
            },
            {
              "batter": "Saif Hassan",
              "bowler": "Tanvir Islam",
              "non_striker": "Towfiq Khan",
              "runs": {
                "batter": 0,
                "extras": 0,
                "total": 0
              }
            },
            {
              "batter": "Saif Hassan",
              "bowler": "Tanvir Islam",
              "non_striker": "Towfiq Khan",
              "runs": {
                "batter": 0,
                "extras": 0,
                "total": 0
              }
            }
          ]
        },
        {
          "over": 4,
          "deliveries": [
            {
              "batter": "Towfiq Khan",
              "bowler": "Shaheen Shah Afridi",
              "non_striker": "Saif Hassan",
              "runs": {
                "batter": 1,
                "extras": 0,
                "total": 1
              }
            },
            {
              "batter": "Saif Hassan",
              "bowler": "Shaheen Shah Afridi",
              "non_striker": "Towfiq Khan",
              "runs": {
                "batter": 1,
                "extras": 0,
                "total": 1
              }
            },
            {
              "batter": "Towfiq Khan",
              "bowler": "Shaheen Shah Afridi",
              "non_striker": "Saif Hassan",
              "runs": {
                "batter": 0,
                "extras": 0,
                "total": 0
              }
            },
            {
              "batter": "Towfiq Khan",
              "bowler": "Shaheen Shah Afridi",
              "non_striker": "Saif Hassan",
              "runs": {
                "batter": 4,
                "extras": 0,
                "total": 4
              }
            },
            {
              "batter": "Towfiq Khan",
              "bowler": "Shaheen Shah Afridi",
              "non_striker": "Saif Hassan",
              "runs": {
                "batter": 1,
                "extras": 0,
                "total": 1
              }
            },
            {
              "batter": "Saif Hassan",
              "bowler": "Shaheen Shah Afridi",
              "non_striker": "Towfiq Khan",
              "runs": {
                "batter": 0,
                "extras": 0,
                "total": 0
              }
            }
          ]
        },
        {
          "over": 5,
          "deliveries": [
            {
              "batter": "Towfiq Khan",
              "bowler": "Jahandad Khan",
              "non_striker": "Saif Hassan",
              "runs": {
                "batter": 1,
                "extras": 0,
                "total": 1
              }
            },
            {
              "batter": "Saif Hassan",
              "bowler": "Jahandad Khan",
              "non_striker": "Towfiq Khan",
              "runs": {
                "batter": 6,
                "extras": 0,
                "total": 6
              }
            },
            {
              "batter": "Saif Hassan",
              "bowler": "Jahandad Khan",
              "non_striker": "Towfiq Khan",
              "runs": {
                "batter": 4,
                "extras": 0,
                "total": 4
              }
            },
            {
              "batter": "Saif Hassan",
              "bowler": "Jahandad Khan",
              "non_striker": "Towfiq Khan",
              "runs": {
                "batter": 0,
                "extras": 0,
                "total": 0
              }
            },
            {
              "batter": "Saif Hassan",
              "bowler": "Jahandad Khan",
              "non_striker": "Towfiq Khan",
              "runs": {
                "batter": 2,
                "extras": 0,
                "total": 2
              }
            },
            {
              "batter": "Saif Hassan",
              "bowler": "Jahandad Khan",
              "non_striker": "Towfiq Khan",
              "runs": {
                "batter": 0,
                "extras": 0,
                "total": 0
              }
            }
          ]
        },
        {
          "over": 6,
          "deliveries": [
            {
              "batter": "Towfiq Khan",
              "bowler": "Faheem Ashraf",
              "non_striker": "Saif Hassan",
              "runs": {
                "batter": 4,
                "extras": 0,
                "total": 4
              }
            },
            {
              "batter": "Towfiq Khan",
              "bowler": "Faheem Ashraf",
              "non_striker": "Saif Hassan",
              "runs": {
                "batter": 1,
                "extras": 0,
                "total": 1
              }
            },
            {
              "batter": "Saif Hassan",
              "bowler": "Faheem Ashraf",
              "non_striker": "Towfiq Khan",
              "runs": {
                "batter": 1,
                "extras": 0,
                "total": 1
              }
            },
            {
              "batter": "Towfiq Khan",
              "bowler": "Faheem Ashraf",
              "non_striker": "Saif Hassan",
              "runs": {
                "batter": 0,
                "extras": 0,
                "total": 0
              }
            },
            {
              "batter": "Towfiq Khan",
              "bowler": "Faheem Ashraf",
              "non_striker": "Saif Hassan",
              "runs": {
                "batter": 1,
                "extras": 0,
                "total": 1
              }
            },
            {
              "batter": "Saif Hassan",
              "bowler": "Faheem Ashraf",
              "non_striker": "Towfiq Khan",
              "runs": {
                "batter": 0,
                "extras": 0,
                "total": 0
              },
              "wickets": [
                {
                  "player_out": "Saif Hassan",
                  "fielders": [
                    {
                      "name": "Rishad Hossain"
                    }
                  ],
                  "kind": "caught"
                }
              ]
            }
          ]
        },
        {
          "over": 7,
          "deliveries": [
            {
              "batter": "Towfiq Khan",
              "bowler": "Tanvir Islam",
              "non_striker": "Iftikhar Ahmed",
              "runs": {
                "batter": 6,
                "extras": 0,
                "total": 6
              }
            },
            {
              "batter": "Towfiq Khan",
              "bowler": "Tanvir Islam",
              "non_striker": "Iftikhar Ahmed",
              "runs": {
                "batter": 1,
                "extras": 0,
                "total": 1
              }
            },
            {
              "batter": "Iftikhar Ahmed",
              "bowler": "Tanvir Islam",
              "non_striker": "Towfiq Khan",
              "runs": {
                "batter": 0,
                "extras": 0,
                "total": 0
              }
            },
            {
              "batter": "Iftikhar Ahmed",
              "bowler": "Tanvir Islam",
              "non_striker": "Towfiq Khan",
              "runs": {
                "batter": 1,
                "extras": 0,
                "total": 1
              }
            },
            {
              "batter": "Towfiq Khan",
              "bowler": "Tanvir Islam",
              "non_striker": "Iftikhar Ahmed",
              "runs": {
                "batter": 4,
                "extras": 0,
                "total": 4
              }
            },
            {
              "batter": "Towfiq Khan",
              "bowler": "Tanvir Islam",
              "non_striker": "Iftikhar Ahmed",
              "runs": {
                "batter": 6,
                "extras": 0,
                "total": 6
              }
            }
          ]
        },
        {
          "over": 8,
          "deliveries": [
            {
              "batter": "Iftikhar Ahmed",
              "bowler": "Rishad Hossain",
              "non_striker": "Towfiq Khan",
              "runs": {
                "batter": 0,
                "extras": 0,
                "total": 0
              }
            },
            {
              "batter": "Iftikhar Ahmed",
              "bowler": "Rishad Hossain",
              "non_striker": "Towfiq Khan",
              "runs": {
                "batter": 1,
                "extras": 0,
                "total": 1
              }
            },
            {
              "batter": "Towfiq Khan",
              "bowler": "Rishad Hossain",
              "non_striker": "Iftikhar Ahmed",
              "runs": {
                "batter": 6,
                "extras": 0,
                "total": 6
              }
            },
            {
              "batter": "Towfiq Khan",
              "bowler": "Rishad Hossain",
              "non_striker": "Iftikhar Ahmed",
              "runs": {
                "batter": 0,
                "extras": 0,
                "total": 0
              }
            },
            {
              "batter": "Towfiq Khan",
              "bowler": "Rishad Hossain",
              "non_striker": "Iftikhar Ahmed",
              "runs": {
                "batter": 0,
                "extras": 0,
                "total": 0
              }
            },
            {
              "batter": "Towfiq Khan",
              "bowler": "Rishad Hossain",
              "non_striker": "Iftikhar Ahmed",
              "runs": {
                "batter": 0,
                "extras": 0,
                "total": 0
              },
              "wickets": [
                {
                  "player_out": "Towfiq Khan",
                  "kind": "caught and bowled"
                }
              ]
            }
          ]
        },
        {
          "over": 9,
          "deliveries": [
            {
              "batter": "Iftikhar Ahmed",
              "bowler": "Faheem Ashraf",
              "non_striker": "Khushdil Shah",
              "runs": {
                "batter": 0,
                "extras": 0,
                "total": 0
              }
            },
            {
              "batter": "Iftikhar Ahmed",
              "bowler": "Faheem Ashraf",
              "non_striker": "Khushdil Shah",
              "runs": {
                "batter": 4,
                "extras": 0,
                "total": 4
              }
            },
            {
              "batter": "Iftikhar Ahmed",
              "bowler": "Faheem Ashraf",
              "non_striker": "Khushdil Shah",
              "runs": {
                "batter": 0,
                "extras": 0,
                "total": 0
              }
            },
            {
              "batter": "Iftikhar Ahmed",
              "bowler": "Faheem Ashraf",
              "non_striker": "Khushdil Shah",
              "runs": {
                "batter": 1,
                "extras": 0,
                "total": 1
              }
            },
            {
              "batter": "Khushdil Shah",
              "bowler": "Faheem Ashraf",
              "non_striker": "Iftikhar Ahmed",
              "runs": {
                "batter": 0,
                "extras": 0,
                "total": 0
              }
            },
            {
              "batter": "Khushdil Shah",
              "bowler": "Faheem Ashraf",
              "extras": {
                "legbyes": 1
              },
              "non_striker": "Iftikhar Ahmed",
              "runs": {
                "batter": 0,
                "extras": 1,
                "total": 1
              }
            }
          ]
        },
        {
          "over": 10,
          "deliveries": [
            {
              "batter": "Khushdil Shah",
              "bowler": "Rishad Hossain",
              "extras": {
                "wides": 5
              },
              "non_striker": "Iftikhar Ahmed",
              "runs": {
                "batter": 0,
                "extras": 5,
                "total": 5
              }
            },
            {
              "batter": "Khushdil Shah",
              "bowler": "Rishad Hossain",
              "non_striker": "Iftikhar Ahmed",
              "runs": {
                "batter": 1,
                "extras": 0,
                "total": 1
              }
            },
            {
              "batter": "Iftikhar Ahmed",
              "bowler": "Rishad Hossain",
              "non_striker": "Khushdil Shah",
              "runs": {
                "batter": 6,
                "extras": 0,
                "total": 6
              }
            },
            {
              "batter": "Iftikhar Ahmed",
              "bowler": "Rishad Hossain",
              "non_striker": "Khushdil Shah",
              "runs": {
                "batter": 1,
                "extras": 0,
                "total": 1
              }
            },
            {
              "batter": "Khushdil Shah",
              "bowler": "Rishad Hossain",
              "non_striker": "Iftikhar Ahmed",
              "runs": {
                "batter": 4,
                "extras": 0,
                "total": 4
              }
            },
            {
              "batter": "Khushdil Shah",
              "bowler": "Rishad Hossain",
              "non_striker": "Iftikhar Ahmed",
              "runs": {
                "batter": 1,
                "extras": 0,
                "total": 1
              }
            },
            {
              "batter": "Iftikhar Ahmed",
              "bowler": "Rishad Hossain",
              "non_striker": "Khushdil Shah",
              "runs": {
                "batter": 1,
                "extras": 0,
                "total": 1
              }
            }
          ]
        },
        {
          "over": 11,
          "deliveries": [
            {
              "batter": "Iftikhar Ahmed",
              "bowler": "Jahandad Khan",
              "non_striker": "Khushdil Shah",
              "runs": {
                "batter": 1,
                "extras": 0,
                "total": 1
              }
            },
            {
              "batter": "Khushdil Shah",
              "bowler": "Jahandad Khan",
              "non_striker": "Iftikhar Ahmed",
              "runs": {
                "batter": 0,
                "extras": 0,
                "total": 0
              }
            },
            {
              "batter": "Khushdil Shah",
              "bowler": "Jahandad Khan",
              "non_striker": "Iftikhar Ahmed",
              "runs": {
                "batter": 4,
                "extras": 0,
                "total": 4
              }
            },
            {
              "batter": "Khushdil Shah",
              "bowler": "Jahandad Khan",
              "non_striker": "Iftikhar Ahmed",
              "runs": {
                "batter": 1,
                "extras": 0,
                "total": 1
              }
            },
            {
              "batter": "Iftikhar Ahmed",
              "bowler": "Jahandad Khan",
              "non_striker": "Khushdil Shah",
              "runs": {
                "batter": 0,
                "extras": 0,
                "total": 0
              }
            },
            {
              "batter": "Iftikhar Ahmed",
              "bowler": "Jahandad Khan",
              "non_striker": "Khushdil Shah",
              "runs": {
                "batter": 0,
                "extras": 0,
                "total": 0
              }
            }
          ]
        },
        {
          "over": 12,
          "deliveries": [
            {
              "batter": "Khushdil Shah",
              "bowler": "Tanvir Islam",
              "non_striker": "Iftikhar Ahmed",
              "runs": {
                "batter": 1,
                "extras": 0,
                "total": 1
              }
            },
            {
              "batter": "Iftikhar Ahmed",
              "bowler": "Tanvir Islam",
              "non_striker": "Khushdil Shah",
              "runs": {
                "batter": 1,
                "extras": 0,
                "total": 1
              }
            },
            {
              "batter": "Khushdil Shah",
              "bowler": "Tanvir Islam",
              "non_striker": "Iftikhar Ahmed",
              "runs": {
                "batter": 6,
                "extras": 0,
                "total": 6
              }
            },
            {
              "batter": "Khushdil Shah",
              "bowler": "Tanvir Islam",
              "non_striker": "Iftikhar Ahmed",
              "runs": {
                "batter": 0,
                "extras": 0,
                "total": 0
              }
            },
            {
              "batter": "Khushdil Shah",
              "bowler": "Tanvir Islam",
              "non_striker": "Iftikhar Ahmed",
              "runs": {
                "batter": 1,
                "extras": 0,
                "total": 1
              }
            },
            {
              "batter": "Iftikhar Ahmed",
              "bowler": "Tanvir Islam",
              "non_striker": "Khushdil Shah",
              "runs": {
                "batter": 1,
                "extras": 0,
                "total": 1
              }
            }
          ]
        },
        {
          "over": 13,
          "deliveries": [
            {
              "batter": "Iftikhar Ahmed",
              "bowler": "Faheem Ashraf",
              "non_striker": "Khushdil Shah",
              "runs": {
                "batter": 1,
                "extras": 0,
                "total": 1
              }
            },
            {
              "batter": "Khushdil Shah",
              "bowler": "Faheem Ashraf",
              "non_striker": "Iftikhar Ahmed",
              "runs": {
                "batter": 1,
                "extras": 0,
                "total": 1
              }
            },
            {
              "batter": "Iftikhar Ahmed",
              "bowler": "Faheem Ashraf",
              "non_striker": "Khushdil Shah",
              "runs": {
                "batter": 0,
                "extras": 0,
                "total": 0
              }
            },
            {
              "batter": "Iftikhar Ahmed",
              "bowler": "Faheem Ashraf",
              "non_striker": "Khushdil Shah",
              "runs": {
                "batter": 1,
                "extras": 0,
                "total": 1
              }
            },
            {
              "batter": "Khushdil Shah",
              "bowler": "Faheem Ashraf",
              "non_striker": "Iftikhar Ahmed",
              "runs": {
                "batter": 1,
                "extras": 0,
                "total": 1
              }
            },
            {
              "batter": "Iftikhar Ahmed",
              "bowler": "Faheem Ashraf",
              "non_striker": "Khushdil Shah",
              "runs": {
                "batter": 1,
                "extras": 0,
                "total": 1
              }
            }
          ]
        },
        {
          "over": 14,
          "deliveries": [
            {
              "batter": "Iftikhar Ahmed",
              "bowler": "Shaheen Shah Afridi",
              "non_striker": "Khushdil Shah",
              "runs": {
                "batter": 6,
                "extras": 0,
                "total": 6
              }
            },
            {
              "batter": "Iftikhar Ahmed",
              "bowler": "Shaheen Shah Afridi",
              "non_striker": "Khushdil Shah",
              "runs": {
                "batter": 1,
                "extras": 0,
                "total": 1
              }
            },
            {
              "batter": "Khushdil Shah",
              "bowler": "Shaheen Shah Afridi",
              "non_striker": "Iftikhar Ahmed",
              "runs": {
                "batter": 6,
                "extras": 0,
                "total": 6
              }
            },
            {
              "batter": "Khushdil Shah",
              "bowler": "Shaheen Shah Afridi",
              "non_striker": "Iftikhar Ahmed",
              "runs": {
                "batter": 0,
                "extras": 0,
                "total": 0
              }
            },
            {
              "batter": "Khushdil Shah",
              "bowler": "Shaheen Shah Afridi",
              "non_striker": "Iftikhar Ahmed",
              "runs": {
                "batter": 1,
                "extras": 0,
                "total": 1
              }
            },
            {
              "batter": "Iftikhar Ahmed",
              "bowler": "Shaheen Shah Afridi",
              "non_striker": "Khushdil Shah",
              "runs": {
                "batter": 1,
                "extras": 0,
                "total": 1
              }
            }
          ]
        },
        {
          "over": 15,
          "deliveries": [
            {
              "batter": "Iftikhar Ahmed",
              "bowler": "Jahandad Khan",
              "non_striker": "Khushdil Shah",
              "runs": {
                "batter": 6,
                "extras": 0,
                "total": 6
              }
            },
            {
              "batter": "Iftikhar Ahmed",
              "bowler": "Jahandad Khan",
              "non_striker": "Khushdil Shah",
              "runs": {
                "batter": 0,
                "extras": 0,
                "total": 0
              }
            },
            {
              "batter": "Iftikhar Ahmed",
              "bowler": "Jahandad Khan",
              "non_striker": "Khushdil Shah",
              "runs": {
                "batter": 4,
                "extras": 0,
                "total": 4
              }
            },
            {
              "batter": "Iftikhar Ahmed",
              "bowler": "Jahandad Khan",
              "non_striker": "Khushdil Shah",
              "runs": {
                "batter": 4,
                "extras": 0,
                "total": 4
              }
            },
            {
              "batter": "Iftikhar Ahmed",
              "bowler": "Jahandad Khan",
              "non_striker": "Khushdil Shah",
              "runs": {
                "batter": 1,
                "extras": 0,
                "total": 1
              }
            },
            {
              "batter": "Khushdil Shah",
              "bowler": "Jahandad Khan",
              "non_striker": "Iftikhar Ahmed",
              "runs": {
                "batter": 1,
                "extras": 0,
                "total": 1
              }
            }
          ]
        },
        {
          "over": 16,
          "deliveries": [
            {
              "batter": "Khushdil Shah",
              "bowler": "Faheem Ashraf",
              "non_striker": "Iftikhar Ahmed",
              "runs": {
                "batter": 0,
                "extras": 0,
                "total": 0
              }
            },
            {
              "batter": "Khushdil Shah",
              "bowler": "Faheem Ashraf",
              "non_striker": "Iftikhar Ahmed",
              "runs": {
                "batter": 1,
                "extras": 0,
                "total": 1
              }
            },
            {
              "batter": "Iftikhar Ahmed",
              "bowler": "Faheem Ashraf",
              "extras": {
                "wides": 1
              },
              "non_striker": "Khushdil Shah",
              "runs": {
                "batter": 0,
                "extras": 1,
                "total": 1
              }
            },
            {
              "batter": "Iftikhar Ahmed",
              "bowler": "Faheem Ashraf",
              "non_striker": "Khushdil Shah",
              "runs": {
                "batter": 0,
                "extras": 0,
                "total": 0
              }
            },
            {
              "batter": "Iftikhar Ahmed",
              "bowler": "Faheem Ashraf",
              "extras": {
                "wides": 1
              },
              "non_striker": "Khushdil Shah",
              "runs": {
                "batter": 0,
                "extras": 1,
                "total": 1
              }
            },
            {
              "batter": "Iftikhar Ahmed",
              "bowler": "Faheem Ashraf",
              "non_striker": "Khushdil Shah",
              "runs": {
                "batter": 2,
                "extras": 0,
                "total": 2
              }
            },
            {
              "batter": "Iftikhar Ahmed",
              "bowler": "Faheem Ashraf",
              "extras": {
                "wides": 1
              },
              "non_striker": "Khushdil Shah",
              "runs": {
                "batter": 0,
                "extras": 1,
                "total": 1
              }
            },
            {
              "batter": "Iftikhar Ahmed",
              "bowler": "Faheem Ashraf",
              "non_striker": "Khushdil Shah",
              "runs": {
                "batter": 1,
                "extras": 0,
                "total": 1
              }
            },
            {
              "batter": "Khushdil Shah",
              "bowler": "Faheem Ashraf",
              "non_striker": "Iftikhar Ahmed",
              "runs": {
                "batter": 6,
                "extras": 0,
                "total": 6
              }
            }
          ]
        },
        {
          "over": 17,
          "deliveries": [
            {
              "batter": "Iftikhar Ahmed",
              "bowler": "Shaheen Shah Afridi",
              "non_striker": "Khushdil Shah",
              "runs": {
                "batter": 1,
                "extras": 0,
                "total": 1
              }
            },
            {
              "batter": "Iftikhar Ahmed",
              "bowler": "Shaheen Shah Afridi",
              "non_striker": "Khushdil Shah",
              "runs": {
                "batter": 0,
                "extras": 0,
                "total": 0
              }
            },
            {
              "batter": "Iftikhar Ahmed",
              "bowler": "Shaheen Shah Afridi",
              "non_striker": "Khushdil Shah",
              "runs": {
                "batter": 0,
                "extras": 0,
                "total": 0
              }
            },
            {
              "batter": "Iftikhar Ahmed",
              "bowler": "Shaheen Shah Afridi",
              "non_striker": "Khushdil Shah",
              "runs": {
                "batter": 0,
                "extras": 0,
                "total": 0
              }
            },
            {
              "batter": "Iftikhar Ahmed",
              "bowler": "Shaheen Shah Afridi",
              "non_striker": "Khushdil Shah",
              "review": {
                "by": "Fortune Barishal",
                "umpire": "Ali Arman",
                "batter": "Iftikhar Ahmed",
                "decision": "upheld",
                "type": "wicket"
              },
              "runs": {
                "batter": 0,
                "extras": 0,
                "total": 0
              },
              "wickets": [
                {
                  "player_out": "Iftikhar Ahmed",
                  "fielders": [
                    {
                      "name": "Nazmul Hossain Shanto"
                    }
                  ],
                  "kind": "caught"
                }
              ]
            },
            {
              "batter": "Nurul Hasan",
              "bowler": "Shaheen Shah Afridi",
              "non_striker": "Khushdil Shah",
              "runs": {
                "batter": 2,
                "extras": 0,
                "total": 2
              }
            }
          ]
        },
        {
          "over": 18,
          "deliveries": [
            {
              "batter": "Khushdil Shah",
              "bowler": "Jahandad Khan",
              "non_striker": "Nurul Hasan",
              "runs": {
                "batter": 6,
                "extras": 0,
                "total": 6
              }
            },
            {
              "batter": "Khushdil Shah",
              "bowler": "Jahandad Khan",
              "non_striker": "Nurul Hasan",
              "runs": {
                "batter": 6,
                "extras": 0,
                "total": 6
              }
            },
            {
              "batter": "Khushdil Shah",
              "bowler": "Jahandad Khan",
              "non_striker": "Nurul Hasan",
              "runs": {
                "batter": 0,
                "extras": 0,
                "total": 0
              },
              "wickets": [
                {
                  "player_out": "Khushdil Shah",
                  "fielders": [
                    {
                      "name": "Mahmudullah"
                    }
                  ],
                  "kind": "caught"
                }
              ]
            },
            {
              "batter": "Mahedi Hasan",
              "bowler": "Jahandad Khan",
              "non_striker": "Nurul Hasan",
              "runs": {
                "batter": 0,
                "extras": 0,
                "total": 0
              },
              "wickets": [
                {
                  "player_out": "Mahedi Hasan",
                  "kind": "obstructing the field"
                }
              ]
            },
            {
              "batter": "Mohammad Saifuddin",
              "bowler": "Jahandad Khan",
              "extras": {
                "wides": 1
              },
              "non_striker": "Nurul Hasan",
              "runs": {
                "batter": 0,
                "extras": 1,
                "total": 1
              }
            },
            {
              "batter": "Mohammad Saifuddin",
              "bowler": "Jahandad Khan",
              "non_striker": "Nurul Hasan",
              "runs": {
                "batter": 0,
                "extras": 0,
                "total": 0
              },
              "wickets": [
                {
                  "player_out": "Mohammad Saifuddin",
                  "fielders": [
                    {
                      "name": "Nayeem Hasan",
                      "substitute": true
                    }
                  ],
                  "kind": "caught"
                }
              ]
            },
            {
              "batter": "Kamrul Islam Rabbi",
              "bowler": "Jahandad Khan",
              "non_striker": "Nurul Hasan",
              "runs": {
                "batter": 0,
                "extras": 0,
                "total": 0
              }
            }
          ]
        },
        {
          "over": 19,
          "deliveries": [
            {
              "batter": "Nurul Hasan",
              "bowler": "KR Mayers",
              "non_striker": "Kamrul Islam Rabbi",
              "runs": {
                "batter": 6,
                "extras": 0,
                "total": 6
              }
            },
            {
              "batter": "Nurul Hasan",
              "bowler": "KR Mayers",
              "non_striker": "Kamrul Islam Rabbi",
              "runs": {
                "batter": 4,
                "extras": 0,
                "total": 4
              }
            },
            {
              "batter": "Nurul Hasan",
              "bowler": "KR Mayers",
              "non_striker": "Kamrul Islam Rabbi",
              "runs": {
                "batter": 4,
                "extras": 0,
                "total": 4
              }
            },
            {
              "batter": "Nurul Hasan",
              "bowler": "KR Mayers",
              "non_striker": "Kamrul Islam Rabbi",
              "runs": {
                "batter": 6,
                "extras": 0,
                "total": 6
              }
            },
            {
              "batter": "Nurul Hasan",
              "bowler": "KR Mayers",
              "non_striker": "Kamrul Islam Rabbi",
              "runs": {
                "batter": 4,
                "extras": 0,
                "total": 4
              }
            },
            {
              "batter": "Nurul Hasan",
              "bowler": "KR Mayers",
              "non_striker": "Kamrul Islam Rabbi",
              "runs": {
                "batter": 6,
                "extras": 0,
                "total": 6
              }
            }
          ]
        }
      ],
      "powerplays": [
        {
          "from": 0.1,
          "to": 5.6,
          "type": "mandatory"
        }
      ],
      "target": {
        "overs": 20,
        "runs": 198
      }
    }
  ]
}