{
  "meta": {
    "data_version": "1.1.0",
    "created": "2025-01-15",
    "revision": 1
  },
  "info": {
    "balls_per_over": 6,
    "city": "Sylhet",
    "dates": [
      "2025-01-12"
    ],
    "event": {
      "name": "Bangladesh Premier League",
      "match_number": 18
    },
    "gender": "male",
    "match_type": "T20",
    "officials": {
      "match_referees": [
        "Neeyamur Rashid"
      ],
      "reserve_umpires": [
        "Shafeen Shareef"
      ],
      "tv_umpires": [
        "Masudur Rahman"
      ],
      "umpires": [
        "Asif Yaqoob",
        "Morshed Ali Khan"
      ]
    },
    "outcome": {
      "winner": "Dhaka Capital",
      "by": {
        "runs": 149
      }
    },
    "overs": 20,
    "player_of_match": [
      "Liton Das"
    ],
    "players": {
      "Dhaka Capital": [
        "Tanzid Hasan",
        "Liton Das",
        "Sabbir Rahman",
        "Riaz Hassan",
        "Munim Shahriar",
        "NLTC Perera",
        "Farmanullah",
        "Mosaddek Hossain",
        "Abu Jayed",
        "Mustafizur Rahman",
        "Mukidul Islam"
      ],
      "Durbar Rajshahi": [
        "Mohammad Haris",
        "Sabbir Hossain",
        "Anamul Haque",
        "Yasir Ali Chowdhury",
        "Akbar Ali",
        "SM Meherob",
        "RP Burl",
        "Sohag Gazi",
        "Sunzamul Islam",
        "Taskin Ahmed",
        "Shafiul Islam"
      ]
    },
    "registry": {
      "people": {
        "Abu Jayed": "1bb0993e",
        "Akbar Ali": "abae26ad",
        "Anamul Haque": "72b245dd",
        "Asif Yaqoob": "6b35790c",
        "Farmanullah": "3f607519",
        "Liton Das": "0404d43c",
        "Masudur Rahman": "9581ac6b",
        "Mohammad Haris": "ff3f6fc1",
        "Morshed Ali Khan": "a7c3cf5f",
        "Mosaddek Hossain": "8919756f",
        "Mukidul Islam": "a699488a",
        "Munim Shahriar": "dd98b22f",
        "Mustafizur Rahman": "0a8fce53",
        "NLTC Perera": "0f12f9df",
        "Neeyamur Rashid": "bd81a027",
        "RP Burl": "b08252b8",
        "Riaz Hassan": "33f8789e",
        "SM Meherob": "f146c339",
        "Sabbir Hossain": "047e80ca",
        "Sabbir Rahman": "7147f314",
        "Shafeen Shareef": "bd616323",
        "Shafiul Islam": "1a8eebbe",
        "Sohag Gazi": "5a4c12ab",
        "Sunzamul Islam": "0f348f58",
        "Tanzid Hasan": "80fe764d",
        "Taskin Ahmed": "ef18b66e",
        "Yasir Ali Chowdhury": "5791b840"
      }
    },
    "season": "2024/25",
    "team_type": "club",
    "teams": [
      "Dhaka Capital",
      "Durbar Rajshahi"
    ],
    "toss": {
      "decision": "field",
      "winner": "Durbar Rajshahi"
    },
    "venue": "Sylhet International Cricket Stadium"
  },
  "innings": [
    {
      "team": "Dhaka Capital",
      "overs": [
        {
          "over": 0,
          "deliveries": [
            {
              "batter": "Tanzid Hasan",
              "bowler": "Sunzamul Islam",
              "non_striker": "Liton Das",
              "runs": {
                "batter": 0,
                "extras": 0,
                "total": 0
              }
            },
            {
              "batter": "Tanzid Hasan",
              "bowler": "Sunzamul Islam",
              "non_striker": "Liton Das",
              "runs": {
                "batter": 4,
                "extras": 0,
                "total": 4
              }
            },
            {
              "batter": "Tanzid Hasan",
              "bowler": "Sunzamul Islam",
              "non_striker": "Liton Das",
              "runs": {
                "batter": 0,
                "extras": 0,
                "total": 0
              }
            },
            {
              "batter": "Tanzid Hasan",
              "bowler": "Sunzamul Islam",
              "non_striker": "Liton Das",
              "runs": {
                "batter": 1,
                "extras": 0,
                "total": 1
              }
            },
            {
              "batter": "Liton Das",
              "bowler": "Sunzamul Islam",
              "non_striker": "Tanzid Hasan",
              "runs": {
                "batter": 1,
                "extras": 0,
                "total": 1
              }
            },
            {
              "batter": "Tanzid Hasan",
              "bowler": "Sunzamul Islam",
              "non_striker": "Liton Das",
              "runs": {
                "batter": 1,
                "extras": 0,
                "total": 1
              }
            }
          ]
        },
        {
          "over": 1,
          "deliveries": [
            {
              "batter": "Tanzid Hasan",
              "bowler": "Taskin Ahmed",
              "non_striker": "Liton Das",
              "runs": {
                "batter": 0,
                "extras": 0,
                "total": 0
              }
            },
            {
              "batter": "Tanzid Hasan",
              "bowler": "Taskin Ahmed",
              "non_striker": "Liton Das",
              "runs": {
                "batter": 0,
                "extras": 0,
                "total": 0
              }
            },
            {
              "batter": "Tanzid Hasan",
              "bowler": "Taskin Ahmed",
              "non_striker": "Liton Das",
              "runs": {
                "batter": 0,
                "extras": 0,
                "total": 0
              }
            },
            {
              "batter": "Tanzid Hasan",
              "bowler": "Taskin Ahmed",
              "non_striker": "Liton Das",
              "runs": {
                "batter": 0,
                "extras": 0,
                "total": 0
              }
            },
            {
              "batter": "Tanzid Hasan",
              "bowler": "Taskin Ahmed",
              "non_striker": "Liton Das",
              "runs": {
                "batter": 4,
                "extras": 0,
                "total": 4
              }
            },
            {
              "batter": "Tanzid Hasan",
              "bowler": "Taskin Ahmed",
              "non_striker": "Liton Das",
              "runs": {
                "batter": 0,
                "extras": 0,
                "total": 0
              }
            }
          ]
        },
        {
          "over": 2,
          "deliveries": [
            {
              "batter": "Liton Das",
              "bowler": "Sunzamul Islam",
              "non_striker": "Tanzid Hasan",
              "runs": {
                "batter": 4,
                "extras": 0,
                "total": 4
              }
            },
            {
              "batter": "Liton Das",
              "bowler": "Sunzamul Islam",
              "non_striker": "Tanzid Hasan",
              "runs": {
                "batter": 0,
                "extras": 0,
                "total": 0
              }
            },
            {
              "batter": "Liton Das",
              "bowler": "Sunzamul Islam",
              "non_striker": "Tanzid Hasan",
              "runs": {
                "batter": 1,
                "extras": 0,
                "total": 1
              }
            },
            {
              "batter": "Tanzid Hasan",
              "bowler": "Sunzamul Islam",
              "non_striker": "Liton Das",
              "runs": {
                "batter": 1,
                "extras": 0,
                "total": 1
              }
            },
            {
              "batter": "Liton Das",
              "bowler": "Sunzamul Islam",
              "non_striker": "Tanzid Hasan",
              "runs": {
                "batter": 1,
                "extras": 0,
                "total": 1
              }
            },
            {
              "batter": "Tanzid Hasan",
              "bowler": "Sunzamul Islam",
              "non_striker": "Liton Das",
              "runs": {
                "batter": 0,
                "extras": 0,
                "total": 0
              }
            }
          ]
        },
        {
          "over": 3,
          "deliveries": [
            {
              "batter": "Liton Das",
              "bowler": "Taskin Ahmed",
              "non_striker": "Tanzid Hasan",
              "runs": {
                "batter": 2,
                "extras": 0,
                "total": 2
              }
            },
            {
              "batter": "Liton Das",
              "bowler": "Taskin Ahmed",
              "non_striker": "Tanzid Hasan",
              "runs": {
                "batter": 0,
                "extras": 0,
                "total": 0
              }
            },
            {
              "batter": "Liton Das",
              "bowler": "Taskin Ahmed",
              "non_striker": "Tanzid Hasan",
              "runs": {
                "batter": 0,
                "extras": 0,
                "total": 0
              }
            },
            {
              "batter": "Liton Das",
              "bowler": "Taskin Ahmed",
              "non_striker": "Tanzid Hasan",
              "runs": {
                "batter": 1,
                "extras": 0,
                "total": 1
              }
            },
            {
              "batter": "Tanzid Hasan",
              "bowler": "Taskin Ahmed",
              "non_striker": "Liton Das",
              "runs": {
                "batter": 0,
                "extras": 0,
                "total": 0
              }
            },
            {
              "batter": "Tanzid Hasan",
              "bowler": "Taskin Ahmed",
              "non_striker": "Liton Das",
              "runs": {
                "batter": 1,
                "extras": 0,
                "total": 1
              }
            }
          ]
        },
        {
          "over": 4,
          "deliveries": [
            {
              "batter": "Tanzid Hasan",
              "bowler": "Sunzamul Islam",
              "non_striker": "Liton Das",
              "runs": {
                "batter": 4,
                "extras": 0,
                "total": 4
              }
            },
            {
              "batter": "Tanzid Hasan",
              "bowler": "Sunzamul Islam",
              "non_striker": "Liton Das",
              "runs": {
                "batter": 6,
                "extras": 0,
                "total": 6
              }
            },
            {
              "batter": "Tanzid Hasan",
              "bowler": "Sunzamul Islam",
              "non_striker": "Liton Das",
              "runs": {
                "batter": 4,
                "extras": 0,
                "total": 4
              }
            },
            {
              "batter": "Tanzid Hasan",
              "bowler": "Sunzamul Islam",
              "non_striker": "Liton Das",
              "runs": {
                "batter": 6,
                "extras": 0,
                "total": 6
              }
            },
            {
              "batter": "Tanzid Hasan",
              "bowler": "Sunzamul Islam",
              "non_striker": "Liton Das",
              "runs": {
                "batter": 0,
                "extras": 0,
                "total": 0
              }
            },
            {
              "batter": "Tanzid Hasan",
              "bowler": "Sunzamul Islam",
              "non_striker": "Liton Das",
              "runs": {
                "batter": 1,
                "extras": 0,
                "total": 1
              }
            }
          ]
        },
        {
          "over": 5,
          "deliveries": [
            {
              "batter": "Tanzid Hasan",
              "bowler": "SM Meherob",
              "non_striker": "Liton Das",
              "runs": {
                "batter": 1,
                "extras": 0,
                "total": 1
              }
            },
            {
              "batter": "Liton Das",
              "bowler": "SM Meherob",
              "non_striker": "Tanzid Hasan",
              "runs": {
                "batter": 4,
                "extras": 0,
                "total": 4
              }
            },
            {
              "batter": "Liton Das",
              "bowler": "SM Meherob",
              "non_striker": "Tanzid Hasan",
              "runs": {
                "batter": 6,
                "extras": 0,
                "total": 6
              }
            },
            {
              "batter": "Liton Das",
              "bowler": "SM Meherob",
              "non_striker": "Tanzid Hasan",
              "runs": {
                "batter": 4,
                "extras": 0,
                "total": 4
              }
            },
            {
              "batter": "Liton Das",
              "bowler": "SM Meherob",
              "non_striker": "Tanzid Hasan",
              "runs": {
                "batter": 0,
                "extras": 0,
                "total": 0
              }
            },
            {
              "batter": "Liton Das",
              "bowler": "SM Meherob",
              "non_striker": "Tanzid Hasan",
              "runs": {
                "batter": 1,
                "extras": 0,
                "total": 1
              }
            }
          ]
        },
        {
          "over": 6,
          "deliveries": [
            {
              "batter": "Liton Das",
              "bowler": "Shafiul Islam",
              "non_striker": "Tanzid Hasan",
              "runs": {
                "batter": 4,
                "extras": 0,
                "total": 4
              }
            },
            {
              "batter": "Liton Das",
              "bowler": "Shafiul Islam",
              "extras": {
                "wides": 1
              },
              "non_striker": "Tanzid Hasan",
              "runs": {
                "batter": 0,
                "extras": 1,
                "total": 1
              }
            },
            {
              "batter": "Liton Das",
              "bowler": "Shafiul Islam",
              "non_striker": "Tanzid Hasan",
              "runs": {
                "batter": 4,
                "extras": 0,
                "total": 4
              }
            },
            {
              "batter": "Liton Das",
              "bowler": "Shafiul Islam",
              "non_striker": "Tanzid Hasan",
              "runs": {
                "batter": 1,
                "extras": 0,
                "total": 1
              }
            },
            {
              "batter": "Tanzid Hasan",
              "bowler": "Shafiul Islam",
              "non_striker": "Liton Das",
              "runs": {
                "batter": 1,
                "extras": 0,
                "total": 1
              }
            },
            {
              "batter": "Liton Das",
              "bowler": "Shafiul Islam",
              "non_striker": "Tanzid Hasan",
              "runs": {
                "batter": 6,
                "extras": 0,
                "total": 6
              }
            },
            {
              "batter": "Liton Das",
              "bowler": "Shafiul Islam",
              "non_striker": "Tanzid Hasan",
              "runs": {
                "batter": 1,
                "extras": 0,
                "total": 1
              }
            }
          ]
        },
        {
          "over": 7,
          "deliveries": [
            {
              "batter": "Liton Das",
              "bowler": "Sohag Gazi",
              "non_striker": "Tanzid Hasan",
              "runs": {
                "batter": 1,
                "extras": 0,
                "total": 1
              }
            },
            {
              "batter": "Tanzid Hasan",
              "bowler": "Sohag Gazi",
              "non_striker": "Liton Das",
              "runs": {
                "batter": 1,
                "extras": 0,
                "total": 1
              }
            },
            {
              "batter": "Liton Das",
              "bowler": "Sohag Gazi",
              "non_striker": "Tanzid Hasan",
              "runs": {
                "batter": 1,
                "extras": 0,
                "total": 1
              }
            },
            {
              "batter": "Tanzid Hasan",
              "bowler": "Sohag Gazi",
              "extras": {
                "wides": 5
              },
              "non_striker": "Liton Das",
              "runs": {
                "batter": 0,
                "extras": 5,
                "total": 5
              }
            },
            {
              "batter": "Tanzid Hasan",
              "bowler": "Sohag Gazi",
              "non_striker": "Liton Das",
              "runs": {
                "batter": 0,
                "extras": 0,
                "total": 0
              }
            },
            {
              "batter": "Tanzid Hasan",
              "bowler": "Sohag Gazi",
              "non_striker": "Liton Das",
              "runs": {
                "batter": 1,
                "extras": 0,
                "total": 1
              }
            },
            {
              "batter": "Liton Das",
              "bowler": "Sohag Gazi",
              "non_striker": "Tanzid Hasan",
              "runs": {
                "batter": 1,
                "extras": 0,
                "total": 1
              }
            }
          ]
        },
        {
          "over": 8,
          "deliveries": [
            {
              "batter": "Liton Das",
              "bowler": "Sabbir Hossain",
              "non_striker": "Tanzid Hasan",
              "runs": {
                "batter": 1,
                "extras": 0,
                "total": 1
              }
            },
            {
              "batter": "Tanzid Hasan",
              "bowler": "Sabbir Hossain",
              "non_striker": "Liton Das",
              "runs": {
                "batter": 1,
                "extras": 0,
                "total": 1
              }
            },
            {
              "batter": "Liton Das",
              "bowler": "Sabbir Hossain",
              "extras": {
                "noballs": 1
              },
              "non_striker": "Tanzid Hasan",
              "runs": {
                "batter": 6,
                "extras": 1,
                "total": 7
              }
            },
            {
              "batter": "Liton Das",
              "bowler": "Sabbir Hossain",
              "non_striker": "Tanzid Hasan",
              "runs": {
                "batter": 6,
                "extras": 0,
                "total": 6
              }
            },
            {
              "batter": "Liton Das",
              "bowler": "Sabbir Hossain",
              "non_striker": "Tanzid Hasan",
              "runs": {
                "batter": 1,
                "extras": 0,
                "total": 1
              }
            },
            {
              "batter": "Tanzid Hasan",
              "bowler": "Sabbir Hossain",
              "non_striker": "Liton Das",
              "runs": {
                "batter": 0,
                "extras": 0,
                "total": 0
              }
            },
            {
              "batter": "Tanzid Hasan",
              "bowler": "Sabbir Hossain",
              "non_striker": "Liton Das",
              "runs": {
                "batter": 1,
                "extras": 0,
                "total": 1
              }
            }
          ]
        },
        {
          "over": 9,
          "deliveries": [
            {
              "batter": "Tanzid Hasan",
              "bowler": "Sohag Gazi",
              "non_striker": "Liton Das",
              "runs": {
                "batter": 1,
                "extras": 0,
                "total": 1
              }
            },
            {
              "batter": "Liton Das",
              "bowler": "Sohag Gazi",
              "non_striker": "Tanzid Hasan",
              "runs": {
                "batter": 1,
                "extras": 0,
                "total": 1
              }
            },
            {
              "batter": "Tanzid Hasan",
              "bowler": "Sohag Gazi",
              "non_striker": "Liton Das",
              "runs": {
                "batter": 1,
                "extras": 0,
                "total": 1
              }
            },
            {
              "batter": "Liton Das",
              "bowler": "Sohag Gazi",
              "non_striker": "Tanzid Hasan",
              "runs": {
                "batter": 4,
                "extras": 0,
                "total": 4
              }
            },
            {
              "batter": "Liton Das",
              "bowler": "Sohag Gazi",
              "non_striker": "Tanzid Hasan",
              "runs": {
                "batter": 1,
                "extras": 0,
                "total": 1
              }
            },
            {
              "batter": "Tanzid Hasan",
              "bowler": "Sohag Gazi",
              "extras": {
                "wides": 1
              },
              "non_striker": "Liton Das",
              "runs": {
                "batter": 0,
                "extras": 1,
                "total": 1
              }
            },
            {
              "batter": "Tanzid Hasan",
              "bowler": "Sohag Gazi",
              "extras": {
                "wides": 1
              },
              "non_striker": "Liton Das",
              "runs": {
                "batter": 0,
                "extras": 1,
                "total": 1
              }
            },
            {
              "batter": "Tanzid Hasan",
              "bowler": "Sohag Gazi",
              "non_striker": "Liton Das",
              "runs": {
                "batter": 1,
                "extras": 0,
                "total": 1
              }
            }
          ]
        },
        {
          "over": 10,
          "deliveries": [
            {
              "batter": "Tanzid Hasan",
              "bowler": "RP Burl",
              "non_striker": "Liton Das",
              "runs": {
                "batter": 1,
                "extras": 0,
                "total": 1
              }
            },
            {
              "batter": "Liton Das",
              "bowler": "RP Burl",
              "non_striker": "Tanzid Hasan",
              "runs": {
                "batter": 0,
                "extras": 0,
                "total": 0
              }
            },
            {
              "batter": "Liton Das",
              "bowler": "RP Burl",
              "non_striker": "Tanzid Hasan",
              "runs": {
                "batter": 1,
                "extras": 0,
                "total": 1
              }
            },
            {
              "batter": "Tanzid Hasan",
              "bowler": "RP Burl",
              "non_striker": "Liton Das",
              "runs": {
                "batter": 1,
                "extras": 0,
                "total": 1
              }
            },
            {
              "batter": "Liton Das",
              "bowler": "RP Burl",
              "non_striker": "Tanzid Hasan",
              "runs": {
                "batter": 1,
                "extras": 0,
                "total": 1
              }
            },
            {
              "batter": "Tanzid Hasan",
              "bowler": "RP Burl",
              "non_striker": "Liton Das",
              "runs": {
                "batter": 6,
                "extras": 0,
                "total": 6
              }
            }
          ]
        },
        {
          "over": 11,
          "deliveries": [
            {
              "batter": "Liton Das",
              "bowler": "SM Meherob",
              "non_striker": "Tanzid Hasan",
              "runs": {
                "batter": 2,
                "extras": 0,
                "total": 2
              }
            },
            {
              "batter": "Liton Das",
              "bowler": "SM Meherob",
              "non_striker": "Tanzid Hasan",
              "runs": {
                "batter": 1,
                "extras": 0,
                "total": 1
              }
            },
            {
              "batter": "Tanzid Hasan",
              "bowler": "SM Meherob",
              "non_striker": "Liton Das",
              "runs": {
                "batter": 2,
                "extras": 0,
                "total": 2
              }
            },
            {
              "batter": "Tanzid Hasan",
              "bowler": "SM Meherob",
              "non_striker": "Liton Das",
              "runs": {
                "batter": 1,
                "extras": 0,
                "total": 1
              }
            },
            {
              "batter": "Liton Das",
              "bowler": "SM Meherob",
              "non_striker": "Tanzid Hasan",
              "runs": {
                "batter": 6,
                "extras": 0,
                "total": 6
              }
            },
            {
              "batter": "Liton Das",
              "bowler": "SM Meherob",
              "non_striker": "Tanzid Hasan",
              "runs": {
                "batter": 6,
                "extras": 0,
                "total": 6
              }
            }
          ]
        },
        {
          "over": 12,
          "deliveries": [
            {
              "batter": "Tanzid Hasan",
              "bowler": "RP Burl",
              "non_striker": "Liton Das",
              "runs": {
                "batter": 0,
                "extras": 0,
                "total": 0
              }
            },
            {
              "batter": "Tanzid Hasan",
              "bowler": "RP Burl",
              "non_striker": "Liton Das",
              "runs": {
                "batter": 6,
                "extras": 0,
                "total": 6
              }
            },
            {
              "batter": "Tanzid Hasan",
              "bowler": "RP Burl",
              "non_striker": "Liton Das",
              "runs": {
                "batter": 2,
                "extras": 0,
                "total": 2
              }
            },
            {
              "batter": "Tanzid Hasan",
              "bowler": "RP Burl",
              "non_striker": "Liton Das",
              "runs": {
                "batter": 0,
                "extras": 0,
                "total": 0
              }
            },
            {
              "batter": "Tanzid Hasan",
              "bowler": "RP Burl",
              "non_striker": "Liton Das",
              "runs": {
                "batter": 1,
                "extras": 0,
                "total": 1
              }
            },
            {
              "batter": "Liton Das",
              "bowler": "RP Burl",
              "non_striker": "Tanzid Hasan",
              "runs": {
                "batter": 2,
                "extras": 0,
                "total": 2
              }
            }
          ]
        },
        {
          "over": 13,
          "deliveries": [
            {
              "batter": "Tanzid Hasan",
              "bowler": "Taskin Ahmed",
              "non_striker": "Liton Das",
              "runs": {
                "batter": 2,
                "extras": 0,
                "total": 2
              }
            },
            {
              "batter": "Tanzid Hasan",
              "bowler": "Taskin Ahmed",
              "non_striker": "Liton Das",
              "runs": {
                "batter": 1,
                "extras": 0,
                "total": 1
              }
            },
            {
              "batter": "Liton Das",
              "bowler": "Taskin Ahmed",
              "non_striker": "Tanzid Hasan",
              "runs": {
                "batter": 1,
                "extras": 0,
                "total": 1
              }
            },
            {
              "batter": "Tanzid Hasan",
              "bowler": "Taskin Ahmed",
              "non_striker": "Liton Das",
              "runs": {
                "batter": 0,
                "extras": 0,
                "total": 0
              }
            },
            {
              "batter": "Tanzid Hasan",
              "bowler": "Taskin Ahmed",
              "non_striker": "Liton Das",
              "runs": {
                "batter": 1,
                "extras": 0,
                "total": 1
              }
            },
            {
              "batter": "Liton Das",
              "bowler": "Taskin Ahmed",
              "non_striker": "Tanzid Hasan",
              "runs": {
                "batter": 1,
                "extras": 0,
                "total": 1
              }
            }
          ]
        },
        {
          "over": 14,
          "deliveries": [
            {
              "batter": "Liton Das",
              "bowler": "Sohag Gazi",
              "non_striker": "Tanzid Hasan",
              "runs": {
                "batter": 1,
                "extras": 0,
                "total": 1
              }
            },
            {
              "batter": "Tanzid Hasan",
              "bowler": "Sohag Gazi",
              "non_striker": "Liton Das",
              "runs": {
                "batter": 0,
                "extras": 0,
                "total": 0
              }
            },
            {
              "batter": "Tanzid Hasan",
              "bowler": "Sohag Gazi",
              "non_striker": "Liton Das",
              "runs": {
                "batter": 6,
                "extras": 0,
                "total": 6
              }
            },
            {
              "batter": "Tanzid Hasan",
              "bowler": "Sohag Gazi",
              "non_striker": "Liton Das",
              "runs": {
                "batter": 1,
                "extras": 0,
                "total": 1
              }
            },
            {
              "batter": "Liton Das",
              "bowler": "Sohag Gazi",
              "non_striker": "Tanzid Hasan",
              "runs": {
                "batter": 4,
                "extras": 0,
                "total": 4
              }
            },
            {
              "batter": "Liton Das",
              "bowler": "Sohag Gazi",
              "non_striker": "Tanzid Hasan",
              "runs": {
                "batter": 6,
                "extras": 0,
                "total": 6
              }
            }
          ]
        },
        {
          "over": 15,
          "deliveries": [
            {
              "batter": "Tanzid Hasan",
              "bowler": "Shafiul Islam",
              "non_striker": "Liton Das",
              "runs": {
                "batter": 1,
                "extras": 0,
                "total": 1
              }
            },
            {
              "batter": "Liton Das",
              "bowler": "Shafiul Islam",
              "non_striker": "Tanzid Hasan",
              "runs": {
                "batter": 1,
                "extras": 0,
                "total": 1
              }
            },
            {
              "batter": "Tanzid Hasan",
              "bowler": "Shafiul Islam",
              "non_striker": "Liton Das",
              "runs": {
                "batter": 2,
                "extras": 0,
                "total": 2
              }
            },
            {
              "batter": "Tanzid Hasan",
              "bowler": "Shafiul Islam",
              "non_striker": "Liton Das",
              "runs": {
                "batter": 1,
                "extras": 0,
                "total": 1
              }
            },
            {
              "batter": "Liton Das",
              "bowler": "Shafiul Islam",
              "non_striker": "Tanzid Hasan",
              "runs": {
                "batter": 4,
                "extras": 0,
                "total": 4
              }
            },
            {
              "batter": "Liton Das",
              "bowler": "Shafiul Islam",
              "non_striker": "Tanzid Hasan",
              "runs": {
                "batter": 0,
                "extras": 0,
                "total": 0
              }
            }
          ]
        },
        {
          "over": 16,
          "deliveries": [
            {
              "batter": "Tanzid Hasan",
              "bowler": "Sohag Gazi",
              "non_striker": "Liton Das",
              "runs": {
                "batter": 6,
                "extras": 0,
                "total": 6
              }
            },
            {
              "batter": "Tanzid Hasan",
              "bowler": "Sohag Gazi",
              "non_striker": "Liton Das",
              "runs": {
                "batter": 6,
                "extras": 0,
                "total": 6
              }
            },
            {
              "batter": "Tanzid Hasan",
              "bowler": "Sohag Gazi",
              "non_striker": "Liton Das",
              "runs": {
                "batter": 1,
                "extras": 0,
                "total": 1
              }
            },
            {
              "batter": "Liton Das",
              "bowler": "Sohag Gazi",
              "non_striker": "Tanzid Hasan",
              "runs": {
                "batter": 2,
                "extras": 0,
                "total": 2
              }
            },
            {
              "batter": "Liton Das",
              "bowler": "Sohag Gazi",
              "non_striker": "Tanzid Hasan",
              "runs": {
                "batter": 1,
                "extras": 0,
                "total": 1
              }
            },
            {
              "batter": "Tanzid Hasan",
              "bowler": "Sohag Gazi",
              "non_striker": "Liton Das",
              "runs": {
                "batter": 1,
                "extras": 0,
                "total": 1
              }
            }
          ]
        },
        {
          "over": 17,
          "deliveries": [
            {
              "batter": "Tanzid Hasan",
              "bowler": "Shafiul Islam",
              "non_striker": "Liton Das",
              "runs": {
                "batter": 1,
                "extras": 0,
                "total": 1
              }
            },
            {
              "batter": "Liton Das",
              "bowler": "Shafiul Islam",
              "non_striker": "Tanzid Hasan",
              "runs": {
                "batter": 0,
                "extras": 0,
                "total": 0
              }
            },
            {
              "batter": "Liton Das",
              "bowler": "Shafiul Islam",
              "non_striker": "Tanzid Hasan",
              "runs": {
                "batter": 1,
                "extras": 0,
                "total": 1
              }
            },
            {
              "batter": "Tanzid Hasan",
              "bowler": "Shafiul Islam",
              "non_striker": "Liton Das",
              "runs": {
                "batter": 4,
                "extras": 0,
                "total": 4
              }
            },
            {
              "batter": "Tanzid Hasan",
              "bowler": "Shafiul Islam",
              "non_striker": "Liton Das",
              "runs": {
                "batter": 0,
                "extras": 0,
                "total": 0
              }
            },
            {
              "batter": "Tanzid Hasan",
              "bowler": "Shafiul Islam",
              "extras": {
                "wides": 5
              },
              "non_striker": "Liton Das",
              "runs": {
                "batter": 0,
                "extras": 5,
                "total": 5
              }
            },
            {
              "batter": "Tanzid Hasan",
              "bowler": "Shafiul Islam",
              "non_striker": "Liton Das",
              "runs": {
                "batter": 1,
                "extras": 0,
                "total": 1
              }
            }
          ]
        },
        {
          "over": 18,
          "deliveries": [
            {
              "batter": "Tanzid Hasan",
              "bowler": "Taskin Ahmed",
              "non_striker": "Liton Das",
              "runs": {
                "batter": 1,
                "extras": 0,
                "total": 1
              }
            },
            {
              "batter": "Liton Das",
              "bowler": "Taskin Ahmed",
              "non_striker": "Tanzid Hasan",
              "runs": {
                "batter": 4,
                "extras": 0,
                "total": 4
              }
            },
            {
              "batter": "Liton Das",
              "bowler": "Taskin Ahmed",
              "non_striker": "Tanzid Hasan",
              "runs": {
                "batter": 6,
                "extras": 0,
                "total": 6
              }
            },
            {
              "batter": "Liton Das",
              "bowler": "Taskin Ahmed",
              "non_striker": "Tanzid Hasan",
              "runs": {
                "batter": 4,
                "extras": 0,
                "total": 4
              }
            },
            {
              "batter": "Liton Das",
              "bowler": "Taskin Ahmed",
              "non_striker": "Tanzid Hasan",
              "runs": {
                "batter": 0,
                "extras": 0,
                "total": 0
              }
            },
            {
              "batter": "Liton Das",
              "bowler": "Taskin Ahmed",
              "non_striker": "Tanzid Hasan",
              "runs": {
                "batter": 0,
                "extras": 0,
                "total": 0
              }
            }
          ]
        },
        {
          "over": 19,
          "deliveries": [
            {
              "batter": "Tanzid Hasan",
              "bowler": "Shafiul Islam",
              "non_striker": "Liton Das",
              "runs": {
                "batter": 4,
                "extras": 0,
                "total": 4
              }
            },
            {
              "batter": "Tanzid Hasan",
              "bowler": "Shafiul Islam",
              "non_striker": "Liton Das",
              "runs": {
                "batter": 6,
                "extras": 0,
                "total": 6
              }
            },
            {
              "batter": "Tanzid Hasan",
              "bowler": "Shafiul Islam",
              "non_striker": "Liton Das",
              "runs": {
                "batter": 0,
                "extras": 0,
                "total": 0
              },
              "wickets": [
                {
                  "player_out": "Tanzid Hasan",
                  "fielders": [
                    {
                      "name": "Sohag Gazi"
                    }
                  ],
                  "kind": "caught"
                }
              ]
            },
            {
              "batter": "Sabbir Rahman",
              "bowler": "Shafiul Islam",
              "non_striker": "Liton Das",
              "runs": {
                "batter": 6,
                "extras": 0,
                "total": 6
              }
            },
            {
              "batter": "Sabbir Rahman",
              "bowler": "Shafiul Islam",
              "non_striker": "Liton Das",
              "runs": {
                "batter": 1,
                "extras": 0,
                "total": 1
              }
            },
            {
              "batter": "Liton Das",
              "bowler": "Shafiul Islam",
              "non_striker": "Sabbir Rahman",
              "runs": {
                "batter": 6,
                "extras": 0,
                "total": 6
              }
            }
          ]
        }
      ],
      "powerplays": [
        {
          "from": 0.1,
          "to": 5.6,
          "type": "mandatory"
        }
      ]
    },
    {
      "team": "Durbar Rajshahi",
      "overs": [
        {
          "over": 0,
          "deliveries": [
            {
              "batter": "Mohammad Haris",
              "bowler": "Abu Jayed",
              "non_striker": "Sabbir Hossain",
              "runs": {
                "batter": 0,
                "extras": 0,
                "total": 0
              }
            },
            {
              "batter": "Mohammad Haris",
              "bowler": "Abu Jayed",
              "non_striker": "Sabbir Hossain",
              "review": {
                "by": "Durbar Rajshahi",
                "umpire": "Asif Yaqoob",
                "batter": "Mohammad Haris",
                "decision": "upheld",
                "type": "wicket"
              },
              "runs": {
                "batter": 0,
                "extras": 0,
                "total": 0
              }
            },
            {
              "batter": "Mohammad Haris",
              "bowler": "Abu Jayed",
              "non_striker": "Sabbir Hossain",
              "runs": {
                "batter": 0,
                "extras": 0,
                "total": 0
              }
            },
            {
              "batter": "Mohammad Haris",
              "bowler": "Abu Jayed",
              "extras": {
                "legbyes": 1
              },
              "non_striker": "Sabbir Hossain",
              "runs": {
                "batter": 0,
                "extras": 1,
                "total": 1
              }
            },
            {
              "batter": "Sabbir Hossain",
              "bowler": "Abu Jayed",
              "non_striker": "Mohammad Haris",
              "runs": {
                "batter": 1,
                "extras": 0,
                "total": 1
              }
            },
            {
              "batter": "Mohammad Haris",
              "bowler": "Abu Jayed",
              "non_striker": "Sabbir Hossain",
              "runs": {
                "batter": 0,
                "extras": 0,
                "total": 0
              },
              "wickets": [
                {
                  "player_out": "Mohammad Haris",
                  "fielders": [
                    {
                      "name": "Liton Das"
                    }
                  ],
                  "kind": "caught"
                }
              ]
            }
          ]
        },
        {
          "over": 1,
          "deliveries": [
            {
              "batter": "Sabbir Hossain",
              "bowler": "Mukidul Islam",
              "non_striker": "Anamul Haque",
              "runs": {
                "batter": 0,
                "extras": 0,
                "total": 0
              }
            },
            {
              "batter": "Sabbir Hossain",
              "bowler": "Mukidul Islam",
              "non_striker": "Anamul Haque",
              "runs": {
                "batter": 0,
                "extras": 0,
                "total": 0
              }
            },
            {
              "batter": "Sabbir Hossain",
              "bowler": "Mukidul Islam",
              "non_striker": "Anamul Haque",
              "runs": {
                "batter": 1,
                "extras": 0,
                "total": 1
              }
            },
            {
              "batter": "Anamul Haque",
              "bowler": "Mukidul Islam",
              "non_striker": "Sabbir Hossain",
              "runs": {
                "batter": 0,
                "extras": 0,
                "total": 0
              },
              "wickets": [
                {
                  "player_out": "Anamul Haque",
                  "fielders": [
                    {
                      "name": "Liton Das"
                    }
                  ],
                  "kind": "caught"
                }
              ]
            },
            {
              "batter": "Yasir Ali Chowdhury",
              "bowler": "Mukidul Islam",
              "non_striker": "Sabbir Hossain",
              "review": {
                "by": "Durbar Rajshahi",
                "umpire": "Morshed Ali Khan",
                "batter": "Yasir Ali Chowdhury",
                "decision": "upheld",
                "type": "wicket"
              },
              "runs": {
                "batter": 0,
                "extras": 0,
                "total": 0
              }
            },
            {
              "batter": "Yasir Ali Chowdhury",
              "bowler": "Mukidul Islam",
              "non_striker": "Sabbir Hossain",
              "runs": {
                "batter": 4,
                "extras": 0,
                "total": 4
              }
            }
          ]
        },
        {
          "over": 2,
          "deliveries": [
            {
              "batter": "Sabbir Hossain",
              "bowler": "Abu Jayed",
              "non_striker": "Yasir Ali Chowdhury",
              "runs": {
                "batter": 4,
                "extras": 0,
                "total": 4
              }
            },
            {
              "batter": "Sabbir Hossain",
              "bowler": "Abu Jayed",
              "non_striker": "Yasir Ali Chowdhury",
              "runs": {
                "batter": 4,
                "extras": 0,
                "total": 4
              }
            },
            {
              "batter": "Sabbir Hossain",
              "bowler": "Abu Jayed",
              "non_striker": "Yasir Ali Chowdhury",
              "runs": {
                "batter": 0,
                "extras": 0,
                "total": 0
              }
            },
            {
              "batter": "Sabbir Hossain",
              "bowler": "Abu Jayed",
              "non_striker": "Yasir Ali Chowdhury",
              "runs": {
                "batter": 0,
                "extras": 0,
                "total": 0
              }
            },
            {
              "batter": "Sabbir Hossain",
              "bowler": "Abu Jayed",
              "non_striker": "Yasir Ali Chowdhury",
              "runs": {
                "batter": 1,
                "extras": 0,
                "total": 1
              }
            },
            {
              "batter": "Yasir Ali Chowdhury",
              "bowler": "Abu Jayed",
              "non_striker": "Sabbir Hossain",
              "runs": {
                "batter": 0,
                "extras": 0,
                "total": 0
              }
            }
          ]
        },
        {
          "over": 3,
          "deliveries": [
            {
              "batter": "Sabbir Hossain",
              "bowler": "Mukidul Islam",
              "non_striker": "Yasir Ali Chowdhury",
              "runs": {
                "batter": 0,
                "extras": 0,
                "total": 0
              }
            },
            {
              "batter": "Sabbir Hossain",
              "bowler": "Mukidul Islam",
              "non_striker": "Yasir Ali Chowdhury",
              "runs": {
                "batter": 0,
                "extras": 0,
                "total": 0
              }
            },
            {
              "batter": "Sabbir Hossain",
              "bowler": "Mukidul Islam",
              "non_striker": "Yasir Ali Chowdhury",
              "runs": {
                "batter": 0,
                "extras": 0,
                "total": 0
              },
              "wickets": [
                {
                  "player_out": "Sabbir Hossain",
                  "fielders": [
                    {
                      "name": "Sabbir Rahman"
                    }
                  ],
                  "kind": "caught"
                }
              ]
            },
            {
              "batter": "Akbar Ali",
              "bowler": "Mukidul Islam",
              "non_striker": "Yasir Ali Chowdhury",
              "runs": {
                "batter": 0,
                "extras": 0,
                "total": 0
              }
            },
            {
              "batter": "Akbar Ali",
              "bowler": "Mukidul Islam",
              "non_striker": "Yasir Ali Chowdhury",
              "runs": {
                "batter": 1,
                "extras": 0,
                "total": 1
              }
            },
            {
              "batter": "Yasir Ali Chowdhury",
              "bowler": "Mukidul Islam",
              "non_striker": "Akbar Ali",
              "runs": {
                "batter": 4,
                "extras": 0,
                "total": 4
              }
            }
          ]
        },
        {
          "over": 4,
          "deliveries": [
            {
              "batter": "Akbar Ali",
              "bowler": "Abu Jayed",
              "non_striker": "Yasir Ali Chowdhury",
              "runs": {
                "batter": 0,
                "extras": 0,
                "total": 0
              }
            },
            {
              "batter": "Akbar Ali",
              "bowler": "Abu Jayed",
              "non_striker": "Yasir Ali Chowdhury",
              "runs": {
                "batter": 0,
                "extras": 0,
                "total": 0
              },
              "wickets": [
                {
                  "player_out": "Akbar Ali",
                  "kind": "bowled"
                }
              ]
            },
            {
              "batter": "SM Meherob",
              "bowler": "Abu Jayed",
              "extras": {
                "wides": 1
              },
              "non_striker": "Yasir Ali Chowdhury",
              "runs": {
                "batter": 0,
                "extras": 1,
                "total": 1
              }
            },
            {
              "batter": "SM Meherob",
              "bowler": "Abu Jayed",
              "non_striker": "Yasir Ali Chowdhury",
              "runs": {
                "batter": 0,
                "extras": 0,
                "total": 0
              }
            },
            {
              "batter": "SM Meherob",
              "bowler": "Abu Jayed",
              "non_striker": "Yasir Ali Chowdhury",
              "runs": {
                "batter": 0,
                "extras": 0,
                "total": 0
              }
            },
            {
              "batter": "SM Meherob",
              "bowler": "Abu Jayed",
              "non_striker": "Yasir Ali Chowdhury",
              "runs": {
                "batter": 0,
                "extras": 0,
                "total": 0
              }
            },
            {
              "batter": "SM Meherob",
              "bowler": "Abu Jayed",
              "non_striker": "Yasir Ali Chowdhury",
              "runs": {
                "batter": 4,
                "extras": 0,
                "total": 4
              }
            }
          ]
        },
        {
          "over": 5,
          "deliveries": [
            {
              "batter": "Yasir Ali Chowdhury",
              "bowler": "Mustafizur Rahman",
              "non_striker": "SM Meherob",
              "runs": {
                "batter": 0,
                "extras": 0,
                "total": 0
              }
            },
            {
              "batter": "Yasir Ali Chowdhury",
              "bowler": "Mustafizur Rahman",
              "non_striker": "SM Meherob",
              "runs": {
                "batter": 4,
                "extras": 0,
                "total": 4
              }
            },
            {
              "batter": "Yasir Ali Chowdhury",
              "bowler": "Mustafizur Rahman",
              "non_striker": "SM Meherob",
              "runs": {
                "batter": 0,
                "extras": 0,
                "total": 0
              }
            },
            {
              "batter": "Yasir Ali Chowdhury",
              "bowler": "Mustafizur Rahman",
              "non_striker": "SM Meherob",
              "runs": {
                "batter": 4,
                "extras": 0,
                "total": 4
              }
            },
            {
              "batter": "Yasir Ali Chowdhury",
              "bowler": "Mustafizur Rahman",
              "non_striker": "SM Meherob",
              "runs": {
                "batter": 0,
                "extras": 0,
                "total": 0
              }
            },
            {
              "batter": "Yasir Ali Chowdhury",
              "bowler": "Mustafizur Rahman",
              "non_striker": "SM Meherob",
              "runs": {
                "batter": 0,
                "extras": 0,
                "total": 0
              }
            }
          ]
        },
        {
          "over": 6,
          "deliveries": [
            {
              "batter": "SM Meherob",
              "bowler": "Mosaddek Hossain",
              "non_striker": "Yasir Ali Chowdhury",
              "runs": {
                "batter": 0,
                "extras": 0,
                "total": 0
              }
            },
            {
              "batter": "SM Meherob",
              "bowler": "Mosaddek Hossain",
              "non_striker": "Yasir Ali Chowdhury",
              "runs": {
                "batter": 0,
                "extras": 0,
                "total": 0
              }
            },
            {
              "batter": "SM Meherob",
              "bowler": "Mosaddek Hossain",
              "non_striker": "Yasir Ali Chowdhury",
              "runs": {
                "batter": 0,
                "extras": 0,
                "total": 0
              },
              "wickets": [
                {
                  "player_out": "SM Meherob",
                  "kind": "bowled"
                }
              ]
            },
            {
              "batter": "RP Burl",
              "bowler": "Mosaddek Hossain",
              "non_striker": "Yasir Ali Chowdhury",
              "runs": {
                "batter": 4,
                "extras": 0,
                "total": 4
              }
            },
            {
              "batter": "RP Burl",
              "bowler": "Mosaddek Hossain",
              "extras": {
                "legbyes": 1
              },
              "non_striker": "Yasir Ali Chowdhury",
              "runs": {
                "batter": 0,
                "extras": 1,
                "total": 1
              }
            },
            {
              "batter": "Yasir Ali Chowdhury",
              "bowler": "Mosaddek Hossain",
              "non_striker": "RP Burl",
              "runs": {
                "batter": 0,
                "extras": 0,
                "total": 0
              }
            }
          ]
        },
        {
          "over": 7,
          "deliveries": [
            {
              "batter": "RP Burl",
              "bowler": "Farmanullah",
              "non_striker": "Yasir Ali Chowdhury",
              "runs": {
                "batter": 0,
                "extras": 0,
                "total": 0
              }
            },
            {
              "batter": "RP Burl",
              "bowler": "Farmanullah",
              "non_striker": "Yasir Ali Chowdhury",
              "runs": {
                "batter": 2,
                "extras": 0,
                "total": 2
              }
            },
            {
              "batter": "RP Burl",
              "bowler": "Farmanullah",
              "non_striker": "Yasir Ali Chowdhury",
              "runs": {
                "batter": 0,
                "extras": 0,
                "total": 0
              }
            },
            {
              "batter": "RP Burl",
              "bowler": "Farmanullah",
              "extras": {
                "wides": 1
              },
              "non_striker": "Yasir Ali Chowdhury",
              "runs": {
                "batter": 0,
                "extras": 1,
                "total": 1
              }
            },
            {
              "batter": "RP Burl",
              "bowler": "Farmanullah",
              "non_striker": "Yasir Ali Chowdhury",
              "runs": {
                "batter": 0,
                "extras": 0,
                "total": 0
              }
            },
            {
              "batter": "RP Burl",
              "bowler": "Farmanullah",
              "non_striker": "Yasir Ali Chowdhury",
              "runs": {
                "batter": 2,
                "extras": 0,
                "total": 2
              }
            },
            {
              "batter": "RP Burl",
              "bowler": "Farmanullah",
              "non_striker": "Yasir Ali Chowdhury",
              "runs": {
                "batter": 1,
                "extras": 0,
                "total": 1
              }
            }
          ]
        },
        {
          "over": 8,
          "deliveries": [
            {
              "batter": "RP Burl",
              "bowler": "Mosaddek Hossain",
              "non_striker": "Yasir Ali Chowdhury",
              "runs": {
                "batter": 0,
                "extras": 0,
                "total": 0
              }
            },
            {
              "batter": "RP Burl",
              "bowler": "Mosaddek Hossain",
              "non_striker": "Yasir Ali Chowdhury",
              "runs": {
                "batter": 1,
                "extras": 0,
                "total": 1
              }
            },
            {
              "batter": "Yasir Ali Chowdhury",
              "bowler": "Mosaddek Hossain",
              "non_striker": "RP Burl",
              "runs": {
                "batter": 1,
                "extras": 0,
                "total": 1
              }
            },
            {
              "batter": "RP Burl",
              "bowler": "Mosaddek Hossain",
              "non_striker": "Yasir Ali Chowdhury",
              "runs": {
                "batter": 4,
                "extras": 0,
                "total": 4
              }
            },
            {
              "batter": "RP Burl",
              "bowler": "Mosaddek Hossain",
              "non_striker": "Yasir Ali Chowdhury",
              "runs": {
                "batter": 0,
                "extras": 0,
                "total": 0
              }
            },
            {
              "batter": "RP Burl",
              "bowler": "Mosaddek Hossain",
              "non_striker": "Yasir Ali Chowdhury",
              "runs": {
                "batter": 1,
                "extras": 0,
                "total": 1
              }
            }
          ]
        },
        {
          "over": 9,
          "deliveries": [
            {
              "batter": "RP Burl",
              "bowler": "Farmanullah",
              "non_striker": "Yasir Ali Chowdhury",
              "runs": {
                "batter": 4,
                "extras": 0,
                "total": 4
              }
            },
            {
              "batter": "RP Burl",
              "bowler": "Farmanullah",
              "non_striker": "Yasir Ali Chowdhury",
              "runs": {
                "batter": 4,
                "extras": 0,
                "total": 4
              }
            },
            {
              "batter": "RP Burl",
              "bowler": "Farmanullah",
              "extras": {
                "legbyes": 1
              },
              "non_striker": "Yasir Ali Chowdhury",
              "runs": {
                "batter": 0,
                "extras": 1,
                "total": 1
              }
            },
            {
              "batter": "Yasir Ali Chowdhury",
              "bowler": "Farmanullah",
              "non_striker": "RP Burl",
              "runs": {
                "batter": 0,
                "extras": 0,
                "total": 0
              },
              "wickets": [
                {
                  "player_out": "Yasir Ali Chowdhury",
                  "fielders": [
                    {
                      "name": "Munim Shahriar"
                    }
                  ],
                  "kind": "caught"
                }
              ]
            },
            {
              "batter": "Sohag Gazi",
              "bowler": "Farmanullah",
              "non_striker": "RP Burl",
              "review": {
                "by": "Durbar Rajshahi",
                "umpire": "Morshed Ali Khan",
                "batter": "Sohag Gazi",
                "decision": "struck down",
                "type": "wicket"
              },
              "runs": {
                "batter": 0,
                "extras": 0,
                "total": 0
              },
              "wickets": [
                {
                  "player_out": "Sohag Gazi",
                  "kind": "lbw"
                }
              ]
            },
            {
              "batter": "Sunzamul Islam",
              "bowler": "Farmanullah",
              "non_striker": "RP Burl",
              "runs": {
                "batter": 0,
                "extras": 0,
                "total": 0
              }
            }
          ]
        },
        {
          "over": 10,
          "deliveries": [
            {
              "batter": "RP Burl",
              "bowler": "Mustafizur Rahman",
              "non_striker": "Sunzamul Islam",
              "runs": {
                "batter": 0,
                "extras": 0,
                "total": 0
              }
            },
            {
              "batter": "RP Burl",
              "bowler": "Mustafizur Rahman",
              "non_striker": "Sunzamul Islam",
              "runs": {
                "batter": 4,
                "extras": 0,
                "total": 4
              }
            },
            {
              "batter": "RP Burl",
              "bowler": "Mustafizur Rahman",
              "non_striker": "Sunzamul Islam",
              "runs": {
                "batter": 1,
                "extras": 0,
                "total": 1
              }
            },
            {
              "batter": "Sunzamul Islam",
              "bowler": "Mustafizur Rahman",
              "non_striker": "RP Burl",
              "runs": {
                "batter": 4,
                "extras": 0,
                "total": 4
              }
            },
            {
              "batter": "Sunzamul Islam",
              "bowler": "Mustafizur Rahman",
              "non_striker": "RP Burl",
              "runs": {
                "batter": 1,
                "extras": 0,
                "total": 1
              }
            },
            {
              "batter": "RP Burl",
              "bowler": "Mustafizur Rahman",
              "non_striker": "Sunzamul Islam",
              "runs": {
                "batter": 1,
                "extras": 0,
                "total": 1
              }
            }
          ]
        },
        {
          "over": 11,
          "deliveries": [
            {
              "batter": "RP Burl",
              "bowler": "Farmanullah",
              "non_striker": "Sunzamul Islam",
              "runs": {
                "batter": 4,
                "extras": 0,
                "total": 4
              }
            },
            {
              "batter": "RP Burl",
              "bowler": "Farmanullah",
              "non_striker": "Sunzamul Islam",
              "runs": {
                "batter": 0,
                "extras": 0,
                "total": 0
              }
            },
            {
              "batter": "RP Burl",
              "bowler": "Farmanullah",
              "non_striker": "Sunzamul Islam",
              "runs": {
                "batter": 0,
                "extras": 0,
                "total": 0
              }
            },
            {
              "batter": "RP Burl",
              "bowler": "Farmanullah",
              "non_striker": "Sunzamul Islam",
              "runs": {
                "batter": 4,
                "extras": 0,
                "total": 4
              }
            },
            {
              "batter": "RP Burl",
              "bowler": "Farmanullah",
              "non_striker": "Sunzamul Islam",
              "runs": {
                "batter": 0,
                "extras": 0,
                "total": 0
              }
            },
            {
              "batter": "RP Burl",
              "bowler": "Farmanullah",
              "non_striker": "Sunzamul Islam",
              "runs": {
                "batter": 4,
                "extras": 0,
                "total": 4
              }
            }
          ]
        },
        {
          "over": 12,
          "deliveries": [
            {
              "batter": "Sunzamul Islam",
              "bowler": "Mukidul Islam",
              "non_striker": "RP Burl",
              "runs": {
                "batter": 1,
                "extras": 0,
                "total": 1
              }
            },
            {
              "batter": "RP Burl",
              "bowler": "Mukidul Islam",
              "non_striker": "Sunzamul Islam",
              "runs": {
                "batter": 4,
                "extras": 0,
                "total": 4
              }
            },
            {
              "batter": "RP Burl",
              "bowler": "Mukidul Islam",
              "non_striker": "Sunzamul Islam",
              "runs": {
                "batter": 1,
                "extras": 0,
                "total": 1
              }
            },
            {
              "batter": "Sunzamul Islam",
              "bowler": "Mukidul Islam",
              "non_striker": "RP Burl",
              "runs": {
                "batter": 0,
                "extras": 0,
                "total": 0
              }
            },
            {
              "batter": "Sunzamul Islam",
              "bowler": "Mukidul Islam",
              "non_striker": "RP Burl",
              "runs": {
                "batter": 0,
                "extras": 0,
                "total": 0
              }
            },
            {
              "batter": "Sunzamul Islam",
              "bowler": "Mukidul Islam",
              "non_striker": "RP Burl",
              "runs": {
                "batter": 1,
                "extras": 0,
                "total": 1
              }
            }
          ]
        },
        {
          "over": 13,
          "deliveries": [
            {
              "batter": "Sunzamul Islam",
              "bowler": "Mosaddek Hossain",
              "non_striker": "RP Burl",
              "runs": {
                "batter": 4,
                "extras": 0,
                "total": 4
              }
            },
            {
              "batter": "Sunzamul Islam",
              "bowler": "Mosaddek Hossain",
              "non_striker": "RP Burl",
              "runs": {
                "batter": 0,
                "extras": 0,
                "total": 0
              },
              "wickets": [
                {
                  "player_out": "Sunzamul Islam",
                  "kind": "bowled"
                }
              ]
            },
            {
              "batter": "Taskin Ahmed",
              "bowler": "Mosaddek Hossain",
              "non_striker": "RP Burl",
              "runs": {
                "batter": 0,
                "extras": 0,
                "total": 0
              }
            },
            {
              "batter": "Taskin Ahmed",
              "bowler": "Mosaddek Hossain",
              "non_striker": "RP Burl",
              "runs": {
                "batter": 1,
                "extras": 0,
                "total": 1
              }
            },
            {
              "batter": "RP Burl",
              "bowler": "Mosaddek Hossain",
              "non_striker": "Taskin Ahmed",
              "runs": {
                "batter": 0,
                "extras": 0,
                "total": 0
              }
            },
            {
              "batter": "RP Burl",
              "bowler": "Mosaddek Hossain",
              "non_striker": "Taskin Ahmed",
              "runs": {
                "batter": 0,
                "extras": 0,
                "total": 0
              }
            }
          ]
        },
        {
          "over": 14,
          "deliveries": [
            {
              "batter": "Taskin Ahmed",
              "bowler": "Mustafizur Rahman",
              "non_striker": "RP Burl",
              "runs": {
                "batter": 2,
                "extras": 0,
                "total": 2
              }
            },
            {
              "batter": "Taskin Ahmed",
              "bowler": "Mustafizur Rahman",
              "non_striker": "RP Burl",
              "runs": {
                "batter": 0,
                "extras": 0,
                "total": 0
              }
            },
            {
              "batter": "Taskin Ahmed",
              "bowler": "Mustafizur Rahman",
              "non_striker": "RP Burl",
              "runs": {
                "batter": 6,
                "extras": 0,
                "total": 6
              }
            },
            {
              "batter": "Taskin Ahmed",
              "bowler": "Mustafizur Rahman",
              "non_striker": "RP Burl",
              "runs": {
                "batter": 0,
                "extras": 0,
                "total": 0
              }
            },
            {
              "batter": "Taskin Ahmed",
              "bowler": "Mustafizur Rahman",
              "non_striker": "RP Burl",
              "runs": {
                "batter": 0,
                "extras": 0,
                "total": 0
              },
              "wickets": [
                {
                  "player_out": "Taskin Ahmed",
                  "fielders": [
                    {
                      "name": "Tanzid Hasan"
                    }
                  ],
                  "kind": "caught"
                }
              ]
            },
            {
              "batter": "Shafiul Islam",
              "bowler": "Mustafizur Rahman",
              "non_striker": "RP Burl",
              "runs": {
                "batter": 0,
                "extras": 0,
                "total": 0
              }
            }
          ]
        },
        {
          "over": 15,
          "deliveries": [
            {
              "batter": "RP Burl",
              "bowler": "Mukidul Islam",
              "non_striker": "Shafiul Islam",
              "runs": {
                "batter": 0,
                "extras": 0,
                "total": 0
              }
            },
            {
              "batter": "RP Burl",
              "bowler": "Mukidul Islam",
              "non_striker": "Shafiul Islam",
              "runs": {
                "batter": 1,
                "extras": 0,
                "total": 1
              },
              "wickets": [
                {
                  "player_out": "Shafiul Islam",
                  "fielders": [
                    {
                      "name": "Tanzid Hasan"
                    },
                    {
                      "name": "Mukidul Islam"
                    }
                  ],
                  "kind": "run out"
                }
              ]
            }
          ]
        }
      ],
      "powerplays": [
        {
          "from": 0.1,
          "to": 5.6,
          "type": "mandatory"
        }
      ],
      "target": {
        "overs": 20,
        "runs": 255
      }
    }
  ]
}