{
  "meta": {
    "data_version": "1.1.0",
    "created": "2025-02-03",
    "revision": 1
  },
  "info": {
    "balls_per_over": 6,
    "city": "Dhaka",
    "dates": [
      "2025-02-03"
    ],
    "event": {
      "name": "Bangladesh Premier League",
      "stage": "Qualifier 1"
    },
    "gender": "male",
    "match_type": "T20",
    "officials": {
      "match_referees": [
        "Debabrata Paul"
      ],
      "reserve_umpires": [
        "Mohammad Kamruzzaman"
      ],
      "tv_umpires": [
        "Moniruzzaman"
      ],
      "umpires": [
        "Asif Yaqoob",
        "Morshed Ali Khan"
      ]
    },
    "outcome": {
      "winner": "Fortune Barishal",
      "by": {
        "wickets": 9
      }
    },
    "overs": 20,
    "player_of_match": [
      "Mohammad Ali"
    ],
    "players": {
      "Chittagong Kings": [
        "Khawaja Nafay",
        "Parvez Hossain Emon",
        "G Clark",
        "Mohammad Mithun",
        "Haider Ali",
        "Shamim Hossain",
        "Khaled Ahmed",
        "Arafat Sunny",
        "Shoriful Islam",
        "Al Islam",
        "B Fernando"
      ],
      "Fortune Barishal": [
        "Tamim Iqbal",
        "Towhid Hridoy",
        "DJ Malan",
        "Mushfiqur Rahim",
        "Mahmudullah",
        "KR Mayers",
        "Mohammad Nabi",
        "Rishad Hossain",
        "Ebadat Hossain",
        "Tanvir Islam",
        "Mohammad Ali"
      ]
    },
    "registry": {
      "people": {
        "Al Islam": "45d38a84",
        "Arafat Sunny": "1f7adc8a",
        "Asif Yaqoob": "6b35790c",
        "B Fernando": "dabbd0ae",
        "DJ Malan": "ad9c32a2",
        "Debabrata Paul": "a77f51d0",
        "Ebadat Hossain": "cb5100f1",
        "G Clark": "4fd09cfc",
        "Haider Ali": "c13e34f4",
        "KR Mayers": "73c18486",
        "Khaled Ahmed": "5dbdecf1",
        "Khawaja Nafay": "3cf54e77",
        "Mahmudullah": "bf1d7d3e",
        "Mohammad Ali": "a86a37ab",
        "Mohammad Kamruzzaman": "74eb8175",
        "Mohammad Mithun": "77191792",
        "Mohammad Nabi": "62af8546",
        "Moniruzzaman": "075e9f9c",
        "Morshed Ali Khan": "a7c3cf5f",
        "Mushfiqur Rahim": "a94e08ea",
        "Parvez Hossain Emon": "489aaf0a",
        "Rishad Hossain": "5935d694",
        "Shamim Hossain": "711249d1",
        "Shoriful Islam": "bb34fd31",
        "Tamim Iqbal": "3b041a12",
        "Tanvir Islam": "aa467af0",
        "Towhid Hridoy": "9e52a414"
      }
    },
    "season": "2024/25",
    "team_type": "club",
    "teams": [
      "Chittagong Kings",
      "Fortune Barishal"
    ],
    "toss": {
      "decision": "field",
      "winner": "Fortune Barishal"
    },
    "venue": "Shere Bangla National Stadium, Mirpur"
  },
  "innings": [
    {
      "team": "Chittagong Kings",
      "overs": [
        {
          "over": 0,
          "deliveries": [
            {
              "batter": "Khawaja Nafay",
              "bowler": "KR Mayers",
              "non_striker": "Parvez Hossain Emon",
              "runs": {
                "batter": 4,
                "extras": 0,
                "total": 4
              }
            },
            {
              "batter": "Khawaja Nafay",
              "bowler": "KR Mayers",
              "non_striker": "Parvez Hossain Emon",
              "runs": {
                "batter": 0,
                "extras": 0,
                "total": 0
              },
              "wickets": [
                {
                  "player_out": "Khawaja Nafay",
                  "kind": "bowled"
                }
              ]
            },
            {
              "batter": "G Clark",
              "bowler": "KR Mayers",
              "non_striker": "Parvez Hossain Emon",
              "review": {
                "by": "Chittagong Kings",
                "umpire": "Asif Yaqoob",
                "batter": "G Clark",
                "decision": "upheld",
                "type": "wicket"
              },
              "runs": {
                "batter": 0,
                "extras": 0,
                "total": 0
              }
            },
            {
              "batter": "G Clark",
              "bowler": "KR Mayers",
              "non_striker": "Parvez Hossain Emon",
              "runs": {
                "batter": 4,
                "extras": 0,
                "total": 4
              }
            },
            {
              "batter": "G Clark",
              "bowler": "KR Mayers",
              "non_striker": "Parvez Hossain Emon",
              "runs": {
                "batter": 0,
                "extras": 0,
                "total": 0
              }
            },
            {
              "batter": "G Clark",
              "bowler": "KR Mayers",
              "non_striker": "Parvez Hossain Emon",
              "runs": {
                "batter": 1,
                "extras": 0,
                "total": 1
              }
            }
          ]
        },
        {
          "over": 1,
          "deliveries": [
            {
              "batter": "G Clark",
              "bowler": "Mohammad Ali",
              "non_striker": "Parvez Hossain Emon",
              "runs": {
                "batter": 1,
                "extras": 0,
                "total": 1
              }
            },
            {
              "batter": "Parvez Hossain Emon",
              "bowler": "Mohammad Ali",
              "non_striker": "G Clark",
              "runs": {
                "batter": 0,
                "extras": 0,
                "total": 0
              }
            },
            {
              "batter": "Parvez Hossain Emon",
              "bowler": "Mohammad Ali",
              "non_striker": "G Clark",
              "runs": {
                "batter": 0,
                "extras": 0,
                "total": 0
              }
            },
            {
              "batter": "Parvez Hossain Emon",
              "bowler": "Mohammad Ali",
              "non_striker": "G Clark",
              "runs": {
                "batter": 0,
                "extras": 0,
                "total": 0
              }
            },
            {
              "batter": "Parvez Hossain Emon",
              "bowler": "Mohammad Ali",
              "non_striker": "G Clark",
              "runs": {
                "batter": 0,
                "extras": 0,
                "total": 0
              }
            },
            {
              "batter": "Parvez Hossain Emon",
              "bowler": "Mohammad Ali",
              "non_striker": "G Clark",
              "runs": {
                "batter": 4,
                "extras": 0,
                "total": 4
              }
            }
          ]
        },
        {
          "over": 2,
          "deliveries": [
            {
              "batter": "G Clark",
              "bowler": "KR Mayers",
              "non_striker": "Parvez Hossain Emon",
              "runs": {
                "batter": 0,
                "extras": 0,
                "total": 0
              },
              "wickets": [
                {
                  "player_out": "G Clark",
                  "fielders": [
                    {
                      "name": "DJ Malan"
                    }
                  ],
                  "kind": "caught"
                }
              ]
            },
            {
              "batter": "Mohammad Mithun",
              "bowler": "KR Mayers",
              "extras": {
                "wides": 5
              },
              "non_striker": "Parvez Hossain Emon",
              "runs": {
                "batter": 0,
                "extras": 5,
                "total": 5
              }
            },
            {
              "batter": "Mohammad Mithun",
              "bowler": "KR Mayers",
              "non_striker": "Parvez Hossain Emon",
              "runs": {
                "batter": 1,
                "extras": 0,
                "total": 1
              }
            },
            {
              "batter": "Parvez Hossain Emon",
              "bowler": "KR Mayers",
              "non_striker": "Mohammad Mithun",
              "runs": {
                "batter": 4,
                "extras": 0,
                "total": 4
              }
            },
            {
              "batter": "Parvez Hossain Emon",
              "bowler": "KR Mayers",
              "non_striker": "Mohammad Mithun",
              "runs": {
                "batter": 0,
                "extras": 0,
                "total": 0
              }
            },
            {
              "batter": "Parvez Hossain Emon",
              "bowler": "KR Mayers",
              "non_striker": "Mohammad Mithun",
              "runs": {
                "batter": 0,
                "extras": 0,
                "total": 0
              }
            },
            {
              "batter": "Parvez Hossain Emon",
              "bowler": "KR Mayers",
              "non_striker": "Mohammad Mithun",
              "runs": {
                "batter": 0,
                "extras": 0,
                "total": 0
              }
            }
          ]
        },
        {
          "over": 3,
          "deliveries": [
            {
              "batter": "Mohammad Mithun",
              "bowler": "Mohammad Ali",
              "non_striker": "Parvez Hossain Emon",
              "runs": {
                "batter": 0,
                "extras": 0,
                "total": 0
              }
            },
            {
              "batter": "Mohammad Mithun",
              "bowler": "Mohammad Ali",
              "non_striker": "Parvez Hossain Emon",
              "runs": {
                "batter": 0,
                "extras": 0,
                "total": 0
              }
            },
            {
              "batter": "Mohammad Mithun",
              "bowler": "Mohammad Ali",
              "non_striker": "Parvez Hossain Emon",
              "runs": {
                "batter": 0,
                "extras": 0,
                "total": 0
              },
              "wickets": [
                {
                  "player_out": "Mohammad Mithun",
                  "fielders": [
                    {
                      "name": "Towhid Hridoy"
                    }
                  ],
                  "kind": "caught"
                }
              ]
            },
            {
              "batter": "Haider Ali",
              "bowler": "Mohammad Ali",
              "non_striker": "Parvez Hossain Emon",
              "runs": {
                "batter": 4,
                "extras": 0,
                "total": 4
              }
            },
            {
              "batter": "Haider Ali",
              "bowler": "Mohammad Ali",
              "non_striker": "Parvez Hossain Emon",
              "runs": {
                "batter": 1,
                "extras": 0,
                "total": 1
              }
            },
            {
              "batter": "Parvez Hossain Emon",
              "bowler": "Mohammad Ali",
              "non_striker": "Haider Ali",
              "runs": {
                "batter": 0,
                "extras": 0,
                "total": 0
              }
            }
          ]
        },
        {
          "over": 4,
          "deliveries": [
            {
              "batter": "Haider Ali",
              "bowler": "KR Mayers",
              "non_striker": "Parvez Hossain Emon",
              "runs": {
                "batter": 0,
                "extras": 0,
                "total": 0
              }
            },
            {
              "batter": "Haider Ali",
              "bowler": "KR Mayers",
              "extras": {
                "legbyes": 1
              },
              "non_striker": "Parvez Hossain Emon",
              "runs": {
                "batter": 0,
                "extras": 1,
                "total": 1
              }
            },
            {
              "batter": "Parvez Hossain Emon",
              "bowler": "KR Mayers",
              "non_striker": "Haider Ali",
              "runs": {
                "batter": 0,
                "extras": 0,
                "total": 0
              }
            },
            {
              "batter": "Parvez Hossain Emon",
              "bowler": "KR Mayers",
              "non_striker": "Haider Ali",
              "runs": {
                "batter": 0,
                "extras": 0,
                "total": 0
              }
            },
            {
              "batter": "Parvez Hossain Emon",
              "bowler": "KR Mayers",
              "non_striker": "Haider Ali",
              "runs": {
                "batter": 2,
                "extras": 0,
                "total": 2
              }
            },
            {
              "batter": "Parvez Hossain Emon",
              "bowler": "KR Mayers",
              "non_striker": "Haider Ali",
              "runs": {
                "batter": 0,
                "extras": 0,
                "total": 0
              }
            }
          ]
        },
        {
          "over": 5,
          "deliveries": [
            {
              "batter": "Haider Ali",
              "bowler": "Ebadat Hossain",
              "non_striker": "Parvez Hossain Emon",
              "runs": {
                "batter": 0,
                "extras": 0,
                "total": 0
              }
            },
            {
              "batter": "Haider Ali",
              "bowler": "Ebadat Hossain",
              "non_striker": "Parvez Hossain Emon",
              "runs": {
                "batter": 2,
                "extras": 0,
                "total": 2
              }
            },
            {
              "batter": "Haider Ali",
              "bowler": "Ebadat Hossain",
              "non_striker": "Parvez Hossain Emon",
              "runs": {
                "batter": 0,
                "extras": 0,
                "total": 0
              },
              "wickets": [
                {
                  "player_out": "Haider Ali",
                  "kind": "bowled"
                }
              ]
            },
            {
              "batter": "Shamim Hossain",
              "bowler": "Ebadat Hossain",
              "non_striker": "Parvez Hossain Emon",
              "runs": {
                "batter": 4,
                "extras": 0,
                "total": 4
              }
            },
            {
              "batter": "Shamim Hossain",
              "bowler": "Ebadat Hossain",
              "non_striker": "Parvez Hossain Emon",
              "runs": {
                "batter": 0,
                "extras": 0,
                "total": 0
              }
            },
            {
              "batter": "Shamim Hossain",
              "bowler": "Ebadat Hossain",
              "non_striker": "Parvez Hossain Emon",
              "runs": {
                "batter": 4,
                "extras": 0,
                "total": 4
              }
            }
          ]
        },
        {
          "over": 6,
          "deliveries": [
            {
              "batter": "Parvez Hossain Emon",
              "bowler": "KR Mayers",
              "non_striker": "Shamim Hossain",
              "runs": {
                "batter": 0,
                "extras": 0,
                "total": 0
              }
            },
            {
              "batter": "Parvez Hossain Emon",
              "bowler": "KR Mayers",
              "non_striker": "Shamim Hossain",
              "runs": {
                "batter": 1,
                "extras": 0,
                "total": 1
              }
            },
            {
              "batter": "Shamim Hossain",
              "bowler": "KR Mayers",
              "non_striker": "Parvez Hossain Emon",
              "runs": {
                "batter": 0,
                "extras": 0,
                "total": 0
              }
            },
            {
              "batter": "Shamim Hossain",
              "bowler": "KR Mayers",
              "non_striker": "Parvez Hossain Emon",
              "runs": {
                "batter": 1,
                "extras": 0,
                "total": 1
              }
            },
            {
              "batter": "Parvez Hossain Emon",
              "bowler": "KR Mayers",
              "non_striker": "Shamim Hossain",
              "runs": {
                "batter": 0,
                "extras": 0,
                "total": 0
              }
            },
            {
              "batter": "Parvez Hossain Emon",
              "bowler": "KR Mayers",
              "non_striker": "Shamim Hossain",
              "runs": {
                "batter": 4,
                "extras": 0,
                "total": 4
              }
            }
          ]
        },
        {
          "over": 7,
          "deliveries": [
            {
              "batter": "Shamim Hossain",
              "bowler": "Mohammad Nabi",
              "extras": {
                "legbyes": 1
              },
              "non_striker": "Parvez Hossain Emon",
              "runs": {
                "batter": 0,
                "extras": 1,
                "total": 1
              }
            },
            {
              "batter": "Parvez Hossain Emon",
              "bowler": "Mohammad Nabi",
              "non_striker": "Shamim Hossain",
              "runs": {
                "batter": 1,
                "extras": 0,
                "total": 1
              }
            },
            {
              "batter": "Shamim Hossain",
              "bowler": "Mohammad Nabi",
              "non_striker": "Parvez Hossain Emon",
              "runs": {
                "batter": 6,
                "extras": 0,
                "total": 6
              }
            },
            {
              "batter": "Shamim Hossain",
              "bowler": "Mohammad Nabi",
              "non_striker": "Parvez Hossain Emon",
              "runs": {
                "batter": 1,
                "extras": 0,
                "total": 1
              }
            },
            {
              "batter": "Parvez Hossain Emon",
              "bowler": "Mohammad Nabi",
              "non_striker": "Shamim Hossain",
              "runs": {
                "batter": 0,
                "extras": 0,
                "total": 0
              }
            },
            {
              "batter": "Parvez Hossain Emon",
              "bowler": "Mohammad Nabi",
              "non_striker": "Shamim Hossain",
              "runs": {
                "batter": 1,
                "extras": 0,
                "total": 1
              }
            }
          ]
        },
        {
          "over": 8,
          "deliveries": [
            {
              "batter": "Parvez Hossain Emon",
              "bowler": "Ebadat Hossain",
              "non_striker": "Shamim Hossain",
              "runs": {
                "batter": 1,
                "extras": 0,
                "total": 1
              }
            },
            {
              "batter": "Shamim Hossain",
              "bowler": "Ebadat Hossain",
              "non_striker": "Parvez Hossain Emon",
              "runs": {
                "batter": 0,
                "extras": 0,
                "total": 0
              }
            },
            {
              "batter": "Shamim Hossain",
              "bowler": "Ebadat Hossain",
              "non_striker": "Parvez Hossain Emon",
              "runs": {
                "batter": 4,
                "extras": 0,
                "total": 4
              }
            },
            {
              "batter": "Shamim Hossain",
              "bowler": "Ebadat Hossain",
              "non_striker": "Parvez Hossain Emon",
              "runs": {
                "batter": 2,
                "extras": 0,
                "total": 2
              }
            },
            {
              "batter": "Shamim Hossain",
              "bowler": "Ebadat Hossain",
              "non_striker": "Parvez Hossain Emon",
              "runs": {
                "batter": 1,
                "extras": 0,
                "total": 1
              }
            },
            {
              "batter": "Parvez Hossain Emon",
              "bowler": "Ebadat Hossain",
              "non_striker": "Shamim Hossain",
              "runs": {
                "batter": 0,
                "extras": 0,
                "total": 0
              }
            }
          ]
        },
        {
          "over": 9,
          "deliveries": [
            {
              "batter": "Shamim Hossain",
              "bowler": "Mohammad Nabi",
              "non_striker": "Parvez Hossain Emon",
              "runs": {
                "batter": 0,
                "extras": 0,
                "total": 0
              }
            },
            {
              "batter": "Shamim Hossain",
              "bowler": "Mohammad Nabi",
              "non_striker": "Parvez Hossain Emon",
              "runs": {
                "batter": 0,
                "extras": 0,
                "total": 0
              }
            },
            {
              "batter": "Shamim Hossain",
              "bowler": "Mohammad Nabi",
              "non_striker": "Parvez Hossain Emon",
              "runs": {
                "batter": 4,
                "extras": 0,
                "total": 4
              }
            },
            {
              "batter": "Shamim Hossain",
              "bowler": "Mohammad Nabi",
              "non_striker": "Parvez Hossain Emon",
              "runs": {
                "batter": 0,
                "extras": 0,
                "total": 0
              }
            },
            {
              "batter": "Shamim Hossain",
              "bowler": "Mohammad Nabi",
              "non_striker": "Parvez Hossain Emon",
              "runs": {
                "batter": 1,
                "extras": 0,
                "total": 1
              }
            },
            {
              "batter": "Parvez Hossain Emon",
              "bowler": "Mohammad Nabi",
              "non_striker": "Shamim Hossain",
              "runs": {
                "batter": 0,
                "extras": 0,
                "total": 0
              }
            }
          ]
        },
        {
          "over": 10,
          "deliveries": [
            {
              "batter": "Shamim Hossain",
              "bowler": "Mahmudullah",
              "non_striker": "Parvez Hossain Emon",
              "runs": {
                "batter": 6,
                "extras": 0,
                "total": 6
              }
            },
            {
              "batter": "Shamim Hossain",
              "bowler": "Mahmudullah",
              "non_striker": "Parvez Hossain Emon",
              "runs": {
                "batter": 1,
                "extras": 0,
                "total": 1
              }
            },
            {
              "batter": "Parvez Hossain Emon",
              "bowler": "Mahmudullah",
              "non_striker": "Shamim Hossain",
              "runs": {
                "batter": 1,
                "extras": 0,
                "total": 1
              }
            },
            {
              "batter": "Shamim Hossain",
              "bowler": "Mahmudullah",
              "non_striker": "Parvez Hossain Emon",
              "runs": {
                "batter": 0,
                "extras": 0,
                "total": 0
              }
            },
            {
              "batter": "Shamim Hossain",
              "bowler": "Mahmudullah",
              "non_striker": "Parvez Hossain Emon",
              "runs": {
                "batter": 1,
                "extras": 0,
                "total": 1
              }
            },
            {
              "batter": "Parvez Hossain Emon",
              "bowler": "Mahmudullah",
              "non_striker": "Shamim Hossain",
              "runs": {
                "batter": 1,
                "extras": 0,
                "total": 1
              }
            }
          ]
        },
        {
          "over": 11,
          "deliveries": [
            {
              "batter": "Parvez Hossain Emon",
              "bowler": "Mohammad Nabi",
              "non_striker": "Shamim Hossain",
              "runs": {
                "batter": 2,
                "extras": 0,
                "total": 2
              }
            },
            {
              "batter": "Parvez Hossain Emon",
              "bowler": "Mohammad Nabi",
              "non_striker": "Shamim Hossain",
              "runs": {
                "batter": 6,
                "extras": 0,
                "total": 6
              }
            },
            {
              "batter": "Parvez Hossain Emon",
              "bowler": "Mohammad Nabi",
              "non_striker": "Shamim Hossain",
              "runs": {
                "batter": 0,
                "extras": 0,
                "total": 0
              }
            },
            {
              "batter": "Parvez Hossain Emon",
              "bowler": "Mohammad Nabi",
              "non_striker": "Shamim Hossain",
              "runs": {
                "batter": 6,
                "extras": 0,
                "total": 6
              }
            },
            {
              "batter": "Parvez Hossain Emon",
              "bowler": "Mohammad Nabi",
              "non_striker": "Shamim Hossain",
              "runs": {
                "batter": 1,
                "extras": 0,
                "total": 1
              }
            },
            {
              "batter": "Shamim Hossain",
              "bowler": "Mohammad Nabi",
              "non_striker": "Parvez Hossain Emon",
              "runs": {
                "batter": 1,
                "extras": 0,
                "total": 1
              }
            }
          ]
        },
        {
          "over": 12,
          "deliveries": [
            {
              "batter": "Shamim Hossain",
              "bowler": "Mohammad Ali",
              "non_striker": "Parvez Hossain Emon",
              "runs": {
                "batter": 0,
                "extras": 0,
                "total": 0
              }
            },
            {
              "batter": "Shamim Hossain",
              "bowler": "Mohammad Ali",
              "non_striker": "Parvez Hossain Emon",
              "runs": {
                "batter": 4,
                "extras": 0,
                "total": 4
              }
            },
            {
              "batter": "Shamim Hossain",
              "bowler": "Mohammad Ali",
              "non_striker": "Parvez Hossain Emon",
              "runs": {
                "batter": 1,
                "extras": 0,
                "total": 1
              }
            },
            {
              "batter": "Parvez Hossain Emon",
              "bowler": "Mohammad Ali",
              "non_striker": "Shamim Hossain",
              "runs": {
                "batter": 1,
                "extras": 0,
                "total": 1
              }
            },
            {
              "batter": "Shamim Hossain",
              "bowler": "Mohammad Ali",
              "non_striker": "Parvez Hossain Emon",
              "runs": {
                "batter": 4,
                "extras": 0,
                "total": 4
              }
            },
            {
              "batter": "Shamim Hossain",
              "bowler": "Mohammad Ali",
              "non_striker": "Parvez Hossain Emon",
              "runs": {
                "batter": 2,
                "extras": 0,
                "total": 2
              }
            }
          ]
        },
        {
          "over": 13,
          "deliveries": [
            {
              "batter": "Parvez Hossain Emon",
              "bowler": "Rishad Hossain",
              "extras": {
                "legbyes": 1
              },
              "non_striker": "Shamim Hossain",
              "runs": {
                "batter": 0,
                "extras": 1,
                "total": 1
              }
            },
            {
              "batter": "Shamim Hossain",
              "bowler": "Rishad Hossain",
              "non_striker": "Parvez Hossain Emon",
              "runs": {
                "batter": 1,
                "extras": 0,
                "total": 1
              }
            },
            {
              "batter": "Parvez Hossain Emon",
              "bowler": "Rishad Hossain",
              "non_striker": "Shamim Hossain",
              "runs": {
                "batter": 0,
                "extras": 0,
                "total": 0
              }
            },
            {
              "batter": "Parvez Hossain Emon",
              "bowler": "Rishad Hossain",
              "non_striker": "Shamim Hossain",
              "runs": {
                "batter": 0,
                "extras": 0,
                "total": 0
              }
            },
            {
              "batter": "Parvez Hossain Emon",
              "bowler": "Rishad Hossain",
              "non_striker": "Shamim Hossain",
              "runs": {
                "batter": 0,
                "extras": 0,
                "total": 0
              },
              "wickets": [
                {
                  "player_out": "Parvez Hossain Emon",
                  "kind": "caught and bowled"
                }
              ]
            },
            {
              "batter": "Khaled Ahmed",
              "bowler": "Rishad Hossain",
              "non_striker": "Shamim Hossain",
              "runs": {
                "batter": 0,
                "extras": 0,
                "total": 0
              }
            }
          ]
        },
        {
          "over": 14,
          "deliveries": [
            {
              "batter": "Shamim Hossain",
              "bowler": "Tanvir Islam",
              "non_striker": "Khaled Ahmed",
              "runs": {
                "batter": 1,
                "extras": 0,
                "total": 1
              }
            },
            {
              "batter": "Khaled Ahmed",
              "bowler": "Tanvir Islam",
              "non_striker": "Shamim Hossain",
              "runs": {
                "batter": 0,
                "extras": 0,
                "total": 0
              }
            },
            {
              "batter": "Khaled Ahmed",
              "bowler": "Tanvir Islam",
              "non_striker": "Shamim Hossain",
              "runs": {
                "batter": 0,
                "extras": 0,
                "total": 0
              }
            },
            {
              "batter": "Khaled Ahmed",
              "bowler": "Tanvir Islam",
              "non_striker": "Shamim Hossain",
              "runs": {
                "batter": 0,
                "extras": 0,
                "total": 0
              }
            },
            {
              "batter": "Khaled Ahmed",
              "bowler": "Tanvir Islam",
              "non_striker": "Shamim Hossain",
              "review": {
                "by": "Fortune Barishal",
                "umpire": "Asif Yaqoob",
                "batter": "Khaled Ahmed",
                "decision": "struck down",
                "type": "wicket",
                "umpires_call": true
              },
              "runs": {
                "batter": 0,
                "extras": 0,
                "total": 0
              }
            },
            {
              "batter": "Khaled Ahmed",
              "bowler": "Tanvir Islam",
              "non_striker": "Shamim Hossain",
              "runs": {
                "batter": 0,
                "extras": 0,
                "total": 0
              }
            }
          ]
        },
        {
          "over": 15,
          "deliveries": [
            {
              "batter": "Shamim Hossain",
              "bowler": "Rishad Hossain",
              "non_striker": "Khaled Ahmed",
              "runs": {
                "batter": 0,
                "extras": 0,
                "total": 0
              }
            },
            {
              "batter": "Shamim Hossain",
              "bowler": "Rishad Hossain",
              "non_striker": "Khaled Ahmed",
              "runs": {
                "batter": 0,
                "extras": 0,
                "total": 0
              }
            },
            {
              "batter": "Shamim Hossain",
              "bowler": "Rishad Hossain",
              "non_striker": "Khaled Ahmed",
              "runs": {
                "batter": 0,
                "extras": 0,
                "total": 0
              }
            },
            {
              "batter": "Shamim Hossain",
              "bowler": "Rishad Hossain",
              "non_striker": "Khaled Ahmed",
              "runs": {
                "batter": 4,
                "extras": 0,
                "total": 4
              }
            },
            {
              "batter": "Shamim Hossain",
              "bowler": "Rishad Hossain",
              "non_striker": "Khaled Ahmed",
              "runs": {
                "batter": 6,
                "extras": 0,
                "total": 6
              }
            },
            {
              "batter": "Shamim Hossain",
              "bowler": "Rishad Hossain",
              "non_striker": "Khaled Ahmed",
              "runs": {
                "batter": 1,
                "extras": 0,
                "total": 1
              }
            }
          ]
        },
        {
          "over": 16,
          "deliveries": [
            {
              "batter": "Shamim Hossain",
              "bowler": "Tanvir Islam",
              "non_striker": "Khaled Ahmed",
              "runs": {
                "batter": 4,
                "extras": 0,
                "total": 4
              }
            },
            {
              "batter": "Shamim Hossain",
              "bowler": "Tanvir Islam",
              "non_striker": "Khaled Ahmed",
              "runs": {
                "batter": 2,
                "extras": 0,
                "total": 2
              }
            },
            {
              "batter": "Shamim Hossain",
              "bowler": "Tanvir Islam",
              "non_striker": "Khaled Ahmed",
              "runs": {
                "batter": 0,
                "extras": 0,
                "total": 0
              }
            },
            {
              "batter": "Shamim Hossain",
              "bowler": "Tanvir Islam",
              "non_striker": "Khaled Ahmed",
              "runs": {
                "batter": 0,
                "extras": 0,
                "total": 0
              }
            },
            {
              "batter": "Shamim Hossain",
              "bowler": "Tanvir Islam",
              "extras": {
                "wides": 1
              },
              "non_striker": "Khaled Ahmed",
              "runs": {
                "batter": 0,
                "extras": 1,
                "total": 1
              }
            },
            {
              "batter": "Shamim Hossain",
              "bowler": "Tanvir Islam",
              "non_striker": "Khaled Ahmed",
              "runs": {
                "batter": 0,
                "extras": 0,
                "total": 0
              }
            },
            {
              "batter": "Shamim Hossain",
              "bowler": "Tanvir Islam",
              "non_striker": "Khaled Ahmed",
              "runs": {
                "batter": 1,
                "extras": 0,
                "total": 1
              }
            }
          ]
        },
        {
          "over": 17,
          "deliveries": [
            {
              "batter": "Shamim Hossain",
              "bowler": "Ebadat Hossain",
              "non_striker": "Khaled Ahmed",
              "runs": {
                "batter": 6,
                "extras": 0,
                "total": 6
              }
            },
            {
              "batter": "Shamim Hossain",
              "bowler": "Ebadat Hossain",
              "non_striker": "Khaled Ahmed",
              "runs": {
                "batter": 4,
                "extras": 0,
                "total": 4
              }
            },
            {
              "batter": "Shamim Hossain",
              "bowler": "Ebadat Hossain",
              "non_striker": "Khaled Ahmed",
              "runs": {
                "batter": 0,
                "extras": 0,
                "total": 0
              }
            },
            {
              "batter": "Shamim Hossain",
              "bowler": "Ebadat Hossain",
              "non_striker": "Khaled Ahmed",
              "runs": {
                "batter": 0,
                "extras": 0,
                "total": 0
              }
            },
            {
              "batter": "Shamim Hossain",
              "bowler": "Ebadat Hossain",
              "non_striker": "Khaled Ahmed",
              "runs": {
                "batter": 1,
                "extras": 0,
                "total": 1
              }
            },
            {
              "batter": "Khaled Ahmed",
              "bowler": "Ebadat Hossain",
              "non_striker": "Shamim Hossain",
              "runs": {
                "batter": 1,
                "extras": 0,
                "total": 1
              }
            }
          ]
        },
        {
          "over": 18,
          "deliveries": [
            {
              "batter": "Khaled Ahmed",
              "bowler": "Mohammad Ali",
              "non_striker": "Shamim Hossain",
              "runs": {
                "batter": 0,
                "extras": 0,
                "total": 0
              },
              "wickets": [
                {
                  "player_out": "Khaled Ahmed",
                  "kind": "bowled"
                }
              ]
            },
            {
              "batter": "Arafat Sunny",
              "bowler": "Mohammad Ali",
              "non_striker": "Shamim Hossain",
              "runs": {
                "batter": 1,
                "extras": 0,
                "total": 1
              }
            },
            {
              "batter": "Shamim Hossain",
              "bowler": "Mohammad Ali",
              "non_striker": "Arafat Sunny",
              "runs": {
                "batter": 0,
                "extras": 0,
                "total": 0
              },
              "wickets": [
                {
                  "player_out": "Shamim Hossain",
                  "fielders": [
                    {
                      "name": "Ebadat Hossain"
                    }
                  ],
                  "kind": "caught"
                }
              ]
            },
            {
              "batter": "Shoriful Islam",
              "bowler": "Mohammad Ali",
              "non_striker": "Arafat Sunny",
              "runs": {
                "batter": 1,
                "extras": 0,
                "total": 1
              }
            },
            {
              "batter": "Arafat Sunny",
              "bowler": "Mohammad Ali",
              "non_striker": "Shoriful Islam",
              "runs": {
                "batter": 0,
                "extras": 0,
                "total": 0
              },
              "wickets": [
                {
                  "player_out": "Arafat Sunny",
                  "kind": "caught and bowled"
                }
              ]
            },
            {
              "batter": "Al Islam",
              "bowler": "Mohammad Ali",
              "non_striker": "Shoriful Islam",
              "runs": {
                "batter": 0,
                "extras": 0,
                "total": 0
              },
              "wickets": [
                {
                  "player_out": "Al Islam",
                  "kind": "bowled"
                }
              ]
            }
          ]
        },
        {
          "over": 19,
          "deliveries": [
            {
              "batter": "Shoriful Islam",
              "bowler": "Ebadat Hossain",
              "non_striker": "B Fernando",
              "runs": {
                "batter": 2,
                "extras": 0,
                "total": 2
              }
            },
            {
              "batter": "Shoriful Islam",
              "bowler": "Ebadat Hossain",
              "non_striker": "B Fernando",
              "runs": {
                "batter": 0,
                "extras": 0,
                "total": 0
              }
            },
            {
              "batter": "Shoriful Islam",
              "bowler": "Ebadat Hossain",
              "non_striker": "B Fernando",
              "runs": {
                "batter": 0,
                "extras": 0,
                "total": 0
              }
            },
            {
              "batter": "Shoriful Islam",
              "bowler": "Ebadat Hossain",
              "non_striker": "B Fernando",
              "runs": {
                "batter": 0,
                "extras": 0,
                "total": 0
              }
            },
            {
              "batter": "Shoriful Islam",
              "bowler": "Ebadat Hossain",
              "non_striker": "B Fernando",
              "runs": {
                "batter": 1,
                "extras": 0,
                "total": 1
              }
            },
            {
              "batter": "B Fernando",
              "bowler": "Ebadat Hossain",
              "non_striker": "Shoriful Islam",
              "runs": {
                "batter": 1,
                "extras": 0,
                "total": 1
              }
            }
          ]
        }
      ],
      "powerplays": [
        {
          "from": 0.1,
          "to": 5.6,
          "type": "mandatory"
        }
      ]
    },
    {
      "team": "Fortune Barishal",
      "overs": [
        {
          "over": 0,
          "deliveries": [
            {
              "batter": "Tamim Iqbal",
              "bowler": "B Fernando",
              "non_striker": "Towhid Hridoy",
              "runs": {
                "batter": 1,
                "extras": 0,
                "total": 1
              }
            },
            {
              "batter": "Towhid Hridoy",
              "bowler": "B Fernando",
              "non_striker": "Tamim Iqbal",
              "runs": {
                "batter": 0,
                "extras": 0,
                "total": 0
              }
            },
            {
              "batter": "Towhid Hridoy",
              "bowler": "B Fernando",
              "non_striker": "Tamim Iqbal",
              "runs": {
                "batter": 1,
                "extras": 0,
                "total": 1
              }
            },
            {
              "batter": "Tamim Iqbal",
              "bowler": "B Fernando",
              "non_striker": "Towhid Hridoy",
              "runs": {
                "batter": 1,
                "extras": 0,
                "total": 1
              }
            },
            {
              "batter": "Towhid Hridoy",
              "bowler": "B Fernando",
              "non_striker": "Tamim Iqbal",
              "runs": {
                "batter": 0,
                "extras": 0,
                "total": 0
              }
            },
            {
              "batter": "Towhid Hridoy",
              "bowler": "B Fernando",
              "non_striker": "Tamim Iqbal",
              "runs": {
                "batter": 0,
                "extras": 0,
                "total": 0
              }
            }
          ]
        },
        {
          "over": 1,
          "deliveries": [
            {
              "batter": "Tamim Iqbal",
              "bowler": "Shoriful Islam",
              "extras": {
                "wides": 1
              },
              "non_striker": "Towhid Hridoy",
              "runs": {
                "batter": 0,
                "extras": 1,
                "total": 1
              }
            },
            {
              "batter": "Tamim Iqbal",
              "bowler": "Shoriful Islam",
              "non_striker": "Towhid Hridoy",
              "runs": {
                "batter": 1,
                "extras": 0,
                "total": 1
              }
            },
            {
              "batter": "Towhid Hridoy",
              "bowler": "Shoriful Islam",
              "non_striker": "Tamim Iqbal",
              "runs": {
                "batter": 6,
                "extras": 0,
                "total": 6
              }
            },
            {
              "batter": "Towhid Hridoy",
              "bowler": "Shoriful Islam",
              "non_striker": "Tamim Iqbal",
              "runs": {
                "batter": 1,
                "extras": 0,
                "total": 1
              }
            },
            {
              "batter": "Tamim Iqbal",
              "bowler": "Shoriful Islam",
              "non_striker": "Towhid Hridoy",
              "runs": {
                "batter": 1,
                "extras": 0,
                "total": 1
              }
            },
            {
              "batter": "Towhid Hridoy",
              "bowler": "Shoriful Islam",
              "non_striker": "Tamim Iqbal",
              "runs": {
                "batter": 1,
                "extras": 0,
                "total": 1
              }
            },
            {
              "batter": "Tamim Iqbal",
              "bowler": "Shoriful Islam",
              "non_striker": "Towhid Hridoy",
              "runs": {
                "batter": 1,
                "extras": 0,
                "total": 1
              }
            }
          ]
        },
        {
          "over": 2,
          "deliveries": [
            {
              "batter": "Tamim Iqbal",
              "bowler": "B Fernando",
              "non_striker": "Towhid Hridoy",
              "runs": {
                "batter": 2,
                "extras": 0,
                "total": 2
              }
            },
            {
              "batter": "Tamim Iqbal",
              "bowler": "B Fernando",
              "non_striker": "Towhid Hridoy",
              "runs": {
                "batter": 0,
                "extras": 0,
                "total": 0
              }
            },
            {
              "batter": "Tamim Iqbal",
              "bowler": "B Fernando",
              "non_striker": "Towhid Hridoy",
              "runs": {
                "batter": 0,
                "extras": 0,
                "total": 0
              }
            },
            {
              "batter": "Tamim Iqbal",
              "bowler": "B Fernando",
              "non_striker": "Towhid Hridoy",
              "runs": {
                "batter": 1,
                "extras": 0,
                "total": 1
              }
            },
            {
              "batter": "Towhid Hridoy",
              "bowler": "B Fernando",
              "non_striker": "Tamim Iqbal",
              "runs": {
                "batter": 1,
                "extras": 0,
                "total": 1
              }
            },
            {
              "batter": "Tamim Iqbal",
              "bowler": "B Fernando",
              "non_striker": "Towhid Hridoy",
              "runs": {
                "batter": 1,
                "extras": 0,
                "total": 1
              }
            }
          ]
        },
        {
          "over": 3,
          "deliveries": [
            {
              "batter": "Tamim Iqbal",
              "bowler": "Al Islam",
              "non_striker": "Towhid Hridoy",
              "runs": {
                "batter": 0,
                "extras": 0,
                "total": 0
              }
            },
            {
              "batter": "Tamim Iqbal",
              "bowler": "Al Islam",
              "non_striker": "Towhid Hridoy",
              "runs": {
                "batter": 1,
                "extras": 0,
                "total": 1
              }
            },
            {
              "batter": "Towhid Hridoy",
              "bowler": "Al Islam",
              "non_striker": "Tamim Iqbal",
              "runs": {
                "batter": 1,
                "extras": 0,
                "total": 1
              }
            },
            {
              "batter": "Tamim Iqbal",
              "bowler": "Al Islam",
              "non_striker": "Towhid Hridoy",
              "runs": {
                "batter": 4,
                "extras": 0,
                "total": 4
              }
            },
            {
              "batter": "Tamim Iqbal",
              "bowler": "Al Islam",
              "non_striker": "Towhid Hridoy",
              "runs": {
                "batter": 4,
                "extras": 0,
                "total": 4
              }
            },
            {
              "batter": "Tamim Iqbal",
              "bowler": "Al Islam",
              "non_striker": "Towhid Hridoy",
              "runs": {
                "batter": 0,
                "extras": 0,
                "total": 0
              }
            }
          ]
        },
        {
          "over": 4,
          "deliveries": [
            {
              "batter": "Towhid Hridoy",
              "bowler": "Khaled Ahmed",
              "non_striker": "Tamim Iqbal",
              "runs": {
                "batter": 0,
                "extras": 0,
                "total": 0
              }
            },
            {
              "batter": "Towhid Hridoy",
              "bowler": "Khaled Ahmed",
              "non_striker": "Tamim Iqbal",
              "runs": {
                "batter": 1,
                "extras": 0,
                "total": 1
              }
            },
            {
              "batter": "Tamim Iqbal",
              "bowler": "Khaled Ahmed",
              "non_striker": "Towhid Hridoy",
              "runs": {
                "batter": 0,
                "extras": 0,
                "total": 0
              }
            },
            {
              "batter": "Tamim Iqbal",
              "bowler": "Khaled Ahmed",
              "non_striker": "Towhid Hridoy",
              "runs": {
                "batter": 0,
                "extras": 0,
                "total": 0
              }
            },
            {
              "batter": "Tamim Iqbal",
              "bowler": "Khaled Ahmed",
              "non_striker": "Towhid Hridoy",
              "runs": {
                "batter": 0,
                "extras": 0,
                "total": 0
              }
            },
            {
              "batter": "Tamim Iqbal",
              "bowler": "Khaled Ahmed",
              "non_striker": "Towhid Hridoy",
              "runs": {
                "batter": 0,
                "extras": 0,
                "total": 0
              }
            }
          ]
        },
        {
          "over": 5,
          "deliveries": [
            {
              "batter": "Towhid Hridoy",
              "bowler": "Shoriful Islam",
              "non_striker": "Tamim Iqbal",
              "runs": {
                "batter": 0,
                "extras": 0,
                "total": 0
              }
            },
            {
              "batter": "Towhid Hridoy",
              "bowler": "Shoriful Islam",
              "non_striker": "Tamim Iqbal",
              "runs": {
                "batter": 0,
                "extras": 0,
                "total": 0
              }
            },
            {
              "batter": "Towhid Hridoy",
              "bowler": "Shoriful Islam",
              "non_striker": "Tamim Iqbal",
              "runs": {
                "batter": 0,
                "extras": 0,
                "total": 0
              }
            },
            {
              "batter": "Towhid Hridoy",
              "bowler": "Shoriful Islam",
              "non_striker": "Tamim Iqbal",
              "runs": {
                "batter": 4,
                "extras": 0,
                "total": 4
              }
            },
            {
              "batter": "Towhid Hridoy",
              "bowler": "Shoriful Islam",
              "non_striker": "Tamim Iqbal",
              "runs": {
                "batter": 1,
                "extras": 0,
                "total": 1
              }
            },
            {
              "batter": "Tamim Iqbal",
              "bowler": "Shoriful Islam",
              "non_striker": "Towhid Hridoy",
              "runs": {
                "batter": 4,
                "extras": 0,
                "total": 4
              }
            }
          ]
        },
        {
          "over": 6,
          "deliveries": [
            {
              "batter": "Towhid Hridoy",
              "bowler": "Arafat Sunny",
              "non_striker": "Tamim Iqbal",
              "runs": {
                "batter": 0,
                "extras": 0,
                "total": 0
              }
            },
            {
              "batter": "Towhid Hridoy",
              "bowler": "Arafat Sunny",
              "non_striker": "Tamim Iqbal",
              "runs": {
                "batter": 1,
                "extras": 0,
                "total": 1
              }
            },
            {
              "batter": "Tamim Iqbal",
              "bowler": "Arafat Sunny",
              "non_striker": "Towhid Hridoy",
              "runs": {
                "batter": 0,
                "extras": 0,
                "total": 0
              }
            },
            {
              "batter": "Tamim Iqbal",
              "bowler": "Arafat Sunny",
              "non_striker": "Towhid Hridoy",
              "runs": {
                "batter": 4,
                "extras": 0,
                "total": 4
              }
            },
            {
              "batter": "Tamim Iqbal",
              "bowler": "Arafat Sunny",
              "non_striker": "Towhid Hridoy",
              "runs": {
                "batter": 1,
                "extras": 0,
                "total": 1
              }
            },
            {
              "batter": "Towhid Hridoy",
              "bowler": "Arafat Sunny",
              "non_striker": "Tamim Iqbal",
              "runs": {
                "batter": 0,
                "extras": 0,
                "total": 0
              }
            }
          ]
        },
        {
          "over": 7,
          "deliveries": [
            {
              "batter": "Tamim Iqbal",
              "bowler": "Al Islam",
              "non_striker": "Towhid Hridoy",
              "runs": {
                "batter": 1,
                "extras": 0,
                "total": 1
              }
            },
            {
              "batter": "Towhid Hridoy",
              "bowler": "Al Islam",
              "non_striker": "Tamim Iqbal",
              "runs": {
                "batter": 0,
                "extras": 0,
                "total": 0
              }
            },
            {
              "batter": "Towhid Hridoy",
              "bowler": "Al Islam",
              "non_striker": "Tamim Iqbal",
              "runs": {
                "batter": 2,
                "extras": 0,
                "total": 2
              }
            },
            {
              "batter": "Towhid Hridoy",
              "bowler": "Al Islam",
              "non_striker": "Tamim Iqbal",
              "runs": {
                "batter": 1,
                "extras": 0,
                "total": 1
              }
            },
            {
              "batter": "Tamim Iqbal",
              "bowler": "Al Islam",
              "non_striker": "Towhid Hridoy",
              "runs": {
                "batter": 1,
                "extras": 0,
                "total": 1
              }
            },
            {
              "batter": "Towhid Hridoy",
              "bowler": "Al Islam",
              "non_striker": "Tamim Iqbal",
              "runs": {
                "batter": 1,
                "extras": 0,
                "total": 1
              }
            }
          ]
        },
        {
          "over": 8,
          "deliveries": [
            {
              "batter": "Towhid Hridoy",
              "bowler": "Khaled Ahmed",
              "non_striker": "Tamim Iqbal",
              "runs": {
                "batter": 2,
                "extras": 0,
                "total": 2
              }
            },
            {
              "batter": "Towhid Hridoy",
              "bowler": "Khaled Ahmed",
              "non_striker": "Tamim Iqbal",
              "runs": {
                "batter": 0,
                "extras": 0,
                "total": 0
              }
            },
            {
              "batter": "Towhid Hridoy",
              "bowler": "Khaled Ahmed",
              "non_striker": "Tamim Iqbal",
              "runs": {
                "batter": 1,
                "extras": 0,
                "total": 1
              }
            },
            {
              "batter": "Tamim Iqbal",
              "bowler": "Khaled Ahmed",
              "non_striker": "Towhid Hridoy",
              "runs": {
                "batter": 0,
                "extras": 0,
                "total": 0
              },
              "wickets": [
                {
                  "player_out": "Tamim Iqbal",
                  "fielders": [
                    {
                      "name": "Khawaja Nafay"
                    }
                  ],
                  "kind": "caught"
                }
              ]
            },
            {
              "batter": "DJ Malan",
              "bowler": "Khaled Ahmed",
              "non_striker": "Towhid Hridoy",
              "runs": {
                "batter": 2,
                "extras": 0,
                "total": 2
              }
            },
            {
              "batter": "DJ Malan",
              "bowler": "Khaled Ahmed",
              "non_striker": "Towhid Hridoy",
              "runs": {
                "batter": 6,
                "extras": 0,
                "total": 6
              }
            }
          ]
        },
        {
          "over": 9,
          "deliveries": [
            {
              "batter": "Towhid Hridoy",
              "bowler": "Arafat Sunny",
              "non_striker": "DJ Malan",
              "runs": {
                "batter": 1,
                "extras": 0,
                "total": 1
              }
            },
            {
              "batter": "DJ Malan",
              "bowler": "Arafat Sunny",
              "non_striker": "Towhid Hridoy",
              "runs": {
                "batter": 1,
                "extras": 0,
                "total": 1
              }
            },
            {
              "batter": "Towhid Hridoy",
              "bowler": "Arafat Sunny",
              "non_striker": "DJ Malan",
              "runs": {
                "batter": 0,
                "extras": 0,
                "total": 0
              }
            },
            {
              "batter": "Towhid Hridoy",
              "bowler": "Arafat Sunny",
              "extras": {
                "legbyes": 1
              },
              "non_striker": "DJ Malan",
              "runs": {
                "batter": 0,
                "extras": 1,
                "total": 1
              }
            },
            {
              "batter": "DJ Malan",
              "bowler": "Arafat Sunny",
              "extras": {
                "wides": 1
              },
              "non_striker": "Towhid Hridoy",
              "runs": {
                "batter": 0,
                "extras": 1,
                "total": 1
              }
            },
            {
              "batter": "DJ Malan",
              "bowler": "Arafat Sunny",
              "non_striker": "Towhid Hridoy",
              "runs": {
                "batter": 1,
                "extras": 0,
                "total": 1
              }
            },
            {
              "batter": "Towhid Hridoy",
              "bowler": "Arafat Sunny",
              "non_striker": "DJ Malan",
              "runs": {
                "batter": 1,
                "extras": 0,
                "total": 1
              }
            }
          ]
        },
        {
          "over": 10,
          "deliveries": [
            {
              "batter": "Towhid Hridoy",
              "bowler": "Al Islam",
              "non_striker": "DJ Malan",
              "runs": {
                "batter": 1,
                "extras": 0,
                "total": 1
              }
            },
            {
              "batter": "DJ Malan",
              "bowler": "Al Islam",
              "non_striker": "Towhid Hridoy",
              "runs": {
                "batter": 1,
                "extras": 0,
                "total": 1
              }
            },
            {
              "batter": "Towhid Hridoy",
              "bowler": "Al Islam",
              "non_striker": "DJ Malan",
              "runs": {
                "batter": 1,
                "extras": 0,
                "total": 1
              }
            },
            {
              "batter": "DJ Malan",
              "bowler": "Al Islam",
              "non_striker": "Towhid Hridoy",
              "runs": {
                "batter": 4,
                "extras": 0,
                "total": 4
              }
            },
            {
              "batter": "DJ Malan",
              "bowler": "Al Islam",
              "non_striker": "Towhid Hridoy",
              "runs": {
                "batter": 0,
                "extras": 0,
                "total": 0
              }
            },
            {
              "batter": "DJ Malan",
              "bowler": "Al Islam",
              "non_striker": "Towhid Hridoy",
              "runs": {
                "batter": 1,
                "extras": 0,
                "total": 1
              }
            }
          ]
        },
        {
          "over": 11,
          "deliveries": [
            {
              "batter": "DJ Malan",
              "bowler": "Shoriful Islam",
              "non_striker": "Towhid Hridoy",
              "runs": {
                "batter": 1,
                "extras": 0,
                "total": 1
              }
            },
            {
              "batter": "Towhid Hridoy",
              "bowler": "Shoriful Islam",
              "non_striker": "DJ Malan",
              "runs": {
                "batter": 1,
                "extras": 0,
                "total": 1
              }
            },
            {
              "batter": "DJ Malan",
              "bowler": "Shoriful Islam",
              "non_striker": "Towhid Hridoy",
              "runs": {
                "batter": 1,
                "extras": 0,
                "total": 1
              }
            },
            {
              "batter": "Towhid Hridoy",
              "bowler": "Shoriful Islam",
              "non_striker": "DJ Malan",
              "runs": {
                "batter": 4,
                "extras": 0,
                "total": 4
              }
            },
            {
              "batter": "Towhid Hridoy",
              "bowler": "Shoriful Islam",
              "non_striker": "DJ Malan",
              "runs": {
                "batter": 1,
                "extras": 0,
                "total": 1
              }
            },
            {
              "batter": "DJ Malan",
              "bowler": "Shoriful Islam",
              "non_striker": "Towhid Hridoy",
              "runs": {
                "batter": 4,
                "extras": 0,
                "total": 4
              }
            }
          ]
        },
        {
          "over": 12,
          "deliveries": [
            {
              "batter": "Towhid Hridoy",
              "bowler": "B Fernando",
              "non_striker": "DJ Malan",
              "runs": {
                "batter": 1,
                "extras": 0,
                "total": 1
              }
            },
            {
              "batter": "DJ Malan",
              "bowler": "B Fernando",
              "non_striker": "Towhid Hridoy",
              "runs": {
                "batter": 1,
                "extras": 0,
                "total": 1
              }
            },
            {
              "batter": "Towhid Hridoy",
              "bowler": "B Fernando",
              "non_striker": "DJ Malan",
              "runs": {
                "batter": 0,
                "extras": 0,
                "total": 0
              }
            },
            {
              "batter": "Towhid Hridoy",
              "bowler": "B Fernando",
              "non_striker": "DJ Malan",
              "runs": {
                "batter": 1,
                "extras": 0,
                "total": 1
              }
            },
            {
              "batter": "DJ Malan",
              "bowler": "B Fernando",
              "non_striker": "Towhid Hridoy",
              "runs": {
                "batter": 1,
                "extras": 0,
                "total": 1
              }
            },
            {
              "batter": "Towhid Hridoy",
              "bowler": "B Fernando",
              "non_striker": "DJ Malan",
              "runs": {
                "batter": 1,
                "extras": 0,
                "total": 1
              }
            }
          ]
        },
        {
          "over": 13,
          "deliveries": [
            {
              "batter": "Towhid Hridoy",
              "bowler": "Al Islam",
              "non_striker": "DJ Malan",
              "runs": {
                "batter": 4,
                "extras": 0,
                "total": 4
              }
            },
            {
              "batter": "Towhid Hridoy",
              "bowler": "Al Islam",
              "non_striker": "DJ Malan",
              "runs": {
                "batter": 4,
                "extras": 0,
                "total": 4
              }
            },
            {
              "batter": "Towhid Hridoy",
              "bowler": "Al Islam",
              "non_striker": "DJ Malan",
              "runs": {
                "batter": 1,
                "extras": 0,
                "total": 1
              }
            },
            {
              "batter": "DJ Malan",
              "bowler": "Al Islam",
              "non_striker": "Towhid Hridoy",
              "runs": {
                "batter": 1,
                "extras": 0,
                "total": 1
              }
            },
            {
              "batter": "Towhid Hridoy",
              "bowler": "Al Islam",
              "non_striker": "DJ Malan",
              "runs": {
                "batter": 0,
                "extras": 0,
                "total": 0
              }
            },
            {
              "batter": "Towhid Hridoy",
              "bowler": "Al Islam",
              "extras": {
                "wides": 1
              },
              "non_striker": "DJ Malan",
              "runs": {
                "batter": 0,
                "extras": 1,
                "total": 1
              }
            },
            {
              "batter": "Towhid Hridoy",
              "bowler": "Al Islam",
              "non_striker": "DJ Malan",
              "runs": {
                "batter": 2,
                "extras": 0,
                "total": 2
              }
            }
          ]
        },
        {
          "over": 14,
          "deliveries": [
            {
              "batter": "DJ Malan",
              "bowler": "Khaled Ahmed",
              "non_striker": "Towhid Hridoy",
              "runs": {
                "batter": 1,
                "extras": 0,
                "total": 1
              }
            },
            {
              "batter": "Towhid Hridoy",
              "bowler": "Khaled Ahmed",
              "non_striker": "DJ Malan",
              "runs": {
                "batter": 1,
                "extras": 0,
                "total": 1
              }
            },
            {
              "batter": "DJ Malan",
              "bowler": "Khaled Ahmed",
              "non_striker": "Towhid Hridoy",
              "runs": {
                "batter": 1,
                "extras": 0,
                "total": 1
              }
            },
            {
              "batter": "Towhid Hridoy",
              "bowler": "Khaled Ahmed",
              "non_striker": "DJ Malan",
              "runs": {
                "batter": 2,
                "extras": 0,
                "total": 2
              }
            },
            {
              "batter": "Towhid Hridoy",
              "bowler": "Khaled Ahmed",
              "non_striker": "DJ Malan",
              "runs": {
                "batter": 6,
                "extras": 0,
                "total": 6
              }
            },
            {
              "batter": "Towhid Hridoy",
              "bowler": "Khaled Ahmed",
              "non_striker": "DJ Malan",
              "runs": {
                "batter": 1,
                "extras": 0,
                "total": 1
              }
            }
          ]
        },
        {
          "over": 15,
          "deliveries": [
            {
              "batter": "Towhid Hridoy",
              "bowler": "Shoriful Islam",
              "non_striker": "DJ Malan",
              "runs": {
                "batter": 4,
                "extras": 0,
                "total": 4
              }
            },
            {
              "batter": "Towhid Hridoy",
              "bowler": "Shoriful Islam",
              "non_striker": "DJ Malan",
              "runs": {
                "batter": 1,
                "extras": 0,
                "total": 1
              }
            },
            {
              "batter": "DJ Malan",
              "bowler": "Shoriful Islam",
              "non_striker": "Towhid Hridoy",
              "runs": {
                "batter": 2,
                "extras": 0,
                "total": 2
              }
            },
            {
              "batter": "DJ Malan",
              "bowler": "Shoriful Islam",
              "non_striker": "Towhid Hridoy",
              "runs": {
                "batter": 1,
                "extras": 0,
                "total": 1
              }
            },
            {
              "batter": "Towhid Hridoy",
              "bowler": "Shoriful Islam",
              "non_striker": "DJ Malan",
              "runs": {
                "batter": 4,
                "extras": 0,
                "total": 4
              }
            },
            {
              "batter": "Towhid Hridoy",
              "bowler": "Shoriful Islam",
              "non_striker": "DJ Malan",
              "runs": {
                "batter": 4,
                "extras": 0,
                "total": 4
              }
            }
          ]
        },
        {
          "over": 16,
          "deliveries": [
            {
              "batter": "DJ Malan",
              "bowler": "Khaled Ahmed",
              "non_striker": "Towhid Hridoy",
              "runs": {
                "batter": 1,
                "extras": 0,
                "total": 1
              }
            },
            {
              "batter": "Towhid Hridoy",
              "bowler": "Khaled Ahmed",
              "non_striker": "DJ Malan",
              "runs": {
                "batter": 1,
                "extras": 0,
                "total": 1
              }
            },
            {
              "batter": "DJ Malan",
              "bowler": "Khaled Ahmed",
              "non_striker": "Towhid Hridoy",
              "runs": {
                "batter": 1,
                "extras": 0,
                "total": 1
              }
            },
            {
              "batter": "Towhid Hridoy",
              "bowler": "Khaled Ahmed",
              "extras": {
                "wides": 1
              },
              "non_striker": "DJ Malan",
              "runs": {
                "batter": 0,
                "extras": 1,
                "total": 1
              }
            },
            {
              "batter": "Towhid Hridoy",
              "bowler": "Khaled Ahmed",
              "non_striker": "DJ Malan",
              "runs": {
                "batter": 1,
                "extras": 0,
                "total": 1
              }
            },
            {
              "batter": "DJ Malan",
              "bowler": "Khaled Ahmed",
              "non_striker": "Towhid Hridoy",
              "runs": {
                "batter": 1,
                "extras": 0,
                "total": 1
              }
            },
            {
              "batter": "Towhid Hridoy",
              "bowler": "Khaled Ahmed",
              "non_striker": "DJ Malan",
              "runs": {
                "batter": 4,
                "extras": 0,
                "total": 4
              }
            }
          ]
        },
        {
          "over": 17,
          "deliveries": [
            {
              "batter": "DJ Malan",
              "bowler": "Shamim Hossain",
              "non_striker": "Towhid Hridoy",
              "runs": {
                "batter": 1,
                "extras": 0,
                "total": 1
              }
            },
            {
              "batter": "Towhid Hridoy",
              "bowler": "Shamim Hossain",
              "non_striker": "DJ Malan",
              "runs": {
                "batter": 4,
                "extras": 0,
                "total": 4
              }
            }
          ]
        }
      ],
      "powerplays": [
        {
          "from": 0.1,
          "to": 5.6,
          "type": "mandatory"
        }
      ],
      "target": {
        "overs": 20,
        "runs": 150
      }
    }
  ]
}