{
  "meta": {
    "data_version": "1.1.0",
    "created": "2025-02-07",
    "revision": 1
  },
  "info": {
    "balls_per_over": 6,
    "city": "Dhaka",
    "dates": [
      "2025-02-07"
    ],
    "event": {
      "name": "Bangladesh Premier League",
      "stage": "Final"
    },
    "gender": "male",
    "match_type": "T20",
    "officials": {
      "match_referees": [
        "Neeyamur Rashid"
      ],
      "reserve_umpires": [
        "Morshed Ali Khan"
      ],
      "tv_umpires": [
        "Asif Yaqoob"
      ],
      "umpires": [
        "Gazi Sohel",
        "Masudur Rahman"
      ]
    },
    "outcome": {
      "winner": "Fortune Barishal",
      "by": {
        "wickets": 3
      }
    },
    "overs": 20,
    "player_of_match": [
      "Tamim Iqbal"
    ],
    "players": {
      "Chittagong Kings": [
        "Khawaja Nafay",
        "Parvez Hossain Emon",
        "G Clark",
        "Shamim Hossain",
        "Hussain Talat",
        "Mohammad Mithun",
        "B Fernando",
        "Arafat Sunny",
        "Shoriful Islam",
        "Khaled Ahmed",
        "Naeem Islam"
      ],
      "Fortune Barishal": [
        "Tamim Iqbal",
        "Towhid Hridoy",
        "DJ Malan",
        "KR Mayers",
        "Mushfiqur Rahim",
        "Mahmudullah",
        "Mohammad Nabi",
        "Rishad Hossain",
        "Tanvir Islam",
        "Ebadat Hossain",
        "Mohammad Ali"
      ]
    },
    "registry": {
      "people": {
        "Arafat Sunny": "1f7adc8a",
        "Asif Yaqoob": "6b35790c",
        "B Fernando": "dabbd0ae",
        "DJ Malan": "ad9c32a2",
        "Ebadat Hossain": "cb5100f1",
        "G Clark": "4fd09cfc",
        "Gazi Sohel": "f0df3ed7",
        "Hussain Talat": "bb4b445b",
        "KR Mayers": "73c18486",
        "Khaled Ahmed": "5dbdecf1",
        "Khawaja Nafay": "3cf54e77",
        "Mahmudullah": "bf1d7d3e",
        "Marshall Ayub": "e72d8f6a",
        "Masudur Rahman": "9581ac6b",
        "Mohammad Ali": "a86a37ab",
        "Mohammad Mithun": "77191792",
        "Mohammad Nabi": "62af8546",
        "Morshed Ali Khan": "a7c3cf5f",
        "Mushfiqur Rahim": "a94e08ea",
        "Naeem Islam": "02e83ac5",
        "Neeyamur Rashid": "bd81a027",
        "Parvez Hossain Emon": "489aaf0a",
        "Rishad Hossain": "5935d694",
        "Shamim Hossain": "711249d1",
        "Shoriful Islam": "bb34fd31",
        "Tamim Iqbal": "3b041a12",
        "Tanvir Islam": "aa467af0",
        "Towhid Hridoy": "9e52a414"
      }
    },
    "season": "2024/25",
    "team_type": "club",
    "teams": [
      "Chittagong Kings",
      "Fortune Barishal"
    ],
    "toss": {
      "decision": "field",
      "winner": "Fortune Barishal"
    },
    "venue": "Shere Bangla National Stadium, Mirpur"
  },
  "innings": [
    {
      "team": "Chittagong Kings",
      "overs": [
        {
          "over": 0,
          "deliveries": [
            {
              "batter": "Khawaja Nafay",
              "bowler": "KR Mayers",
              "non_striker": "Parvez Hossain Emon",
              "runs": {
                "batter": 0,
                "extras": 0,
                "total": 0
              }
            },
            {
              "batter": "Khawaja Nafay",
              "bowler": "KR Mayers",
              "non_striker": "Parvez Hossain Emon",
              "runs": {
                "batter": 0,
                "extras": 0,
                "total": 0
              }
            },
            {
              "batter": "Khawaja Nafay",
              "bowler": "KR Mayers",
              "non_striker": "Parvez Hossain Emon",
              "runs": {
                "batter": 0,
                "extras": 0,
                "total": 0
              }
            },
            {
              "batter": "Khawaja Nafay",
              "bowler": "KR Mayers",
              "non_striker": "Parvez Hossain Emon",
              "runs": {
                "batter": 4,
                "extras": 0,
                "total": 4
              }
            },
            {
              "batter": "Khawaja Nafay",
              "bowler": "KR Mayers",
              "non_striker": "Parvez Hossain Emon",
              "runs": {
                "batter": 0,
                "extras": 0,
                "total": 0
              }
            },
            {
              "batter": "Khawaja Nafay",
              "bowler": "KR Mayers",
              "extras": {
                "legbyes": 1
              },
              "non_striker": "Parvez Hossain Emon",
              "runs": {
                "batter": 0,
                "extras": 1,
                "total": 1
              }
            }
          ]
        },
        {
          "over": 1,
          "deliveries": [
            {
              "batter": "Khawaja Nafay",
              "bowler": "Mohammad Ali",
              "non_striker": "Parvez Hossain Emon",
              "runs": {
                "batter": 4,
                "extras": 0,
                "total": 4
              }
            },
            {
              "batter": "Khawaja Nafay",
              "bowler": "Mohammad Ali",
              "non_striker": "Parvez Hossain Emon",
              "runs": {
                "batter": 1,
                "extras": 0,
                "total": 1
              }
            },
            {
              "batter": "Parvez Hossain Emon",
              "bowler": "Mohammad Ali",
              "non_striker": "Khawaja Nafay",
              "runs": {
                "batter": 1,
                "extras": 0,
                "total": 1
              }
            },
            {
              "batter": "Khawaja Nafay",
              "bowler": "Mohammad Ali",
              "non_striker": "Parvez Hossain Emon",
              "runs": {
                "batter": 0,
                "extras": 0,
                "total": 0
              }
            },
            {
              "batter": "Khawaja Nafay",
              "bowler": "Mohammad Ali",
              "non_striker": "Parvez Hossain Emon",
              "runs": {
                "batter": 1,
                "extras": 0,
                "total": 1
              }
            },
            {
              "batter": "Parvez Hossain Emon",
              "bowler": "Mohammad Ali",
              "non_striker": "Khawaja Nafay",
              "runs": {
                "batter": 0,
                "extras": 0,
                "total": 0
              }
            }
          ]
        },
        {
          "over": 2,
          "deliveries": [
            {
              "batter": "Khawaja Nafay",
              "bowler": "KR Mayers",
              "extras": {
                "wides": 1
              },
              "non_striker": "Parvez Hossain Emon",
              "runs": {
                "batter": 0,
                "extras": 1,
                "total": 1
              }
            },
            {
              "batter": "Khawaja Nafay",
              "bowler": "KR Mayers",
              "non_striker": "Parvez Hossain Emon",
              "runs": {
                "batter": 0,
                "extras": 0,
                "total": 0
              }
            },
            {
              "batter": "Khawaja Nafay",
              "bowler": "KR Mayers",
              "non_striker": "Parvez Hossain Emon",
              "runs": {
                "batter": 1,
                "extras": 0,
                "total": 1
              }
            },
            {
              "batter": "Parvez Hossain Emon",
              "bowler": "KR Mayers",
              "non_striker": "Khawaja Nafay",
              "runs": {
                "batter": 4,
                "extras": 0,
                "total": 4
              }
            },
            {
              "batter": "Parvez Hossain Emon",
              "bowler": "KR Mayers",
              "non_striker": "Khawaja Nafay",
              "runs": {
                "batter": 4,
                "extras": 0,
                "total": 4
              }
            },
            {
              "batter": "Parvez Hossain Emon",
              "bowler": "KR Mayers",
              "non_striker": "Khawaja Nafay",
              "runs": {
                "batter": 1,
                "extras": 0,
                "total": 1
              }
            },
            {
              "batter": "Khawaja Nafay",
              "bowler": "KR Mayers",
              "non_striker": "Parvez Hossain Emon",
              "runs": {
                "batter": 0,
                "extras": 0,
                "total": 0
              }
            }
          ]
        },
        {
          "over": 3,
          "deliveries": [
            {
              "batter": "Parvez Hossain Emon",
              "bowler": "Tanvir Islam",
              "non_striker": "Khawaja Nafay",
              "runs": {
                "batter": 0,
                "extras": 0,
                "total": 0
              }
            },
            {
              "batter": "Parvez Hossain Emon",
              "bowler": "Tanvir Islam",
              "non_striker": "Khawaja Nafay",
              "runs": {
                "batter": 4,
                "extras": 0,
                "total": 4
              }
            },
            {
              "batter": "Parvez Hossain Emon",
              "bowler": "Tanvir Islam",
              "non_striker": "Khawaja Nafay",
              "runs": {
                "batter": 1,
                "extras": 0,
                "total": 1
              }
            },
            {
              "batter": "Khawaja Nafay",
              "bowler": "Tanvir Islam",
              "non_striker": "Parvez Hossain Emon",
              "runs": {
                "batter": 1,
                "extras": 0,
                "total": 1
              }
            },
            {
              "batter": "Parvez Hossain Emon",
              "bowler": "Tanvir Islam",
              "non_striker": "Khawaja Nafay",
              "runs": {
                "batter": 6,
                "extras": 0,
                "total": 6
              }
            },
            {
              "batter": "Parvez Hossain Emon",
              "bowler": "Tanvir Islam",
              "non_striker": "Khawaja Nafay",
              "runs": {
                "batter": 6,
                "extras": 0,
                "total": 6
              }
            }
          ]
        },
        {
          "over": 4,
          "deliveries": [
            {
              "batter": "Khawaja Nafay",
              "bowler": "Ebadat Hossain",
              "non_striker": "Parvez Hossain Emon",
              "runs": {
                "batter": 0,
                "extras": 0,
                "total": 0
              }
            },
            {
              "batter": "Khawaja Nafay",
              "bowler": "Ebadat Hossain",
              "non_striker": "Parvez Hossain Emon",
              "runs": {
                "batter": 1,
                "extras": 0,
                "total": 1
              }
            },
            {
              "batter": "Parvez Hossain Emon",
              "bowler": "Ebadat Hossain",
              "non_striker": "Khawaja Nafay",
              "runs": {
                "batter": 4,
                "extras": 0,
                "total": 4
              }
            },
            {
              "batter": "Parvez Hossain Emon",
              "bowler": "Ebadat Hossain",
              "non_striker": "Khawaja Nafay",
              "runs": {
                "batter": 1,
                "extras": 0,
                "total": 1
              }
            },
            {
              "batter": "Khawaja Nafay",
              "bowler": "Ebadat Hossain",
              "non_striker": "Parvez Hossain Emon",
              "runs": {
                "batter": 4,
                "extras": 0,
                "total": 4
              }
            },
            {
              "batter": "Khawaja Nafay",
              "bowler": "Ebadat Hossain",
              "non_striker": "Parvez Hossain Emon",
              "runs": {
                "batter": 0,
                "extras": 0,
                "total": 0
              }
            }
          ]
        },
        {
          "over": 5,
          "deliveries": [
            {
              "batter": "Parvez Hossain Emon",
              "bowler": "Mohammad Ali",
              "non_striker": "Khawaja Nafay",
              "runs": {
                "batter": 0,
                "extras": 0,
                "total": 0
              }
            },
            {
              "batter": "Parvez Hossain Emon",
              "bowler": "Mohammad Ali",
              "non_striker": "Khawaja Nafay",
              "runs": {
                "batter": 0,
                "extras": 0,
                "total": 0
              }
            },
            {
              "batter": "Parvez Hossain Emon",
              "bowler": "Mohammad Ali",
              "extras": {
                "legbyes": 1
              },
              "non_striker": "Khawaja Nafay",
              "runs": {
                "batter": 0,
                "extras": 1,
                "total": 1
              }
            },
            {
              "batter": "Khawaja Nafay",
              "bowler": "Mohammad Ali",
              "non_striker": "Parvez Hossain Emon",
              "runs": {
                "batter": 4,
                "extras": 0,
                "total": 4
              }
            },
            {
              "batter": "Khawaja Nafay",
              "bowler": "Mohammad Ali",
              "non_striker": "Parvez Hossain Emon",
              "runs": {
                "batter": 0,
                "extras": 0,
                "total": 0
              }
            },
            {
              "batter": "Khawaja Nafay",
              "bowler": "Mohammad Ali",
              "non_striker": "Parvez Hossain Emon",
              "runs": {
                "batter": 1,
                "extras": 0,
                "total": 1
              }
            }
          ]
        },
        {
          "over": 6,
          "deliveries": [
            {
              "batter": "Khawaja Nafay",
              "bowler": "Mohammad Nabi",
              "non_striker": "Parvez Hossain Emon",
              "runs": {
                "batter": 1,
                "extras": 0,
                "total": 1
              }
            },
            {
              "batter": "Parvez Hossain Emon",
              "bowler": "Mohammad Nabi",
              "non_striker": "Khawaja Nafay",
              "runs": {
                "batter": 0,
                "extras": 0,
                "total": 0
              }
            },
            {
              "batter": "Parvez Hossain Emon",
              "bowler": "Mohammad Nabi",
              "non_striker": "Khawaja Nafay",
              "runs": {
                "batter": 0,
                "extras": 0,
                "total": 0
              }
            },
            {
              "batter": "Parvez Hossain Emon",
              "bowler": "Mohammad Nabi",
              "non_striker": "Khawaja Nafay",
              "runs": {
                "batter": 4,
                "extras": 0,
                "total": 4
              }
            },
            {
              "batter": "Parvez Hossain Emon",
              "bowler": "Mohammad Nabi",
              "non_striker": "Khawaja Nafay",
              "runs": {
                "batter": 0,
                "extras": 0,
                "total": 0
              }
            },
            {
              "batter": "Parvez Hossain Emon",
              "bowler": "Mohammad Nabi",
              "non_striker": "Khawaja Nafay",
              "runs": {
                "batter": 1,
                "extras": 0,
                "total": 1
              }
            }
          ]
        },
        {
          "over": 7,
          "deliveries": [
            {
              "batter": "Parvez Hossain Emon",
              "bowler": "Ebadat Hossain",
              "non_striker": "Khawaja Nafay",
              "runs": {
                "batter": 0,
                "extras": 0,
                "total": 0
              }
            },
            {
              "batter": "Parvez Hossain Emon",
              "bowler": "Ebadat Hossain",
              "non_striker": "Khawaja Nafay",
              "runs": {
                "batter": 1,
                "extras": 0,
                "total": 1
              }
            },
            {
              "batter": "Khawaja Nafay",
              "bowler": "Ebadat Hossain",
              "non_striker": "Parvez Hossain Emon",
              "runs": {
                "batter": 1,
                "extras": 0,
                "total": 1
              }
            },
            {
              "batter": "Parvez Hossain Emon",
              "bowler": "Ebadat Hossain",
              "non_striker": "Khawaja Nafay",
              "runs": {
                "batter": 1,
                "extras": 0,
                "total": 1
              }
            },
            {
              "batter": "Khawaja Nafay",
              "bowler": "Ebadat Hossain",
              "non_striker": "Parvez Hossain Emon",
              "runs": {
                "batter": 4,
                "extras": 0,
                "total": 4
              }
            },
            {
              "batter": "Khawaja Nafay",
              "bowler": "Ebadat Hossain",
              "non_striker": "Parvez Hossain Emon",
              "runs": {
                "batter": 0,
                "extras": 0,
                "total": 0
              }
            }
          ]
        },
        {
          "over": 8,
          "deliveries": [
            {
              "batter": "Parvez Hossain Emon",
              "bowler": "Mohammad Nabi",
              "non_striker": "Khawaja Nafay",
              "runs": {
                "batter": 3,
                "extras": 0,
                "total": 3
              }
            },
            {
              "batter": "Khawaja Nafay",
              "bowler": "Mohammad Nabi",
              "non_striker": "Parvez Hossain Emon",
              "runs": {
                "batter": 2,
                "extras": 0,
                "total": 2
              }
            },
            {
              "batter": "Khawaja Nafay",
              "bowler": "Mohammad Nabi",
              "non_striker": "Parvez Hossain Emon",
              "runs": {
                "batter": 1,
                "extras": 0,
                "total": 1
              }
            },
            {
              "batter": "Parvez Hossain Emon",
              "bowler": "Mohammad Nabi",
              "non_striker": "Khawaja Nafay",
              "runs": {
                "batter": 1,
                "extras": 0,
                "total": 1
              }
            },
            {
              "batter": "Khawaja Nafay",
              "bowler": "Mohammad Nabi",
              "non_striker": "Parvez Hossain Emon",
              "runs": {
                "batter": 1,
                "extras": 0,
                "total": 1
              }
            },
            {
              "batter": "Parvez Hossain Emon",
              "bowler": "Mohammad Nabi",
              "non_striker": "Khawaja Nafay",
              "runs": {
                "batter": 4,
                "extras": 0,
                "total": 4
              }
            }
          ]
        },
        {
          "over": 9,
          "deliveries": [
            {
              "batter": "Khawaja Nafay",
              "bowler": "Rishad Hossain",
              "non_striker": "Parvez Hossain Emon",
              "runs": {
                "batter": 6,
                "extras": 0,
                "total": 6
              }
            },
            {
              "batter": "Khawaja Nafay",
              "bowler": "Rishad Hossain",
              "non_striker": "Parvez Hossain Emon",
              "runs": {
                "batter": 1,
                "extras": 0,
                "total": 1
              }
            },
            {
              "batter": "Parvez Hossain Emon",
              "bowler": "Rishad Hossain",
              "non_striker": "Khawaja Nafay",
              "runs": {
                "batter": 1,
                "extras": 0,
                "total": 1
              }
            },
            {
              "batter": "Khawaja Nafay",
              "bowler": "Rishad Hossain",
              "non_striker": "Parvez Hossain Emon",
              "runs": {
                "batter": 1,
                "extras": 0,
                "total": 1
              }
            },
            {
              "batter": "Parvez Hossain Emon",
              "bowler": "Rishad Hossain",
              "non_striker": "Khawaja Nafay",
              "runs": {
                "batter": 1,
                "extras": 0,
                "total": 1
              }
            },
            {
              "batter": "Khawaja Nafay",
              "bowler": "Rishad Hossain",
              "non_striker": "Parvez Hossain Emon",
              "runs": {
                "batter": 1,
                "extras": 0,
                "total": 1
              }
            }
          ]
        },
        {
          "over": 10,
          "deliveries": [
            {
              "batter": "Khawaja Nafay",
              "bowler": "Mohammad Nabi",
              "non_striker": "Parvez Hossain Emon",
              "runs": {
                "batter": 0,
                "extras": 0,
                "total": 0
              }
            },
            {
              "batter": "Khawaja Nafay",
              "bowler": "Mohammad Nabi",
              "non_striker": "Parvez Hossain Emon",
              "runs": {
                "batter": 4,
                "extras": 0,
                "total": 4
              }
            },
            {
              "batter": "Khawaja Nafay",
              "bowler": "Mohammad Nabi",
              "non_striker": "Parvez Hossain Emon",
              "runs": {
                "batter": 1,
                "extras": 0,
                "total": 1
              }
            },
            {
              "batter": "Parvez Hossain Emon",
              "bowler": "Mohammad Nabi",
              "non_striker": "Khawaja Nafay",
              "runs": {
                "batter": 0,
                "extras": 0,
                "total": 0
              }
            },
            {
              "batter": "Parvez Hossain Emon",
              "bowler": "Mohammad Nabi",
              "non_striker": "Khawaja Nafay",
              "runs": {
                "batter": 1,
                "extras": 0,
                "total": 1
              }
            },
            {
              "batter": "Khawaja Nafay",
              "bowler": "Mohammad Nabi",
              "non_striker": "Parvez Hossain Emon",
              "runs": {
                "batter": 1,
                "extras": 0,
                "total": 1
              }
            }
          ]
        },
        {
          "over": 11,
          "deliveries": [
            {
              "batter": "Khawaja Nafay",
              "bowler": "Rishad Hossain",
              "non_striker": "Parvez Hossain Emon",
              "runs": {
                "batter": 6,
                "extras": 0,
                "total": 6
              }
            },
            {
              "batter": "Khawaja Nafay",
              "bowler": "Rishad Hossain",
              "non_striker": "Parvez Hossain Emon",
              "runs": {
                "batter": 6,
                "extras": 0,
                "total": 6
              }
            },
            {
              "batter": "Khawaja Nafay",
              "bowler": "Rishad Hossain",
              "non_striker": "Parvez Hossain Emon",
              "runs": {
                "batter": 1,
                "extras": 0,
                "total": 1
              }
            },
            {
              "batter": "Parvez Hossain Emon",
              "bowler": "Rishad Hossain",
              "non_striker": "Khawaja Nafay",
              "runs": {
                "batter": 1,
                "extras": 0,
                "total": 1
              }
            },
            {
              "batter": "Khawaja Nafay",
              "bowler": "Rishad Hossain",
              "non_striker": "Parvez Hossain Emon",
              "runs": {
                "batter": 0,
                "extras": 0,
                "total": 0
              }
            },
            {
              "batter": "Khawaja Nafay",
              "bowler": "Rishad Hossain",
              "non_striker": "Parvez Hossain Emon",
              "runs": {
                "batter": 1,
                "extras": 0,
                "total": 1
              }
            }
          ]
        },
        {
          "over": 12,
          "deliveries": [
            {
              "batter": "Khawaja Nafay",
              "bowler": "Ebadat Hossain",
              "non_striker": "Parvez Hossain Emon",
              "runs": {
                "batter": 1,
                "extras": 0,
                "total": 1
              }
            },
            {
              "batter": "Parvez Hossain Emon",
              "bowler": "Ebadat Hossain",
              "non_striker": "Khawaja Nafay",
              "runs": {
                "batter": 1,
                "extras": 0,
                "total": 1
              }
            },
            {
              "batter": "Khawaja Nafay",
              "bowler": "Ebadat Hossain",
              "non_striker": "Parvez Hossain Emon",
              "runs": {
                "batter": 4,
                "extras": 0,
                "total": 4
              }
            },
            {
              "batter": "Khawaja Nafay",
              "bowler": "Ebadat Hossain",
              "non_striker": "Parvez Hossain Emon",
              "runs": {
                "batter": 0,
                "extras": 0,
                "total": 0
              },
              "wickets": [
                {
                  "player_out": "Khawaja Nafay",
                  "fielders": [
                    {
                      "name": "Mushfiqur Rahim"
                    }
                  ],
                  "kind": "caught"
                }
              ]
            },
            {
              "batter": "G Clark",
              "bowler": "Ebadat Hossain",
              "non_striker": "Parvez Hossain Emon",
              "runs": {
                "batter": 0,
                "extras": 0,
                "total": 0
              }
            },
            {
              "batter": "G Clark",
              "bowler": "Ebadat Hossain",
              "non_striker": "Parvez Hossain Emon",
              "runs": {
                "batter": 0,
                "extras": 0,
                "total": 0
              }
            }
          ]
        },
        {
          "over": 13,
          "deliveries": [
            {
              "batter": "Parvez Hossain Emon",
              "bowler": "Mohammad Nabi",
              "non_striker": "G Clark",
              "runs": {
                "batter": 1,
                "extras": 0,
                "total": 1
              }
            },
            {
              "batter": "G Clark",
              "bowler": "Mohammad Nabi",
              "non_striker": "Parvez Hossain Emon",
              "runs": {
                "batter": 4,
                "extras": 0,
                "total": 4
              }
            },
            {
              "batter": "G Clark",
              "bowler": "Mohammad Nabi",
              "non_striker": "Parvez Hossain Emon",
              "runs": {
                "batter": 1,
                "extras": 0,
                "total": 1
              }
            },
            {
              "batter": "Parvez Hossain Emon",
              "bowler": "Mohammad Nabi",
              "non_striker": "G Clark",
              "runs": {
                "batter": 1,
                "extras": 0,
                "total": 1
              }
            },
            {
              "batter": "G Clark",
              "bowler": "Mohammad Nabi",
              "non_striker": "Parvez Hossain Emon",
              "runs": {
                "batter": 1,
                "extras": 0,
                "total": 1
              }
            },
            {
              "batter": "Parvez Hossain Emon",
              "bowler": "Mohammad Nabi",
              "non_striker": "G Clark",
              "runs": {
                "batter": 1,
                "extras": 0,
                "total": 1
              }
            }
          ]
        },
        {
          "over": 14,
          "deliveries": [
            {
              "batter": "Parvez Hossain Emon",
              "bowler": "KR Mayers",
              "non_striker": "G Clark",
              "runs": {
                "batter": 1,
                "extras": 0,
                "total": 1
              }
            },
            {
              "batter": "G Clark",
              "bowler": "KR Mayers",
              "non_striker": "Parvez Hossain Emon",
              "runs": {
                "batter": 2,
                "extras": 0,
                "total": 2
              }
            },
            {
              "batter": "G Clark",
              "bowler": "KR Mayers",
              "non_striker": "Parvez Hossain Emon",
              "runs": {
                "batter": 0,
                "extras": 0,
                "total": 0
              }
            },
            {
              "batter": "G Clark",
              "bowler": "KR Mayers",
              "non_striker": "Parvez Hossain Emon",
              "runs": {
                "batter": 6,
                "extras": 0,
                "total": 6
              }
            },
            {
              "batter": "G Clark",
              "bowler": "KR Mayers",
              "non_striker": "Parvez Hossain Emon",
              "runs": {
                "batter": 1,
                "extras": 0,
                "total": 1
              }
            },
            {
              "batter": "Parvez Hossain Emon",
              "bowler": "KR Mayers",
              "non_striker": "G Clark",
              "runs": {
                "batter": 1,
                "extras": 0,
                "total": 1
              }
            }
          ]
        },
        {
          "over": 15,
          "deliveries": [
            {
              "batter": "Parvez Hossain Emon",
              "bowler": "Tanvir Islam",
              "non_striker": "G Clark",
              "runs": {
                "batter": 1,
                "extras": 0,
                "total": 1
              }
            },
            {
              "batter": "G Clark",
              "bowler": "Tanvir Islam",
              "non_striker": "Parvez Hossain Emon",
              "runs": {
                "batter": 6,
                "extras": 0,
                "total": 6
              }
            },
            {
              "batter": "G Clark",
              "bowler": "Tanvir Islam",
              "non_striker": "Parvez Hossain Emon",
              "runs": {
                "batter": 1,
                "extras": 0,
                "total": 1
              }
            },
            {
              "batter": "Parvez Hossain Emon",
              "bowler": "Tanvir Islam",
              "non_striker": "G Clark",
              "runs": {
                "batter": 2,
                "extras": 0,
                "total": 2
              }
            },
            {
              "batter": "Parvez Hossain Emon",
              "bowler": "Tanvir Islam",
              "non_striker": "G Clark",
              "runs": {
                "batter": 6,
                "extras": 0,
                "total": 6
              }
            },
            {
              "batter": "Parvez Hossain Emon",
              "bowler": "Tanvir Islam",
              "non_striker": "G Clark",
              "runs": {
                "batter": 6,
                "extras": 0,
                "total": 6
              }
            }
          ]
        },
        {
          "over": 16,
          "deliveries": [
            {
              "batter": "G Clark",
              "bowler": "Mohammad Ali",
              "non_striker": "Parvez Hossain Emon",
              "runs": {
                "batter": 1,
                "extras": 0,
                "total": 1
              }
            },
            {
              "batter": "Parvez Hossain Emon",
              "bowler": "Mohammad Ali",
              "non_striker": "G Clark",
              "runs": {
                "batter": 0,
                "extras": 0,
                "total": 0
              }
            },
            {
              "batter": "Parvez Hossain Emon",
              "bowler": "Mohammad Ali",
              "non_striker": "G Clark",
              "runs": {
                "batter": 1,
                "extras": 0,
                "total": 1
              }
            },
            {
              "batter": "G Clark",
              "bowler": "Mohammad Ali",
              "non_striker": "Parvez Hossain Emon",
              "runs": {
                "batter": 1,
                "extras": 0,
                "total": 1
              }
            },
            {
              "batter": "Parvez Hossain Emon",
              "bowler": "Mohammad Ali",
              "non_striker": "G Clark",
              "runs": {
                "batter": 0,
                "extras": 0,
                "total": 0
              }
            },
            {
              "batter": "Parvez Hossain Emon",
              "bowler": "Mohammad Ali",
              "non_striker": "G Clark",
              "runs": {
                "batter": 1,
                "extras": 0,
                "total": 1
              }
            }
          ]
        },
        {
          "over": 17,
          "deliveries": [
            {
              "batter": "Parvez Hossain Emon",
              "bowler": "KR Mayers",
              "non_striker": "G Clark",
              "runs": {
                "batter": 1,
                "extras": 0,
                "total": 1
              }
            },
            {
              "batter": "G Clark",
              "bowler": "KR Mayers",
              "non_striker": "Parvez Hossain Emon",
              "runs": {
                "batter": 1,
                "extras": 0,
                "total": 1
              }
            },
            {
              "batter": "Parvez Hossain Emon",
              "bowler": "KR Mayers",
              "non_striker": "G Clark",
              "runs": {
                "batter": 1,
                "extras": 0,
                "total": 1
              }
            },
            {
              "batter": "G Clark",
              "bowler": "KR Mayers",
              "non_striker": "Parvez Hossain Emon",
              "runs": {
                "batter": 4,
                "extras": 0,
                "total": 4
              }
            },
            {
              "batter": "G Clark",
              "bowler": "KR Mayers",
              "non_striker": "Parvez Hossain Emon",
              "runs": {
                "batter": 1,
                "extras": 0,
                "total": 1
              }
            },
            {
              "batter": "Parvez Hossain Emon",
              "bowler": "KR Mayers",
              "non_striker": "G Clark",
              "runs": {
                "batter": 1,
                "extras": 0,
                "total": 1
              }
            }
          ]
        },
        {
          "over": 18,
          "deliveries": [
            {
              "batter": "Parvez Hossain Emon",
              "bowler": "Ebadat Hossain",
              "non_striker": "G Clark",
              "runs": {
                "batter": 1,
                "extras": 0,
                "total": 1
              }
            },
            {
              "batter": "G Clark",
              "bowler": "Ebadat Hossain",
              "non_striker": "Parvez Hossain Emon",
              "runs": {
                "batter": 6,
                "extras": 0,
                "total": 6
              }
            },
            {
              "batter": "G Clark",
              "bowler": "Ebadat Hossain",
              "non_striker": "Parvez Hossain Emon",
              "runs": {
                "batter": 2,
                "extras": 0,
                "total": 2
              }
            },
            {
              "batter": "G Clark",
              "bowler": "Ebadat Hossain",
              "non_striker": "Parvez Hossain Emon",
              "runs": {
                "batter": 2,
                "extras": 0,
                "total": 2
              }
            },
            {
              "batter": "G Clark",
              "bowler": "Ebadat Hossain",
              "non_striker": "Parvez Hossain Emon",
              "runs": {
                "batter": 0,
                "extras": 0,
                "total": 0
              }
            },
            {
              "batter": "G Clark",
              "bowler": "Ebadat Hossain",
              "non_striker": "Parvez Hossain Emon",
              "runs": {
                "batter": 1,
                "extras": 0,
                "total": 1
              }
            }
          ]
        },
        {
          "over": 19,
          "deliveries": [
            {
              "batter": "G Clark",
              "bowler": "Mohammad Ali",
              "non_striker": "Parvez Hossain Emon",
              "runs": {
                "batter": 2,
                "extras": 0,
                "total": 2
              }
            },
            {
              "batter": "G Clark",
              "bowler": "Mohammad Ali",
              "non_striker": "Parvez Hossain Emon",
              "runs": {
                "batter": 1,
                "extras": 0,
                "total": 1
              },
              "wickets": [
                {
                  "player_out": "G Clark",
                  "fielders": [
                    {
                      "name": "Mushfiqur Rahim"
                    },
                    {
                      "name": "Mohammad Nabi"
                    }
                  ],
                  "kind": "run out"
                }
              ]
            },
            {
              "batter": "Shamim Hossain",
              "bowler": "Mohammad Ali",
              "non_striker": "Parvez Hossain Emon",
              "runs": {
                "batter": 2,
                "extras": 0,
                "total": 2
              }
            },
            {
              "batter": "Shamim Hossain",
              "bowler": "Mohammad Ali",
              "non_striker": "Parvez Hossain Emon",
              "runs": {
                "batter": 0,
                "extras": 0,
                "total": 0
              },
              "wickets": [
                {
                  "player_out": "Shamim Hossain",
                  "fielders": [
                    {
                      "name": "Towhid Hridoy"
                    }
                  ],
                  "kind": "caught"
                }
              ]
            },
            {
              "batter": "Hussain Talat",
              "bowler": "Mohammad Ali",
              "non_striker": "Parvez Hossain Emon",
              "runs": {
                "batter": 0,
                "extras": 0,
                "total": 0
              }
            },
            {
              "batter": "Hussain Talat",
              "bowler": "Mohammad Ali",
              "extras": {
                "byes": 1
              },
              "non_striker": "Parvez Hossain Emon",
              "runs": {
                "batter": 0,
                "extras": 1,
                "total": 1
              }
            }
          ]
        }
      ],
      "powerplays": [
        {
          "from": 0.1,
          "to": 5.6,
          "type": "mandatory"
        }
      ]
    },
    {
      "team": "Fortune Barishal",
      "overs": [
        {
          "over": 0,
          "deliveries": [
            {
              "batter": "Tamim Iqbal",
              "bowler": "B Fernando",
              "non_striker": "Towhid Hridoy",
              "runs": {
                "batter": 1,
                "extras": 0,
                "total": 1
              }
            },
            {
              "batter": "Towhid Hridoy",
              "bowler": "B Fernando",
              "non_striker": "Tamim Iqbal",
              "runs": {
                "batter": 1,
                "extras": 0,
                "total": 1
              }
            },
            {
              "batter": "Tamim Iqbal",
              "bowler": "B Fernando",
              "non_striker": "Towhid Hridoy",
              "runs": {
                "batter": 4,
                "extras": 0,
                "total": 4
              }
            },
            {
              "batter": "Tamim Iqbal",
              "bowler": "B Fernando",
              "non_striker": "Towhid Hridoy",
              "runs": {
                "batter": 0,
                "extras": 0,
                "total": 0
              }
            },
            {
              "batter": "Tamim Iqbal",
              "bowler": "B Fernando",
              "non_striker": "Towhid Hridoy",
              "runs": {
                "batter": 4,
                "extras": 0,
                "total": 4
              }
            },
            {
              "batter": "Tamim Iqbal",
              "bowler": "B Fernando",
              "non_striker": "Towhid Hridoy",
              "runs": {
                "batter": 4,
                "extras": 0,
                "total": 4
              }
            }
          ]
        },
        {
          "over": 1,
          "deliveries": [
            {
              "batter": "Towhid Hridoy",
              "bowler": "Arafat Sunny",
              "non_striker": "Tamim Iqbal",
              "runs": {
                "batter": 4,
                "extras": 0,
                "total": 4
              }
            },
            {
              "batter": "Towhid Hridoy",
              "bowler": "Arafat Sunny",
              "non_striker": "Tamim Iqbal",
              "runs": {
                "batter": 0,
                "extras": 0,
                "total": 0
              }
            },
            {
              "batter": "Towhid Hridoy",
              "bowler": "Arafat Sunny",
              "non_striker": "Tamim Iqbal",
              "runs": {
                "batter": 2,
                "extras": 0,
                "total": 2
              }
            },
            {
              "batter": "Towhid Hridoy",
              "bowler": "Arafat Sunny",
              "non_striker": "Tamim Iqbal",
              "runs": {
                "batter": 0,
                "extras": 0,
                "total": 0
              }
            },
            {
              "batter": "Towhid Hridoy",
              "bowler": "Arafat Sunny",
              "non_striker": "Tamim Iqbal",
              "runs": {
                "batter": 0,
                "extras": 0,
                "total": 0
              }
            },
            {
              "batter": "Towhid Hridoy",
              "bowler": "Arafat Sunny",
              "non_striker": "Tamim Iqbal",
              "runs": {
                "batter": 0,
                "extras": 0,
                "total": 0
              }
            }
          ]
        },
        {
          "over": 2,
          "deliveries": [
            {
              "batter": "Tamim Iqbal",
              "bowler": "Shoriful Islam",
              "non_striker": "Towhid Hridoy",
              "runs": {
                "batter": 0,
                "extras": 0,
                "total": 0
              }
            },
            {
              "batter": "Tamim Iqbal",
              "bowler": "Shoriful Islam",
              "non_striker": "Towhid Hridoy",
              "runs": {
                "batter": 0,
                "extras": 0,
                "total": 0
              }
            },
            {
              "batter": "Tamim Iqbal",
              "bowler": "Shoriful Islam",
              "non_striker": "Towhid Hridoy",
              "runs": {
                "batter": 4,
                "extras": 0,
                "total": 4
              }
            },
            {
              "batter": "Tamim Iqbal",
              "bowler": "Shoriful Islam",
              "non_striker": "Towhid Hridoy",
              "runs": {
                "batter": 4,
                "extras": 0,
                "total": 4
              }
            },
            {
              "batter": "Tamim Iqbal",
              "bowler": "Shoriful Islam",
              "non_striker": "Towhid Hridoy",
              "runs": {
                "batter": 4,
                "extras": 0,
                "total": 4
              }
            },
            {
              "batter": "Tamim Iqbal",
              "bowler": "Shoriful Islam",
              "non_striker": "Towhid Hridoy",
              "runs": {
                "batter": 0,
                "extras": 0,
                "total": 0
              }
            }
          ]
        },
        {
          "over": 3,
          "deliveries": [
            {
              "batter": "Towhid Hridoy",
              "bowler": "Khaled Ahmed",
              "non_striker": "Tamim Iqbal",
              "runs": {
                "batter": 1,
                "extras": 0,
                "total": 1
              }
            },
            {
              "batter": "Tamim Iqbal",
              "bowler": "Khaled Ahmed",
              "non_striker": "Towhid Hridoy",
              "runs": {
                "batter": 0,
                "extras": 0,
                "total": 0
              }
            },
            {
              "batter": "Tamim Iqbal",
              "bowler": "Khaled Ahmed",
              "extras": {
                "byes": 4
              },
              "non_striker": "Towhid Hridoy",
              "runs": {
                "batter": 0,
                "extras": 4,
                "total": 4
              }
            },
            {
              "batter": "Tamim Iqbal",
              "bowler": "Khaled Ahmed",
              "non_striker": "Towhid Hridoy",
              "runs": {
                "batter": 1,
                "extras": 0,
                "total": 1
              }
            },
            {
              "batter": "Towhid Hridoy",
              "bowler": "Khaled Ahmed",
              "non_striker": "Tamim Iqbal",
              "runs": {
                "batter": 1,
                "extras": 0,
                "total": 1
              }
            },
            {
              "batter": "Tamim Iqbal",
              "bowler": "Khaled Ahmed",
              "non_striker": "Towhid Hridoy",
              "runs": {
                "batter": 4,
                "extras": 0,
                "total": 4
              }
            }
          ]
        },
        {
          "over": 4,
          "deliveries": [
            {
              "batter": "Towhid Hridoy",
              "bowler": "B Fernando",
              "non_striker": "Tamim Iqbal",
              "runs": {
                "batter": 1,
                "extras": 0,
                "total": 1
              }
            },
            {
              "batter": "Tamim Iqbal",
              "bowler": "B Fernando",
              "non_striker": "Towhid Hridoy",
              "runs": {
                "batter": 1,
                "extras": 0,
                "total": 1
              }
            },
            {
              "batter": "Towhid Hridoy",
              "bowler": "B Fernando",
              "non_striker": "Tamim Iqbal",
              "runs": {
                "batter": 0,
                "extras": 0,
                "total": 0
              }
            },
            {
              "batter": "Towhid Hridoy",
              "bowler": "B Fernando",
              "non_striker": "Tamim Iqbal",
              "runs": {
                "batter": 1,
                "extras": 0,
                "total": 1
              }
            },
            {
              "batter": "Tamim Iqbal",
              "bowler": "B Fernando",
              "non_striker": "Towhid Hridoy",
              "runs": {
                "batter": 0,
                "extras": 0,
                "total": 0
              }
            },
            {
              "batter": "Tamim Iqbal",
              "bowler": "B Fernando",
              "non_striker": "Towhid Hridoy",
              "runs": {
                "batter": 1,
                "extras": 0,
                "total": 1
              }
            }
          ]
        },
        {
          "over": 5,
          "deliveries": [
            {
              "batter": "Tamim Iqbal",
              "bowler": "Khaled Ahmed",
              "non_striker": "Towhid Hridoy",
              "runs": {
                "batter": 1,
                "extras": 0,
                "total": 1
              }
            },
            {
              "batter": "Towhid Hridoy",
              "bowler": "Khaled Ahmed",
              "non_striker": "Tamim Iqbal",
              "runs": {
                "batter": 0,
                "extras": 0,
                "total": 0
              }
            },
            {
              "batter": "Towhid Hridoy",
              "bowler": "Khaled Ahmed",
              "non_striker": "Tamim Iqbal",
              "runs": {
                "batter": 0,
                "extras": 0,
                "total": 0
              }
            },
            {
              "batter": "Towhid Hridoy",
              "bowler": "Khaled Ahmed",
              "non_striker": "Tamim Iqbal",
              "runs": {
                "batter": 3,
                "extras": 0,
                "total": 3
              }
            },
            {
              "batter": "Tamim Iqbal",
              "bowler": "Khaled Ahmed",
              "non_striker": "Towhid Hridoy",
              "runs": {
                "batter": 4,
                "extras": 0,
                "total": 4
              }
            },
            {
              "batter": "Tamim Iqbal",
              "bowler": "Khaled Ahmed",
              "non_striker": "Towhid Hridoy",
              "runs": {
                "batter": 2,
                "extras": 0,
                "total": 2
              }
            }
          ]
        },
        {
          "over": 6,
          "deliveries": [
            {
              "batter": "Towhid Hridoy",
              "bowler": "Arafat Sunny",
              "non_striker": "Tamim Iqbal",
              "runs": {
                "batter": 0,
                "extras": 0,
                "total": 0
              }
            },
            {
              "batter": "Towhid Hridoy",
              "bowler": "Arafat Sunny",
              "non_striker": "Tamim Iqbal",
              "runs": {
                "batter": 1,
                "extras": 0,
                "total": 1
              }
            },
            {
              "batter": "Tamim Iqbal",
              "bowler": "Arafat Sunny",
              "non_striker": "Towhid Hridoy",
              "runs": {
                "batter": 2,
                "extras": 0,
                "total": 2
              }
            },
            {
              "batter": "Tamim Iqbal",
              "bowler": "Arafat Sunny",
              "non_striker": "Towhid Hridoy",
              "runs": {
                "batter": 4,
                "extras": 0,
                "total": 4
              }
            },
            {
              "batter": "Tamim Iqbal",
              "bowler": "Arafat Sunny",
              "non_striker": "Towhid Hridoy",
              "runs": {
                "batter": 6,
                "extras": 0,
                "total": 6
              }
            },
            {
              "batter": "Tamim Iqbal",
              "bowler": "Arafat Sunny",
              "non_striker": "Towhid Hridoy",
              "runs": {
                "batter": 0,
                "extras": 0,
                "total": 0
              }
            }
          ]
        },
        {
          "over": 7,
          "deliveries": [
            {
              "batter": "Towhid Hridoy",
              "bowler": "Hussain Talat",
              "non_striker": "Tamim Iqbal",
              "runs": {
                "batter": 1,
                "extras": 0,
                "total": 1
              }
            },
            {
              "batter": "Tamim Iqbal",
              "bowler": "Hussain Talat",
              "non_striker": "Towhid Hridoy",
              "runs": {
                "batter": 1,
                "extras": 0,
                "total": 1
              }
            },
            {
              "batter": "Towhid Hridoy",
              "bowler": "Hussain Talat",
              "non_striker": "Tamim Iqbal",
              "runs": {
                "batter": 1,
                "extras": 0,
                "total": 1
              }
            },
            {
              "batter": "Tamim Iqbal",
              "bowler": "Hussain Talat",
              "non_striker": "Towhid Hridoy",
              "runs": {
                "batter": 1,
                "extras": 0,
                "total": 1
              }
            },
            {
              "batter": "Towhid Hridoy",
              "bowler": "Hussain Talat",
              "non_striker": "Tamim Iqbal",
              "runs": {
                "batter": 1,
                "extras": 0,
                "total": 1
              }
            },
            {
              "batter": "Tamim Iqbal",
              "bowler": "Hussain Talat",
              "non_striker": "Towhid Hridoy",
              "runs": {
                "batter": 1,
                "extras": 0,
                "total": 1
              }
            }
          ]
        },
        {
          "over": 8,
          "deliveries": [
            {
              "batter": "Tamim Iqbal",
              "bowler": "Shoriful Islam",
              "non_striker": "Towhid Hridoy",
              "runs": {
                "batter": 0,
                "extras": 0,
                "total": 0
              },
              "wickets": [
                {
                  "player_out": "Tamim Iqbal",
                  "fielders": [
                    {
                      "name": "Khaled Ahmed"
                    }
                  ],
                  "kind": "caught"
                }
              ]
            },
            {
              "batter": "DJ Malan",
              "bowler": "Shoriful Islam",
              "non_striker": "Towhid Hridoy",
              "runs": {
                "batter": 1,
                "extras": 0,
                "total": 1
              }
            },
            {
              "batter": "Towhid Hridoy",
              "bowler": "Shoriful Islam",
              "non_striker": "DJ Malan",
              "runs": {
                "batter": 1,
                "extras": 0,
                "total": 1
              }
            },
            {
              "batter": "DJ Malan",
              "bowler": "Shoriful Islam",
              "non_striker": "Towhid Hridoy",
              "review": {
                "by": "Chittagong Kings",
                "umpire": "Masudur Rahman",
                "batter": "DJ Malan",
                "decision": "upheld",
                "type": "wicket"
              },
              "runs": {
                "batter": 0,
                "extras": 0,
                "total": 0
              },
              "wickets": [
                {
                  "player_out": "DJ Malan",
                  "kind": "lbw"
                }
              ]
            },
            {
              "batter": "KR Mayers",
              "bowler": "Shoriful Islam",
              "non_striker": "Towhid Hridoy",
              "runs": {
                "batter": 1,
                "extras": 0,
                "total": 1
              }
            },
            {
              "batter": "Towhid Hridoy",
              "bowler": "Shoriful Islam",
              "non_striker": "KR Mayers",
              "runs": {
                "batter": 1,
                "extras": 0,
                "total": 1
              }
            }
          ]
        },
        {
          "over": 9,
          "deliveries": [
            {
              "batter": "Towhid Hridoy",
              "bowler": "Hussain Talat",
              "non_striker": "KR Mayers",
              "runs": {
                "batter": 1,
                "extras": 0,
                "total": 1
              }
            },
            {
              "batter": "KR Mayers",
              "bowler": "Hussain Talat",
              "non_striker": "Towhid Hridoy",
              "runs": {
                "batter": 1,
                "extras": 0,
                "total": 1
              }
            },
            {
              "batter": "Towhid Hridoy",
              "bowler": "Hussain Talat",
              "extras": {
                "noballs": 1
              },
              "non_striker": "KR Mayers",
              "runs": {
                "batter": 4,
                "extras": 1,
                "total": 5
              }
            },
            {
              "batter": "Towhid Hridoy",
              "bowler": "Hussain Talat",
              "non_striker": "KR Mayers",
              "runs": {
                "batter": 2,
                "extras": 0,
                "total": 2
              }
            },
            {
              "batter": "Towhid Hridoy",
              "bowler": "Hussain Talat",
              "non_striker": "KR Mayers",
              "runs": {
                "batter": 4,
                "extras": 0,
                "total": 4
              }
            },
            {
              "batter": "Towhid Hridoy",
              "bowler": "Hussain Talat",
              "non_striker": "KR Mayers",
              "runs": {
                "batter": 1,
                "extras": 0,
                "total": 1
              }
            },
            {
              "batter": "KR Mayers",
              "bowler": "Hussain Talat",
              "non_striker": "Towhid Hridoy",
              "runs": {
                "batter": 1,
                "extras": 0,
                "total": 1
              }
            }
          ]
        },
        {
          "over": 10,
          "deliveries": [
            {
              "batter": "KR Mayers",
              "bowler": "Naeem Islam",
              "non_striker": "Towhid Hridoy",
              "runs": {
                "batter": 1,
                "extras": 0,
                "total": 1
              }
            },
            {
              "batter": "Towhid Hridoy",
              "bowler": "Naeem Islam",
              "non_striker": "KR Mayers",
              "runs": {
                "batter": 0,
                "extras": 0,
                "total": 0
              },
              "wickets": [
                {
                  "player_out": "Towhid Hridoy",
                  "fielders": [
                    {
                      "name": "Arafat Sunny"
                    }
                  ],
                  "kind": "caught"
                }
              ]
            },
            {
              "batter": "Mushfiqur Rahim",
              "bowler": "Naeem Islam",
              "non_striker": "KR Mayers",
              "runs": {
                "batter": 1,
                "extras": 0,
                "total": 1
              }
            },
            {
              "batter": "KR Mayers",
              "bowler": "Naeem Islam",
              "non_striker": "Mushfiqur Rahim",
              "runs": {
                "batter": 1,
                "extras": 0,
                "total": 1
              }
            },
            {
              "batter": "Mushfiqur Rahim",
              "bowler": "Naeem Islam",
              "non_striker": "KR Mayers",
              "runs": {
                "batter": 4,
                "extras": 0,
                "total": 4
              }
            },
            {
              "batter": "Mushfiqur Rahim",
              "bowler": "Naeem Islam",
              "non_striker": "KR Mayers",
              "runs": {
                "batter": 1,
                "extras": 0,
                "total": 1
              }
            }
          ]
        },
        {
          "over": 11,
          "deliveries": [
            {
              "batter": "Mushfiqur Rahim",
              "bowler": "Hussain Talat",
              "non_striker": "KR Mayers",
              "runs": {
                "batter": 1,
                "extras": 0,
                "total": 1
              }
            },
            {
              "batter": "KR Mayers",
              "bowler": "Hussain Talat",
              "non_striker": "Mushfiqur Rahim",
              "runs": {
                "batter": 0,
                "extras": 0,
                "total": 0
              }
            },
            {
              "batter": "KR Mayers",
              "bowler": "Hussain Talat",
              "non_striker": "Mushfiqur Rahim",
              "runs": {
                "batter": 6,
                "extras": 0,
                "total": 6
              }
            },
            {
              "batter": "KR Mayers",
              "bowler": "Hussain Talat",
              "non_striker": "Mushfiqur Rahim",
              "runs": {
                "batter": 1,
                "extras": 0,
                "total": 1
              }
            },
            {
              "batter": "Mushfiqur Rahim",
              "bowler": "Hussain Talat",
              "non_striker": "KR Mayers",
              "runs": {
                "batter": 1,
                "extras": 0,
                "total": 1
              }
            },
            {
              "batter": "KR Mayers",
              "bowler": "Hussain Talat",
              "non_striker": "Mushfiqur Rahim",
              "runs": {
                "batter": 6,
                "extras": 0,
                "total": 6
              }
            }
          ]
        },
        {
          "over": 12,
          "deliveries": [
            {
              "batter": "Mushfiqur Rahim",
              "bowler": "Naeem Islam",
              "non_striker": "KR Mayers",
              "runs": {
                "batter": 4,
                "extras": 0,
                "total": 4
              }
            },
            {
              "batter": "Mushfiqur Rahim",
              "bowler": "Naeem Islam",
              "non_striker": "KR Mayers",
              "runs": {
                "batter": 4,
                "extras": 0,
                "total": 4
              }
            },
            {
              "batter": "Mushfiqur Rahim",
              "bowler": "Naeem Islam",
              "extras": {
                "byes": 4
              },
              "non_striker": "KR Mayers",
              "runs": {
                "batter": 0,
                "extras": 4,
                "total": 4
              }
            },
            {
              "batter": "Mushfiqur Rahim",
              "bowler": "Naeem Islam",
              "non_striker": "KR Mayers",
              "runs": {
                "batter": 0,
                "extras": 0,
                "total": 0
              },
              "wickets": [
                {
                  "player_out": "Mushfiqur Rahim",
                  "fielders": [
                    {
                      "name": "Khawaja Nafay"
                    }
                  ],
                  "kind": "caught"
                }
              ]
            },
            {
              "batter": "Mahmudullah",
              "bowler": "Naeem Islam",
              "non_striker": "KR Mayers",
              "runs": {
                "batter": 1,
                "extras": 0,
                "total": 1
              }
            },
            {
              "batter": "KR Mayers",
              "bowler": "Naeem Islam",
              "non_striker": "Mahmudullah",
              "runs": {
                "batter": 1,
                "extras": 0,
                "total": 1
              }
            }
          ]
        },
        {
          "over": 13,
          "deliveries": [
            {
              "batter": "KR Mayers",
              "bowler": "Khaled Ahmed",
              "extras": {
                "wides": 1
              },
              "non_striker": "Mahmudullah",
              "runs": {
                "batter": 0,
                "extras": 1,
                "total": 1
              }
            },
            {
              "batter": "KR Mayers",
              "bowler": "Khaled Ahmed",
              "extras": {
                "wides": 1
              },
              "non_striker": "Mahmudullah",
              "runs": {
                "batter": 0,
                "extras": 1,
                "total": 1
              }
            },
            {
              "batter": "KR Mayers",
              "bowler": "Khaled Ahmed",
              "non_striker": "Mahmudullah",
              "runs": {
                "batter": 0,
                "extras": 0,
                "total": 0
              }
            },
            {
              "batter": "KR Mayers",
              "bowler": "Khaled Ahmed",
              "non_striker": "Mahmudullah",
              "runs": {
                "batter": 1,
                "extras": 0,
                "total": 1
              }
            },
            {
              "batter": "Mahmudullah",
              "bowler": "Khaled Ahmed",
              "non_striker": "KR Mayers",
              "runs": {
                "batter": 1,
                "extras": 0,
                "total": 1
              }
            },
            {
              "batter": "KR Mayers",
              "bowler": "Khaled Ahmed",
              "non_striker": "Mahmudullah",
              "runs": {
                "batter": 1,
                "extras": 0,
                "total": 1
              }
            },
            {
              "batter": "Mahmudullah",
              "bowler": "Khaled Ahmed",
              "non_striker": "KR Mayers",
              "runs": {
                "batter": 0,
                "extras": 0,
                "total": 0
              }
            },
            {
              "batter": "Mahmudullah",
              "bowler": "Khaled Ahmed",
              "non_striker": "KR Mayers",
              "runs": {
                "batter": 0,
                "extras": 0,
                "total": 0
              }
            }
          ]
        },
        {
          "over": 14,
          "deliveries": [
            {
              "batter": "KR Mayers",
              "bowler": "Shoriful Islam",
              "extras": {
                "wides": 1
              },
              "non_striker": "Mahmudullah",
              "runs": {
                "batter": 0,
                "extras": 1,
                "total": 1
              }
            },
            {
              "batter": "KR Mayers",
              "bowler": "Shoriful Islam",
              "non_striker": "Mahmudullah",
              "runs": {
                "batter": 0,
                "extras": 0,
                "total": 0
              }
            },
            {
              "batter": "KR Mayers",
              "bowler": "Shoriful Islam",
              "non_striker": "Mahmudullah",
              "runs": {
                "batter": 1,
                "extras": 0,
                "total": 1
              }
            },
            {
              "batter": "Mahmudullah",
              "bowler": "Shoriful Islam",
              "non_striker": "KR Mayers",
              "runs": {
                "batter": 1,
                "extras": 0,
                "total": 1
              }
            },
            {
              "batter": "KR Mayers",
              "bowler": "Shoriful Islam",
              "non_striker": "Mahmudullah",
              "runs": {
                "batter": 4,
                "extras": 0,
                "total": 4
              }
            },
            {
              "batter": "KR Mayers",
              "bowler": "Shoriful Islam",
              "extras": {
                "wides": 1
              },
              "non_striker": "Mahmudullah",
              "runs": {
                "batter": 0,
                "extras": 1,
                "total": 1
              }
            },
            {
              "batter": "KR Mayers",
              "bowler": "Shoriful Islam",
              "non_striker": "Mahmudullah",
              "runs": {
                "batter": 6,
                "extras": 0,
                "total": 6
              }
            },
            {
              "batter": "KR Mayers",
              "bowler": "Shoriful Islam",
              "non_striker": "Mahmudullah",
              "runs": {
                "batter": 0,
                "extras": 0,
                "total": 0
              }
            }
          ]
        },
        {
          "over": 15,
          "deliveries": [
            {
              "batter": "Mahmudullah",
              "bowler": "B Fernando",
              "non_striker": "KR Mayers",
              "runs": {
                "batter": 1,
                "extras": 0,
                "total": 1
              }
            },
            {
              "batter": "KR Mayers",
              "bowler": "B Fernando",
              "non_striker": "Mahmudullah",
              "runs": {
                "batter": 0,
                "extras": 0,
                "total": 0
              }
            },
            {
              "batter": "KR Mayers",
              "bowler": "B Fernando",
              "non_striker": "Mahmudullah",
              "runs": {
                "batter": 4,
                "extras": 0,
                "total": 4
              }
            },
            {
              "batter": "KR Mayers",
              "bowler": "B Fernando",
              "extras": {
                "wides": 1
              },
              "non_striker": "Mahmudullah",
              "runs": {
                "batter": 0,
                "extras": 1,
                "total": 1
              }
            },
            {
              "batter": "KR Mayers",
              "bowler": "B Fernando",
              "extras": {
                "wides": 1
              },
              "non_striker": "Mahmudullah",
              "runs": {
                "batter": 0,
                "extras": 1,
                "total": 1
              }
            },
            {
              "batter": "KR Mayers",
              "bowler": "B Fernando",
              "non_striker": "Mahmudullah",
              "runs": {
                "batter": 0,
                "extras": 0,
                "total": 0
              }
            },
            {
              "batter": "KR Mayers",
              "bowler": "B Fernando",
              "non_striker": "Mahmudullah",
              "runs": {
                "batter": 4,
                "extras": 0,
                "total": 4
              }
            },
            {
              "batter": "KR Mayers",
              "bowler": "B Fernando",
              "non_striker": "Mahmudullah",
              "runs": {
                "batter": 1,
                "extras": 0,
                "total": 1
              }
            }
          ]
        },
        {
          "over": 16,
          "deliveries": [
            {
              "batter": "KR Mayers",
              "bowler": "Khaled Ahmed",
              "non_striker": "Mahmudullah",
              "runs": {
                "batter": 1,
                "extras": 0,
                "total": 1
              }
            },
            {
              "batter": "Mahmudullah",
              "bowler": "Khaled Ahmed",
              "non_striker": "KR Mayers",
              "runs": {
                "batter": 0,
                "extras": 0,
                "total": 0
              }
            },
            {
              "batter": "Mahmudullah",
              "bowler": "Khaled Ahmed",
              "non_striker": "KR Mayers",
              "runs": {
                "batter": 2,
                "extras": 0,
                "total": 2
              }
            },
            {
              "batter": "Mahmudullah",
              "bowler": "Khaled Ahmed",
              "non_striker": "KR Mayers",
              "runs": {
                "batter": 1,
                "extras": 0,
                "total": 1
              }
            },
            {
              "batter": "KR Mayers",
              "bowler": "Khaled Ahmed",
              "non_striker": "Mahmudullah",
              "runs": {
                "batter": 2,
                "extras": 0,
                "total": 2
              }
            },
            {
              "batter": "KR Mayers",
              "bowler": "Khaled Ahmed",
              "non_striker": "Mahmudullah",
              "runs": {
                "batter": 1,
                "extras": 0,
                "total": 1
              }
            }
          ]
        },
        {
          "over": 17,
          "deliveries": [
            {
              "batter": "KR Mayers",
              "bowler": "Shoriful Islam",
              "non_striker": "Mahmudullah",
              "runs": {
                "batter": 1,
                "extras": 0,
                "total": 1
              }
            },
            {
              "batter": "Mahmudullah",
              "bowler": "Shoriful Islam",
              "extras": {
                "legbyes": 1
              },
              "non_striker": "KR Mayers",
              "runs": {
                "batter": 0,
                "extras": 1,
                "total": 1
              }
            },
            {
              "batter": "KR Mayers",
              "bowler": "Shoriful Islam",
              "non_striker": "Mahmudullah",
              "runs": {
                "batter": 0,
                "extras": 0,
                "total": 0
              },
              "wickets": [
                {
                  "player_out": "KR Mayers",
                  "fielders": [
                    {
                      "name": "Marshall Ayub",
                      "substitute": true
                    }
                  ],
                  "kind": "caught"
                }
              ]
            },
            {
              "batter": "Mohammad Nabi",
              "bowler": "Shoriful Islam",
              "non_striker": "Mahmudullah",
              "runs": {
                "batter": 1,
                "extras": 0,
                "total": 1
              }
            },
            {
              "batter": "Mahmudullah",
              "bowler": "Shoriful Islam",
              "non_striker": "Mohammad Nabi",
              "runs": {
                "batter": 0,
                "extras": 0,
                "total": 0
              },
              "wickets": [
                {
                  "player_out": "Mahmudullah",
                  "fielders": [
                    {
                      "name": "Mohammad Mithun"
                    }
                  ],
                  "kind": "caught"
                }
              ]
            },
            {
              "batter": "Rishad Hossain",
              "bowler": "Shoriful Islam",
              "non_striker": "Mohammad Nabi",
              "runs": {
                "batter": 2,
                "extras": 0,
                "total": 2
              }
            }
          ]
        },
        {
          "over": 18,
          "deliveries": [
            {
              "batter": "Mohammad Nabi",
              "bowler": "B Fernando",
              "non_striker": "Rishad Hossain",
              "runs": {
                "batter": 2,
                "extras": 0,
                "total": 2
              }
            },
            {
              "batter": "Mohammad Nabi",
              "bowler": "B Fernando",
              "non_striker": "Rishad Hossain",
              "runs": {
                "batter": 1,
                "extras": 0,
                "total": 1
              }
            },
            {
              "batter": "Rishad Hossain",
              "bowler": "B Fernando",
              "non_striker": "Mohammad Nabi",
              "runs": {
                "batter": 0,
                "extras": 0,
                "total": 0
              }
            },
            {
              "batter": "Rishad Hossain",
              "bowler": "B Fernando",
              "non_striker": "Mohammad Nabi",
              "runs": {
                "batter": 6,
                "extras": 0,
                "total": 6
              }
            },
            {
              "batter": "Rishad Hossain",
              "bowler": "B Fernando",
              "non_striker": "Mohammad Nabi",
              "runs": {
                "batter": 3,
                "extras": 0,
                "total": 3
              }
            },
            {
              "batter": "Mohammad Nabi",
              "bowler": "B Fernando",
              "non_striker": "Rishad Hossain",
              "runs": {
                "batter": 0,
                "extras": 0,
                "total": 0
              },
              "wickets": [
                {
                  "player_out": "Mohammad Nabi",
                  "fielders": [
                    {
                      "name": "Khaled Ahmed"
                    }
                  ],
                  "kind": "caught"
                }
              ]
            }
          ]
        },
        {
          "over": 19,
          "deliveries": [
            {
              "batter": "Rishad Hossain",
              "bowler": "Hussain Talat",
              "non_striker": "Tanvir Islam",
              "runs": {
                "batter": 6,
                "extras": 0,
                "total": 6
              }
            },
            {
              "batter": "Rishad Hossain",
              "bowler": "Hussain Talat",
              "non_striker": "Tanvir Islam",
              "runs": {
                "batter": 1,
                "extras": 0,
                "total": 1
              }
            },
            {
              "batter": "Tanvir Islam",
              "bowler": "Hussain Talat",
              "non_striker": "Rishad Hossain",
              "runs": {
                "batter": 0,
                "extras": 0,
                "total": 0
              }
            },
            {
              "batter": "Tanvir Islam",
              "bowler": "Hussain Talat",
              "extras": {
                "wides": 1
              },
              "non_striker": "Rishad Hossain",
              "runs": {
                "batter": 0,
                "extras": 1,
                "total": 1
              }
            }
          ]
        }
      ],
      "powerplays": [
        {
          "from": 0.1,
          "to": 5.6,
          "type": "mandatory"
        }
      ],
      "target": {
        "overs": 20,
        "runs": 195
      }
    }
  ]
}