{
  "meta": {
    "data_version": "1.1.0",
    "created": "2025-01-03",
    "revision": 1
  },
  "info": {
    "balls_per_over": 6,
    "city": "Dhaka",
    "dates": [
      "2025-01-02"
    ],
    "event": {
      "name": "Bangladesh Premier League",
      "match_number": 5
    },
    "gender": "male",
    "match_type": "T20",
    "officials": {
      "match_referees": [
        "Akhtar Ahmad"
      ],
      "reserve_umpires": [
        "Ali Arman"
      ],
      "tv_umpires": [
        "Mohammad Kamruzzaman"
      ],
      "umpires": [
        "Mahfuzur Rahman",
        "RR Wimalasiri"
      ]
    },
    "outcome": {
      "winner": "Durbar Rajshahi",
      "by": {
        "wickets": 7
      }
    },
    "overs": 20,
    "player_of_match": [
      "Taskin Ahmed"
    ],
    "players": {
      "Dhaka Capital": [
        "Liton Das",
        "Tanzid Hasan",
        "SS Eskinazi",
        "Shahadat Hossain",
        "NLTC Perera",
        "Shubham Ranjane",
        "PC de Silva",
        "Alauddin Babu",
        "Mukidul Islam",
        "Nazmul Islam",
        "Mustafizur Rahman"
      ],
      "Durbar Rajshahi": [
        "Mohammad Haris",
        "Jishan Alam",
        "Anamul Haque",
        "Yasir Ali Chowdhury",
        "RP Burl",
        "Akbar Ali",
        "Sabbir Hossain",
        "Taskin Ahmed",
        "Hasan Murad",
        "Mohor Sheikh",
        "Shafiul Islam"
      ]
    },
    "registry": {
      "people": {
        "Akbar Ali": "abae26ad",
        "Akhtar Ahmad": "29859e71",
        "Alauddin Babu": "721032ec",
        "Ali Arman": "1342d8d8",
        "Anamul Haque": "72b245dd",
        "Hasan Murad": "da9f58aa",
        "Jishan Alam": "86e22dd4",
        "Liton Das": "0404d43c",
        "Mahfuzur Rahman": "3275b68b",
        "Mohammad Haris": "ff3f6fc1",
        "Mohammad Kamruzzaman": "74eb8175",
        "Mohor Sheikh": "b3213c74",
        "Mukidul Islam": "a699488a",
        "Mustafizur Rahman": "0a8fce53",
        "NLTC Perera": "0f12f9df",
        "Nazmul Islam": "6575e3bc",
        "PC de Silva": "b40ee8a8",
        "RP Burl": "b08252b8",
        "RR Wimalasiri": "4950c8db",
        "SS Eskinazi": "75cbed9b",
        "Sabbir Hossain": "047e80ca",
        "Shafiul Islam": "1a8eebbe",
        "Shahadat Hossain": "69e23303",
        "Shubham Ranjane": "6c7a68d0",
        "Tanzid Hasan": "80fe764d",
        "Taskin Ahmed": "ef18b66e",
        "Yasir Ali Chowdhury": "5791b840"
      }
    },
    "season": "2024/25",
    "team_type": "club",
    "teams": [
      "Dhaka Capital",
      "Durbar Rajshahi"
    ],
    "toss": {
      "decision": "bat",
      "winner": "Dhaka Capital"
    },
    "venue": "Shere Bangla National Stadium, Mirpur"
  },
  "innings": [
    {
      "team": "Dhaka Capital",
      "overs": [
        {
          "over": 0,
          "deliveries": [
            {
              "batter": "Liton Das",
              "bowler": "Jishan Alam",
              "non_striker": "Tanzid Hasan",
              "runs": {
                "batter": 0,
                "extras": 0,
                "total": 0
              }
            },
            {
              "batter": "Liton Das",
              "bowler": "Jishan Alam",
              "non_striker": "Tanzid Hasan",
              "runs": {
                "batter": 0,
                "extras": 0,
                "total": 0
              }
            },
            {
              "batter": "Liton Das",
              "bowler": "Jishan Alam",
              "extras": {
                "legbyes": 1
              },
              "non_striker": "Tanzid Hasan",
              "runs": {
                "batter": 0,
                "extras": 1,
                "total": 1
              }
            },
            {
              "batter": "Tanzid Hasan",
              "bowler": "Jishan Alam",
              "non_striker": "Liton Das",
              "runs": {
                "batter": 0,
                "extras": 0,
                "total": 0
              }
            },
            {
              "batter": "Tanzid Hasan",
              "bowler": "Jishan Alam",
              "non_striker": "Liton Das",
              "runs": {
                "batter": 4,
                "extras": 0,
                "total": 4
              }
            },
            {
              "batter": "Tanzid Hasan",
              "bowler": "Jishan Alam",
              "non_striker": "Liton Das",
              "runs": {
                "batter": 0,
                "extras": 0,
                "total": 0
              }
            }
          ]
        },
        {
          "over": 1,
          "deliveries": [
            {
              "batter": "Liton Das",
              "bowler": "Taskin Ahmed",
              "non_striker": "Tanzid Hasan",
              "runs": {
                "batter": 0,
                "extras": 0,
                "total": 0
              }
            },
            {
              "batter": "Liton Das",
              "bowler": "Taskin Ahmed",
              "non_striker": "Tanzid Hasan",
              "runs": {
                "batter": 0,
                "extras": 0,
                "total": 0
              },
              "wickets": [
                {
                  "player_out": "Liton Das",
                  "fielders": [
                    {
                      "name": "Yasir Ali Chowdhury"
                    }
                  ],
                  "kind": "caught"
                }
              ]
            },
            {
              "batter": "SS Eskinazi",
              "bowler": "Taskin Ahmed",
              "non_striker": "Tanzid Hasan",
              "runs": {
                "batter": 0,
                "extras": 0,
                "total": 0
              }
            },
            {
              "batter": "SS Eskinazi",
              "bowler": "Taskin Ahmed",
              "non_striker": "Tanzid Hasan",
              "runs": {
                "batter": 0,
                "extras": 0,
                "total": 0
              }
            },
            {
              "batter": "SS Eskinazi",
              "bowler": "Taskin Ahmed",
              "non_striker": "Tanzid Hasan",
              "runs": {
                "batter": 4,
                "extras": 0,
                "total": 4
              }
            },
            {
              "batter": "SS Eskinazi",
              "bowler": "Taskin Ahmed",
              "non_striker": "Tanzid Hasan",
              "runs": {
                "batter": 0,
                "extras": 0,
                "total": 0
              }
            }
          ]
        },
        {
          "over": 2,
          "deliveries": [
            {
              "batter": "Tanzid Hasan",
              "bowler": "Jishan Alam",
              "non_striker": "SS Eskinazi",
              "runs": {
                "batter": 0,
                "extras": 0,
                "total": 0
              }
            },
            {
              "batter": "Tanzid Hasan",
              "bowler": "Jishan Alam",
              "non_striker": "SS Eskinazi",
              "runs": {
                "batter": 0,
                "extras": 0,
                "total": 0
              }
            },
            {
              "batter": "Tanzid Hasan",
              "bowler": "Jishan Alam",
              "non_striker": "SS Eskinazi",
              "runs": {
                "batter": 2,
                "extras": 0,
                "total": 2
              }
            },
            {
              "batter": "Tanzid Hasan",
              "bowler": "Jishan Alam",
              "non_striker": "SS Eskinazi",
              "runs": {
                "batter": 0,
                "extras": 0,
                "total": 0
              }
            },
            {
              "batter": "Tanzid Hasan",
              "bowler": "Jishan Alam",
              "non_striker": "SS Eskinazi",
              "runs": {
                "batter": 1,
                "extras": 0,
                "total": 1
              }
            },
            {
              "batter": "SS Eskinazi",
              "bowler": "Jishan Alam",
              "non_striker": "Tanzid Hasan",
              "runs": {
                "batter": 0,
                "extras": 0,
                "total": 0
              }
            }
          ]
        },
        {
          "over": 3,
          "deliveries": [
            {
              "batter": "Tanzid Hasan",
              "bowler": "Taskin Ahmed",
              "non_striker": "SS Eskinazi",
              "runs": {
                "batter": 2,
                "extras": 0,
                "total": 2
              }
            },
            {
              "batter": "Tanzid Hasan",
              "bowler": "Taskin Ahmed",
              "non_striker": "SS Eskinazi",
              "runs": {
                "batter": 0,
                "extras": 0,
                "total": 0
              },
              "wickets": [
                {
                  "player_out": "Tanzid Hasan",
                  "fielders": [
                    {
                      "name": "Akbar Ali"
                    }
                  ],
                  "kind": "caught"
                }
              ]
            },
            {
              "batter": "Shahadat Hossain",
              "bowler": "Taskin Ahmed",
              "non_striker": "SS Eskinazi",
              "runs": {
                "batter": 0,
                "extras": 0,
                "total": 0
              }
            },
            {
              "batter": "Shahadat Hossain",
              "bowler": "Taskin Ahmed",
              "non_striker": "SS Eskinazi",
              "runs": {
                "batter": 4,
                "extras": 0,
                "total": 4
              }
            },
            {
              "batter": "Shahadat Hossain",
              "bowler": "Taskin Ahmed",
              "non_striker": "SS Eskinazi",
              "runs": {
                "batter": 4,
                "extras": 0,
                "total": 4
              }
            },
            {
              "batter": "Shahadat Hossain",
              "bowler": "Taskin Ahmed",
              "non_striker": "SS Eskinazi",
              "runs": {
                "batter": 0,
                "extras": 0,
                "total": 0
              }
            }
          ]
        },
        {
          "over": 4,
          "deliveries": [
            {
              "batter": "SS Eskinazi",
              "bowler": "Shafiul Islam",
              "non_striker": "Shahadat Hossain",
              "runs": {
                "batter": 0,
                "extras": 0,
                "total": 0
              }
            },
            {
              "batter": "SS Eskinazi",
              "bowler": "Shafiul Islam",
              "extras": {
                "wides": 1
              },
              "non_striker": "Shahadat Hossain",
              "runs": {
                "batter": 0,
                "extras": 1,
                "total": 1
              }
            },
            {
              "batter": "SS Eskinazi",
              "bowler": "Shafiul Islam",
              "non_striker": "Shahadat Hossain",
              "runs": {
                "batter": 6,
                "extras": 0,
                "total": 6
              }
            },
            {
              "batter": "SS Eskinazi",
              "bowler": "Shafiul Islam",
              "non_striker": "Shahadat Hossain",
              "runs": {
                "batter": 6,
                "extras": 0,
                "total": 6
              }
            },
            {
              "batter": "SS Eskinazi",
              "bowler": "Shafiul Islam",
              "non_striker": "Shahadat Hossain",
              "runs": {
                "batter": 0,
                "extras": 0,
                "total": 0
              }
            },
            {
              "batter": "SS Eskinazi",
              "bowler": "Shafiul Islam",
              "non_striker": "Shahadat Hossain",
              "runs": {
                "batter": 1,
                "extras": 0,
                "total": 1
              }
            },
            {
              "batter": "Shahadat Hossain",
              "bowler": "Shafiul Islam",
              "extras": {
                "byes": 1,
                "noballs": 1
              },
              "non_striker": "SS Eskinazi",
              "runs": {
                "batter": 0,
                "extras": 2,
                "total": 2
              }
            },
            {
              "batter": "SS Eskinazi",
              "bowler": "Shafiul Islam",
              "non_striker": "Shahadat Hossain",
              "runs": {
                "batter": 4,
                "extras": 0,
                "total": 4
              }
            }
          ]
        },
        {
          "over": 5,
          "deliveries": [
            {
              "batter": "Shahadat Hossain",
              "bowler": "Mohor Sheikh",
              "non_striker": "SS Eskinazi",
              "runs": {
                "batter": 1,
                "extras": 0,
                "total": 1
              }
            },
            {
              "batter": "SS Eskinazi",
              "bowler": "Mohor Sheikh",
              "non_striker": "Shahadat Hossain",
              "runs": {
                "batter": 0,
                "extras": 0,
                "total": 0
              }
            },
            {
              "batter": "SS Eskinazi",
              "bowler": "Mohor Sheikh",
              "non_striker": "Shahadat Hossain",
              "runs": {
                "batter": 1,
                "extras": 0,
                "total": 1
              }
            },
            {
              "batter": "Shahadat Hossain",
              "bowler": "Mohor Sheikh",
              "extras": {
                "wides": 1
              },
              "non_striker": "SS Eskinazi",
              "runs": {
                "batter": 0,
                "extras": 1,
                "total": 1
              }
            },
            {
              "batter": "Shahadat Hossain",
              "bowler": "Mohor Sheikh",
              "extras": {
                "noballs": 1
              },
              "non_striker": "SS Eskinazi",
              "runs": {
                "batter": 4,
                "extras": 1,
                "total": 5
              }
            },
            {
              "batter": "Shahadat Hossain",
              "bowler": "Mohor Sheikh",
              "non_striker": "SS Eskinazi",
              "runs": {
                "batter": 4,
                "extras": 0,
                "total": 4
              }
            },
            {
              "batter": "Shahadat Hossain",
              "bowler": "Mohor Sheikh",
              "non_striker": "SS Eskinazi",
              "runs": {
                "batter": 1,
                "extras": 0,
                "total": 1
              }
            },
            {
              "batter": "SS Eskinazi",
              "bowler": "Mohor Sheikh",
              "non_striker": "Shahadat Hossain",
              "runs": {
                "batter": 1,
                "extras": 0,
                "total": 1
              }
            }
          ]
        },
        {
          "over": 6,
          "deliveries": [
            {
              "batter": "SS Eskinazi",
              "bowler": "Hasan Murad",
              "non_striker": "Shahadat Hossain",
              "runs": {
                "batter": 2,
                "extras": 0,
                "total": 2
              }
            },
            {
              "batter": "SS Eskinazi",
              "bowler": "Hasan Murad",
              "non_striker": "Shahadat Hossain",
              "runs": {
                "batter": 1,
                "extras": 0,
                "total": 1
              }
            },
            {
              "batter": "Shahadat Hossain",
              "bowler": "Hasan Murad",
              "extras": {
                "wides": 1
              },
              "non_striker": "SS Eskinazi",
              "runs": {
                "batter": 0,
                "extras": 1,
                "total": 1
              }
            },
            {
              "batter": "Shahadat Hossain",
              "bowler": "Hasan Murad",
              "non_striker": "SS Eskinazi",
              "runs": {
                "batter": 0,
                "extras": 0,
                "total": 0
              }
            },
            {
              "batter": "Shahadat Hossain",
              "bowler": "Hasan Murad",
              "non_striker": "SS Eskinazi",
              "runs": {
                "batter": 1,
                "extras": 0,
                "total": 1
              }
            },
            {
              "batter": "SS Eskinazi",
              "bowler": "Hasan Murad",
              "non_striker": "Shahadat Hossain",
              "runs": {
                "batter": 1,
                "extras": 0,
                "total": 1
              }
            },
            {
              "batter": "Shahadat Hossain",
              "bowler": "Hasan Murad",
              "non_striker": "SS Eskinazi",
              "runs": {
                "batter": 4,
                "extras": 0,
                "total": 4
              }
            }
          ]
        },
        {
          "over": 7,
          "deliveries": [
            {
              "batter": "SS Eskinazi",
              "bowler": "RP Burl",
              "non_striker": "Shahadat Hossain",
              "runs": {
                "batter": 1,
                "extras": 0,
                "total": 1
              }
            },
            {
              "batter": "Shahadat Hossain",
              "bowler": "RP Burl",
              "non_striker": "SS Eskinazi",
              "runs": {
                "batter": 0,
                "extras": 0,
                "total": 0
              }
            },
            {
              "batter": "Shahadat Hossain",
              "bowler": "RP Burl",
              "non_striker": "SS Eskinazi",
              "runs": {
                "batter": 0,
                "extras": 0,
                "total": 0
              }
            },
            {
              "batter": "Shahadat Hossain",
              "bowler": "RP Burl",
              "non_striker": "SS Eskinazi",
              "runs": {
                "batter": 0,
                "extras": 0,
                "total": 0
              }
            },
            {
              "batter": "Shahadat Hossain",
              "bowler": "RP Burl",
              "non_striker": "SS Eskinazi",
              "runs": {
                "batter": 0,
                "extras": 0,
                "total": 0
              }
            },
            {
              "batter": "Shahadat Hossain",
              "bowler": "RP Burl",
              "non_striker": "SS Eskinazi",
              "runs": {
                "batter": 2,
                "extras": 0,
                "total": 2
              }
            }
          ]
        },
        {
          "over": 8,
          "deliveries": [
            {
              "batter": "SS Eskinazi",
              "bowler": "Sabbir Hossain",
              "non_striker": "Shahadat Hossain",
              "runs": {
                "batter": 4,
                "extras": 0,
                "total": 4
              }
            },
            {
              "batter": "SS Eskinazi",
              "bowler": "Sabbir Hossain",
              "non_striker": "Shahadat Hossain",
              "runs": {
                "batter": 4,
                "extras": 0,
                "total": 4
              }
            },
            {
              "batter": "SS Eskinazi",
              "bowler": "Sabbir Hossain",
              "non_striker": "Shahadat Hossain",
              "runs": {
                "batter": 0,
                "extras": 0,
                "total": 0
              }
            },
            {
              "batter": "SS Eskinazi",
              "bowler": "Sabbir Hossain",
              "non_striker": "Shahadat Hossain",
              "runs": {
                "batter": 1,
                "extras": 0,
                "total": 1
              }
            },
            {
              "batter": "Shahadat Hossain",
              "bowler": "Sabbir Hossain",
              "non_striker": "SS Eskinazi",
              "runs": {
                "batter": 1,
                "extras": 0,
                "total": 1
              }
            },
            {
              "batter": "SS Eskinazi",
              "bowler": "Sabbir Hossain",
              "non_striker": "Shahadat Hossain",
              "runs": {
                "batter": 4,
                "extras": 0,
                "total": 4
              }
            }
          ]
        },
        {
          "over": 9,
          "deliveries": [
            {
              "batter": "Shahadat Hossain",
              "bowler": "Shafiul Islam",
              "non_striker": "SS Eskinazi",
              "runs": {
                "batter": 2,
                "extras": 0,
                "total": 2
              }
            },
            {
              "batter": "Shahadat Hossain",
              "bowler": "Shafiul Islam",
              "non_striker": "SS Eskinazi",
              "runs": {
                "batter": 1,
                "extras": 0,
                "total": 1
              }
            },
            {
              "batter": "SS Eskinazi",
              "bowler": "Shafiul Islam",
              "non_striker": "Shahadat Hossain",
              "runs": {
                "batter": 0,
                "extras": 0,
                "total": 0
              }
            },
            {
              "batter": "SS Eskinazi",
              "bowler": "Shafiul Islam",
              "non_striker": "Shahadat Hossain",
              "runs": {
                "batter": 0,
                "extras": 0,
                "total": 0
              }
            },
            {
              "batter": "SS Eskinazi",
              "bowler": "Shafiul Islam",
              "non_striker": "Shahadat Hossain",
              "runs": {
                "batter": 1,
                "extras": 0,
                "total": 1
              }
            },
            {
              "batter": "Shahadat Hossain",
              "bowler": "Shafiul Islam",
              "non_striker": "SS Eskinazi",
              "runs": {
                "batter": 1,
                "extras": 0,
                "total": 1
              }
            }
          ]
        },
        {
          "over": 10,
          "deliveries": [
            {
              "batter": "Shahadat Hossain",
              "bowler": "Hasan Murad",
              "non_striker": "SS Eskinazi",
              "runs": {
                "batter": 0,
                "extras": 0,
                "total": 0
              }
            },
            {
              "batter": "Shahadat Hossain",
              "bowler": "Hasan Murad",
              "non_striker": "SS Eskinazi",
              "runs": {
                "batter": 1,
                "extras": 0,
                "total": 1
              }
            },
            {
              "batter": "SS Eskinazi",
              "bowler": "Hasan Murad",
              "non_striker": "Shahadat Hossain",
              "runs": {
                "batter": 4,
                "extras": 0,
                "total": 4
              }
            },
            {
              "batter": "SS Eskinazi",
              "bowler": "Hasan Murad",
              "non_striker": "Shahadat Hossain",
              "runs": {
                "batter": 0,
                "extras": 0,
                "total": 0
              }
            },
            {
              "batter": "SS Eskinazi",
              "bowler": "Hasan Murad",
              "non_striker": "Shahadat Hossain",
              "runs": {
                "batter": 0,
                "extras": 0,
                "total": 0
              },
              "wickets": [
                {
                  "player_out": "SS Eskinazi",
                  "kind": "bowled"
                }
              ]
            },
            {
              "batter": "NLTC Perera",
              "bowler": "Hasan Murad",
              "non_striker": "Shahadat Hossain",
              "runs": {
                "batter": 6,
                "extras": 0,
                "total": 6
              }
            }
          ]
        },
        {
          "over": 11,
          "deliveries": [
            {
              "batter": "Shahadat Hossain",
              "bowler": "RP Burl",
              "non_striker": "NLTC Perera",
              "runs": {
                "batter": 0,
                "extras": 0,
                "total": 0
              }
            },
            {
              "batter": "Shahadat Hossain",
              "bowler": "RP Burl",
              "non_striker": "NLTC Perera",
              "runs": {
                "batter": 1,
                "extras": 0,
                "total": 1
              }
            },
            {
              "batter": "NLTC Perera",
              "bowler": "RP Burl",
              "non_striker": "Shahadat Hossain",
              "runs": {
                "batter": 1,
                "extras": 0,
                "total": 1
              }
            },
            {
              "batter": "Shahadat Hossain",
              "bowler": "RP Burl",
              "non_striker": "NLTC Perera",
              "runs": {
                "batter": 4,
                "extras": 0,
                "total": 4
              }
            },
            {
              "batter": "Shahadat Hossain",
              "bowler": "RP Burl",
              "non_striker": "NLTC Perera",
              "runs": {
                "batter": 0,
                "extras": 0,
                "total": 0
              }
            },
            {
              "batter": "Shahadat Hossain",
              "bowler": "RP Burl",
              "non_striker": "NLTC Perera",
              "runs": {
                "batter": 1,
                "extras": 0,
                "total": 1
              }
            }
          ]
        },
        {
          "over": 12,
          "deliveries": [
            {
              "batter": "Shahadat Hossain",
              "bowler": "Jishan Alam",
              "non_striker": "NLTC Perera",
              "runs": {
                "batter": 0,
                "extras": 0,
                "total": 0
              }
            },
            {
              "batter": "Shahadat Hossain",
              "bowler": "Jishan Alam",
              "non_striker": "NLTC Perera",
              "runs": {
                "batter": 4,
                "extras": 0,
                "total": 4
              }
            },
            {
              "batter": "Shahadat Hossain",
              "bowler": "Jishan Alam",
              "non_striker": "NLTC Perera",
              "runs": {
                "batter": 1,
                "extras": 0,
                "total": 1
              }
            },
            {
              "batter": "NLTC Perera",
              "bowler": "Jishan Alam",
              "non_striker": "Shahadat Hossain",
              "runs": {
                "batter": 6,
                "extras": 0,
                "total": 6
              }
            },
            {
              "batter": "NLTC Perera",
              "bowler": "Jishan Alam",
              "non_striker": "Shahadat Hossain",
              "runs": {
                "batter": 1,
                "extras": 0,
                "total": 1
              }
            },
            {
              "batter": "Shahadat Hossain",
              "bowler": "Jishan Alam",
              "non_striker": "NLTC Perera",
              "runs": {
                "batter": 1,
                "extras": 0,
                "total": 1
              }
            }
          ]
        },
        {
          "over": 13,
          "deliveries": [
            {
              "batter": "Shahadat Hossain",
              "bowler": "RP Burl",
              "non_striker": "NLTC Perera",
              "runs": {
                "batter": 0,
                "extras": 0,
                "total": 0
              }
            },
            {
              "batter": "Shahadat Hossain",
              "bowler": "RP Burl",
              "non_striker": "NLTC Perera",
              "runs": {
                "batter": 1,
                "extras": 0,
                "total": 1
              }
            },
            {
              "batter": "NLTC Perera",
              "bowler": "RP Burl",
              "non_striker": "Shahadat Hossain",
              "runs": {
                "batter": 0,
                "extras": 0,
                "total": 0
              }
            },
            {
              "batter": "NLTC Perera",
              "bowler": "RP Burl",
              "non_striker": "Shahadat Hossain",
              "runs": {
                "batter": 2,
                "extras": 0,
                "total": 2
              }
            },
            {
              "batter": "NLTC Perera",
              "bowler": "RP Burl",
              "non_striker": "Shahadat Hossain",
              "runs": {
                "batter": 1,
                "extras": 0,
                "total": 1
              }
            },
            {
              "batter": "Shahadat Hossain",
              "bowler": "RP Burl",
              "non_striker": "NLTC Perera",
              "runs": {
                "batter": 1,
                "extras": 0,
                "total": 1
              }
            }
          ]
        },
        {
          "over": 14,
          "deliveries": [
            {
              "batter": "Shahadat Hossain",
              "bowler": "Mohor Sheikh",
              "non_striker": "NLTC Perera",
              "runs": {
                "batter": 1,
                "extras": 0,
                "total": 1
              }
            },
            {
              "batter": "NLTC Perera",
              "bowler": "Mohor Sheikh",
              "non_striker": "Shahadat Hossain",
              "runs": {
                "batter": 4,
                "extras": 0,
                "total": 4
              }
            },
            {
              "batter": "NLTC Perera",
              "bowler": "Mohor Sheikh",
              "non_striker": "Shahadat Hossain",
              "runs": {
                "batter": 0,
                "extras": 0,
                "total": 0
              },
              "wickets": [
                {
                  "player_out": "NLTC Perera",
                  "fielders": [
                    {
                      "name": "Yasir Ali Chowdhury"
                    }
                  ],
                  "kind": "caught"
                }
              ]
            },
            {
              "batter": "Shubham Ranjane",
              "bowler": "Mohor Sheikh",
              "non_striker": "Shahadat Hossain",
              "runs": {
                "batter": 0,
                "extras": 0,
                "total": 0
              }
            },
            {
              "batter": "Shubham Ranjane",
              "bowler": "Mohor Sheikh",
              "extras": {
                "wides": 1
              },
              "non_striker": "Shahadat Hossain",
              "runs": {
                "batter": 0,
                "extras": 1,
                "total": 1
              }
            },
            {
              "batter": "Shubham Ranjane",
              "bowler": "Mohor Sheikh",
              "non_striker": "Shahadat Hossain",
              "runs": {
                "batter": 1,
                "extras": 0,
                "total": 1
              }
            },
            {
              "batter": "Shahadat Hossain",
              "bowler": "Mohor Sheikh",
              "non_striker": "Shubham Ranjane",
              "runs": {
                "batter": 1,
                "extras": 0,
                "total": 1
              }
            }
          ]
        },
        {
          "over": 15,
          "deliveries": [
            {
              "batter": "Shahadat Hossain",
              "bowler": "Shafiul Islam",
              "non_striker": "Shubham Ranjane",
              "runs": {
                "batter": 1,
                "extras": 0,
                "total": 1
              }
            },
            {
              "batter": "Shubham Ranjane",
              "bowler": "Shafiul Islam",
              "non_striker": "Shahadat Hossain",
              "runs": {
                "batter": 1,
                "extras": 0,
                "total": 1
              }
            },
            {
              "batter": "Shahadat Hossain",
              "bowler": "Shafiul Islam",
              "non_striker": "Shubham Ranjane",
              "runs": {
                "batter": 1,
                "extras": 0,
                "total": 1
              }
            },
            {
              "batter": "Shubham Ranjane",
              "bowler": "Shafiul Islam",
              "non_striker": "Shahadat Hossain",
              "runs": {
                "batter": 0,
                "extras": 0,
                "total": 0
              }
            },
            {
              "batter": "Shubham Ranjane",
              "bowler": "Shafiul Islam",
              "non_striker": "Shahadat Hossain",
              "runs": {
                "batter": 1,
                "extras": 0,
                "total": 1
              }
            },
            {
              "batter": "Shahadat Hossain",
              "bowler": "Shafiul Islam",
              "non_striker": "Shubham Ranjane",
              "runs": {
                "batter": 1,
                "extras": 0,
                "total": 1
              }
            }
          ]
        },
        {
          "over": 16,
          "deliveries": [
            {
              "batter": "Shahadat Hossain",
              "bowler": "Taskin Ahmed",
              "non_striker": "Shubham Ranjane",
              "runs": {
                "batter": 0,
                "extras": 0,
                "total": 0
              },
              "wickets": [
                {
                  "player_out": "Shahadat Hossain",
                  "fielders": [
                    {
                      "name": "RP Burl"
                    }
                  ],
                  "kind": "caught"
                }
              ]
            },
            {
              "batter": "PC de Silva",
              "bowler": "Taskin Ahmed",
              "non_striker": "Shubham Ranjane",
              "runs": {
                "batter": 1,
                "extras": 0,
                "total": 1
              }
            },
            {
              "batter": "Shubham Ranjane",
              "bowler": "Taskin Ahmed",
              "non_striker": "PC de Silva",
              "runs": {
                "batter": 1,
                "extras": 0,
                "total": 1
              }
            },
            {
              "batter": "PC de Silva",
              "bowler": "Taskin Ahmed",
              "non_striker": "Shubham Ranjane",
              "runs": {
                "batter": 0,
                "extras": 0,
                "total": 0
              }
            },
            {
              "batter": "PC de Silva",
              "bowler": "Taskin Ahmed",
              "non_striker": "Shubham Ranjane",
              "runs": {
                "batter": 0,
                "extras": 0,
                "total": 0
              },
              "wickets": [
                {
                  "player_out": "PC de Silva",
                  "fielders": [
                    {
                      "name": "Akbar Ali"
                    }
                  ],
                  "kind": "caught"
                }
              ]
            },
            {
              "batter": "Alauddin Babu",
              "bowler": "Taskin Ahmed",
              "non_striker": "Shubham Ranjane",
              "runs": {
                "batter": 1,
                "extras": 0,
                "total": 1
              }
            }
          ]
        },
        {
          "over": 17,
          "deliveries": [
            {
              "batter": "Alauddin Babu",
              "bowler": "RP Burl",
              "non_striker": "Shubham Ranjane",
              "runs": {
                "batter": 1,
                "extras": 0,
                "total": 1
              }
            },
            {
              "batter": "Shubham Ranjane",
              "bowler": "RP Burl",
              "non_striker": "Alauddin Babu",
              "runs": {
                "batter": 4,
                "extras": 0,
                "total": 4
              }
            },
            {
              "batter": "Shubham Ranjane",
              "bowler": "RP Burl",
              "non_striker": "Alauddin Babu",
              "runs": {
                "batter": 6,
                "extras": 0,
                "total": 6
              }
            },
            {
              "batter": "Shubham Ranjane",
              "bowler": "RP Burl",
              "non_striker": "Alauddin Babu",
              "runs": {
                "batter": 4,
                "extras": 0,
                "total": 4
              }
            },
            {
              "batter": "Shubham Ranjane",
              "bowler": "RP Burl",
              "non_striker": "Alauddin Babu",
              "runs": {
                "batter": 1,
                "extras": 0,
                "total": 1
              }
            },
            {
              "batter": "Alauddin Babu",
              "bowler": "RP Burl",
              "non_striker": "Shubham Ranjane",
              "runs": {
                "batter": 0,
                "extras": 0,
                "total": 0
              }
            }
          ]
        },
        {
          "over": 18,
          "deliveries": [
            {
              "batter": "Shubham Ranjane",
              "bowler": "Shafiul Islam",
              "non_striker": "Alauddin Babu",
              "runs": {
                "batter": 1,
                "extras": 0,
                "total": 1
              }
            },
            {
              "batter": "Alauddin Babu",
              "bowler": "Shafiul Islam",
              "non_striker": "Shubham Ranjane",
              "runs": {
                "batter": 4,
                "extras": 0,
                "total": 4
              }
            },
            {
              "batter": "Alauddin Babu",
              "bowler": "Shafiul Islam",
              "non_striker": "Shubham Ranjane",
              "runs": {
                "batter": 0,
                "extras": 0,
                "total": 0
              }
            },
            {
              "batter": "Alauddin Babu",
              "bowler": "Shafiul Islam",
              "non_striker": "Shubham Ranjane",
              "runs": {
                "batter": 6,
                "extras": 0,
                "total": 6
              }
            },
            {
              "batter": "Alauddin Babu",
              "bowler": "Shafiul Islam",
              "non_striker": "Shubham Ranjane",
              "runs": {
                "batter": 1,
                "extras": 0,
                "total": 1
              }
            },
            {
              "batter": "Shubham Ranjane",
              "bowler": "Shafiul Islam",
              "non_striker": "Alauddin Babu",
              "runs": {
                "batter": 4,
                "extras": 0,
                "total": 4
              }
            }
          ]
        },
        {
          "over": 19,
          "deliveries": [
            {
              "batter": "Alauddin Babu",
              "bowler": "Taskin Ahmed",
              "non_striker": "Shubham Ranjane",
              "runs": {
                "batter": 0,
                "extras": 0,
                "total": 0
              }
            },
            {
              "batter": "Alauddin Babu",
              "bowler": "Taskin Ahmed",
              "non_striker": "Shubham Ranjane",
              "runs": {
                "batter": 0,
                "extras": 0,
                "total": 0
              },
              "wickets": [
                {
                  "player_out": "Alauddin Babu",
                  "fielders": [
                    {
                      "name": "RP Burl"
                    }
                  ],
                  "kind": "caught"
                }
              ]
            },
            {
              "batter": "Mukidul Islam",
              "bowler": "Taskin Ahmed",
              "non_striker": "Shubham Ranjane",
              "runs": {
                "batter": 0,
                "extras": 0,
                "total": 0
              },
              "wickets": [
                {
                  "player_out": "Mukidul Islam",
                  "kind": "bowled"
                }
              ]
            },
            {
              "batter": "Nazmul Islam",
              "bowler": "Taskin Ahmed",
              "non_striker": "Shubham Ranjane",
              "runs": {
                "batter": 1,
                "extras": 0,
                "total": 1
              }
            },
            {
              "batter": "Shubham Ranjane",
              "bowler": "Taskin Ahmed",
              "non_striker": "Nazmul Islam",
              "runs": {
                "batter": 0,
                "extras": 0,
                "total": 0
              },
              "wickets": [
                {
                  "player_out": "Shubham Ranjane",
                  "fielders": [
                    {
                      "name": "Mohammad Haris"
                    }
                  ],
                  "kind": "caught"
                }
              ]
            },
            {
              "batter": "Mustafizur Rahman",
              "bowler": "Taskin Ahmed",
              "non_striker": "Nazmul Islam",
              "runs": {
                "batter": 1,
                "extras": 0,
                "total": 1
              }
            }
          ]
        }
      ],
      "powerplays": [
        {
          "from": 0.1,
          "to": 5.8,
          "type": "mandatory"
        }
      ]
    },
    {
      "team": "Durbar Rajshahi",
      "overs": [
        {
          "over": 0,
          "deliveries": [
            {
              "batter": "Mohammad Haris",
              "bowler": "Mustafizur Rahman",
              "non_striker": "Jishan Alam",
              "runs": {
                "batter": 0,
                "extras": 0,
                "total": 0
              }
            },
            {
              "batter": "Mohammad Haris",
              "bowler": "Mustafizur Rahman",
              "non_striker": "Jishan Alam",
              "runs": {
                "batter": 2,
                "extras": 0,
                "total": 2
              }
            },
            {
              "batter": "Mohammad Haris",
              "bowler": "Mustafizur Rahman",
              "extras": {
                "wides": 1
              },
              "non_striker": "Jishan Alam",
              "runs": {
                "batter": 0,
                "extras": 1,
                "total": 1
              }
            },
            {
              "batter": "Mohammad Haris",
              "bowler": "Mustafizur Rahman",
              "non_striker": "Jishan Alam",
              "runs": {
                "batter": 4,
                "extras": 0,
                "total": 4
              }
            },
            {
              "batter": "Mohammad Haris",
              "bowler": "Mustafizur Rahman",
              "non_striker": "Jishan Alam",
              "runs": {
                "batter": 6,
                "extras": 0,
                "total": 6
              }
            },
            {
              "batter": "Mohammad Haris",
              "bowler": "Mustafizur Rahman",
              "non_striker": "Jishan Alam",
              "runs": {
                "batter": 0,
                "extras": 0,
                "total": 0
              },
              "wickets": [
                {
                  "player_out": "Mohammad Haris",
                  "fielders": [
                    {
                      "name": "SS Eskinazi"
                    }
                  ],
                  "kind": "caught"
                }
              ]
            },
            {
              "batter": "Anamul Haque",
              "bowler": "Mustafizur Rahman",
              "non_striker": "Jishan Alam",
              "runs": {
                "batter": 1,
                "extras": 0,
                "total": 1
              }
            }
          ]
        },
        {
          "over": 1,
          "deliveries": [
            {
              "batter": "Anamul Haque",
              "bowler": "Mukidul Islam",
              "non_striker": "Jishan Alam",
              "runs": {
                "batter": 0,
                "extras": 0,
                "total": 0
              }
            },
            {
              "batter": "Anamul Haque",
              "bowler": "Mukidul Islam",
              "non_striker": "Jishan Alam",
              "runs": {
                "batter": 4,
                "extras": 0,
                "total": 4
              }
            },
            {
              "batter": "Anamul Haque",
              "bowler": "Mukidul Islam",
              "non_striker": "Jishan Alam",
              "runs": {
                "batter": 4,
                "extras": 0,
                "total": 4
              }
            },
            {
              "batter": "Anamul Haque",
              "bowler": "Mukidul Islam",
              "non_striker": "Jishan Alam",
              "runs": {
                "batter": 0,
                "extras": 0,
                "total": 0
              }
            },
            {
              "batter": "Anamul Haque",
              "bowler": "Mukidul Islam",
              "non_striker": "Jishan Alam",
              "runs": {
                "batter": 0,
                "extras": 0,
                "total": 0
              }
            },
            {
              "batter": "Anamul Haque",
              "bowler": "Mukidul Islam",
              "non_striker": "Jishan Alam",
              "runs": {
                "batter": 4,
                "extras": 0,
                "total": 4
              }
            }
          ]
        },
        {
          "over": 2,
          "deliveries": [
            {
              "batter": "Jishan Alam",
              "bowler": "Mustafizur Rahman",
              "non_striker": "Anamul Haque",
              "runs": {
                "batter": 0,
                "extras": 0,
                "total": 0
              }
            },
            {
              "batter": "Jishan Alam",
              "bowler": "Mustafizur Rahman",
              "non_striker": "Anamul Haque",
              "runs": {
                "batter": 0,
                "extras": 0,
                "total": 0
              }
            },
            {
              "batter": "Jishan Alam",
              "bowler": "Mustafizur Rahman",
              "non_striker": "Anamul Haque",
              "runs": {
                "batter": 0,
                "extras": 0,
                "total": 0
              }
            },
            {
              "batter": "Jishan Alam",
              "bowler": "Mustafizur Rahman",
              "non_striker": "Anamul Haque",
              "runs": {
                "batter": 0,
                "extras": 0,
                "total": 0
              }
            },
            {
              "batter": "Jishan Alam",
              "bowler": "Mustafizur Rahman",
              "non_striker": "Anamul Haque",
              "runs": {
                "batter": 0,
                "extras": 0,
                "total": 0
              }
            },
            {
              "batter": "Jishan Alam",
              "bowler": "Mustafizur Rahman",
              "non_striker": "Anamul Haque",
              "runs": {
                "batter": 0,
                "extras": 0,
                "total": 0
              }
            }
          ]
        },
        {
          "over": 3,
          "deliveries": [
            {
              "batter": "Anamul Haque",
              "bowler": "Mukidul Islam",
              "non_striker": "Jishan Alam",
              "runs": {
                "batter": 4,
                "extras": 0,
                "total": 4
              }
            },
            {
              "batter": "Anamul Haque",
              "bowler": "Mukidul Islam",
              "non_striker": "Jishan Alam",
              "runs": {
                "batter": 0,
                "extras": 0,
                "total": 0
              }
            },
            {
              "batter": "Anamul Haque",
              "bowler": "Mukidul Islam",
              "non_striker": "Jishan Alam",
              "runs": {
                "batter": 1,
                "extras": 0,
                "total": 1
              }
            },
            {
              "batter": "Jishan Alam",
              "bowler": "Mukidul Islam",
              "non_striker": "Anamul Haque",
              "runs": {
                "batter": 0,
                "extras": 0,
                "total": 0
              }
            },
            {
              "batter": "Jishan Alam",
              "bowler": "Mukidul Islam",
              "non_striker": "Anamul Haque",
              "runs": {
                "batter": 0,
                "extras": 0,
                "total": 0
              },
              "wickets": [
                {
                  "player_out": "Jishan Alam",
                  "fielders": [
                    {
                      "name": "NLTC Perera"
                    }
                  ],
                  "kind": "caught"
                }
              ]
            },
            {
              "batter": "Yasir Ali Chowdhury",
              "bowler": "Mukidul Islam",
              "non_striker": "Anamul Haque",
              "runs": {
                "batter": 0,
                "extras": 0,
                "total": 0
              }
            }
          ]
        },
        {
          "over": 4,
          "deliveries": [
            {
              "batter": "Anamul Haque",
              "bowler": "Alauddin Babu",
              "non_striker": "Yasir Ali Chowdhury",
              "runs": {
                "batter": 1,
                "extras": 0,
                "total": 1
              }
            },
            {
              "batter": "Yasir Ali Chowdhury",
              "bowler": "Alauddin Babu",
              "non_striker": "Anamul Haque",
              "runs": {
                "batter": 0,
                "extras": 0,
                "total": 0
              }
            },
            {
              "batter": "Yasir Ali Chowdhury",
              "bowler": "Alauddin Babu",
              "extras": {
                "wides": 1
              },
              "non_striker": "Anamul Haque",
              "runs": {
                "batter": 0,
                "extras": 1,
                "total": 1
              }
            },
            {
              "batter": "Yasir Ali Chowdhury",
              "bowler": "Alauddin Babu",
              "non_striker": "Anamul Haque",
              "runs": {
                "batter": 0,
                "extras": 0,
                "total": 0
              }
            },
            {
              "batter": "Yasir Ali Chowdhury",
              "bowler": "Alauddin Babu",
              "non_striker": "Anamul Haque",
              "runs": {
                "batter": 4,
                "extras": 0,
                "total": 4
              }
            },
            {
              "batter": "Yasir Ali Chowdhury",
              "bowler": "Alauddin Babu",
              "non_striker": "Anamul Haque",
              "runs": {
                "batter": 6,
                "extras": 0,
                "total": 6
              }
            },
            {
              "batter": "Yasir Ali Chowdhury",
              "bowler": "Alauddin Babu",
              "non_striker": "Anamul Haque",
              "runs": {
                "batter": 0,
                "extras": 0,
                "total": 0
              }
            }
          ]
        },
        {
          "over": 5,
          "deliveries": [
            {
              "batter": "Anamul Haque",
              "bowler": "Shubham Ranjane",
              "non_striker": "Yasir Ali Chowdhury",
              "runs": {
                "batter": 0,
                "extras": 0,
                "total": 0
              }
            },
            {
              "batter": "Anamul Haque",
              "bowler": "Shubham Ranjane",
              "non_striker": "Yasir Ali Chowdhury",
              "runs": {
                "batter": 0,
                "extras": 0,
                "total": 0
              }
            },
            {
              "batter": "Anamul Haque",
              "bowler": "Shubham Ranjane",
              "non_striker": "Yasir Ali Chowdhury",
              "runs": {
                "batter": 1,
                "extras": 0,
                "total": 1
              }
            },
            {
              "batter": "Yasir Ali Chowdhury",
              "bowler": "Shubham Ranjane",
              "non_striker": "Anamul Haque",
              "runs": {
                "batter": 1,
                "extras": 0,
                "total": 1
              }
            },
            {
              "batter": "Anamul Haque",
              "bowler": "Shubham Ranjane",
              "extras": {
                "wides": 1
              },
              "non_striker": "Yasir Ali Chowdhury",
              "runs": {
                "batter": 0,
                "extras": 1,
                "total": 1
              }
            },
            {
              "batter": "Anamul Haque",
              "bowler": "Shubham Ranjane",
              "extras": {
                "wides": 1
              },
              "non_striker": "Yasir Ali Chowdhury",
              "runs": {
                "batter": 0,
                "extras": 1,
                "total": 1
              }
            },
            {
              "batter": "Anamul Haque",
              "bowler": "Shubham Ranjane",
              "non_striker": "Yasir Ali Chowdhury",
              "runs": {
                "batter": 4,
                "extras": 0,
                "total": 4
              }
            },
            {
              "batter": "Anamul Haque",
              "bowler": "Shubham Ranjane",
              "extras": {
                "wides": 1
              },
              "non_striker": "Yasir Ali Chowdhury",
              "runs": {
                "batter": 0,
                "extras": 1,
                "total": 1
              }
            },
            {
              "batter": "Anamul Haque",
              "bowler": "Shubham Ranjane",
              "extras": {
                "noballs": 1
              },
              "non_striker": "Yasir Ali Chowdhury",
              "review": {
                "by": "Dhaka Capital",
                "umpire": "Mahfuzur Rahman",
                "batter": "Anamul Haque",
                "decision": "struck down",
                "type": "wicket"
              },
              "runs": {
                "batter": 0,
                "extras": 1,
                "total": 1
              }
            },
            {
              "batter": "Anamul Haque",
              "bowler": "Shubham Ranjane",
              "non_striker": "Yasir Ali Chowdhury",
              "runs": {
                "batter": 0,
                "extras": 0,
                "total": 0
              }
            }
          ]
        },
        {
          "over": 6,
          "deliveries": [
            {
              "batter": "Yasir Ali Chowdhury",
              "bowler": "Nazmul Islam",
              "non_striker": "Anamul Haque",
              "runs": {
                "batter": 1,
                "extras": 0,
                "total": 1
              }
            },
            {
              "batter": "Anamul Haque",
              "bowler": "Nazmul Islam",
              "non_striker": "Yasir Ali Chowdhury",
              "runs": {
                "batter": 0,
                "extras": 0,
                "total": 0
              }
            },
            {
              "batter": "Anamul Haque",
              "bowler": "Nazmul Islam",
              "non_striker": "Yasir Ali Chowdhury",
              "runs": {
                "batter": 4,
                "extras": 0,
                "total": 4
              }
            },
            {
              "batter": "Anamul Haque",
              "bowler": "Nazmul Islam",
              "non_striker": "Yasir Ali Chowdhury",
              "runs": {
                "batter": 1,
                "extras": 0,
                "total": 1
              }
            },
            {
              "batter": "Yasir Ali Chowdhury",
              "bowler": "Nazmul Islam",
              "non_striker": "Anamul Haque",
              "runs": {
                "batter": 0,
                "extras": 0,
                "total": 0
              }
            },
            {
              "batter": "Yasir Ali Chowdhury",
              "bowler": "Nazmul Islam",
              "non_striker": "Anamul Haque",
              "runs": {
                "batter": 1,
                "extras": 0,
                "total": 1
              }
            }
          ]
        },
        {
          "over": 7,
          "deliveries": [
            {
              "batter": "Yasir Ali Chowdhury",
              "bowler": "PC de Silva",
              "non_striker": "Anamul Haque",
              "runs": {
                "batter": 6,
                "extras": 0,
                "total": 6
              }
            },
            {
              "batter": "Yasir Ali Chowdhury",
              "bowler": "PC de Silva",
              "non_striker": "Anamul Haque",
              "runs": {
                "batter": 0,
                "extras": 0,
                "total": 0
              }
            },
            {
              "batter": "Yasir Ali Chowdhury",
              "bowler": "PC de Silva",
              "non_striker": "Anamul Haque",
              "runs": {
                "batter": 1,
                "extras": 0,
                "total": 1
              }
            },
            {
              "batter": "Anamul Haque",
              "bowler": "PC de Silva",
              "non_striker": "Yasir Ali Chowdhury",
              "runs": {
                "batter": 1,
                "extras": 0,
                "total": 1
              }
            },
            {
              "batter": "Yasir Ali Chowdhury",
              "bowler": "PC de Silva",
              "extras": {
                "wides": 1
              },
              "non_striker": "Anamul Haque",
              "runs": {
                "batter": 0,
                "extras": 1,
                "total": 1
              }
            },
            {
              "batter": "Yasir Ali Chowdhury",
              "bowler": "PC de Silva",
              "non_striker": "Anamul Haque",
              "runs": {
                "batter": 0,
                "extras": 0,
                "total": 0
              }
            },
            {
              "batter": "Yasir Ali Chowdhury",
              "bowler": "PC de Silva",
              "non_striker": "Anamul Haque",
              "runs": {
                "batter": 0,
                "extras": 0,
                "total": 0
              }
            }
          ]
        },
        {
          "over": 8,
          "deliveries": [
            {
              "batter": "Anamul Haque",
              "bowler": "Nazmul Islam",
              "non_striker": "Yasir Ali Chowdhury",
              "runs": {
                "batter": 1,
                "extras": 0,
                "total": 1
              }
            },
            {
              "batter": "Yasir Ali Chowdhury",
              "bowler": "Nazmul Islam",
              "non_striker": "Anamul Haque",
              "runs": {
                "batter": 0,
                "extras": 0,
                "total": 0
              }
            },
            {
              "batter": "Yasir Ali Chowdhury",
              "bowler": "Nazmul Islam",
              "non_striker": "Anamul Haque",
              "runs": {
                "batter": 0,
                "extras": 0,
                "total": 0
              }
            },
            {
              "batter": "Yasir Ali Chowdhury",
              "bowler": "Nazmul Islam",
              "non_striker": "Anamul Haque",
              "runs": {
                "batter": 1,
                "extras": 0,
                "total": 1
              }
            },
            {
              "batter": "Anamul Haque",
              "bowler": "Nazmul Islam",
              "non_striker": "Yasir Ali Chowdhury",
              "runs": {
                "batter": 1,
                "extras": 0,
                "total": 1
              }
            },
            {
              "batter": "Yasir Ali Chowdhury",
              "bowler": "Nazmul Islam",
              "non_striker": "Anamul Haque",
              "runs": {
                "batter": 1,
                "extras": 0,
                "total": 1
              }
            }
          ]
        },
        {
          "over": 9,
          "deliveries": [
            {
              "batter": "Yasir Ali Chowdhury",
              "bowler": "Alauddin Babu",
              "non_striker": "Anamul Haque",
              "runs": {
                "batter": 0,
                "extras": 0,
                "total": 0
              },
              "wickets": [
                {
                  "player_out": "Yasir Ali Chowdhury",
                  "fielders": [
                    {
                      "name": "Tanzid Hasan"
                    }
                  ],
                  "kind": "caught"
                }
              ]
            },
            {
              "batter": "RP Burl",
              "bowler": "Alauddin Babu",
              "non_striker": "Anamul Haque",
              "runs": {
                "batter": 1,
                "extras": 0,
                "total": 1
              }
            },
            {
              "batter": "Anamul Haque",
              "bowler": "Alauddin Babu",
              "non_striker": "RP Burl",
              "runs": {
                "batter": 1,
                "extras": 0,
                "total": 1
              }
            },
            {
              "batter": "RP Burl",
              "bowler": "Alauddin Babu",
              "non_striker": "Anamul Haque",
              "runs": {
                "batter": 0,
                "extras": 0,
                "total": 0
              }
            },
            {
              "batter": "RP Burl",
              "bowler": "Alauddin Babu",
              "non_striker": "Anamul Haque",
              "runs": {
                "batter": 1,
                "extras": 0,
                "total": 1
              }
            },
            {
              "batter": "Anamul Haque",
              "bowler": "Alauddin Babu",
              "non_striker": "RP Burl",
              "runs": {
                "batter": 1,
                "extras": 0,
                "total": 1
              }
            }
          ]
        },
        {
          "over": 10,
          "deliveries": [
            {
              "batter": "Anamul Haque",
              "bowler": "Shubham Ranjane",
              "non_striker": "RP Burl",
              "runs": {
                "batter": 1,
                "extras": 0,
                "total": 1
              }
            },
            {
              "batter": "RP Burl",
              "bowler": "Shubham Ranjane",
              "non_striker": "Anamul Haque",
              "runs": {
                "batter": 1,
                "extras": 0,
                "total": 1
              }
            },
            {
              "batter": "Anamul Haque",
              "bowler": "Shubham Ranjane",
              "extras": {
                "noballs": 1
              },
              "non_striker": "RP Burl",
              "runs": {
                "batter": 0,
                "extras": 1,
                "total": 1
              }
            },
            {
              "batter": "Anamul Haque",
              "bowler": "Shubham Ranjane",
              "non_striker": "RP Burl",
              "runs": {
                "batter": 4,
                "extras": 0,
                "total": 4
              }
            },
            {
              "batter": "Anamul Haque",
              "bowler": "Shubham Ranjane",
              "non_striker": "RP Burl",
              "runs": {
                "batter": 1,
                "extras": 0,
                "total": 1
              }
            },
            {
              "batter": "RP Burl",
              "bowler": "Shubham Ranjane",
              "extras": {
                "wides": 1
              },
              "non_striker": "Anamul Haque",
              "runs": {
                "batter": 0,
                "extras": 1,
                "total": 1
              }
            },
            {
              "batter": "RP Burl",
              "bowler": "Shubham Ranjane",
              "non_striker": "Anamul Haque",
              "runs": {
                "batter": 1,
                "extras": 0,
                "total": 1
              }
            },
            {
              "batter": "Anamul Haque",
              "bowler": "Shubham Ranjane",
              "non_striker": "RP Burl",
              "runs": {
                "batter": 4,
                "extras": 0,
                "total": 4
              }
            }
          ]
        },
        {
          "over": 11,
          "deliveries": [
            {
              "batter": "RP Burl",
              "bowler": "Alauddin Babu",
              "non_striker": "Anamul Haque",
              "runs": {
                "batter": 1,
                "extras": 0,
                "total": 1
              }
            },
            {
              "batter": "Anamul Haque",
              "bowler": "Alauddin Babu",
              "extras": {
                "legbyes": 1
              },
              "non_striker": "RP Burl",
              "runs": {
                "batter": 0,
                "extras": 1,
                "total": 1
              }
            },
            {
              "batter": "RP Burl",
              "bowler": "Alauddin Babu",
              "non_striker": "Anamul Haque",
              "runs": {
                "batter": 0,
                "extras": 0,
                "total": 0
              }
            },
            {
              "batter": "RP Burl",
              "bowler": "Alauddin Babu",
              "non_striker": "Anamul Haque",
              "runs": {
                "batter": 4,
                "extras": 0,
                "total": 4
              }
            },
            {
              "batter": "RP Burl",
              "bowler": "Alauddin Babu",
              "non_striker": "Anamul Haque",
              "runs": {
                "batter": 0,
                "extras": 0,
                "total": 0
              }
            },
            {
              "batter": "RP Burl",
              "bowler": "Alauddin Babu",
              "non_striker": "Anamul Haque",
              "runs": {
                "batter": 1,
                "extras": 0,
                "total": 1
              }
            }
          ]
        },
        {
          "over": 12,
          "deliveries": [
            {
              "batter": "RP Burl",
              "bowler": "Nazmul Islam",
              "non_striker": "Anamul Haque",
              "runs": {
                "batter": 1,
                "extras": 0,
                "total": 1
              }
            },
            {
              "batter": "Anamul Haque",
              "bowler": "Nazmul Islam",
              "non_striker": "RP Burl",
              "runs": {
                "batter": 1,
                "extras": 0,
                "total": 1
              }
            },
            {
              "batter": "RP Burl",
              "bowler": "Nazmul Islam",
              "non_striker": "Anamul Haque",
              "runs": {
                "batter": 6,
                "extras": 0,
                "total": 6
              }
            },
            {
              "batter": "RP Burl",
              "bowler": "Nazmul Islam",
              "non_striker": "Anamul Haque",
              "runs": {
                "batter": 6,
                "extras": 0,
                "total": 6
              }
            },
            {
              "batter": "RP Burl",
              "bowler": "Nazmul Islam",
              "non_striker": "Anamul Haque",
              "runs": {
                "batter": 0,
                "extras": 0,
                "total": 0
              }
            },
            {
              "batter": "RP Burl",
              "bowler": "Nazmul Islam",
              "non_striker": "Anamul Haque",
              "runs": {
                "batter": 1,
                "extras": 0,
                "total": 1
              }
            }
          ]
        },
        {
          "over": 13,
          "deliveries": [
            {
              "batter": "RP Burl",
              "bowler": "Mukidul Islam",
              "non_striker": "Anamul Haque",
              "runs": {
                "batter": 0,
                "extras": 0,
                "total": 0
              }
            },
            {
              "batter": "RP Burl",
              "bowler": "Mukidul Islam",
              "non_striker": "Anamul Haque",
              "runs": {
                "batter": 4,
                "extras": 0,
                "total": 4
              }
            },
            {
              "batter": "RP Burl",
              "bowler": "Mukidul Islam",
              "non_striker": "Anamul Haque",
              "runs": {
                "batter": 4,
                "extras": 0,
                "total": 4
              }
            },
            {
              "batter": "RP Burl",
              "bowler": "Mukidul Islam",
              "non_striker": "Anamul Haque",
              "runs": {
                "batter": 4,
                "extras": 0,
                "total": 4
              }
            },
            {
              "batter": "RP Burl",
              "bowler": "Mukidul Islam",
              "extras": {
                "noballs": 1
              },
              "non_striker": "Anamul Haque",
              "runs": {
                "batter": 1,
                "extras": 1,
                "total": 2
              }
            },
            {
              "batter": "Anamul Haque",
              "bowler": "Mukidul Islam",
              "non_striker": "RP Burl",
              "runs": {
                "batter": 0,
                "extras": 0,
                "total": 0
              }
            },
            {
              "batter": "Anamul Haque",
              "bowler": "Mukidul Islam",
              "non_striker": "RP Burl",
              "runs": {
                "batter": 0,
                "extras": 0,
                "total": 0
              }
            }
          ]
        },
        {
          "over": 14,
          "deliveries": [
            {
              "batter": "RP Burl",
              "bowler": "NLTC Perera",
              "non_striker": "Anamul Haque",
              "runs": {
                "batter": 1,
                "extras": 0,
                "total": 1
              }
            },
            {
              "batter": "Anamul Haque",
              "bowler": "NLTC Perera",
              "non_striker": "RP Burl",
              "runs": {
                "batter": 6,
                "extras": 0,
                "total": 6
              }
            },
            {
              "batter": "Anamul Haque",
              "bowler": "NLTC Perera",
              "non_striker": "RP Burl",
              "runs": {
                "batter": 0,
                "extras": 0,
                "total": 0
              }
            },
            {
              "batter": "Anamul Haque",
              "bowler": "NLTC Perera",
              "non_striker": "RP Burl",
              "runs": {
                "batter": 1,
                "extras": 0,
                "total": 1
              }
            },
            {
              "batter": "RP Burl",
              "bowler": "NLTC Perera",
              "extras": {
                "legbyes": 1
              },
              "non_striker": "Anamul Haque",
              "runs": {
                "batter": 0,
                "extras": 1,
                "total": 1
              }
            },
            {
              "batter": "Anamul Haque",
              "bowler": "NLTC Perera",
              "non_striker": "RP Burl",
              "runs": {
                "batter": 1,
                "extras": 0,
                "total": 1
              }
            }
          ]
        },
        {
          "over": 15,
          "deliveries": [
            {
              "batter": "Anamul Haque",
              "bowler": "Mustafizur Rahman",
              "non_striker": "RP Burl",
              "runs": {
                "batter": 1,
                "extras": 0,
                "total": 1
              }
            },
            {
              "batter": "RP Burl",
              "bowler": "Mustafizur Rahman",
              "non_striker": "Anamul Haque",
              "runs": {
                "batter": 0,
                "extras": 0,
                "total": 0
              }
            },
            {
              "batter": "RP Burl",
              "bowler": "Mustafizur Rahman",
              "extras": {
                "wides": 1
              },
              "non_striker": "Anamul Haque",
              "runs": {
                "batter": 0,
                "extras": 1,
                "total": 1
              }
            },
            {
              "batter": "RP Burl",
              "bowler": "Mustafizur Rahman",
              "non_striker": "Anamul Haque",
              "runs": {
                "batter": 2,
                "extras": 0,
                "total": 2
              }
            },
            {
              "batter": "RP Burl",
              "bowler": "Mustafizur Rahman",
              "non_striker": "Anamul Haque",
              "runs": {
                "batter": 1,
                "extras": 0,
                "total": 1
              }
            },
            {
              "batter": "Anamul Haque",
              "bowler": "Mustafizur Rahman",
              "non_striker": "RP Burl",
              "runs": {
                "batter": 1,
                "extras": 0,
                "total": 1
              }
            },
            {
              "batter": "RP Burl",
              "bowler": "Mustafizur Rahman",
              "non_striker": "Anamul Haque",
              "runs": {
                "batter": 1,
                "extras": 0,
                "total": 1
              }
            }
          ]
        },
        {
          "over": 16,
          "deliveries": [
            {
              "batter": "RP Burl",
              "bowler": "Alauddin Babu",
              "extras": {
                "legbyes": 4
              },
              "non_striker": "Anamul Haque",
              "runs": {
                "batter": 0,
                "extras": 4,
                "total": 4
              }
            },
            {
              "batter": "RP Burl",
              "bowler": "Alauddin Babu",
              "non_striker": "Anamul Haque",
              "runs": {
                "batter": 1,
                "extras": 0,
                "total": 1
              }
            },
            {
              "batter": "Anamul Haque",
              "bowler": "Alauddin Babu",
              "non_striker": "RP Burl",
              "runs": {
                "batter": 6,
                "extras": 0,
                "total": 6
              }
            },
            {
              "batter": "Anamul Haque",
              "bowler": "Alauddin Babu",
              "non_striker": "RP Burl",
              "runs": {
                "batter": 4,
                "extras": 0,
                "total": 4
              }
            },
            {
              "batter": "Anamul Haque",
              "bowler": "Alauddin Babu",
              "non_striker": "RP Burl",
              "runs": {
                "batter": 1,
                "extras": 0,
                "total": 1
              }
            },
            {
              "batter": "RP Burl",
              "bowler": "Alauddin Babu",
              "non_striker": "Anamul Haque",
              "runs": {
                "batter": 1,
                "extras": 0,
                "total": 1
              }
            }
          ]
        },
        {
          "over": 17,
          "deliveries": [
            {
              "batter": "RP Burl",
              "bowler": "Mustafizur Rahman",
              "non_striker": "Anamul Haque",
              "runs": {
                "batter": 4,
                "extras": 0,
                "total": 4
              }
            },
            {
              "batter": "RP Burl",
              "bowler": "Mustafizur Rahman",
              "non_striker": "Anamul Haque",
              "runs": {
                "batter": 6,
                "extras": 0,
                "total": 6
              }
            },
            {
              "batter": "RP Burl",
              "bowler": "Mustafizur Rahman",
              "non_striker": "Anamul Haque",
              "runs": {
                "batter": 1,
                "extras": 0,
                "total": 1
              }
            },
            {
              "batter": "Anamul Haque",
              "bowler": "Mustafizur Rahman",
              "non_striker": "RP Burl",
              "runs": {
                "batter": 0,
                "extras": 0,
                "total": 0
              }
            },
            {
              "batter": "Anamul Haque",
              "bowler": "Mustafizur Rahman",
              "non_striker": "RP Burl",
              "runs": {
                "batter": 1,
                "extras": 0,
                "total": 1
              }
            },
            {
              "batter": "RP Burl",
              "bowler": "Mustafizur Rahman",
              "non_striker": "Anamul Haque",
              "runs": {
                "batter": 0,
                "extras": 0,
                "total": 0
              }
            }
          ]
        },
        {
          "over": 18,
          "deliveries": [
            {
              "batter": "Anamul Haque",
              "bowler": "Mukidul Islam",
              "non_striker": "RP Burl",
              "runs": {
                "batter": 6,
                "extras": 0,
                "total": 6
              }
            }
          ]
        }
      ],
      "powerplays": [
        {
          "from": 0.1,
          "to": 5.1,
          "type": "mandatory"
        }
      ],
      "target": {
        "overs": 20,
        "runs": 175
      }
    }
  ]
}