{
  "meta": {
    "data_version": "1.1.0",
    "created": "2025-01-29",
    "revision": 1
  },
  "info": {
    "balls_per_over": 6,
    "city": "Dhaka",
    "dates": [
      "2025-01-29"
    ],
    "event": {
      "name": "Bangladesh Premier League",
      "match_number": 38
    },
    "gender": "male",
    "match_type": "T20",
    "officials": {
      "match_referees": [
        "Ehsanul Haque"
      ],
      "reserve_umpires": [
        "Kamruzzaman Limon"
      ],
      "tv_umpires": [
        "Gazi Sohel"
      ],
      "umpires": [
        "Mahfuzur Rahman",
        "Sharfuddoula"
      ]
    },
    "outcome": {
      "winner": "Fortune Barishal",
      "by": {
        "wickets": 9
      }
    },
    "overs": 20,
    "player_of_match": [
      "Tanvir Islam"
    ],
    "players": {
      "Dhaka Capital": [
        "Tanzid Hasan",
        "Liton Das",
        "Riaz Hassan",
        "JP Kotze",
        "Sabbir Rahman",
        "Mosaddek Hossain",
        "NLTC Perera",
        "Nazmul Islam",
        "RR Beaton",
        "Mustafizur Rahman",
        "Mehedi Hasan Rana"
      ],
      "Fortune Barishal": [
        "Tamim Iqbal",
        "Towhid Hridoy",
        "DJ Malan",
        "Mushfiqur Rahim",
        "Mahmudullah",
        "Mohammad Nabi",
        "Faheem Ashraf",
        "Ebadat Hossain",
        "Rishad Hossain",
        "Tanvir Islam",
        "JK Fuller"
      ]
    },
    "registry": {
      "people": {
        "DJ Malan": "ad9c32a2",
        "Ebadat Hossain": "cb5100f1",
        "Ehsanul Haque": "688b2d58",
        "Faheem Ashraf": "bd4ea627",
        "Gazi Sohel": "f0df3ed7",
        "JK Fuller": "dda5aae5",
        "JP Kotze": "9f308dfc",
        "Kamruzzaman Limon": "2ae7a044",
        "Liton Das": "0404d43c",
        "Mahfuzur Rahman": "3275b68b",
        "Mahmudullah": "bf1d7d3e",
        "Mehedi Hasan Rana": "0b7363da",
        "Mohammad Nabi": "62af8546",
        "Mosaddek Hossain": "8919756f",
        "Mushfiqur Rahim": "a94e08ea",
        "Mustafizur Rahman": "0a8fce53",
        "NLTC Perera": "0f12f9df",
        "Nazmul Islam": "6575e3bc",
        "RR Beaton": "684a56df",
        "Riaz Hassan": "33f8789e",
        "Rishad Hossain": "5935d694",
        "Sabbir Rahman": "7147f314",
        "Sharfuddoula": "63896abb",
        "Tamim Iqbal": "3b041a12",
        "Tanvir Islam": "aa467af0",
        "Tanzid Hasan": "80fe764d",
        "Towhid Hridoy": "9e52a414"
      }
    },
    "season": "2024/25",
    "team_type": "club",
    "teams": [
      "Dhaka Capital",
      "Fortune Barishal"
    ],
    "toss": {
      "decision": "field",
      "winner": "Fortune Barishal"
    },
    "venue": "Shere Bangla National Stadium, Mirpur"
  },
  "innings": [
    {
      "team": "Dhaka Capital",
      "overs": [
        {
          "over": 0,
          "deliveries": [
            {
              "batter": "Tanzid Hasan",
              "bowler": "Ebadat Hossain",
              "non_striker": "Liton Das",
              "runs": {
                "batter": 0,
                "extras": 0,
                "total": 0
              }
            },
            {
              "batter": "Tanzid Hasan",
              "bowler": "Ebadat Hossain",
              "non_striker": "Liton Das",
              "runs": {
                "batter": 0,
                "extras": 0,
                "total": 0
              }
            },
            {
              "batter": "Tanzid Hasan",
              "bowler": "Ebadat Hossain",
              "non_striker": "Liton Das",
              "runs": {
                "batter": 1,
                "extras": 0,
                "total": 1
              }
            },
            {
              "batter": "Liton Das",
              "bowler": "Ebadat Hossain",
              "non_striker": "Tanzid Hasan",
              "runs": {
                "batter": 4,
                "extras": 0,
                "total": 4
              }
            },
            {
              "batter": "Liton Das",
              "bowler": "Ebadat Hossain",
              "non_striker": "Tanzid Hasan",
              "runs": {
                "batter": 0,
                "extras": 0,
                "total": 0
              }
            },
            {
              "batter": "Liton Das",
              "bowler": "Ebadat Hossain",
              "non_striker": "Tanzid Hasan",
              "runs": {
                "batter": 4,
                "extras": 0,
                "total": 4
              }
            }
          ]
        },
        {
          "over": 1,
          "deliveries": [
            {
              "batter": "Tanzid Hasan",
              "bowler": "Mohammad Nabi",
              "extras": {
                "legbyes": 1
              },
              "non_striker": "Liton Das",
              "runs": {
                "batter": 0,
                "extras": 1,
                "total": 1
              }
            },
            {
              "batter": "Liton Das",
              "bowler": "Mohammad Nabi",
              "non_striker": "Tanzid Hasan",
              "runs": {
                "batter": 1,
                "extras": 0,
                "total": 1
              }
            },
            {
              "batter": "Tanzid Hasan",
              "bowler": "Mohammad Nabi",
              "non_striker": "Liton Das",
              "runs": {
                "batter": 1,
                "extras": 0,
                "total": 1
              }
            },
            {
              "batter": "Liton Das",
              "bowler": "Mohammad Nabi",
              "non_striker": "Tanzid Hasan",
              "runs": {
                "batter": 0,
                "extras": 0,
                "total": 0
              }
            },
            {
              "batter": "Liton Das",
              "bowler": "Mohammad Nabi",
              "non_striker": "Tanzid Hasan",
              "runs": {
                "batter": 0,
                "extras": 0,
                "total": 0
              }
            },
            {
              "batter": "Liton Das",
              "bowler": "Mohammad Nabi",
              "non_striker": "Tanzid Hasan",
              "runs": {
                "batter": 1,
                "extras": 0,
                "total": 1
              }
            }
          ]
        },
        {
          "over": 2,
          "deliveries": [
            {
              "batter": "Liton Das",
              "bowler": "Tanvir Islam",
              "non_striker": "Tanzid Hasan",
              "runs": {
                "batter": 0,
                "extras": 0,
                "total": 0
              },
              "wickets": [
                {
                  "player_out": "Liton Das",
                  "kind": "bowled"
                }
              ]
            },
            {
              "batter": "Riaz Hassan",
              "bowler": "Tanvir Islam",
              "non_striker": "Tanzid Hasan",
              "runs": {
                "batter": 0,
                "extras": 0,
                "total": 0
              }
            },
            {
              "batter": "Riaz Hassan",
              "bowler": "Tanvir Islam",
              "non_striker": "Tanzid Hasan",
              "runs": {
                "batter": 0,
                "extras": 0,
                "total": 0
              }
            },
            {
              "batter": "Riaz Hassan",
              "bowler": "Tanvir Islam",
              "non_striker": "Tanzid Hasan",
              "runs": {
                "batter": 0,
                "extras": 0,
                "total": 0
              }
            },
            {
              "batter": "Riaz Hassan",
              "bowler": "Tanvir Islam",
              "non_striker": "Tanzid Hasan",
              "review": {
                "by": "Dhaka Capital",
                "umpire": "Sharfuddoula",
                "batter": "Riaz Hassan",
                "decision": "struck down",
                "type": "wicket"
              },
              "runs": {
                "batter": 0,
                "extras": 0,
                "total": 0
              },
              "wickets": [
                {
                  "player_out": "Riaz Hassan",
                  "kind": "lbw"
                }
              ]
            },
            {
              "batter": "JP Kotze",
              "bowler": "Tanvir Islam",
              "non_striker": "Tanzid Hasan",
              "runs": {
                "batter": 0,
                "extras": 0,
                "total": 0
              }
            }
          ]
        },
        {
          "over": 3,
          "deliveries": [
            {
              "batter": "Tanzid Hasan",
              "bowler": "Mohammad Nabi",
              "non_striker": "JP Kotze",
              "runs": {
                "batter": 0,
                "extras": 0,
                "total": 0
              }
            },
            {
              "batter": "Tanzid Hasan",
              "bowler": "Mohammad Nabi",
              "non_striker": "JP Kotze",
              "runs": {
                "batter": 2,
                "extras": 0,
                "total": 2
              }
            },
            {
              "batter": "Tanzid Hasan",
              "bowler": "Mohammad Nabi",
              "non_striker": "JP Kotze",
              "runs": {
                "batter": 0,
                "extras": 0,
                "total": 0
              }
            },
            {
              "batter": "Tanzid Hasan",
              "bowler": "Mohammad Nabi",
              "non_striker": "JP Kotze",
              "runs": {
                "batter": 1,
                "extras": 0,
                "total": 1
              }
            },
            {
              "batter": "JP Kotze",
              "bowler": "Mohammad Nabi",
              "non_striker": "Tanzid Hasan",
              "runs": {
                "batter": 0,
                "extras": 0,
                "total": 0
              }
            },
            {
              "batter": "JP Kotze",
              "bowler": "Mohammad Nabi",
              "non_striker": "Tanzid Hasan",
              "runs": {
                "batter": 0,
                "extras": 0,
                "total": 0
              }
            }
          ]
        },
        {
          "over": 4,
          "deliveries": [
            {
              "batter": "Tanzid Hasan",
              "bowler": "JK Fuller",
              "non_striker": "JP Kotze",
              "runs": {
                "batter": 1,
                "extras": 0,
                "total": 1
              }
            },
            {
              "batter": "JP Kotze",
              "bowler": "JK Fuller",
              "non_striker": "Tanzid Hasan",
              "runs": {
                "batter": 0,
                "extras": 0,
                "total": 0
              }
            },
            {
              "batter": "JP Kotze",
              "bowler": "JK Fuller",
              "extras": {
                "wides": 1
              },
              "non_striker": "Tanzid Hasan",
              "runs": {
                "batter": 0,
                "extras": 1,
                "total": 1
              }
            },
            {
              "batter": "JP Kotze",
              "bowler": "JK Fuller",
              "non_striker": "Tanzid Hasan",
              "runs": {
                "batter": 1,
                "extras": 0,
                "total": 1
              }
            },
            {
              "batter": "Tanzid Hasan",
              "bowler": "JK Fuller",
              "non_striker": "JP Kotze",
              "runs": {
                "batter": 0,
                "extras": 0,
                "total": 0
              }
            },
            {
              "batter": "Tanzid Hasan",
              "bowler": "JK Fuller",
              "non_striker": "JP Kotze",
              "runs": {
                "batter": 0,
                "extras": 0,
                "total": 0
              }
            },
            {
              "batter": "Tanzid Hasan",
              "bowler": "JK Fuller",
              "non_striker": "JP Kotze",
              "runs": {
                "batter": 1,
                "extras": 0,
                "total": 1
              }
            }
          ]
        },
        {
          "over": 5,
          "deliveries": [
            {
              "batter": "Tanzid Hasan",
              "bowler": "Faheem Ashraf",
              "non_striker": "JP Kotze",
              "runs": {
                "batter": 0,
                "extras": 0,
                "total": 0
              },
              "wickets": [
                {
                  "player_out": "Tanzid Hasan",
                  "fielders": [
                    {
                      "name": "JK Fuller"
                    }
                  ],
                  "kind": "caught"
                }
              ]
            },
            {
              "batter": "Sabbir Rahman",
              "bowler": "Faheem Ashraf",
              "extras": {
                "wides": 1
              },
              "non_striker": "JP Kotze",
              "runs": {
                "batter": 0,
                "extras": 1,
                "total": 1
              }
            },
            {
              "batter": "Sabbir Rahman",
              "bowler": "Faheem Ashraf",
              "non_striker": "JP Kotze",
              "runs": {
                "batter": 0,
                "extras": 0,
                "total": 0
              }
            },
            {
              "batter": "Sabbir Rahman",
              "bowler": "Faheem Ashraf",
              "extras": {
                "wides": 1
              },
              "non_striker": "JP Kotze",
              "runs": {
                "batter": 0,
                "extras": 1,
                "total": 1
              }
            },
            {
              "batter": "Sabbir Rahman",
              "bowler": "Faheem Ashraf",
              "non_striker": "JP Kotze",
              "runs": {
                "batter": 0,
                "extras": 0,
                "total": 0
              }
            },
            {
              "batter": "Sabbir Rahman",
              "bowler": "Faheem Ashraf",
              "non_striker": "JP Kotze",
              "runs": {
                "batter": 0,
                "extras": 0,
                "total": 0
              }
            },
            {
              "batter": "Sabbir Rahman",
              "bowler": "Faheem Ashraf",
              "non_striker": "JP Kotze",
              "runs": {
                "batter": 2,
                "extras": 0,
                "total": 2
              }
            },
            {
              "batter": "Sabbir Rahman",
              "bowler": "Faheem Ashraf",
              "non_striker": "JP Kotze",
              "runs": {
                "batter": 4,
                "extras": 0,
                "total": 4
              }
            }
          ]
        },
        {
          "over": 6,
          "deliveries": [
            {
              "batter": "JP Kotze",
              "bowler": "Ebadat Hossain",
              "non_striker": "Sabbir Rahman",
              "runs": {
                "batter": 0,
                "extras": 0,
                "total": 0
              }
            },
            {
              "batter": "JP Kotze",
              "bowler": "Ebadat Hossain",
              "non_striker": "Sabbir Rahman",
              "runs": {
                "batter": 0,
                "extras": 0,
                "total": 0
              }
            },
            {
              "batter": "JP Kotze",
              "bowler": "Ebadat Hossain",
              "extras": {
                "legbyes": 4
              },
              "non_striker": "Sabbir Rahman",
              "runs": {
                "batter": 0,
                "extras": 4,
                "total": 4
              }
            },
            {
              "batter": "JP Kotze",
              "bowler": "Ebadat Hossain",
              "non_striker": "Sabbir Rahman",
              "runs": {
                "batter": 1,
                "extras": 0,
                "total": 1
              }
            },
            {
              "batter": "Sabbir Rahman",
              "bowler": "Ebadat Hossain",
              "non_striker": "JP Kotze",
              "runs": {
                "batter": 0,
                "extras": 0,
                "total": 0
              }
            },
            {
              "batter": "Sabbir Rahman",
              "bowler": "Ebadat Hossain",
              "non_striker": "JP Kotze",
              "runs": {
                "batter": 1,
                "extras": 0,
                "total": 1
              }
            }
          ]
        },
        {
          "over": 7,
          "deliveries": [
            {
              "batter": "Sabbir Rahman",
              "bowler": "Mohammad Nabi",
              "non_striker": "JP Kotze",
              "review": {
                "by": "Dhaka Capital",
                "umpire": "Mahfuzur Rahman",
                "batter": "Sabbir Rahman",
                "decision": "upheld",
                "type": "wicket"
              },
              "runs": {
                "batter": 0,
                "extras": 0,
                "total": 0
              }
            },
            {
              "batter": "Sabbir Rahman",
              "bowler": "Mohammad Nabi",
              "non_striker": "JP Kotze",
              "runs": {
                "batter": 0,
                "extras": 0,
                "total": 0
              },
              "wickets": [
                {
                  "player_out": "Sabbir Rahman",
                  "fielders": [
                    {
                      "name": "Towhid Hridoy"
                    }
                  ],
                  "kind": "caught"
                }
              ]
            },
            {
              "batter": "Mosaddek Hossain",
              "bowler": "Mohammad Nabi",
              "extras": {
                "wides": 1
              },
              "non_striker": "JP Kotze",
              "runs": {
                "batter": 0,
                "extras": 1,
                "total": 1
              }
            },
            {
              "batter": "Mosaddek Hossain",
              "bowler": "Mohammad Nabi",
              "non_striker": "JP Kotze",
              "runs": {
                "batter": 0,
                "extras": 0,
                "total": 0
              }
            },
            {
              "batter": "Mosaddek Hossain",
              "bowler": "Mohammad Nabi",
              "non_striker": "JP Kotze",
              "runs": {
                "batter": 0,
                "extras": 0,
                "total": 0
              }
            },
            {
              "batter": "Mosaddek Hossain",
              "bowler": "Mohammad Nabi",
              "non_striker": "JP Kotze",
              "runs": {
                "batter": 1,
                "extras": 0,
                "total": 1
              }
            },
            {
              "batter": "JP Kotze",
              "bowler": "Mohammad Nabi",
              "non_striker": "Mosaddek Hossain",
              "runs": {
                "batter": 0,
                "extras": 0,
                "total": 0
              }
            }
          ]
        },
        {
          "over": 8,
          "deliveries": [
            {
              "batter": "Mosaddek Hossain",
              "bowler": "Tanvir Islam",
              "non_striker": "JP Kotze",
              "runs": {
                "batter": 0,
                "extras": 0,
                "total": 0
              }
            },
            {
              "batter": "Mosaddek Hossain",
              "bowler": "Tanvir Islam",
              "non_striker": "JP Kotze",
              "runs": {
                "batter": 1,
                "extras": 0,
                "total": 1
              }
            },
            {
              "batter": "JP Kotze",
              "bowler": "Tanvir Islam",
              "non_striker": "Mosaddek Hossain",
              "runs": {
                "batter": 0,
                "extras": 0,
                "total": 0
              }
            },
            {
              "batter": "JP Kotze",
              "bowler": "Tanvir Islam",
              "non_striker": "Mosaddek Hossain",
              "runs": {
                "batter": 0,
                "extras": 0,
                "total": 0
              }
            },
            {
              "batter": "JP Kotze",
              "bowler": "Tanvir Islam",
              "non_striker": "Mosaddek Hossain",
              "runs": {
                "batter": 1,
                "extras": 0,
                "total": 1
              }
            },
            {
              "batter": "Mosaddek Hossain",
              "bowler": "Tanvir Islam",
              "non_striker": "JP Kotze",
              "runs": {
                "batter": 0,
                "extras": 0,
                "total": 0
              },
              "wickets": [
                {
                  "player_out": "Mosaddek Hossain",
                  "fielders": [
                    {
                      "name": "Mushfiqur Rahim"
                    }
                  ],
                  "kind": "stumped"
                }
              ]
            }
          ]
        },
        {
          "over": 9,
          "deliveries": [
            {
              "batter": "JP Kotze",
              "bowler": "Ebadat Hossain",
              "non_striker": "NLTC Perera",
              "runs": {
                "batter": 1,
                "extras": 0,
                "total": 1
              }
            },
            {
              "batter": "NLTC Perera",
              "bowler": "Ebadat Hossain",
              "non_striker": "JP Kotze",
              "runs": {
                "batter": 0,
                "extras": 0,
                "total": 0
              }
            },
            {
              "batter": "NLTC Perera",
              "bowler": "Ebadat Hossain",
              "non_striker": "JP Kotze",
              "runs": {
                "batter": 1,
                "extras": 0,
                "total": 1
              }
            },
            {
              "batter": "JP Kotze",
              "bowler": "Ebadat Hossain",
              "non_striker": "NLTC Perera",
              "runs": {
                "batter": 0,
                "extras": 0,
                "total": 0
              }
            },
            {
              "batter": "JP Kotze",
              "bowler": "Ebadat Hossain",
              "non_striker": "NLTC Perera",
              "runs": {
                "batter": 0,
                "extras": 0,
                "total": 0
              }
            },
            {
              "batter": "JP Kotze",
              "bowler": "Ebadat Hossain",
              "non_striker": "NLTC Perera",
              "runs": {
                "batter": 1,
                "extras": 0,
                "total": 1
              }
            }
          ]
        },
        {
          "over": 10,
          "deliveries": [
            {
              "batter": "JP Kotze",
              "bowler": "Mohammad Nabi",
              "non_striker": "NLTC Perera",
              "runs": {
                "batter": 0,
                "extras": 0,
                "total": 0
              },
              "wickets": [
                {
                  "player_out": "JP Kotze",
                  "fielders": [
                    {
                      "name": "Mushfiqur Rahim"
                    }
                  ],
                  "kind": "stumped"
                }
              ]
            },
            {
              "batter": "Nazmul Islam",
              "bowler": "Mohammad Nabi",
              "non_striker": "NLTC Perera",
              "runs": {
                "batter": 0,
                "extras": 0,
                "total": 0
              }
            },
            {
              "batter": "Nazmul Islam",
              "bowler": "Mohammad Nabi",
              "non_striker": "NLTC Perera",
              "runs": {
                "batter": 0,
                "extras": 0,
                "total": 0
              },
              "wickets": [
                {
                  "player_out": "Nazmul Islam",
                  "kind": "lbw"
                }
              ]
            },
            {
              "batter": "RR Beaton",
              "bowler": "Mohammad Nabi",
              "non_striker": "NLTC Perera",
              "runs": {
                "batter": 0,
                "extras": 0,
                "total": 0
              }
            },
            {
              "batter": "RR Beaton",
              "bowler": "Mohammad Nabi",
              "non_striker": "NLTC Perera",
              "runs": {
                "batter": 0,
                "extras": 0,
                "total": 0
              }
            },
            {
              "batter": "RR Beaton",
              "bowler": "Mohammad Nabi",
              "extras": {
                "wides": 1
              },
              "non_striker": "NLTC Perera",
              "runs": {
                "batter": 0,
                "extras": 1,
                "total": 1
              }
            },
            {
              "batter": "RR Beaton",
              "bowler": "Mohammad Nabi",
              "non_striker": "NLTC Perera",
              "runs": {
                "batter": 0,
                "extras": 0,
                "total": 0
              }
            }
          ]
        },
        {
          "over": 11,
          "deliveries": [
            {
              "batter": "NLTC Perera",
              "bowler": "JK Fuller",
              "non_striker": "RR Beaton",
              "runs": {
                "batter": 1,
                "extras": 0,
                "total": 1
              }
            },
            {
              "batter": "RR Beaton",
              "bowler": "JK Fuller",
              "non_striker": "NLTC Perera",
              "runs": {
                "batter": 4,
                "extras": 0,
                "total": 4
              }
            },
            {
              "batter": "RR Beaton",
              "bowler": "JK Fuller",
              "non_striker": "NLTC Perera",
              "runs": {
                "batter": 0,
                "extras": 0,
                "total": 0
              }
            },
            {
              "batter": "RR Beaton",
              "bowler": "JK Fuller",
              "non_striker": "NLTC Perera",
              "runs": {
                "batter": 4,
                "extras": 0,
                "total": 4
              }
            },
            {
              "batter": "RR Beaton",
              "bowler": "JK Fuller",
              "non_striker": "NLTC Perera",
              "runs": {
                "batter": 0,
                "extras": 0,
                "total": 0
              }
            },
            {
              "batter": "RR Beaton",
              "bowler": "JK Fuller",
              "non_striker": "NLTC Perera",
              "runs": {
                "batter": 1,
                "extras": 0,
                "total": 1
              }
            }
          ]
        },
        {
          "over": 12,
          "deliveries": [
            {
              "batter": "RR Beaton",
              "bowler": "Faheem Ashraf",
              "non_striker": "NLTC Perera",
              "runs": {
                "batter": 0,
                "extras": 0,
                "total": 0
              }
            },
            {
              "batter": "RR Beaton",
              "bowler": "Faheem Ashraf",
              "extras": {
                "wides": 1
              },
              "non_striker": "NLTC Perera",
              "runs": {
                "batter": 0,
                "extras": 1,
                "total": 1
              }
            },
            {
              "batter": "RR Beaton",
              "bowler": "Faheem Ashraf",
              "non_striker": "NLTC Perera",
              "runs": {
                "batter": 1,
                "extras": 0,
                "total": 1
              }
            },
            {
              "batter": "NLTC Perera",
              "bowler": "Faheem Ashraf",
              "non_striker": "RR Beaton",
              "runs": {
                "batter": 1,
                "extras": 0,
                "total": 1
              }
            },
            {
              "batter": "RR Beaton",
              "bowler": "Faheem Ashraf",
              "non_striker": "NLTC Perera",
              "runs": {
                "batter": 0,
                "extras": 0,
                "total": 0
              }
            },
            {
              "batter": "RR Beaton",
              "bowler": "Faheem Ashraf",
              "non_striker": "NLTC Perera",
              "runs": {
                "batter": 0,
                "extras": 0,
                "total": 0
              },
              "wickets": [
                {
                  "player_out": "RR Beaton",
                  "kind": "bowled"
                }
              ]
            },
            {
              "batter": "Mustafizur Rahman",
              "bowler": "Faheem Ashraf",
              "non_striker": "NLTC Perera",
              "runs": {
                "batter": 0,
                "extras": 0,
                "total": 0
              }
            }
          ]
        },
        {
          "over": 13,
          "deliveries": [
            {
              "batter": "NLTC Perera",
              "bowler": "Ebadat Hossain",
              "non_striker": "Mustafizur Rahman",
              "runs": {
                "batter": 6,
                "extras": 0,
                "total": 6
              }
            },
            {
              "batter": "NLTC Perera",
              "bowler": "Ebadat Hossain",
              "non_striker": "Mustafizur Rahman",
              "runs": {
                "batter": 0,
                "extras": 0,
                "total": 0
              }
            },
            {
              "batter": "NLTC Perera",
              "bowler": "Ebadat Hossain",
              "non_striker": "Mustafizur Rahman",
              "runs": {
                "batter": 1,
                "extras": 0,
                "total": 1
              }
            },
            {
              "batter": "Mustafizur Rahman",
              "bowler": "Ebadat Hossain",
              "non_striker": "NLTC Perera",
              "runs": {
                "batter": 1,
                "extras": 0,
                "total": 1
              }
            },
            {
              "batter": "NLTC Perera",
              "bowler": "Ebadat Hossain",
              "non_striker": "Mustafizur Rahman",
              "runs": {
                "batter": 1,
                "extras": 0,
                "total": 1
              }
            },
            {
              "batter": "Mustafizur Rahman",
              "bowler": "Ebadat Hossain",
              "non_striker": "NLTC Perera",
              "runs": {
                "batter": 1,
                "extras": 0,
                "total": 1
              }
            }
          ]
        },
        {
          "over": 14,
          "deliveries": [
            {
              "batter": "Mustafizur Rahman",
              "bowler": "JK Fuller",
              "non_striker": "NLTC Perera",
              "runs": {
                "batter": 0,
                "extras": 0,
                "total": 0
              }
            },
            {
              "batter": "Mustafizur Rahman",
              "bowler": "JK Fuller",
              "non_striker": "NLTC Perera",
              "runs": {
                "batter": 0,
                "extras": 0,
                "total": 0
              },
              "wickets": [
                {
                  "player_out": "Mustafizur Rahman",
                  "fielders": [
                    {
                      "name": "Mushfiqur Rahim"
                    }
                  ],
                  "kind": "caught"
                }
              ]
            },
            {
              "batter": "Mehedi Hasan Rana",
              "bowler": "JK Fuller",
              "non_striker": "NLTC Perera",
              "runs": {
                "batter": 0,
                "extras": 0,
                "total": 0
              }
            },
            {
              "batter": "Mehedi Hasan Rana",
              "bowler": "JK Fuller",
              "non_striker": "NLTC Perera",
              "runs": {
                "batter": 4,
                "extras": 0,
                "total": 4
              }
            },
            {
              "batter": "Mehedi Hasan Rana",
              "bowler": "JK Fuller",
              "non_striker": "NLTC Perera",
              "runs": {
                "batter": 0,
                "extras": 0,
                "total": 0
              }
            },
            {
              "batter": "Mehedi Hasan Rana",
              "bowler": "JK Fuller",
              "non_striker": "NLTC Perera",
              "runs": {
                "batter": 0,
                "extras": 0,
                "total": 0
              }
            }
          ]
        },
        {
          "over": 15,
          "deliveries": [
            {
              "batter": "NLTC Perera",
              "bowler": "Faheem Ashraf",
              "non_striker": "Mehedi Hasan Rana",
              "runs": {
                "batter": 4,
                "extras": 0,
                "total": 4
              }
            },
            {
              "batter": "NLTC Perera",
              "bowler": "Faheem Ashraf",
              "non_striker": "Mehedi Hasan Rana",
              "runs": {
                "batter": 0,
                "extras": 0,
                "total": 0
              }
            },
            {
              "batter": "NLTC Perera",
              "bowler": "Faheem Ashraf",
              "non_striker": "Mehedi Hasan Rana",
              "runs": {
                "batter": 0,
                "extras": 0,
                "total": 0
              },
              "wickets": [
                {
                  "player_out": "NLTC Perera",
                  "fielders": [
                    {
                      "name": "Mushfiqur Rahim"
                    }
                  ],
                  "kind": "caught"
                }
              ]
            }
          ]
        }
      ],
      "powerplays": [
        {
          "from": 0.1,
          "to": 5.8,
          "type": "mandatory"
        }
      ]
    },
    {
      "team": "Fortune Barishal",
      "overs": [
        {
          "over": 0,
          "deliveries": [
            {
              "batter": "Tamim Iqbal",
              "bowler": "Mustafizur Rahman",
              "non_striker": "Towhid Hridoy",
              "runs": {
                "batter": 0,
                "extras": 0,
                "total": 0
              }
            },
            {
              "batter": "Tamim Iqbal",
              "bowler": "Mustafizur Rahman",
              "non_striker": "Towhid Hridoy",
              "runs": {
                "batter": 1,
                "extras": 0,
                "total": 1
              }
            },
            {
              "batter": "Towhid Hridoy",
              "bowler": "Mustafizur Rahman",
              "non_striker": "Tamim Iqbal",
              "runs": {
                "batter": 1,
                "extras": 0,
                "total": 1
              }
            },
            {
              "batter": "Tamim Iqbal",
              "bowler": "Mustafizur Rahman",
              "non_striker": "Towhid Hridoy",
              "runs": {
                "batter": 1,
                "extras": 0,
                "total": 1
              }
            },
            {
              "batter": "Towhid Hridoy",
              "bowler": "Mustafizur Rahman",
              "non_striker": "Tamim Iqbal",
              "runs": {
                "batter": 6,
                "extras": 0,
                "total": 6
              }
            },
            {
              "batter": "Towhid Hridoy",
              "bowler": "Mustafizur Rahman",
              "non_striker": "Tamim Iqbal",
              "runs": {
                "batter": 1,
                "extras": 0,
                "total": 1
              }
            }
          ]
        },
        {
          "over": 1,
          "deliveries": [
            {
              "batter": "Towhid Hridoy",
              "bowler": "Mehedi Hasan Rana",
              "non_striker": "Tamim Iqbal",
              "runs": {
                "batter": 6,
                "extras": 0,
                "total": 6
              }
            },
            {
              "batter": "Towhid Hridoy",
              "bowler": "Mehedi Hasan Rana",
              "non_striker": "Tamim Iqbal",
              "runs": {
                "batter": 0,
                "extras": 0,
                "total": 0
              }
            },
            {
              "batter": "Towhid Hridoy",
              "bowler": "Mehedi Hasan Rana",
              "non_striker": "Tamim Iqbal",
              "runs": {
                "batter": 0,
                "extras": 0,
                "total": 0
              }
            },
            {
              "batter": "Towhid Hridoy",
              "bowler": "Mehedi Hasan Rana",
              "non_striker": "Tamim Iqbal",
              "runs": {
                "batter": 1,
                "extras": 0,
                "total": 1
              }
            },
            {
              "batter": "Tamim Iqbal",
              "bowler": "Mehedi Hasan Rana",
              "non_striker": "Towhid Hridoy",
              "runs": {
                "batter": 4,
                "extras": 0,
                "total": 4
              }
            },
            {
              "batter": "Tamim Iqbal",
              "bowler": "Mehedi Hasan Rana",
              "non_striker": "Towhid Hridoy",
              "runs": {
                "batter": 0,
                "extras": 0,
                "total": 0
              }
            }
          ]
        },
        {
          "over": 2,
          "deliveries": [
            {
              "batter": "Towhid Hridoy",
              "bowler": "Mustafizur Rahman",
              "non_striker": "Tamim Iqbal",
              "runs": {
                "batter": 0,
                "extras": 0,
                "total": 0
              }
            },
            {
              "batter": "Towhid Hridoy",
              "bowler": "Mustafizur Rahman",
              "non_striker": "Tamim Iqbal",
              "runs": {
                "batter": 0,
                "extras": 0,
                "total": 0
              },
              "wickets": [
                {
                  "player_out": "Towhid Hridoy",
                  "fielders": [
                    {
                      "name": "JP Kotze"
                    }
                  ],
                  "kind": "caught"
                }
              ]
            },
            {
              "batter": "DJ Malan",
              "bowler": "Mustafizur Rahman",
              "extras": {
                "legbyes": 4
              },
              "non_striker": "Tamim Iqbal",
              "runs": {
                "batter": 0,
                "extras": 4,
                "total": 4
              }
            },
            {
              "batter": "DJ Malan",
              "bowler": "Mustafizur Rahman",
              "non_striker": "Tamim Iqbal",
              "runs": {
                "batter": 4,
                "extras": 0,
                "total": 4
              }
            },
            {
              "batter": "DJ Malan",
              "bowler": "Mustafizur Rahman",
              "non_striker": "Tamim Iqbal",
              "runs": {
                "batter": 0,
                "extras": 0,
                "total": 0
              }
            },
            {
              "batter": "DJ Malan",
              "bowler": "Mustafizur Rahman",
              "non_striker": "Tamim Iqbal",
              "runs": {
                "batter": 2,
                "extras": 0,
                "total": 2
              }
            }
          ]
        },
        {
          "over": 3,
          "deliveries": [
            {
              "batter": "Tamim Iqbal",
              "bowler": "Mosaddek Hossain",
              "non_striker": "DJ Malan",
              "runs": {
                "batter": 0,
                "extras": 0,
                "total": 0
              }
            },
            {
              "batter": "Tamim Iqbal",
              "bowler": "Mosaddek Hossain",
              "non_striker": "DJ Malan",
              "runs": {
                "batter": 1,
                "extras": 0,
                "total": 1
              }
            },
            {
              "batter": "DJ Malan",
              "bowler": "Mosaddek Hossain",
              "non_striker": "Tamim Iqbal",
              "runs": {
                "batter": 1,
                "extras": 0,
                "total": 1
              }
            },
            {
              "batter": "Tamim Iqbal",
              "bowler": "Mosaddek Hossain",
              "non_striker": "DJ Malan",
              "runs": {
                "batter": 0,
                "extras": 0,
                "total": 0
              }
            },
            {
              "batter": "Tamim Iqbal",
              "bowler": "Mosaddek Hossain",
              "non_striker": "DJ Malan",
              "runs": {
                "batter": 4,
                "extras": 0,
                "total": 4
              }
            },
            {
              "batter": "Tamim Iqbal",
              "bowler": "Mosaddek Hossain",
              "non_striker": "DJ Malan",
              "runs": {
                "batter": 0,
                "extras": 0,
                "total": 0
              }
            }
          ]
        },
        {
          "over": 4,
          "deliveries": [
            {
              "batter": "DJ Malan",
              "bowler": "RR Beaton",
              "non_striker": "Tamim Iqbal",
              "runs": {
                "batter": 0,
                "extras": 0,
                "total": 0
              }
            },
            {
              "batter": "DJ Malan",
              "bowler": "RR Beaton",
              "non_striker": "Tamim Iqbal",
              "runs": {
                "batter": 4,
                "extras": 0,
                "total": 4
              }
            },
            {
              "batter": "DJ Malan",
              "bowler": "RR Beaton",
              "non_striker": "Tamim Iqbal",
              "runs": {
                "batter": 6,
                "extras": 0,
                "total": 6
              }
            },
            {
              "batter": "DJ Malan",
              "bowler": "RR Beaton",
              "non_striker": "Tamim Iqbal",
              "runs": {
                "batter": 6,
                "extras": 0,
                "total": 6
              }
            },
            {
              "batter": "DJ Malan",
              "bowler": "RR Beaton",
              "non_striker": "Tamim Iqbal",
              "runs": {
                "batter": 4,
                "extras": 0,
                "total": 4
              }
            },
            {
              "batter": "DJ Malan",
              "bowler": "RR Beaton",
              "non_striker": "Tamim Iqbal",
              "runs": {
                "batter": 0,
                "extras": 0,
                "total": 0
              }
            }
          ]
        },
        {
          "over": 5,
          "deliveries": [
            {
              "batter": "Tamim Iqbal",
              "bowler": "Mehedi Hasan Rana",
              "non_striker": "DJ Malan",
              "runs": {
                "batter": 4,
                "extras": 0,
                "total": 4
              }
            },
            {
              "batter": "Tamim Iqbal",
              "bowler": "Mehedi Hasan Rana",
              "non_striker": "DJ Malan",
              "runs": {
                "batter": 1,
                "extras": 0,
                "total": 1
              }
            },
            {
              "batter": "DJ Malan",
              "bowler": "Mehedi Hasan Rana",
              "non_striker": "Tamim Iqbal",
              "runs": {
                "batter": 1,
                "extras": 0,
                "total": 1
              }
            },
            {
              "batter": "Tamim Iqbal",
              "bowler": "Mehedi Hasan Rana",
              "non_striker": "DJ Malan",
              "runs": {
                "batter": 1,
                "extras": 0,
                "total": 1
              }
            },
            {
              "batter": "DJ Malan",
              "bowler": "Mehedi Hasan Rana",
              "non_striker": "Tamim Iqbal",
              "runs": {
                "batter": 1,
                "extras": 0,
                "total": 1
              }
            },
            {
              "batter": "Tamim Iqbal",
              "bowler": "Mehedi Hasan Rana",
              "non_striker": "DJ Malan",
              "runs": {
                "batter": 4,
                "extras": 0,
                "total": 4
              }
            }
          ]
        },
        {
          "over": 6,
          "deliveries": [
            {
              "batter": "DJ Malan",
              "bowler": "Nazmul Islam",
              "non_striker": "Tamim Iqbal",
              "runs": {
                "batter": 4,
                "extras": 0,
                "total": 4
              }
            },
            {
              "batter": "DJ Malan",
              "bowler": "Nazmul Islam",
              "non_striker": "Tamim Iqbal",
              "runs": {
                "batter": 0,
                "extras": 0,
                "total": 0
              }
            },
            {
              "batter": "DJ Malan",
              "bowler": "Nazmul Islam",
              "non_striker": "Tamim Iqbal",
              "runs": {
                "batter": 4,
                "extras": 0,
                "total": 4
              }
            }
          ]
        }
      ],
      "powerplays": [
        {
          "from": 0.1,
          "to": 5.6,
          "type": "mandatory"
        }
      ],
      "target": {
        "overs": 20,
        "runs": 74
      }
    }
  ]
}