{
  "meta": {
    "data_version": "1.1.0",
    "created": "2025-01-22",
    "revision": 1
  },
  "info": {
    "balls_per_over": 6,
    "city": "Chattogram",
    "dates": [
      "2025-01-22"
    ],
    "event": {
      "name": "Bangladesh Premier League",
      "match_number": 30
    },
    "gender": "male",
    "match_type": "T20",
    "officials": {
      "match_referees": [
        "Debabrata Paul"
      ],
      "reserve_umpires": [
        "Shafeen Shareef"
      ],
      "tv_umpires": [
        "Masudur Rahman"
      ],
      "umpires": [
        "Morshed Ali Khan",
        "Sharfuddoula"
      ]
    },
    "outcome": {
      "winner": "Fortune Barishal",
      "by": {
        "runs": 7
      }
    },
    "overs": 20,
    "player_of_match": [
      "Rishad Hossain"
    ],
    "players": {
      "Fortune Barishal": [
        "Towhid Hridoy",
        "Tamim Iqbal",
        "DJ Malan",
        "Mushfiqur Rahim",
        "Mahmudullah",
        "Mohammad Nabi",
        "Faheem Ashraf",
        "Rishad Hossain",
        "Jahandad Khan",
        "Tanvir Islam",
        "R Mondol"
      ],
      "Khulna Tigers": [
        "Mohammad Naim",
        "Imrul Kayes",
        "Mehedi Hasan Miraz",
        "AI Ross",
        "Afif Hossain",
        "Mahidul Islam Ankon",
        "WG Bosisto",
        "Aamer Jamal",
        "Ziaur Rahman",
        "Nasum Ahmed",
        "Salman Irshad"
      ]
    },
    "registry": {
      "people": {
        "AI Ross": "fb0d68b4",
        "Aamer Jamal": "a8e54ef4",
        "Afif Hossain": "37138918",
        "DJ Malan": "ad9c32a2",
        "Debabrata Paul": "a77f51d0",
        "Faheem Ashraf": "bd4ea627",
        "Imrul Kayes": "5fbe14fc",
        "Jahandad Khan": "22d73540",
        "Mahidul Islam Ankon": "dac6aabc",
        "Mahmudul Hasan Joy": "4b51bd51",
        "Mahmudullah": "bf1d7d3e",
        "Masudur Rahman": "9581ac6b",
        "Mehedi Hasan Miraz": "c58b0108",
        "Mohammad Nabi": "62af8546",
        "Mohammad Naim": "7923a51d",
        "Morshed Ali Khan": "a7c3cf5f",
        "Mushfiqur Rahim": "a94e08ea",
        "Nasum Ahmed": "37654b75",
        "R Mondol": "492ff0c2",
        "Rishad Hossain": "5935d694",
        "Salman Irshad": "30afc92b",
        "Shafeen Shareef": "bd616323",
        "Sharfuddoula": "63896abb",
        "Tamim Iqbal": "3b041a12",
        "Tanvir Islam": "aa467af0",
        "Towhid Hridoy": "9e52a414",
        "WG Bosisto": "04ef663a",
        "Ziaur Rahman": "c27518d2"
      }
    },
    "season": "2024/25",
    "team_type": "club",
    "teams": [
      "Fortune Barishal",
      "Khulna Tigers"
    ],
    "toss": {
      "decision": "field",
      "winner": "Khulna Tigers"
    },
    "venue": "Zahur Ahmed Chowdhury Stadium, Chattogram"
  },
  "innings": [
    {
      "team": "Fortune Barishal",
      "overs": [
        {
          "over": 0,
          "deliveries": [
            {
              "batter": "Towhid Hridoy",
              "bowler": "Mehedi Hasan Miraz",
              "non_striker": "Tamim Iqbal",
              "runs": {
                "batter": 1,
                "extras": 0,
                "total": 1
              }
            },
            {
              "batter": "Tamim Iqbal",
              "bowler": "Mehedi Hasan Miraz",
              "non_striker": "Towhid Hridoy",
              "runs": {
                "batter": 0,
                "extras": 0,
                "total": 0
              },
              "wickets": [
                {
                  "player_out": "Tamim Iqbal",
                  "kind": "lbw"
                }
              ]
            },
            {
              "batter": "DJ Malan",
              "bowler": "Mehedi Hasan Miraz",
              "non_striker": "Towhid Hridoy",
              "runs": {
                "batter": 0,
                "extras": 0,
                "total": 0
              },
              "wickets": [
                {
                  "player_out": "DJ Malan",
                  "kind": "bowled"
                }
              ]
            },
            {
              "batter": "Mushfiqur Rahim",
              "bowler": "Mehedi Hasan Miraz",
              "non_striker": "Towhid Hridoy",
              "runs": {
                "batter": 0,
                "extras": 0,
                "total": 0
              }
            },
            {
              "batter": "Mushfiqur Rahim",
              "bowler": "Mehedi Hasan Miraz",
              "non_striker": "Towhid Hridoy",
              "runs": {
                "batter": 0,
                "extras": 0,
                "total": 0
              }
            },
            {
              "batter": "Mushfiqur Rahim",
              "bowler": "Mehedi Hasan Miraz",
              "non_striker": "Towhid Hridoy",
              "runs": {
                "batter": 4,
                "extras": 0,
                "total": 4
              }
            }
          ]
        },
        {
          "over": 1,
          "deliveries": [
            {
              "batter": "Towhid Hridoy",
              "bowler": "Aamer Jamal",
              "non_striker": "Mushfiqur Rahim",
              "runs": {
                "batter": 0,
                "extras": 0,
                "total": 0
              }
            },
            {
              "batter": "Towhid Hridoy",
              "bowler": "Aamer Jamal",
              "non_striker": "Mushfiqur Rahim",
              "runs": {
                "batter": 1,
                "extras": 0,
                "total": 1
              }
            },
            {
              "batter": "Mushfiqur Rahim",
              "bowler": "Aamer Jamal",
              "non_striker": "Towhid Hridoy",
              "runs": {
                "batter": 1,
                "extras": 0,
                "total": 1
              }
            },
            {
              "batter": "Towhid Hridoy",
              "bowler": "Aamer Jamal",
              "non_striker": "Mushfiqur Rahim",
              "runs": {
                "batter": 4,
                "extras": 0,
                "total": 4
              }
            },
            {
              "batter": "Towhid Hridoy",
              "bowler": "Aamer Jamal",
              "non_striker": "Mushfiqur Rahim",
              "runs": {
                "batter": 0,
                "extras": 0,
                "total": 0
              }
            },
            {
              "batter": "Towhid Hridoy",
              "bowler": "Aamer Jamal",
              "non_striker": "Mushfiqur Rahim",
              "runs": {
                "batter": 1,
                "extras": 0,
                "total": 1
              }
            }
          ]
        },
        {
          "over": 2,
          "deliveries": [
            {
              "batter": "Towhid Hridoy",
              "bowler": "Nasum Ahmed",
              "non_striker": "Mushfiqur Rahim",
              "runs": {
                "batter": 0,
                "extras": 0,
                "total": 0
              }
            },
            {
              "batter": "Towhid Hridoy",
              "bowler": "Nasum Ahmed",
              "non_striker": "Mushfiqur Rahim",
              "runs": {
                "batter": 4,
                "extras": 0,
                "total": 4
              }
            },
            {
              "batter": "Towhid Hridoy",
              "bowler": "Nasum Ahmed",
              "non_striker": "Mushfiqur Rahim",
              "runs": {
                "batter": 0,
                "extras": 0,
                "total": 0
              },
              "wickets": [
                {
                  "player_out": "Mushfiqur Rahim",
                  "fielders": [
                    {
                      "name": "Mahidul Islam Ankon"
                    },
                    {
                      "name": "Aamer Jamal"
                    }
                  ],
                  "kind": "run out"
                }
              ]
            },
            {
              "batter": "Mahmudullah",
              "bowler": "Nasum Ahmed",
              "non_striker": "Towhid Hridoy",
              "runs": {
                "batter": 0,
                "extras": 0,
                "total": 0
              }
            },
            {
              "batter": "Mahmudullah",
              "bowler": "Nasum Ahmed",
              "non_striker": "Towhid Hridoy",
              "runs": {
                "batter": 0,
                "extras": 0,
                "total": 0
              }
            },
            {
              "batter": "Mahmudullah",
              "bowler": "Nasum Ahmed",
              "non_striker": "Towhid Hridoy",
              "runs": {
                "batter": 0,
                "extras": 0,
                "total": 0
              }
            }
          ]
        },
        {
          "over": 3,
          "deliveries": [
            {
              "batter": "Towhid Hridoy",
              "bowler": "Aamer Jamal",
              "non_striker": "Mahmudullah",
              "runs": {
                "batter": 2,
                "extras": 0,
                "total": 2
              }
            },
            {
              "batter": "Towhid Hridoy",
              "bowler": "Aamer Jamal",
              "non_striker": "Mahmudullah",
              "runs": {
                "batter": 0,
                "extras": 0,
                "total": 0
              }
            },
            {
              "batter": "Towhid Hridoy",
              "bowler": "Aamer Jamal",
              "non_striker": "Mahmudullah",
              "runs": {
                "batter": 4,
                "extras": 0,
                "total": 4
              }
            },
            {
              "batter": "Towhid Hridoy",
              "bowler": "Aamer Jamal",
              "non_striker": "Mahmudullah",
              "runs": {
                "batter": 0,
                "extras": 0,
                "total": 0
              }
            },
            {
              "batter": "Towhid Hridoy",
              "bowler": "Aamer Jamal",
              "non_striker": "Mahmudullah",
              "runs": {
                "batter": 0,
                "extras": 0,
                "total": 0
              }
            },
            {
              "batter": "Towhid Hridoy",
              "bowler": "Aamer Jamal",
              "non_striker": "Mahmudullah",
              "runs": {
                "batter": 4,
                "extras": 0,
                "total": 4
              }
            }
          ]
        },
        {
          "over": 4,
          "deliveries": [
            {
              "batter": "Mahmudullah",
              "bowler": "Salman Irshad",
              "non_striker": "Towhid Hridoy",
              "runs": {
                "batter": 0,
                "extras": 0,
                "total": 0
              }
            },
            {
              "batter": "Mahmudullah",
              "bowler": "Salman Irshad",
              "non_striker": "Towhid Hridoy",
              "runs": {
                "batter": 0,
                "extras": 0,
                "total": 0
              }
            },
            {
              "batter": "Mahmudullah",
              "bowler": "Salman Irshad",
              "non_striker": "Towhid Hridoy",
              "runs": {
                "batter": 1,
                "extras": 0,
                "total": 1
              }
            },
            {
              "batter": "Towhid Hridoy",
              "bowler": "Salman Irshad",
              "non_striker": "Mahmudullah",
              "runs": {
                "batter": 0,
                "extras": 0,
                "total": 0
              }
            },
            {
              "batter": "Towhid Hridoy",
              "bowler": "Salman Irshad",
              "non_striker": "Mahmudullah",
              "runs": {
                "batter": 0,
                "extras": 0,
                "total": 0
              }
            },
            {
              "batter": "Towhid Hridoy",
              "bowler": "Salman Irshad",
              "non_striker": "Mahmudullah",
              "runs": {
                "batter": 0,
                "extras": 0,
                "total": 0
              }
            }
          ]
        },
        {
          "over": 5,
          "deliveries": [
            {
              "batter": "Mahmudullah",
              "bowler": "Nasum Ahmed",
              "non_striker": "Towhid Hridoy",
              "runs": {
                "batter": 0,
                "extras": 0,
                "total": 0
              }
            },
            {
              "batter": "Mahmudullah",
              "bowler": "Nasum Ahmed",
              "non_striker": "Towhid Hridoy",
              "runs": {
                "batter": 0,
                "extras": 0,
                "total": 0
              }
            },
            {
              "batter": "Mahmudullah",
              "bowler": "Nasum Ahmed",
              "non_striker": "Towhid Hridoy",
              "runs": {
                "batter": 0,
                "extras": 0,
                "total": 0
              }
            },
            {
              "batter": "Mahmudullah",
              "bowler": "Nasum Ahmed",
              "non_striker": "Towhid Hridoy",
              "runs": {
                "batter": 1,
                "extras": 0,
                "total": 1
              }
            },
            {
              "batter": "Towhid Hridoy",
              "bowler": "Nasum Ahmed",
              "non_striker": "Mahmudullah",
              "runs": {
                "batter": 1,
                "extras": 0,
                "total": 1
              }
            },
            {
              "batter": "Mahmudullah",
              "bowler": "Nasum Ahmed",
              "non_striker": "Towhid Hridoy",
              "runs": {
                "batter": 1,
                "extras": 0,
                "total": 1
              }
            }
          ]
        },
        {
          "over": 6,
          "deliveries": [
            {
              "batter": "Mahmudullah",
              "bowler": "Ziaur Rahman",
              "non_striker": "Towhid Hridoy",
              "runs": {
                "batter": 0,
                "extras": 0,
                "total": 0
              }
            },
            {
              "batter": "Mahmudullah",
              "bowler": "Ziaur Rahman",
              "non_striker": "Towhid Hridoy",
              "runs": {
                "batter": 1,
                "extras": 0,
                "total": 1
              }
            },
            {
              "batter": "Towhid Hridoy",
              "bowler": "Ziaur Rahman",
              "non_striker": "Mahmudullah",
              "runs": {
                "batter": 1,
                "extras": 0,
                "total": 1
              }
            },
            {
              "batter": "Mahmudullah",
              "bowler": "Ziaur Rahman",
              "non_striker": "Towhid Hridoy",
              "runs": {
                "batter": 1,
                "extras": 0,
                "total": 1
              }
            },
            {
              "batter": "Towhid Hridoy",
              "bowler": "Ziaur Rahman",
              "non_striker": "Mahmudullah",
              "runs": {
                "batter": 0,
                "extras": 0,
                "total": 0
              }
            },
            {
              "batter": "Towhid Hridoy",
              "bowler": "Ziaur Rahman",
              "non_striker": "Mahmudullah",
              "runs": {
                "batter": 0,
                "extras": 0,
                "total": 0
              }
            }
          ]
        },
        {
          "over": 7,
          "deliveries": [
            {
              "batter": "Mahmudullah",
              "bowler": "Nasum Ahmed",
              "non_striker": "Towhid Hridoy",
              "runs": {
                "batter": 1,
                "extras": 0,
                "total": 1
              }
            },
            {
              "batter": "Towhid Hridoy",
              "bowler": "Nasum Ahmed",
              "non_striker": "Mahmudullah",
              "runs": {
                "batter": 1,
                "extras": 0,
                "total": 1
              }
            },
            {
              "batter": "Mahmudullah",
              "bowler": "Nasum Ahmed",
              "non_striker": "Towhid Hridoy",
              "runs": {
                "batter": 0,
                "extras": 0,
                "total": 0
              }
            },
            {
              "batter": "Mahmudullah",
              "bowler": "Nasum Ahmed",
              "non_striker": "Towhid Hridoy",
              "runs": {
                "batter": 6,
                "extras": 0,
                "total": 6
              }
            },
            {
              "batter": "Mahmudullah",
              "bowler": "Nasum Ahmed",
              "non_striker": "Towhid Hridoy",
              "runs": {
                "batter": 1,
                "extras": 0,
                "total": 1
              }
            },
            {
              "batter": "Towhid Hridoy",
              "bowler": "Nasum Ahmed",
              "non_striker": "Mahmudullah",
              "runs": {
                "batter": 1,
                "extras": 0,
                "total": 1
              }
            }
          ]
        },
        {
          "over": 8,
          "deliveries": [
            {
              "batter": "Towhid Hridoy",
              "bowler": "Ziaur Rahman",
              "non_striker": "Mahmudullah",
              "runs": {
                "batter": 6,
                "extras": 0,
                "total": 6
              }
            },
            {
              "batter": "Towhid Hridoy",
              "bowler": "Ziaur Rahman",
              "non_striker": "Mahmudullah",
              "runs": {
                "batter": 1,
                "extras": 0,
                "total": 1
              }
            },
            {
              "batter": "Mahmudullah",
              "bowler": "Ziaur Rahman",
              "extras": {
                "legbyes": 1
              },
              "non_striker": "Towhid Hridoy",
              "runs": {
                "batter": 0,
                "extras": 1,
                "total": 1
              }
            },
            {
              "batter": "Towhid Hridoy",
              "bowler": "Ziaur Rahman",
              "non_striker": "Mahmudullah",
              "runs": {
                "batter": 2,
                "extras": 0,
                "total": 2
              }
            },
            {
              "batter": "Towhid Hridoy",
              "bowler": "Ziaur Rahman",
              "non_striker": "Mahmudullah",
              "runs": {
                "batter": 1,
                "extras": 0,
                "total": 1
              }
            },
            {
              "batter": "Mahmudullah",
              "bowler": "Ziaur Rahman",
              "non_striker": "Towhid Hridoy",
              "runs": {
                "batter": 4,
                "extras": 0,
                "total": 4
              }
            }
          ]
        },
        {
          "over": 9,
          "deliveries": [
            {
              "batter": "Towhid Hridoy",
              "bowler": "Mehedi Hasan Miraz",
              "extras": {
                "wides": 1
              },
              "non_striker": "Mahmudullah",
              "runs": {
                "batter": 0,
                "extras": 1,
                "total": 1
              }
            },
            {
              "batter": "Towhid Hridoy",
              "bowler": "Mehedi Hasan Miraz",
              "non_striker": "Mahmudullah",
              "runs": {
                "batter": 1,
                "extras": 0,
                "total": 1
              }
            },
            {
              "batter": "Mahmudullah",
              "bowler": "Mehedi Hasan Miraz",
              "non_striker": "Towhid Hridoy",
              "runs": {
                "batter": 2,
                "extras": 0,
                "total": 2
              }
            },
            {
              "batter": "Mahmudullah",
              "bowler": "Mehedi Hasan Miraz",
              "non_striker": "Towhid Hridoy",
              "runs": {
                "batter": 0,
                "extras": 0,
                "total": 0
              }
            },
            {
              "batter": "Mahmudullah",
              "bowler": "Mehedi Hasan Miraz",
              "non_striker": "Towhid Hridoy",
              "runs": {
                "batter": 1,
                "extras": 0,
                "total": 1
              }
            },
            {
              "batter": "Towhid Hridoy",
              "bowler": "Mehedi Hasan Miraz",
              "non_striker": "Mahmudullah",
              "runs": {
                "batter": 0,
                "extras": 0,
                "total": 0
              },
              "wickets": [
                {
                  "player_out": "Towhid Hridoy",
                  "fielders": [
                    {
                      "name": "Nasum Ahmed"
                    }
                  ],
                  "kind": "caught"
                }
              ]
            },
            {
              "batter": "Mohammad Nabi",
              "bowler": "Mehedi Hasan Miraz",
              "non_striker": "Mahmudullah",
              "runs": {
                "batter": 1,
                "extras": 0,
                "total": 1
              }
            }
          ]
        },
        {
          "over": 10,
          "deliveries": [
            {
              "batter": "Mohammad Nabi",
              "bowler": "Salman Irshad",
              "non_striker": "Mahmudullah",
              "runs": {
                "batter": 0,
                "extras": 0,
                "total": 0
              },
              "wickets": [
                {
                  "player_out": "Mohammad Nabi",
                  "fielders": [
                    {
                      "name": "Mahidul Islam Ankon"
                    }
                  ],
                  "kind": "caught"
                }
              ]
            },
            {
              "batter": "Faheem Ashraf",
              "bowler": "Salman Irshad",
              "non_striker": "Mahmudullah",
              "runs": {
                "batter": 0,
                "extras": 0,
                "total": 0
              }
            },
            {
              "batter": "Faheem Ashraf",
              "bowler": "Salman Irshad",
              "non_striker": "Mahmudullah",
              "runs": {
                "batter": 1,
                "extras": 0,
                "total": 1
              }
            },
            {
              "batter": "Mahmudullah",
              "bowler": "Salman Irshad",
              "extras": {
                "wides": 1
              },
              "non_striker": "Faheem Ashraf",
              "runs": {
                "batter": 0,
                "extras": 1,
                "total": 1
              }
            },
            {
              "batter": "Mahmudullah",
              "bowler": "Salman Irshad",
              "non_striker": "Faheem Ashraf",
              "runs": {
                "batter": 0,
                "extras": 0,
                "total": 0
              }
            },
            {
              "batter": "Mahmudullah",
              "bowler": "Salman Irshad",
              "non_striker": "Faheem Ashraf",
              "runs": {
                "batter": 0,
                "extras": 0,
                "total": 0
              }
            },
            {
              "batter": "Mahmudullah",
              "bowler": "Salman Irshad",
              "non_striker": "Faheem Ashraf",
              "runs": {
                "batter": 1,
                "extras": 0,
                "total": 1
              }
            }
          ]
        },
        {
          "over": 11,
          "deliveries": [
            {
              "batter": "Mahmudullah",
              "bowler": "Mehedi Hasan Miraz",
              "non_striker": "Faheem Ashraf",
              "runs": {
                "batter": 4,
                "extras": 0,
                "total": 4
              }
            },
            {
              "batter": "Mahmudullah",
              "bowler": "Mehedi Hasan Miraz",
              "non_striker": "Faheem Ashraf",
              "runs": {
                "batter": 4,
                "extras": 0,
                "total": 4
              }
            },
            {
              "batter": "Mahmudullah",
              "bowler": "Mehedi Hasan Miraz",
              "non_striker": "Faheem Ashraf",
              "runs": {
                "batter": 1,
                "extras": 0,
                "total": 1
              }
            },
            {
              "batter": "Faheem Ashraf",
              "bowler": "Mehedi Hasan Miraz",
              "non_striker": "Mahmudullah",
              "runs": {
                "batter": 1,
                "extras": 0,
                "total": 1
              }
            },
            {
              "batter": "Mahmudullah",
              "bowler": "Mehedi Hasan Miraz",
              "non_striker": "Faheem Ashraf",
              "runs": {
                "batter": 1,
                "extras": 0,
                "total": 1
              }
            },
            {
              "batter": "Faheem Ashraf",
              "bowler": "Mehedi Hasan Miraz",
              "non_striker": "Mahmudullah",
              "runs": {
                "batter": 1,
                "extras": 0,
                "total": 1
              }
            }
          ]
        },
        {
          "over": 12,
          "deliveries": [
            {
              "batter": "Faheem Ashraf",
              "bowler": "Nasum Ahmed",
              "non_striker": "Mahmudullah",
              "runs": {
                "batter": 1,
                "extras": 0,
                "total": 1
              }
            },
            {
              "batter": "Mahmudullah",
              "bowler": "Nasum Ahmed",
              "non_striker": "Faheem Ashraf",
              "runs": {
                "batter": 1,
                "extras": 0,
                "total": 1
              }
            },
            {
              "batter": "Faheem Ashraf",
              "bowler": "Nasum Ahmed",
              "non_striker": "Mahmudullah",
              "runs": {
                "batter": 1,
                "extras": 0,
                "total": 1
              }
            },
            {
              "batter": "Mahmudullah",
              "bowler": "Nasum Ahmed",
              "non_striker": "Faheem Ashraf",
              "runs": {
                "batter": 1,
                "extras": 0,
                "total": 1
              }
            },
            {
              "batter": "Faheem Ashraf",
              "bowler": "Nasum Ahmed",
              "non_striker": "Mahmudullah",
              "runs": {
                "batter": 4,
                "extras": 0,
                "total": 4
              }
            },
            {
              "batter": "Faheem Ashraf",
              "bowler": "Nasum Ahmed",
              "non_striker": "Mahmudullah",
              "runs": {
                "batter": 0,
                "extras": 0,
                "total": 0
              },
              "wickets": [
                {
                  "player_out": "Faheem Ashraf",
                  "fielders": [
                    {
                      "name": "Mahmudul Hasan Joy",
                      "substitute": true
                    }
                  ],
                  "kind": "caught"
                }
              ]
            }
          ]
        },
        {
          "over": 13,
          "deliveries": [
            {
              "batter": "Mahmudullah",
              "bowler": "Salman Irshad",
              "non_striker": "Rishad Hossain",
              "runs": {
                "batter": 1,
                "extras": 0,
                "total": 1
              }
            },
            {
              "batter": "Rishad Hossain",
              "bowler": "Salman Irshad",
              "non_striker": "Mahmudullah",
              "runs": {
                "batter": 1,
                "extras": 0,
                "total": 1
              }
            },
            {
              "batter": "Mahmudullah",
              "bowler": "Salman Irshad",
              "non_striker": "Rishad Hossain",
              "runs": {
                "batter": 0,
                "extras": 0,
                "total": 0
              }
            },
            {
              "batter": "Mahmudullah",
              "bowler": "Salman Irshad",
              "non_striker": "Rishad Hossain",
              "runs": {
                "batter": 1,
                "extras": 0,
                "total": 1
              }
            },
            {
              "batter": "Rishad Hossain",
              "bowler": "Salman Irshad",
              "non_striker": "Mahmudullah",
              "runs": {
                "batter": 0,
                "extras": 0,
                "total": 0
              }
            },
            {
              "batter": "Rishad Hossain",
              "bowler": "Salman Irshad",
              "non_striker": "Mahmudullah",
              "runs": {
                "batter": 1,
                "extras": 0,
                "total": 1
              }
            }
          ]
        },
        {
          "over": 14,
          "deliveries": [
            {
              "batter": "Rishad Hossain",
              "bowler": "Ziaur Rahman",
              "non_striker": "Mahmudullah",
              "runs": {
                "batter": 4,
                "extras": 0,
                "total": 4
              }
            },
            {
              "batter": "Rishad Hossain",
              "bowler": "Ziaur Rahman",
              "non_striker": "Mahmudullah",
              "runs": {
                "batter": 4,
                "extras": 0,
                "total": 4
              }
            },
            {
              "batter": "Rishad Hossain",
              "bowler": "Ziaur Rahman",
              "non_striker": "Mahmudullah",
              "runs": {
                "batter": 4,
                "extras": 0,
                "total": 4
              }
            },
            {
              "batter": "Rishad Hossain",
              "bowler": "Ziaur Rahman",
              "non_striker": "Mahmudullah",
              "runs": {
                "batter": 1,
                "extras": 0,
                "total": 1
              }
            },
            {
              "batter": "Mahmudullah",
              "bowler": "Ziaur Rahman",
              "non_striker": "Rishad Hossain",
              "runs": {
                "batter": 1,
                "extras": 0,
                "total": 1
              }
            },
            {
              "batter": "Rishad Hossain",
              "bowler": "Ziaur Rahman",
              "non_striker": "Mahmudullah",
              "runs": {
                "batter": 1,
                "extras": 0,
                "total": 1
              }
            }
          ]
        },
        {
          "over": 15,
          "deliveries": [
            {
              "batter": "Rishad Hossain",
              "bowler": "Mehedi Hasan Miraz",
              "non_striker": "Mahmudullah",
              "runs": {
                "batter": 1,
                "extras": 0,
                "total": 1
              }
            },
            {
              "batter": "Mahmudullah",
              "bowler": "Mehedi Hasan Miraz",
              "non_striker": "Rishad Hossain",
              "runs": {
                "batter": 2,
                "extras": 0,
                "total": 2
              }
            },
            {
              "batter": "Mahmudullah",
              "bowler": "Mehedi Hasan Miraz",
              "non_striker": "Rishad Hossain",
              "runs": {
                "batter": 6,
                "extras": 0,
                "total": 6
              }
            },
            {
              "batter": "Mahmudullah",
              "bowler": "Mehedi Hasan Miraz",
              "non_striker": "Rishad Hossain",
              "runs": {
                "batter": 1,
                "extras": 0,
                "total": 1
              }
            },
            {
              "batter": "Rishad Hossain",
              "bowler": "Mehedi Hasan Miraz",
              "non_striker": "Mahmudullah",
              "runs": {
                "batter": 1,
                "extras": 0,
                "total": 1
              }
            },
            {
              "batter": "Mahmudullah",
              "bowler": "Mehedi Hasan Miraz",
              "non_striker": "Rishad Hossain",
              "runs": {
                "batter": 1,
                "extras": 0,
                "total": 1
              }
            }
          ]
        },
        {
          "over": 16,
          "deliveries": [
            {
              "batter": "Mahmudullah",
              "bowler": "Aamer Jamal",
              "non_striker": "Rishad Hossain",
              "runs": {
                "batter": 1,
                "extras": 0,
                "total": 1
              }
            },
            {
              "batter": "Rishad Hossain",
              "bowler": "Aamer Jamal",
              "non_striker": "Mahmudullah",
              "runs": {
                "batter": 1,
                "extras": 0,
                "total": 1
              }
            },
            {
              "batter": "Mahmudullah",
              "bowler": "Aamer Jamal",
              "non_striker": "Rishad Hossain",
              "runs": {
                "batter": 1,
                "extras": 0,
                "total": 1
              }
            },
            {
              "batter": "Rishad Hossain",
              "bowler": "Aamer Jamal",
              "non_striker": "Mahmudullah",
              "runs": {
                "batter": 4,
                "extras": 0,
                "total": 4
              }
            },
            {
              "batter": "Rishad Hossain",
              "bowler": "Aamer Jamal",
              "non_striker": "Mahmudullah",
              "runs": {
                "batter": 1,
                "extras": 0,
                "total": 1
              }
            },
            {
              "batter": "Mahmudullah",
              "bowler": "Aamer Jamal",
              "extras": {
                "wides": 1
              },
              "non_striker": "Rishad Hossain",
              "runs": {
                "batter": 0,
                "extras": 1,
                "total": 1
              }
            },
            {
              "batter": "Mahmudullah",
              "bowler": "Aamer Jamal",
              "non_striker": "Rishad Hossain",
              "runs": {
                "batter": 1,
                "extras": 0,
                "total": 1
              }
            }
          ]
        },
        {
          "over": 17,
          "deliveries": [
            {
              "batter": "Mahmudullah",
              "bowler": "Ziaur Rahman",
              "non_striker": "Rishad Hossain",
              "runs": {
                "batter": 1,
                "extras": 0,
                "total": 1
              }
            },
            {
              "batter": "Rishad Hossain",
              "bowler": "Ziaur Rahman",
              "non_striker": "Mahmudullah",
              "runs": {
                "batter": 4,
                "extras": 0,
                "total": 4
              }
            },
            {
              "batter": "Rishad Hossain",
              "bowler": "Ziaur Rahman",
              "non_striker": "Mahmudullah",
              "runs": {
                "batter": 1,
                "extras": 0,
                "total": 1
              }
            },
            {
              "batter": "Mahmudullah",
              "bowler": "Ziaur Rahman",
              "non_striker": "Rishad Hossain",
              "runs": {
                "batter": 0,
                "extras": 0,
                "total": 0
              },
              "wickets": [
                {
                  "player_out": "Mahmudullah",
                  "fielders": [
                    {
                      "name": "Aamer Jamal"
                    }
                  ],
                  "kind": "caught"
                }
              ]
            },
            {
              "batter": "Jahandad Khan",
              "bowler": "Ziaur Rahman",
              "non_striker": "Rishad Hossain",
              "runs": {
                "batter": 1,
                "extras": 0,
                "total": 1
              }
            },
            {
              "batter": "Rishad Hossain",
              "bowler": "Ziaur Rahman",
              "non_striker": "Jahandad Khan",
              "runs": {
                "batter": 6,
                "extras": 0,
                "total": 6
              }
            }
          ]
        },
        {
          "over": 18,
          "deliveries": [
            {
              "batter": "Jahandad Khan",
              "bowler": "Salman Irshad",
              "non_striker": "Rishad Hossain",
              "runs": {
                "batter": 2,
                "extras": 0,
                "total": 2
              }
            },
            {
              "batter": "Jahandad Khan",
              "bowler": "Salman Irshad",
              "non_striker": "Rishad Hossain",
              "runs": {
                "batter": 1,
                "extras": 0,
                "total": 1
              }
            },
            {
              "batter": "Rishad Hossain",
              "bowler": "Salman Irshad",
              "non_striker": "Jahandad Khan",
              "runs": {
                "batter": 1,
                "extras": 0,
                "total": 1
              }
            },
            {
              "batter": "Jahandad Khan",
              "bowler": "Salman Irshad",
              "non_striker": "Rishad Hossain",
              "runs": {
                "batter": 6,
                "extras": 0,
                "total": 6
              }
            },
            {
              "batter": "Jahandad Khan",
              "bowler": "Salman Irshad",
              "non_striker": "Rishad Hossain",
              "runs": {
                "batter": 0,
                "extras": 0,
                "total": 0
              },
              "wickets": [
                {
                  "player_out": "Jahandad Khan",
                  "fielders": [
                    {
                      "name": "AI Ross"
                    }
                  ],
                  "kind": "caught"
                }
              ]
            },
            {
              "batter": "Tanvir Islam",
              "bowler": "Salman Irshad",
              "non_striker": "Rishad Hossain",
              "runs": {
                "batter": 1,
                "extras": 0,
                "total": 1
              }
            }
          ]
        },
        {
          "over": 19,
          "deliveries": [
            {
              "batter": "Tanvir Islam",
              "bowler": "Aamer Jamal",
              "non_striker": "Rishad Hossain",
              "runs": {
                "batter": 4,
                "extras": 0,
                "total": 4
              }
            },
            {
              "batter": "Tanvir Islam",
              "bowler": "Aamer Jamal",
              "non_striker": "Rishad Hossain",
              "runs": {
                "batter": 6,
                "extras": 0,
                "total": 6
              }
            },
            {
              "batter": "Tanvir Islam",
              "bowler": "Aamer Jamal",
              "non_striker": "Rishad Hossain",
              "runs": {
                "batter": 1,
                "extras": 0,
                "total": 1
              }
            },
            {
              "batter": "Rishad Hossain",
              "bowler": "Aamer Jamal",
              "non_striker": "Tanvir Islam",
              "runs": {
                "batter": 2,
                "extras": 0,
                "total": 2
              }
            },
            {
              "batter": "Rishad Hossain",
              "bowler": "Aamer Jamal",
              "non_striker": "Tanvir Islam",
              "runs": {
                "batter": 1,
                "extras": 0,
                "total": 1
              },
              "wickets": [
                {
                  "player_out": "Rishad Hossain",
                  "fielders": [
                    {
                      "name": "Afif Hossain"
                    },
                    {
                      "name": "Mahidul Islam Ankon"
                    }
                  ],
                  "kind": "run out"
                }
              ]
            },
            {
              "batter": "R Mondol",
              "bowler": "Aamer Jamal",
              "non_striker": "Tanvir Islam",
              "runs": {
                "batter": 1,
                "extras": 0,
                "total": 1
              }
            }
          ]
        }
      ],
      "powerplays": [
        {
          "from": 0.1,
          "to": 5.6,
          "type": "mandatory"
        }
      ]
    },
    {
      "team": "Khulna Tigers",
      "overs": [
        {
          "over": 0,
          "deliveries": [
            {
              "batter": "Mohammad Naim",
              "bowler": "Mohammad Nabi",
              "non_striker": "Imrul Kayes",
              "runs": {
                "batter": 0,
                "extras": 0,
                "total": 0
              }
            },
            {
              "batter": "Mohammad Naim",
              "bowler": "Mohammad Nabi",
              "non_striker": "Imrul Kayes",
              "runs": {
                "batter": 0,
                "extras": 0,
                "total": 0
              }
            },
            {
              "batter": "Mohammad Naim",
              "bowler": "Mohammad Nabi",
              "non_striker": "Imrul Kayes",
              "runs": {
                "batter": 0,
                "extras": 0,
                "total": 0
              }
            },
            {
              "batter": "Mohammad Naim",
              "bowler": "Mohammad Nabi",
              "non_striker": "Imrul Kayes",
              "runs": {
                "batter": 0,
                "extras": 0,
                "total": 0
              }
            },
            {
              "batter": "Mohammad Naim",
              "bowler": "Mohammad Nabi",
              "non_striker": "Imrul Kayes",
              "runs": {
                "batter": 1,
                "extras": 0,
                "total": 1
              }
            },
            {
              "batter": "Imrul Kayes",
              "bowler": "Mohammad Nabi",
              "non_striker": "Mohammad Naim",
              "runs": {
                "batter": 0,
                "extras": 0,
                "total": 0
              }
            }
          ]
        },
        {
          "over": 1,
          "deliveries": [
            {
              "batter": "Mohammad Naim",
              "bowler": "Jahandad Khan",
              "non_striker": "Imrul Kayes",
              "runs": {
                "batter": 4,
                "extras": 0,
                "total": 4
              }
            },
            {
              "batter": "Mohammad Naim",
              "bowler": "Jahandad Khan",
              "non_striker": "Imrul Kayes",
              "runs": {
                "batter": 0,
                "extras": 0,
                "total": 0
              }
            },
            {
              "batter": "Mohammad Naim",
              "bowler": "Jahandad Khan",
              "non_striker": "Imrul Kayes",
              "runs": {
                "batter": 0,
                "extras": 0,
                "total": 0
              }
            },
            {
              "batter": "Mohammad Naim",
              "bowler": "Jahandad Khan",
              "extras": {
                "legbyes": 1
              },
              "non_striker": "Imrul Kayes",
              "runs": {
                "batter": 0,
                "extras": 1,
                "total": 1
              }
            },
            {
              "batter": "Imrul Kayes",
              "bowler": "Jahandad Khan",
              "non_striker": "Mohammad Naim",
              "runs": {
                "batter": 0,
                "extras": 0,
                "total": 0
              },
              "wickets": [
                {
                  "player_out": "Imrul Kayes",
                  "fielders": [
                    {
                      "name": "Tamim Iqbal"
                    }
                  ],
                  "kind": "caught"
                }
              ]
            },
            {
              "batter": "Mehedi Hasan Miraz",
              "bowler": "Jahandad Khan",
              "non_striker": "Mohammad Naim",
              "runs": {
                "batter": 0,
                "extras": 0,
                "total": 0
              }
            }
          ]
        },
        {
          "over": 2,
          "deliveries": [
            {
              "batter": "Mohammad Naim",
              "bowler": "Mohammad Nabi",
              "non_striker": "Mehedi Hasan Miraz",
              "runs": {
                "batter": 2,
                "extras": 0,
                "total": 2
              }
            },
            {
              "batter": "Mohammad Naim",
              "bowler": "Mohammad Nabi",
              "non_striker": "Mehedi Hasan Miraz",
              "runs": {
                "batter": 4,
                "extras": 0,
                "total": 4
              }
            },
            {
              "batter": "Mohammad Naim",
              "bowler": "Mohammad Nabi",
              "non_striker": "Mehedi Hasan Miraz",
              "runs": {
                "batter": 0,
                "extras": 0,
                "total": 0
              }
            },
            {
              "batter": "Mohammad Naim",
              "bowler": "Mohammad Nabi",
              "non_striker": "Mehedi Hasan Miraz",
              "runs": {
                "batter": 1,
                "extras": 0,
                "total": 1
              }
            },
            {
              "batter": "Mehedi Hasan Miraz",
              "bowler": "Mohammad Nabi",
              "non_striker": "Mohammad Naim",
              "runs": {
                "batter": 0,
                "extras": 0,
                "total": 0
              }
            },
            {
              "batter": "Mehedi Hasan Miraz",
              "bowler": "Mohammad Nabi",
              "non_striker": "Mohammad Naim",
              "runs": {
                "batter": 0,
                "extras": 0,
                "total": 0
              }
            }
          ]
        },
        {
          "over": 3,
          "deliveries": [
            {
              "batter": "Mohammad Naim",
              "bowler": "Jahandad Khan",
              "non_striker": "Mehedi Hasan Miraz",
              "runs": {
                "batter": 1,
                "extras": 0,
                "total": 1
              }
            },
            {
              "batter": "Mehedi Hasan Miraz",
              "bowler": "Jahandad Khan",
              "non_striker": "Mohammad Naim",
              "runs": {
                "batter": 0,
                "extras": 0,
                "total": 0
              }
            },
            {
              "batter": "Mehedi Hasan Miraz",
              "bowler": "Jahandad Khan",
              "extras": {
                "wides": 1
              },
              "non_striker": "Mohammad Naim",
              "runs": {
                "batter": 0,
                "extras": 1,
                "total": 1
              }
            },
            {
              "batter": "Mehedi Hasan Miraz",
              "bowler": "Jahandad Khan",
              "non_striker": "Mohammad Naim",
              "runs": {
                "batter": 1,
                "extras": 0,
                "total": 1
              }
            },
            {
              "batter": "Mohammad Naim",
              "bowler": "Jahandad Khan",
              "non_striker": "Mehedi Hasan Miraz",
              "runs": {
                "batter": 0,
                "extras": 0,
                "total": 0
              }
            },
            {
              "batter": "Mohammad Naim",
              "bowler": "Jahandad Khan",
              "non_striker": "Mehedi Hasan Miraz",
              "runs": {
                "batter": 0,
                "extras": 0,
                "total": 0
              }
            },
            {
              "batter": "Mohammad Naim",
              "bowler": "Jahandad Khan",
              "extras": {
                "wides": 1
              },
              "non_striker": "Mehedi Hasan Miraz",
              "runs": {
                "batter": 0,
                "extras": 1,
                "total": 1
              }
            },
            {
              "batter": "Mohammad Naim",
              "bowler": "Jahandad Khan",
              "non_striker": "Mehedi Hasan Miraz",
              "runs": {
                "batter": 1,
                "extras": 0,
                "total": 1
              }
            }
          ]
        },
        {
          "over": 4,
          "deliveries": [
            {
              "batter": "Mohammad Naim",
              "bowler": "Mohammad Nabi",
              "non_striker": "Mehedi Hasan Miraz",
              "runs": {
                "batter": 6,
                "extras": 0,
                "total": 6
              }
            },
            {
              "batter": "Mohammad Naim",
              "bowler": "Mohammad Nabi",
              "non_striker": "Mehedi Hasan Miraz",
              "runs": {
                "batter": 0,
                "extras": 0,
                "total": 0
              }
            },
            {
              "batter": "Mohammad Naim",
              "bowler": "Mohammad Nabi",
              "non_striker": "Mehedi Hasan Miraz",
              "runs": {
                "batter": 1,
                "extras": 0,
                "total": 1
              }
            },
            {
              "batter": "Mehedi Hasan Miraz",
              "bowler": "Mohammad Nabi",
              "non_striker": "Mohammad Naim",
              "runs": {
                "batter": 1,
                "extras": 0,
                "total": 1
              }
            },
            {
              "batter": "Mohammad Naim",
              "bowler": "Mohammad Nabi",
              "non_striker": "Mehedi Hasan Miraz",
              "runs": {
                "batter": 0,
                "extras": 0,
                "total": 0
              }
            },
            {
              "batter": "Mohammad Naim",
              "bowler": "Mohammad Nabi",
              "non_striker": "Mehedi Hasan Miraz",
              "runs": {
                "batter": 0,
                "extras": 0,
                "total": 0
              }
            }
          ]
        },
        {
          "over": 5,
          "deliveries": [
            {
              "batter": "Mehedi Hasan Miraz",
              "bowler": "Faheem Ashraf",
              "non_striker": "Mohammad Naim",
              "review": {
                "by": "Khulna Tigers",
                "umpire": "Sharfuddoula",
                "batter": "Mehedi Hasan Miraz",
                "decision": "upheld",
                "type": "wicket"
              },
              "runs": {
                "batter": 0,
                "extras": 0,
                "total": 0
              }
            },
            {
              "batter": "Mehedi Hasan Miraz",
              "bowler": "Faheem Ashraf",
              "non_striker": "Mohammad Naim",
              "runs": {
                "batter": 0,
                "extras": 0,
                "total": 0
              }
            },
            {
              "batter": "Mehedi Hasan Miraz",
              "bowler": "Faheem Ashraf",
              "non_striker": "Mohammad Naim",
              "runs": {
                "batter": 0,
                "extras": 0,
                "total": 0
              }
            },
            {
              "batter": "Mehedi Hasan Miraz",
              "bowler": "Faheem Ashraf",
              "non_striker": "Mohammad Naim",
              "runs": {
                "batter": 4,
                "extras": 0,
                "total": 4
              }
            },
            {
              "batter": "Mehedi Hasan Miraz",
              "bowler": "Faheem Ashraf",
              "non_striker": "Mohammad Naim",
              "runs": {
                "batter": 0,
                "extras": 0,
                "total": 0
              }
            },
            {
              "batter": "Mehedi Hasan Miraz",
              "bowler": "Faheem Ashraf",
              "non_striker": "Mohammad Naim",
              "runs": {
                "batter": 1,
                "extras": 0,
                "total": 1
              }
            }
          ]
        },
        {
          "over": 6,
          "deliveries": [
            {
              "batter": "Mehedi Hasan Miraz",
              "bowler": "R Mondol",
              "non_striker": "Mohammad Naim",
              "runs": {
                "batter": 0,
                "extras": 0,
                "total": 0
              }
            },
            {
              "batter": "Mehedi Hasan Miraz",
              "bowler": "R Mondol",
              "non_striker": "Mohammad Naim",
              "runs": {
                "batter": 1,
                "extras": 0,
                "total": 1
              }
            },
            {
              "batter": "Mohammad Naim",
              "bowler": "R Mondol",
              "non_striker": "Mehedi Hasan Miraz",
              "runs": {
                "batter": 0,
                "extras": 0,
                "total": 0
              }
            },
            {
              "batter": "Mohammad Naim",
              "bowler": "R Mondol",
              "non_striker": "Mehedi Hasan Miraz",
              "runs": {
                "batter": 0,
                "extras": 0,
                "total": 0
              }
            },
            {
              "batter": "Mohammad Naim",
              "bowler": "R Mondol",
              "non_striker": "Mehedi Hasan Miraz",
              "runs": {
                "batter": 1,
                "extras": 0,
                "total": 1
              }
            },
            {
              "batter": "Mehedi Hasan Miraz",
              "bowler": "R Mondol",
              "non_striker": "Mohammad Naim",
              "runs": {
                "batter": 4,
                "extras": 0,
                "total": 4
              }
            }
          ]
        },
        {
          "over": 7,
          "deliveries": [
            {
              "batter": "Mohammad Naim",
              "bowler": "Tanvir Islam",
              "non_striker": "Mehedi Hasan Miraz",
              "runs": {
                "batter": 1,
                "extras": 0,
                "total": 1
              }
            },
            {
              "batter": "Mehedi Hasan Miraz",
              "bowler": "Tanvir Islam",
              "non_striker": "Mohammad Naim",
              "runs": {
                "batter": 0,
                "extras": 0,
                "total": 0
              }
            },
            {
              "batter": "Mehedi Hasan Miraz",
              "bowler": "Tanvir Islam",
              "non_striker": "Mohammad Naim",
              "runs": {
                "batter": 1,
                "extras": 0,
                "total": 1
              }
            },
            {
              "batter": "Mohammad Naim",
              "bowler": "Tanvir Islam",
              "non_striker": "Mehedi Hasan Miraz",
              "runs": {
                "batter": 1,
                "extras": 0,
                "total": 1
              }
            },
            {
              "batter": "Mehedi Hasan Miraz",
              "bowler": "Tanvir Islam",
              "extras": {
                "wides": 1
              },
              "non_striker": "Mohammad Naim",
              "review": {
                "by": "Fortune Barishal",
                "umpire": "Sharfuddoula",
                "batter": "Mehedi Hasan Miraz",
                "decision": "struck down",
                "type": "wicket"
              },
              "runs": {
                "batter": 0,
                "extras": 1,
                "total": 1
              }
            },
            {
              "batter": "Mehedi Hasan Miraz",
              "bowler": "Tanvir Islam",
              "non_striker": "Mohammad Naim",
              "runs": {
                "batter": 6,
                "extras": 0,
                "total": 6
              }
            },
            {
              "batter": "Mehedi Hasan Miraz",
              "bowler": "Tanvir Islam",
              "non_striker": "Mohammad Naim",
              "runs": {
                "batter": 1,
                "extras": 0,
                "total": 1
              }
            }
          ]
        },
        {
          "over": 8,
          "deliveries": [
            {
              "batter": "Mehedi Hasan Miraz",
              "bowler": "Faheem Ashraf",
              "non_striker": "Mohammad Naim",
              "runs": {
                "batter": 2,
                "extras": 0,
                "total": 2
              }
            },
            {
              "batter": "Mehedi Hasan Miraz",
              "bowler": "Faheem Ashraf",
              "non_striker": "Mohammad Naim",
              "runs": {
                "batter": 4,
                "extras": 0,
                "total": 4
              }
            },
            {
              "batter": "Mehedi Hasan Miraz",
              "bowler": "Faheem Ashraf",
              "extras": {
                "wides": 1
              },
              "non_striker": "Mohammad Naim",
              "runs": {
                "batter": 0,
                "extras": 1,
                "total": 1
              }
            },
            {
              "batter": "Mehedi Hasan Miraz",
              "bowler": "Faheem Ashraf",
              "non_striker": "Mohammad Naim",
              "runs": {
                "batter": 0,
                "extras": 0,
                "total": 0
              }
            },
            {
              "batter": "Mehedi Hasan Miraz",
              "bowler": "Faheem Ashraf",
              "non_striker": "Mohammad Naim",
              "runs": {
                "batter": 0,
                "extras": 0,
                "total": 0
              }
            },
            {
              "batter": "Mehedi Hasan Miraz",
              "bowler": "Faheem Ashraf",
              "non_striker": "Mohammad Naim",
              "runs": {
                "batter": 0,
                "extras": 0,
                "total": 0
              }
            },
            {
              "batter": "Mehedi Hasan Miraz",
              "bowler": "Faheem Ashraf",
              "non_striker": "Mohammad Naim",
              "runs": {
                "batter": 0,
                "extras": 0,
                "total": 0
              }
            }
          ]
        },
        {
          "over": 9,
          "deliveries": [
            {
              "batter": "Mohammad Naim",
              "bowler": "Tanvir Islam",
              "non_striker": "Mehedi Hasan Miraz",
              "review": {
                "by": "Fortune Barishal",
                "umpire": "Sharfuddoula",
                "batter": "Mohammad Naim",
                "decision": "struck down",
                "type": "wicket",
                "umpires_call": true
              },
              "runs": {
                "batter": 0,
                "extras": 0,
                "total": 0
              }
            },
            {
              "batter": "Mohammad Naim",
              "bowler": "Tanvir Islam",
              "non_striker": "Mehedi Hasan Miraz",
              "runs": {
                "batter": 1,
                "extras": 0,
                "total": 1
              }
            },
            {
              "batter": "Mehedi Hasan Miraz",
              "bowler": "Tanvir Islam",
              "non_striker": "Mohammad Naim",
              "runs": {
                "batter": 6,
                "extras": 0,
                "total": 6
              }
            },
            {
              "batter": "Mehedi Hasan Miraz",
              "bowler": "Tanvir Islam",
              "non_striker": "Mohammad Naim",
              "runs": {
                "batter": 0,
                "extras": 0,
                "total": 0
              }
            },
            {
              "batter": "Mehedi Hasan Miraz",
              "bowler": "Tanvir Islam",
              "non_striker": "Mohammad Naim",
              "runs": {
                "batter": 1,
                "extras": 0,
                "total": 1
              }
            },
            {
              "batter": "Mohammad Naim",
              "bowler": "Tanvir Islam",
              "non_striker": "Mehedi Hasan Miraz",
              "runs": {
                "batter": 1,
                "extras": 0,
                "total": 1
              }
            }
          ]
        },
        {
          "over": 10,
          "deliveries": [
            {
              "batter": "Mohammad Naim",
              "bowler": "Mohammad Nabi",
              "non_striker": "Mehedi Hasan Miraz",
              "runs": {
                "batter": 1,
                "extras": 0,
                "total": 1
              }
            },
            {
              "batter": "Mehedi Hasan Miraz",
              "bowler": "Mohammad Nabi",
              "non_striker": "Mohammad Naim",
              "runs": {
                "batter": 0,
                "extras": 0,
                "total": 0
              },
              "wickets": [
                {
                  "player_out": "Mehedi Hasan Miraz",
                  "fielders": [
                    {
                      "name": "Towhid Hridoy"
                    }
                  ],
                  "kind": "caught"
                }
              ]
            },
            {
              "batter": "AI Ross",
              "bowler": "Mohammad Nabi",
              "non_striker": "Mohammad Naim",
              "runs": {
                "batter": 0,
                "extras": 0,
                "total": 0
              }
            },
            {
              "batter": "AI Ross",
              "bowler": "Mohammad Nabi",
              "non_striker": "Mohammad Naim",
              "runs": {
                "batter": 0,
                "extras": 0,
                "total": 0
              }
            },
            {
              "batter": "AI Ross",
              "bowler": "Mohammad Nabi",
              "non_striker": "Mohammad Naim",
              "runs": {
                "batter": 1,
                "extras": 0,
                "total": 1
              }
            },
            {
              "batter": "Mohammad Naim",
              "bowler": "Mohammad Nabi",
              "non_striker": "AI Ross",
              "runs": {
                "batter": 1,
                "extras": 0,
                "total": 1
              }
            }
          ]
        },
        {
          "over": 11,
          "deliveries": [
            {
              "batter": "Mohammad Naim",
              "bowler": "Rishad Hossain",
              "non_striker": "AI Ross",
              "runs": {
                "batter": 0,
                "extras": 0,
                "total": 0
              }
            },
            {
              "batter": "Mohammad Naim",
              "bowler": "Rishad Hossain",
              "non_striker": "AI Ross",
              "runs": {
                "batter": 1,
                "extras": 0,
                "total": 1
              }
            },
            {
              "batter": "AI Ross",
              "bowler": "Rishad Hossain",
              "non_striker": "Mohammad Naim",
              "runs": {
                "batter": 1,
                "extras": 0,
                "total": 1
              }
            },
            {
              "batter": "Mohammad Naim",
              "bowler": "Rishad Hossain",
              "non_striker": "AI Ross",
              "runs": {
                "batter": 1,
                "extras": 0,
                "total": 1
              }
            },
            {
              "batter": "AI Ross",
              "bowler": "Rishad Hossain",
              "non_striker": "Mohammad Naim",
              "runs": {
                "batter": 1,
                "extras": 0,
                "total": 1
              }
            },
            {
              "batter": "Mohammad Naim",
              "bowler": "Rishad Hossain",
              "non_striker": "AI Ross",
              "runs": {
                "batter": 1,
                "extras": 0,
                "total": 1
              }
            }
          ]
        },
        {
          "over": 12,
          "deliveries": [
            {
              "batter": "Mohammad Naim",
              "bowler": "R Mondol",
              "non_striker": "AI Ross",
              "runs": {
                "batter": 0,
                "extras": 0,
                "total": 0
              }
            },
            {
              "batter": "Mohammad Naim",
              "bowler": "R Mondol",
              "non_striker": "AI Ross",
              "runs": {
                "batter": 0,
                "extras": 0,
                "total": 0
              }
            },
            {
              "batter": "Mohammad Naim",
              "bowler": "R Mondol",
              "non_striker": "AI Ross",
              "runs": {
                "batter": 1,
                "extras": 0,
                "total": 1
              }
            },
            {
              "batter": "AI Ross",
              "bowler": "R Mondol",
              "non_striker": "Mohammad Naim",
              "runs": {
                "batter": 0,
                "extras": 0,
                "total": 0
              }
            },
            {
              "batter": "AI Ross",
              "bowler": "R Mondol",
              "non_striker": "Mohammad Naim",
              "runs": {
                "batter": 1,
                "extras": 0,
                "total": 1
              }
            },
            {
              "batter": "Mohammad Naim",
              "bowler": "R Mondol",
              "non_striker": "AI Ross",
              "runs": {
                "batter": 0,
                "extras": 0,
                "total": 0
              }
            }
          ]
        },
        {
          "over": 13,
          "deliveries": [
            {
              "batter": "AI Ross",
              "bowler": "Rishad Hossain",
              "non_striker": "Mohammad Naim",
              "runs": {
                "batter": 0,
                "extras": 0,
                "total": 0
              },
              "wickets": [
                {
                  "player_out": "AI Ross",
                  "fielders": [
                    {
                      "name": "Towhid Hridoy"
                    }
                  ],
                  "kind": "caught"
                }
              ]
            },
            {
              "batter": "Afif Hossain",
              "bowler": "Rishad Hossain",
              "non_striker": "Mohammad Naim",
              "runs": {
                "batter": 6,
                "extras": 0,
                "total": 6
              }
            },
            {
              "batter": "Afif Hossain",
              "bowler": "Rishad Hossain",
              "non_striker": "Mohammad Naim",
              "runs": {
                "batter": 1,
                "extras": 0,
                "total": 1
              }
            },
            {
              "batter": "Mohammad Naim",
              "bowler": "Rishad Hossain",
              "non_striker": "Afif Hossain",
              "runs": {
                "batter": 1,
                "extras": 0,
                "total": 1
              }
            },
            {
              "batter": "Afif Hossain",
              "bowler": "Rishad Hossain",
              "non_striker": "Mohammad Naim",
              "runs": {
                "batter": 4,
                "extras": 0,
                "total": 4
              }
            },
            {
              "batter": "Afif Hossain",
              "bowler": "Rishad Hossain",
              "non_striker": "Mohammad Naim",
              "runs": {
                "batter": 0,
                "extras": 0,
                "total": 0
              }
            }
          ]
        },
        {
          "over": 14,
          "deliveries": [
            {
              "batter": "Mohammad Naim",
              "bowler": "Jahandad Khan",
              "non_striker": "Afif Hossain",
              "runs": {
                "batter": 0,
                "extras": 0,
                "total": 0
              }
            },
            {
              "batter": "Mohammad Naim",
              "bowler": "Jahandad Khan",
              "non_striker": "Afif Hossain",
              "runs": {
                "batter": 1,
                "extras": 0,
                "total": 1
              }
            },
            {
              "batter": "Afif Hossain",
              "bowler": "Jahandad Khan",
              "non_striker": "Mohammad Naim",
              "runs": {
                "batter": 2,
                "extras": 0,
                "total": 2
              }
            },
            {
              "batter": "Afif Hossain",
              "bowler": "Jahandad Khan",
              "non_striker": "Mohammad Naim",
              "runs": {
                "batter": 0,
                "extras": 0,
                "total": 0
              }
            },
            {
              "batter": "Afif Hossain",
              "bowler": "Jahandad Khan",
              "extras": {
                "wides": 1
              },
              "non_striker": "Mohammad Naim",
              "runs": {
                "batter": 0,
                "extras": 1,
                "total": 1
              }
            },
            {
              "batter": "Afif Hossain",
              "bowler": "Jahandad Khan",
              "non_striker": "Mohammad Naim",
              "runs": {
                "batter": 1,
                "extras": 0,
                "total": 1
              }
            },
            {
              "batter": "Mohammad Naim",
              "bowler": "Jahandad Khan",
              "non_striker": "Afif Hossain",
              "runs": {
                "batter": 1,
                "extras": 0,
                "total": 1
              }
            }
          ]
        },
        {
          "over": 15,
          "deliveries": [
            {
              "batter": "Mohammad Naim",
              "bowler": "R Mondol",
              "non_striker": "Afif Hossain",
              "runs": {
                "batter": 4,
                "extras": 0,
                "total": 4
              }
            },
            {
              "batter": "Mohammad Naim",
              "bowler": "R Mondol",
              "non_striker": "Afif Hossain",
              "runs": {
                "batter": 6,
                "extras": 0,
                "total": 6
              }
            },
            {
              "batter": "Mohammad Naim",
              "bowler": "R Mondol",
              "non_striker": "Afif Hossain",
              "runs": {
                "batter": 1,
                "extras": 0,
                "total": 1
              }
            },
            {
              "batter": "Afif Hossain",
              "bowler": "R Mondol",
              "non_striker": "Mohammad Naim",
              "runs": {
                "batter": 6,
                "extras": 0,
                "total": 6
              }
            },
            {
              "batter": "Afif Hossain",
              "bowler": "R Mondol",
              "non_striker": "Mohammad Naim",
              "runs": {
                "batter": 0,
                "extras": 0,
                "total": 0
              }
            },
            {
              "batter": "Afif Hossain",
              "bowler": "R Mondol",
              "non_striker": "Mohammad Naim",
              "runs": {
                "batter": 1,
                "extras": 0,
                "total": 1
              }
            }
          ]
        },
        {
          "over": 16,
          "deliveries": [
            {
              "batter": "Afif Hossain",
              "bowler": "Faheem Ashraf",
              "extras": {
                "noballs": 1
              },
              "non_striker": "Mohammad Naim",
              "runs": {
                "batter": 0,
                "extras": 1,
                "total": 1
              }
            },
            {
              "batter": "Afif Hossain",
              "bowler": "Faheem Ashraf",
              "non_striker": "Mohammad Naim",
              "runs": {
                "batter": 2,
                "extras": 0,
                "total": 2
              }
            },
            {
              "batter": "Afif Hossain",
              "bowler": "Faheem Ashraf",
              "non_striker": "Mohammad Naim",
              "runs": {
                "batter": 0,
                "extras": 0,
                "total": 0
              }
            },
            {
              "batter": "Afif Hossain",
              "bowler": "Faheem Ashraf",
              "non_striker": "Mohammad Naim",
              "runs": {
                "batter": 1,
                "extras": 0,
                "total": 1
              }
            },
            {
              "batter": "Mohammad Naim",
              "bowler": "Faheem Ashraf",
              "extras": {
                "byes": 1,
                "noballs": 1
              },
              "non_striker": "Afif Hossain",
              "runs": {
                "batter": 0,
                "extras": 2,
                "total": 2
              }
            },
            {
              "batter": "Afif Hossain",
              "bowler": "Faheem Ashraf",
              "non_striker": "Mohammad Naim",
              "runs": {
                "batter": 1,
                "extras": 0,
                "total": 1
              }
            },
            {
              "batter": "Mohammad Naim",
              "bowler": "Faheem Ashraf",
              "non_striker": "Afif Hossain",
              "runs": {
                "batter": 6,
                "extras": 0,
                "total": 6
              }
            },
            {
              "batter": "Mohammad Naim",
              "bowler": "Faheem Ashraf",
              "non_striker": "Afif Hossain",
              "runs": {
                "batter": 4,
                "extras": 0,
                "total": 4
              }
            }
          ]
        },
        {
          "over": 17,
          "deliveries": [
            {
              "batter": "Afif Hossain",
              "bowler": "Jahandad Khan",
              "non_striker": "Mohammad Naim",
              "runs": {
                "batter": 2,
                "extras": 0,
                "total": 2
              }
            },
            {
              "batter": "Afif Hossain",
              "bowler": "Jahandad Khan",
              "non_striker": "Mohammad Naim",
              "runs": {
                "batter": 0,
                "extras": 0,
                "total": 0
              },
              "wickets": [
                {
                  "player_out": "Afif Hossain",
                  "fielders": [
                    {
                      "name": "Mushfiqur Rahim"
                    }
                  ],
                  "kind": "caught"
                }
              ]
            },
            {
              "batter": "Mahidul Islam Ankon",
              "bowler": "Jahandad Khan",
              "non_striker": "Mohammad Naim",
              "runs": {
                "batter": 1,
                "extras": 0,
                "total": 1
              }
            },
            {
              "batter": "Mohammad Naim",
              "bowler": "Jahandad Khan",
              "non_striker": "Mahidul Islam Ankon",
              "runs": {
                "batter": 1,
                "extras": 0,
                "total": 1
              }
            },
            {
              "batter": "Mahidul Islam Ankon",
              "bowler": "Jahandad Khan",
              "non_striker": "Mohammad Naim",
              "runs": {
                "batter": 1,
                "extras": 0,
                "total": 1
              },
              "wickets": [
                {
                  "player_out": "Mahidul Islam Ankon",
                  "fielders": [
                    {
                      "name": "Mushfiqur Rahim"
                    },
                    {
                      "name": "Rishad Hossain"
                    }
                  ],
                  "kind": "run out"
                }
              ]
            },
            {
              "batter": "WG Bosisto",
              "bowler": "Jahandad Khan",
              "extras": {
                "legbyes": 1
              },
              "non_striker": "Mohammad Naim",
              "review": {
                "by": "Fortune Barishal",
                "umpire": "Sharfuddoula",
                "batter": "WG Bosisto",
                "decision": "struck down",
                "type": "wicket"
              },
              "runs": {
                "batter": 0,
                "extras": 1,
                "total": 1
              }
            }
          ]
        },
        {
          "over": 18,
          "deliveries": [
            {
              "batter": "WG Bosisto",
              "bowler": "Faheem Ashraf",
              "extras": {
                "byes": 1
              },
              "non_striker": "Mohammad Naim",
              "runs": {
                "batter": 0,
                "extras": 1,
                "total": 1
              }
            },
            {
              "batter": "Mohammad Naim",
              "bowler": "Faheem Ashraf",
              "non_striker": "WG Bosisto",
              "runs": {
                "batter": 0,
                "extras": 0,
                "total": 0
              }
            },
            {
              "batter": "Mohammad Naim",
              "bowler": "Faheem Ashraf",
              "non_striker": "WG Bosisto",
              "runs": {
                "batter": 1,
                "extras": 0,
                "total": 1
              }
            },
            {
              "batter": "WG Bosisto",
              "bowler": "Faheem Ashraf",
              "extras": {
                "legbyes": 1
              },
              "non_striker": "Mohammad Naim",
              "runs": {
                "batter": 0,
                "extras": 1,
                "total": 1
              }
            },
            {
              "batter": "Mohammad Naim",
              "bowler": "Faheem Ashraf",
              "non_striker": "WG Bosisto",
              "runs": {
                "batter": 6,
                "extras": 0,
                "total": 6
              }
            },
            {
              "batter": "Mohammad Naim",
              "bowler": "Faheem Ashraf",
              "non_striker": "WG Bosisto",
              "runs": {
                "batter": 1,
                "extras": 0,
                "total": 1
              }
            }
          ]
        },
        {
          "over": 19,
          "deliveries": [
            {
              "batter": "Mohammad Naim",
              "bowler": "R Mondol",
              "non_striker": "WG Bosisto",
              "runs": {
                "batter": 0,
                "extras": 0,
                "total": 0
              }
            },
            {
              "batter": "Mohammad Naim",
              "bowler": "R Mondol",
              "non_striker": "WG Bosisto",
              "runs": {
                "batter": 6,
                "extras": 0,
                "total": 6
              }
            },
            {
              "batter": "Mohammad Naim",
              "bowler": "R Mondol",
              "non_striker": "WG Bosisto",
              "runs": {
                "batter": 6,
                "extras": 0,
                "total": 6
              }
            },
            {
              "batter": "Mohammad Naim",
              "bowler": "R Mondol",
              "non_striker": "WG Bosisto",
              "runs": {
                "batter": 0,
                "extras": 0,
                "total": 0
              },
              "wickets": [
                {
                  "player_out": "Mohammad Naim",
                  "fielders": [
                    {
                      "name": "DJ Malan"
                    }
                  ],
                  "kind": "caught"
                }
              ]
            },
            {
              "batter": "Aamer Jamal",
              "bowler": "R Mondol",
              "non_striker": "WG Bosisto",
              "runs": {
                "batter": 4,
                "extras": 0,
                "total": 4
              }
            },
            {
              "batter": "Aamer Jamal",
              "bowler": "R Mondol",
              "non_striker": "WG Bosisto",
              "runs": {
                "batter": 1,
                "extras": 0,
                "total": 1
              }
            }
          ]
        }
      ],
      "powerplays": [
        {
          "from": 0.1,
          "to": 5.6,
          "type": "mandatory"
        }
      ],
      "target": {
        "overs": 20,
        "runs": 168
      }
    }
  ]
}