{
  "meta": {
    "data_version": "1.1.0",
    "created": "2025-02-01",
    "revision": 1
  },
  "info": {
    "balls_per_over": 6,
    "city": "Sharjah",
    "dates": [
      "2025-01-30"
    ],
    "event": {
      "name": "International League T20",
      "match_number": 25
    },
    "gender": "male",
    "match_type": "T20",
    "officials": {
      "match_referees": [
        "SJA Taufel"
      ],
      "reserve_umpires": [
        "MJ Saggers"
      ],
      "tv_umpires": [
        "LS Reifer"
      ],
      "umpires": [
        "Akbar Ali",
        "RSA Palliyaguruge"
      ]
    },
    "outcome": {
      "winner": "Sharjah Warriorz",
      "by": {
        "wickets": 4
      }
    },
    "overs": 20,
    "player_of_match": [
      "A Zampa"
    ],
    "players": {
      "Abu Dhabi Knight Riders": [
        "V Viyaskanth",
        "KR Mayers",
        "AGS Gous",
        "JM Clarke",
        "RL Chase",
        "A Sharafu",
        "SP Narine",
        "AD Russell",
        "JO Holder",
        "DJ Willey",
        "T Hinds",
        "Ibrar Ahmad"
      ],
      "Sharjah Warriorz": [
        "D Madushanka",
        "T Kohler-Cadmore",
        "J Charles",
        "Rohan Mustafa",
        "JJ Roy",
        "TL Seifert",
        "Ethan D'Souza",
        "AC Agar",
        "Harmeet Singh",
        "A Zampa",
        "AF Milne",
        "TG Southee"
      ]
    },
    "registry": {
      "people": {
        "A Sharafu": "06cad4f0",
        "A Zampa": "14f96089",
        "AC Agar": "a2421394",
        "AD Russell": "bbd41817",
        "AF Milne": "350bb1b1",
        "AGS Gous": "d1305df0",
        "Akbar Ali": "e753931d",
        "D Madushanka": "de7d833e",
        "DJ Willey": "7f048519",
        "Ethan D'Souza": "31ca7a9c",
        "Harmeet Singh": "0bf15e52",
        "Ibrar Ahmad": "aa47439d",
        "J Charles": "09a9d073",
        "JJ Roy": "d1c36f5c",
        "JM Clarke": "2eca67f5",
        "JO Holder": "0f721006",
        "KR Mayers": "73c18486",
        "LS Reifer": "5dee559a",
        "MJ Saggers": "402d5937",
        "RL Chase": "3feda4fa",
        "RSA Palliyaguruge": "4339c19d",
        "Rohan Mustafa": "d1988788",
        "SJA Taufel": "4b43d5ac",
        "SP Narine": "9d430b40",
        "T Hinds": "45a62071",
        "T Kohler-Cadmore": "f836b33d",
        "TG Southee": "13c35c9e",
        "TL Seifert": "4663bd23",
        "V Viyaskanth": "03a83c50"
      }
    },
    "season": "2024/25",
    "team_type": "club",
    "teams": [
      "Abu Dhabi Knight Riders",
      "Sharjah Warriorz"
    ],
    "toss": {
      "decision": "field",
      "winner": "Sharjah Warriorz"
    },
    "venue": "Sharjah Cricket Stadium"
  },
  "innings": [
    {
      "team": "Abu Dhabi Knight Riders",
      "overs": [
        {
          "over": 0,
          "deliveries": [
            {
              "batter": "KR Mayers",
              "bowler": "AF Milne",
              "non_striker": "AGS Gous",
              "runs": {
                "batter": 4,
                "extras": 0,
                "total": 4
              }
            },
            {
              "batter": "KR Mayers",
              "bowler": "AF Milne",
              "non_striker": "AGS Gous",
              "runs": {
                "batter": 4,
                "extras": 0,
                "total": 4
              }
            },
            {
              "batter": "KR Mayers",
              "bowler": "AF Milne",
              "non_striker": "AGS Gous",
              "runs": {
                "batter": 1,
                "extras": 0,
                "total": 1
              }
            },
            {
              "batter": "AGS Gous",
              "bowler": "AF Milne",
              "non_striker": "KR Mayers",
              "runs": {
                "batter": 0,
                "extras": 0,
                "total": 0
              },
              "wickets": [
                {
                  "player_out": "AGS Gous",
                  "kind": "bowled"
                }
              ]
            },
            {
              "batter": "JM Clarke",
              "bowler": "AF Milne",
              "non_striker": "KR Mayers",
              "runs": {
                "batter": 0,
                "extras": 0,
                "total": 0
              }
            },
            {
              "batter": "JM Clarke",
              "bowler": "AF Milne",
              "non_striker": "KR Mayers",
              "runs": {
                "batter": 0,
                "extras": 0,
                "total": 0
              }
            }
          ]
        },
        {
          "over": 1,
          "deliveries": [
            {
              "batter": "KR Mayers",
              "bowler": "TG Southee",
              "non_striker": "JM Clarke",
              "runs": {
                "batter": 0,
                "extras": 0,
                "total": 0
              }
            },
            {
              "batter": "KR Mayers",
              "bowler": "TG Southee",
              "non_striker": "JM Clarke",
              "runs": {
                "batter": 4,
                "extras": 0,
                "total": 4
              }
            },
            {
              "batter": "KR Mayers",
              "bowler": "TG Southee",
              "non_striker": "JM Clarke",
              "runs": {
                "batter": 1,
                "extras": 0,
                "total": 1
              }
            },
            {
              "batter": "JM Clarke",
              "bowler": "TG Southee",
              "non_striker": "KR Mayers",
              "runs": {
                "batter": 1,
                "extras": 0,
                "total": 1
              }
            },
            {
              "batter": "KR Mayers",
              "bowler": "TG Southee",
              "non_striker": "JM Clarke",
              "runs": {
                "batter": 0,
                "extras": 0,
                "total": 0
              }
            },
            {
              "batter": "KR Mayers",
              "bowler": "TG Southee",
              "non_striker": "JM Clarke",
              "runs": {
                "batter": 0,
                "extras": 0,
                "total": 0
              }
            }
          ]
        },
        {
          "over": 2,
          "deliveries": [
            {
              "batter": "JM Clarke",
              "bowler": "AF Milne",
              "non_striker": "KR Mayers",
              "runs": {
                "batter": 4,
                "extras": 0,
                "total": 4
              }
            },
            {
              "batter": "JM Clarke",
              "bowler": "AF Milne",
              "non_striker": "KR Mayers",
              "runs": {
                "batter": 2,
                "extras": 0,
                "total": 2
              }
            },
            {
              "batter": "JM Clarke",
              "bowler": "AF Milne",
              "non_striker": "KR Mayers",
              "runs": {
                "batter": 4,
                "extras": 0,
                "total": 4
              }
            },
            {
              "batter": "JM Clarke",
              "bowler": "AF Milne",
              "non_striker": "KR Mayers",
              "runs": {
                "batter": 4,
                "extras": 0,
                "total": 4
              }
            },
            {
              "batter": "JM Clarke",
              "bowler": "AF Milne",
              "non_striker": "KR Mayers",
              "runs": {
                "batter": 0,
                "extras": 0,
                "total": 0
              },
              "wickets": [
                {
                  "player_out": "JM Clarke",
                  "fielders": [
                    {
                      "name": "TL Seifert"
                    }
                  ],
                  "kind": "caught"
                }
              ]
            },
            {
              "batter": "RL Chase",
              "bowler": "AF Milne",
              "non_striker": "KR Mayers",
              "runs": {
                "batter": 4,
                "extras": 0,
                "total": 4
              }
            }
          ]
        },
        {
          "over": 3,
          "deliveries": [
            {
              "batter": "KR Mayers",
              "bowler": "D Madushanka",
              "non_striker": "RL Chase",
              "runs": {
                "batter": 0,
                "extras": 0,
                "total": 0
              }
            },
            {
              "batter": "KR Mayers",
              "bowler": "D Madushanka",
              "non_striker": "RL Chase",
              "runs": {
                "batter": 1,
                "extras": 0,
                "total": 1
              }
            },
            {
              "batter": "RL Chase",
              "bowler": "D Madushanka",
              "non_striker": "KR Mayers",
              "runs": {
                "batter": 4,
                "extras": 0,
                "total": 4
              }
            },
            {
              "batter": "RL Chase",
              "bowler": "D Madushanka",
              "non_striker": "KR Mayers",
              "runs": {
                "batter": 0,
                "extras": 0,
                "total": 0
              }
            },
            {
              "batter": "RL Chase",
              "bowler": "D Madushanka",
              "non_striker": "KR Mayers",
              "runs": {
                "batter": 0,
                "extras": 0,
                "total": 0
              }
            },
            {
              "batter": "RL Chase",
              "bowler": "D Madushanka",
              "non_striker": "KR Mayers",
              "review": {
                "by": "Abu Dhabi Knight Riders",
                "umpire": "Akbar Ali",
                "batter": "RL Chase",
                "decision": "upheld",
                "type": "wicket"
              },
              "runs": {
                "batter": 0,
                "extras": 0,
                "total": 0
              }
            }
          ]
        },
        {
          "over": 4,
          "deliveries": [
            {
              "batter": "KR Mayers",
              "bowler": "TG Southee",
              "non_striker": "RL Chase",
              "runs": {
                "batter": 2,
                "extras": 0,
                "total": 2
              }
            },
            {
              "batter": "KR Mayers",
              "bowler": "TG Southee",
              "non_striker": "RL Chase",
              "runs": {
                "batter": 4,
                "extras": 0,
                "total": 4
              }
            },
            {
              "batter": "KR Mayers",
              "bowler": "TG Southee",
              "extras": {
                "legbyes": 1
              },
              "non_striker": "RL Chase",
              "runs": {
                "batter": 0,
                "extras": 1,
                "total": 1
              }
            },
            {
              "batter": "RL Chase",
              "bowler": "TG Southee",
              "non_striker": "KR Mayers",
              "runs": {
                "batter": 0,
                "extras": 0,
                "total": 0
              }
            },
            {
              "batter": "RL Chase",
              "bowler": "TG Southee",
              "non_striker": "KR Mayers",
              "review": {
                "by": "Sharjah Warriorz",
                "umpire": "RSA Palliyaguruge",
                "batter": "RL Chase",
                "decision": "struck down",
                "type": "wicket"
              },
              "runs": {
                "batter": 0,
                "extras": 0,
                "total": 0
              }
            },
            {
              "batter": "RL Chase",
              "bowler": "TG Southee",
              "non_striker": "KR Mayers",
              "runs": {
                "batter": 0,
                "extras": 0,
                "total": 0
              }
            }
          ]
        },
        {
          "over": 5,
          "deliveries": [
            {
              "batter": "KR Mayers",
              "bowler": "D Madushanka",
              "non_striker": "RL Chase",
              "runs": {
                "batter": 4,
                "extras": 0,
                "total": 4
              }
            },
            {
              "batter": "KR Mayers",
              "bowler": "D Madushanka",
              "non_striker": "RL Chase",
              "runs": {
                "batter": 1,
                "extras": 0,
                "total": 1
              }
            },
            {
              "batter": "RL Chase",
              "bowler": "D Madushanka",
              "non_striker": "KR Mayers",
              "runs": {
                "batter": 2,
                "extras": 0,
                "total": 2
              }
            },
            {
              "batter": "RL Chase",
              "bowler": "D Madushanka",
              "non_striker": "KR Mayers",
              "runs": {
                "batter": 4,
                "extras": 0,
                "total": 4
              }
            },
            {
              "batter": "RL Chase",
              "bowler": "D Madushanka",
              "non_striker": "KR Mayers",
              "runs": {
                "batter": 0,
                "extras": 0,
                "total": 0
              }
            },
            {
              "batter": "RL Chase",
              "bowler": "D Madushanka",
              "non_striker": "KR Mayers",
              "runs": {
                "batter": 4,
                "extras": 0,
                "total": 4
              }
            }
          ]
        },
        {
          "over": 6,
          "deliveries": [
            {
              "batter": "KR Mayers",
              "bowler": "A Zampa",
              "non_striker": "RL Chase",
              "runs": {
                "batter": 1,
                "extras": 0,
                "total": 1
              }
            },
            {
              "batter": "RL Chase",
              "bowler": "A Zampa",
              "non_striker": "KR Mayers",
              "runs": {
                "batter": 1,
                "extras": 0,
                "total": 1
              }
            },
            {
              "batter": "KR Mayers",
              "bowler": "A Zampa",
              "non_striker": "RL Chase",
              "runs": {
                "batter": 0,
                "extras": 0,
                "total": 0
              }
            },
            {
              "batter": "KR Mayers",
              "bowler": "A Zampa",
              "non_striker": "RL Chase",
              "runs": {
                "batter": 1,
                "extras": 0,
                "total": 1
              }
            },
            {
              "batter": "RL Chase",
              "bowler": "A Zampa",
              "non_striker": "KR Mayers",
              "runs": {
                "batter": 0,
                "extras": 0,
                "total": 0
              }
            },
            {
              "batter": "RL Chase",
              "bowler": "A Zampa",
              "non_striker": "KR Mayers",
              "runs": {
                "batter": 1,
                "extras": 0,
                "total": 1
              }
            }
          ]
        },
        {
          "over": 7,
          "deliveries": [
            {
              "batter": "RL Chase",
              "bowler": "AC Agar",
              "non_striker": "KR Mayers",
              "runs": {
                "batter": 0,
                "extras": 0,
                "total": 0
              }
            },
            {
              "batter": "RL Chase",
              "bowler": "AC Agar",
              "non_striker": "KR Mayers",
              "runs": {
                "batter": 2,
                "extras": 0,
                "total": 2
              }
            },
            {
              "batter": "RL Chase",
              "bowler": "AC Agar",
              "non_striker": "KR Mayers",
              "runs": {
                "batter": 1,
                "extras": 0,
                "total": 1
              }
            },
            {
              "batter": "KR Mayers",
              "bowler": "AC Agar",
              "non_striker": "RL Chase",
              "runs": {
                "batter": 0,
                "extras": 0,
                "total": 0
              }
            },
            {
              "batter": "KR Mayers",
              "bowler": "AC Agar",
              "non_striker": "RL Chase",
              "runs": {
                "batter": 1,
                "extras": 0,
                "total": 1
              }
            },
            {
              "batter": "RL Chase",
              "bowler": "AC Agar",
              "non_striker": "KR Mayers",
              "runs": {
                "batter": 4,
                "extras": 0,
                "total": 4
              }
            }
          ]
        },
        {
          "over": 8,
          "deliveries": [
            {
              "batter": "KR Mayers",
              "bowler": "A Zampa",
              "non_striker": "RL Chase",
              "runs": {
                "batter": 2,
                "extras": 0,
                "total": 2
              }
            },
            {
              "batter": "KR Mayers",
              "bowler": "A Zampa",
              "non_striker": "RL Chase",
              "runs": {
                "batter": 6,
                "extras": 0,
                "total": 6
              }
            },
            {
              "batter": "KR Mayers",
              "bowler": "A Zampa",
              "non_striker": "RL Chase",
              "runs": {
                "batter": 1,
                "extras": 0,
                "total": 1
              }
            },
            {
              "batter": "RL Chase",
              "bowler": "A Zampa",
              "non_striker": "KR Mayers",
              "runs": {
                "batter": 6,
                "extras": 0,
                "total": 6
              }
            },
            {
              "batter": "RL Chase",
              "bowler": "A Zampa",
              "non_striker": "KR Mayers",
              "review": {
                "by": "Abu Dhabi Knight Riders",
                "umpire": "RSA Palliyaguruge",
                "batter": "RL Chase",
                "decision": "struck down",
                "type": "wicket"
              },
              "runs": {
                "batter": 0,
                "extras": 0,
                "total": 0
              },
              "wickets": [
                {
                  "player_out": "RL Chase",
                  "kind": "lbw"
                }
              ]
            },
            {
              "batter": "A Sharafu",
              "bowler": "A Zampa",
              "non_striker": "KR Mayers",
              "runs": {
                "batter": 0,
                "extras": 0,
                "total": 0
              }
            }
          ]
        },
        {
          "over": 9,
          "deliveries": [
            {
              "batter": "KR Mayers",
              "bowler": "AC Agar",
              "non_striker": "A Sharafu",
              "runs": {
                "batter": 1,
                "extras": 0,
                "total": 1
              }
            },
            {
              "batter": "A Sharafu",
              "bowler": "AC Agar",
              "non_striker": "KR Mayers",
              "runs": {
                "batter": 1,
                "extras": 0,
                "total": 1
              }
            },
            {
              "batter": "KR Mayers",
              "bowler": "AC Agar",
              "non_striker": "A Sharafu",
              "runs": {
                "batter": 1,
                "extras": 0,
                "total": 1
              }
            },
            {
              "batter": "A Sharafu",
              "bowler": "AC Agar",
              "non_striker": "KR Mayers",
              "runs": {
                "batter": 0,
                "extras": 0,
                "total": 0
              }
            },
            {
              "batter": "A Sharafu",
              "bowler": "AC Agar",
              "non_striker": "KR Mayers",
              "runs": {
                "batter": 0,
                "extras": 0,
                "total": 0
              }
            },
            {
              "batter": "A Sharafu",
              "bowler": "AC Agar",
              "non_striker": "KR Mayers",
              "runs": {
                "batter": 1,
                "extras": 0,
                "total": 1
              }
            }
          ]
        },
        {
          "over": 10,
          "deliveries": [
            {
              "batter": "A Sharafu",
              "bowler": "Harmeet Singh",
              "non_striker": "KR Mayers",
              "runs": {
                "batter": 0,
                "extras": 0,
                "total": 0
              }
            },
            {
              "batter": "A Sharafu",
              "bowler": "Harmeet Singh",
              "non_striker": "KR Mayers",
              "runs": {
                "batter": 0,
                "extras": 0,
                "total": 0
              }
            },
            {
              "batter": "A Sharafu",
              "bowler": "Harmeet Singh",
              "non_striker": "KR Mayers",
              "runs": {
                "batter": 1,
                "extras": 0,
                "total": 1
              }
            },
            {
              "batter": "KR Mayers",
              "bowler": "Harmeet Singh",
              "extras": {
                "wides": 1
              },
              "non_striker": "A Sharafu",
              "runs": {
                "batter": 0,
                "extras": 1,
                "total": 1
              }
            },
            {
              "batter": "KR Mayers",
              "bowler": "Harmeet Singh",
              "non_striker": "A Sharafu",
              "runs": {
                "batter": 6,
                "extras": 0,
                "total": 6
              }
            },
            {
              "batter": "KR Mayers",
              "bowler": "Harmeet Singh",
              "non_striker": "A Sharafu",
              "runs": {
                "batter": 1,
                "extras": 0,
                "total": 1
              }
            },
            {
              "batter": "A Sharafu",
              "bowler": "Harmeet Singh",
              "extras": {
                "legbyes": 1
              },
              "non_striker": "KR Mayers",
              "runs": {
                "batter": 0,
                "extras": 1,
                "total": 1
              }
            }
          ]
        },
        {
          "over": 11,
          "deliveries": [
            {
              "batter": "A Sharafu",
              "bowler": "AC Agar",
              "non_striker": "KR Mayers",
              "runs": {
                "batter": 1,
                "extras": 0,
                "total": 1
              }
            },
            {
              "batter": "KR Mayers",
              "bowler": "AC Agar",
              "non_striker": "A Sharafu",
              "runs": {
                "batter": 1,
                "extras": 0,
                "total": 1
              }
            },
            {
              "batter": "A Sharafu",
              "bowler": "AC Agar",
              "non_striker": "KR Mayers",
              "runs": {
                "batter": 0,
                "extras": 0,
                "total": 0
              }
            },
            {
              "batter": "A Sharafu",
              "bowler": "AC Agar",
              "non_striker": "KR Mayers",
              "runs": {
                "batter": 0,
                "extras": 0,
                "total": 0
              }
            },
            {
              "batter": "A Sharafu",
              "bowler": "AC Agar",
              "non_striker": "KR Mayers",
              "runs": {
                "batter": 6,
                "extras": 0,
                "total": 6
              }
            },
            {
              "batter": "A Sharafu",
              "bowler": "AC Agar",
              "non_striker": "KR Mayers",
              "runs": {
                "batter": 1,
                "extras": 0,
                "total": 1
              }
            }
          ]
        },
        {
          "over": 12,
          "deliveries": [
            {
              "batter": "A Sharafu",
              "bowler": "TG Southee",
              "non_striker": "KR Mayers",
              "runs": {
                "batter": 1,
                "extras": 0,
                "total": 1
              }
            },
            {
              "batter": "KR Mayers",
              "bowler": "TG Southee",
              "non_striker": "A Sharafu",
              "runs": {
                "batter": 4,
                "extras": 0,
                "total": 4
              }
            },
            {
              "batter": "KR Mayers",
              "bowler": "TG Southee",
              "non_striker": "A Sharafu",
              "runs": {
                "batter": 1,
                "extras": 0,
                "total": 1
              }
            },
            {
              "batter": "A Sharafu",
              "bowler": "TG Southee",
              "non_striker": "KR Mayers",
              "runs": {
                "batter": 1,
                "extras": 0,
                "total": 1
              }
            },
            {
              "batter": "KR Mayers",
              "bowler": "TG Southee",
              "non_striker": "A Sharafu",
              "runs": {
                "batter": 2,
                "extras": 0,
                "total": 2
              }
            },
            {
              "batter": "KR Mayers",
              "bowler": "TG Southee",
              "non_striker": "A Sharafu",
              "runs": {
                "batter": 1,
                "extras": 0,
                "total": 1
              }
            }
          ]
        },
        {
          "over": 13,
          "deliveries": [
            {
              "batter": "KR Mayers",
              "bowler": "A Zampa",
              "non_striker": "A Sharafu",
              "runs": {
                "batter": 0,
                "extras": 0,
                "total": 0
              }
            },
            {
              "batter": "KR Mayers",
              "bowler": "A Zampa",
              "non_striker": "A Sharafu",
              "runs": {
                "batter": 0,
                "extras": 0,
                "total": 0
              }
            },
            {
              "batter": "KR Mayers",
              "bowler": "A Zampa",
              "non_striker": "A Sharafu",
              "runs": {
                "batter": 0,
                "extras": 0,
                "total": 0
              },
              "wickets": [
                {
                  "player_out": "KR Mayers",
                  "fielders": [
                    {
                      "name": "AC Agar"
                    }
                  ],
                  "kind": "caught"
                }
              ]
            },
            {
              "batter": "SP Narine",
              "bowler": "A Zampa",
              "non_striker": "A Sharafu",
              "runs": {
                "batter": 1,
                "extras": 0,
                "total": 1
              }
            },
            {
              "batter": "A Sharafu",
              "bowler": "A Zampa",
              "non_striker": "SP Narine",
              "runs": {
                "batter": 1,
                "extras": 0,
                "total": 1
              }
            },
            {
              "batter": "SP Narine",
              "bowler": "A Zampa",
              "non_striker": "A Sharafu",
              "runs": {
                "batter": 1,
                "extras": 0,
                "total": 1
              }
            }
          ]
        },
        {
          "over": 14,
          "deliveries": [
            {
              "batter": "SP Narine",
              "bowler": "AF Milne",
              "non_striker": "A Sharafu",
              "runs": {
                "batter": 0,
                "extras": 0,
                "total": 0
              },
              "wickets": [
                {
                  "player_out": "SP Narine",
                  "fielders": [
                    {
                      "name": "JJ Roy"
                    }
                  ],
                  "kind": "caught"
                }
              ]
            },
            {
              "batter": "AD Russell",
              "bowler": "AF Milne",
              "non_striker": "A Sharafu",
              "runs": {
                "batter": 1,
                "extras": 0,
                "total": 1
              }
            },
            {
              "batter": "A Sharafu",
              "bowler": "AF Milne",
              "non_striker": "AD Russell",
              "runs": {
                "batter": 0,
                "extras": 0,
                "total": 0
              }
            },
            {
              "batter": "A Sharafu",
              "bowler": "AF Milne",
              "non_striker": "AD Russell",
              "runs": {
                "batter": 0,
                "extras": 0,
                "total": 0
              }
            },
            {
              "batter": "A Sharafu",
              "bowler": "AF Milne",
              "non_striker": "AD Russell",
              "runs": {
                "batter": 1,
                "extras": 0,
                "total": 1
              }
            },
            {
              "batter": "AD Russell",
              "bowler": "AF Milne",
              "non_striker": "A Sharafu",
              "runs": {
                "batter": 0,
                "extras": 0,
                "total": 0
              }
            }
          ]
        },
        {
          "over": 15,
          "deliveries": [
            {
              "batter": "A Sharafu",
              "bowler": "A Zampa",
              "non_striker": "AD Russell",
              "runs": {
                "batter": 1,
                "extras": 0,
                "total": 1
              }
            },
            {
              "batter": "AD Russell",
              "bowler": "A Zampa",
              "non_striker": "A Sharafu",
              "runs": {
                "batter": 2,
                "extras": 0,
                "total": 2
              }
            },
            {
              "batter": "AD Russell",
              "bowler": "A Zampa",
              "non_striker": "A Sharafu",
              "runs": {
                "batter": 0,
                "extras": 0,
                "total": 0
              },
              "wickets": [
                {
                  "player_out": "AD Russell",
                  "fielders": [
                    {
                      "name": "Harmeet Singh"
                    }
                  ],
                  "kind": "caught"
                }
              ]
            },
            {
              "batter": "JO Holder",
              "bowler": "A Zampa",
              "non_striker": "A Sharafu",
              "runs": {
                "batter": 0,
                "extras": 0,
                "total": 0
              }
            },
            {
              "batter": "JO Holder",
              "bowler": "A Zampa",
              "non_striker": "A Sharafu",
              "runs": {
                "batter": 1,
                "extras": 0,
                "total": 1
              }
            },
            {
              "batter": "A Sharafu",
              "bowler": "A Zampa",
              "non_striker": "JO Holder",
              "runs": {
                "batter": 1,
                "extras": 0,
                "total": 1
              }
            }
          ]
        },
        {
          "over": 16,
          "deliveries": [
            {
              "batter": "A Sharafu",
              "bowler": "AC Agar",
              "non_striker": "JO Holder",
              "runs": {
                "batter": 0,
                "extras": 0,
                "total": 0
              },
              "wickets": [
                {
                  "player_out": "A Sharafu",
                  "fielders": [
                    {
                      "name": "A Zampa"
                    }
                  ],
                  "kind": "caught"
                }
              ]
            },
            {
              "batter": "DJ Willey",
              "bowler": "AC Agar",
              "non_striker": "JO Holder",
              "runs": {
                "batter": 0,
                "extras": 0,
                "total": 0
              }
            },
            {
              "batter": "DJ Willey",
              "bowler": "AC Agar",
              "non_striker": "JO Holder",
              "runs": {
                "batter": 1,
                "extras": 0,
                "total": 1
              }
            },
            {
              "batter": "JO Holder",
              "bowler": "AC Agar",
              "non_striker": "DJ Willey",
              "runs": {
                "batter": 1,
                "extras": 0,
                "total": 1
              }
            },
            {
              "batter": "DJ Willey",
              "bowler": "AC Agar",
              "non_striker": "JO Holder",
              "runs": {
                "batter": 1,
                "extras": 0,
                "total": 1
              }
            },
            {
              "batter": "JO Holder",
              "bowler": "AC Agar",
              "non_striker": "DJ Willey",
              "runs": {
                "batter": 1,
                "extras": 0,
                "total": 1
              }
            }
          ]
        },
        {
          "over": 17,
          "deliveries": [
            {
              "batter": "JO Holder",
              "bowler": "AF Milne",
              "non_striker": "DJ Willey",
              "runs": {
                "batter": 1,
                "extras": 0,
                "total": 1
              }
            },
            {
              "batter": "DJ Willey",
              "bowler": "AF Milne",
              "non_striker": "JO Holder",
              "runs": {
                "batter": 1,
                "extras": 0,
                "total": 1
              }
            },
            {
              "batter": "JO Holder",
              "bowler": "AF Milne",
              "non_striker": "DJ Willey",
              "runs": {
                "batter": 1,
                "extras": 0,
                "total": 1
              }
            },
            {
              "batter": "DJ Willey",
              "bowler": "AF Milne",
              "non_striker": "JO Holder",
              "runs": {
                "batter": 0,
                "extras": 0,
                "total": 0
              }
            },
            {
              "batter": "DJ Willey",
              "bowler": "AF Milne",
              "non_striker": "JO Holder",
              "runs": {
                "batter": 1,
                "extras": 0,
                "total": 1
              }
            },
            {
              "batter": "JO Holder",
              "bowler": "AF Milne",
              "extras": {
                "legbyes": 1
              },
              "non_striker": "DJ Willey",
              "runs": {
                "batter": 0,
                "extras": 1,
                "total": 1
              }
            }
          ]
        },
        {
          "over": 18,
          "deliveries": [
            {
              "batter": "JO Holder",
              "bowler": "TG Southee",
              "non_striker": "DJ Willey",
              "runs": {
                "batter": 4,
                "extras": 0,
                "total": 4
              }
            },
            {
              "batter": "JO Holder",
              "bowler": "TG Southee",
              "non_striker": "DJ Willey",
              "runs": {
                "batter": 0,
                "extras": 0,
                "total": 0
              }
            },
            {
              "batter": "JO Holder",
              "bowler": "TG Southee",
              "non_striker": "DJ Willey",
              "runs": {
                "batter": 0,
                "extras": 0,
                "total": 0
              }
            },
            {
              "batter": "JO Holder",
              "bowler": "TG Southee",
              "non_striker": "DJ Willey",
              "runs": {
                "batter": 6,
                "extras": 0,
                "total": 6
              }
            },
            {
              "batter": "JO Holder",
              "bowler": "TG Southee",
              "non_striker": "DJ Willey",
              "runs": {
                "batter": 6,
                "extras": 0,
                "total": 6
              }
            },
            {
              "batter": "JO Holder",
              "bowler": "TG Southee",
              "non_striker": "DJ Willey",
              "runs": {
                "batter": 1,
                "extras": 0,
                "total": 1
              }
            }
          ]
        },
        {
          "over": 19,
          "deliveries": [
            {
              "batter": "JO Holder",
              "bowler": "D Madushanka",
              "non_striker": "DJ Willey",
              "runs": {
                "batter": 0,
                "extras": 0,
                "total": 0
              }
            },
            {
              "batter": "JO Holder",
              "bowler": "D Madushanka",
              "non_striker": "DJ Willey",
              "runs": {
                "batter": 2,
                "extras": 0,
                "total": 2
              }
            },
            {
              "batter": "JO Holder",
              "bowler": "D Madushanka",
              "non_striker": "DJ Willey",
              "runs": {
                "batter": 2,
                "extras": 0,
                "total": 2
              }
            },
            {
              "batter": "JO Holder",
              "bowler": "D Madushanka",
              "non_striker": "DJ Willey",
              "runs": {
                "batter": 0,
                "extras": 0,
                "total": 0
              },
              "wickets": [
                {
                  "player_out": "JO Holder",
                  "fielders": [
                    {
                      "name": "TL Seifert"
                    }
                  ],
                  "kind": "caught"
                }
              ]
            },
            {
              "batter": "T Hinds",
              "bowler": "D Madushanka",
              "non_striker": "DJ Willey",
              "runs": {
                "batter": 1,
                "extras": 0,
                "total": 1
              }
            },
            {
              "batter": "DJ Willey",
              "bowler": "D Madushanka",
              "non_striker": "T Hinds",
              "runs": {
                "batter": 0,
                "extras": 0,
                "total": 0
              }
            }
          ]
        }
      ],
      "powerplays": [
        {
          "from": 0.1,
          "to": 5.6,
          "type": "mandatory"
        }
      ]
    },
    {
      "team": "Sharjah Warriorz",
      "overs": [
        {
          "over": 0,
          "deliveries": [
            {
              "batter": "T Kohler-Cadmore",
              "bowler": "DJ Willey",
              "non_striker": "J Charles",
              "replacements": {
                "match": [
                  {
                    "in": "J Charles",
                    "out": "D Madushanka",
                    "team": "Sharjah Warriorz",
                    "reason": "impact_player"
                  },
                  {
                    "in": "V Viyaskanth",
                    "out": "AGS Gous",
                    "team": "Abu Dhabi Knight Riders",
                    "reason": "impact_player"
                  }
                ]
              },
              "runs": {
                "batter": 0,
                "extras": 0,
                "total": 0
              }
            },
            {
              "batter": "T Kohler-Cadmore",
              "bowler": "DJ Willey",
              "non_striker": "J Charles",
              "runs": {
                "batter": 0,
                "extras": 0,
                "total": 0
              }
            },
            {
              "batter": "T Kohler-Cadmore",
              "bowler": "DJ Willey",
              "non_striker": "J Charles",
              "runs": {
                "batter": 0,
                "extras": 0,
                "total": 0
              }
            },
            {
              "batter": "T Kohler-Cadmore",
              "bowler": "DJ Willey",
              "non_striker": "J Charles",
              "runs": {
                "batter": 0,
                "extras": 0,
                "total": 0
              }
            },
            {
              "batter": "T Kohler-Cadmore",
              "bowler": "DJ Willey",
              "non_striker": "J Charles",
              "runs": {
                "batter": 0,
                "extras": 0,
                "total": 0
              }
            },
            {
              "batter": "T Kohler-Cadmore",
              "bowler": "DJ Willey",
              "non_striker": "J Charles",
              "runs": {
                "batter": 1,
                "extras": 0,
                "total": 1
              }
            }
          ]
        },
        {
          "over": 1,
          "deliveries": [
            {
              "batter": "T Kohler-Cadmore",
              "bowler": "KR Mayers",
              "non_striker": "J Charles",
              "runs": {
                "batter": 0,
                "extras": 0,
                "total": 0
              }
            },
            {
              "batter": "T Kohler-Cadmore",
              "bowler": "KR Mayers",
              "non_striker": "J Charles",
              "runs": {
                "batter": 0,
                "extras": 0,
                "total": 0
              }
            },
            {
              "batter": "T Kohler-Cadmore",
              "bowler": "KR Mayers",
              "non_striker": "J Charles",
              "runs": {
                "batter": 0,
                "extras": 0,
                "total": 0
              }
            },
            {
              "batter": "T Kohler-Cadmore",
              "bowler": "KR Mayers",
              "extras": {
                "wides": 1
              },
              "non_striker": "J Charles",
              "runs": {
                "batter": 0,
                "extras": 1,
                "total": 1
              }
            },
            {
              "batter": "T Kohler-Cadmore",
              "bowler": "KR Mayers",
              "extras": {
                "wides": 1
              },
              "non_striker": "J Charles",
              "runs": {
                "batter": 0,
                "extras": 1,
                "total": 1
              }
            },
            {
              "batter": "T Kohler-Cadmore",
              "bowler": "KR Mayers",
              "non_striker": "J Charles",
              "runs": {
                "batter": 1,
                "extras": 0,
                "total": 1
              }
            },
            {
              "batter": "J Charles",
              "bowler": "KR Mayers",
              "non_striker": "T Kohler-Cadmore",
              "runs": {
                "batter": 4,
                "extras": 0,
                "total": 4
              }
            },
            {
              "batter": "J Charles",
              "bowler": "KR Mayers",
              "non_striker": "T Kohler-Cadmore",
              "runs": {
                "batter": 6,
                "extras": 0,
                "total": 6
              }
            }
          ]
        },
        {
          "over": 2,
          "deliveries": [
            {
              "batter": "T Kohler-Cadmore",
              "bowler": "DJ Willey",
              "extras": {
                "wides": 1
              },
              "non_striker": "J Charles",
              "runs": {
                "batter": 0,
                "extras": 1,
                "total": 1
              }
            },
            {
              "batter": "T Kohler-Cadmore",
              "bowler": "DJ Willey",
              "non_striker": "J Charles",
              "runs": {
                "batter": 1,
                "extras": 0,
                "total": 1
              }
            },
            {
              "batter": "J Charles",
              "bowler": "DJ Willey",
              "non_striker": "T Kohler-Cadmore",
              "runs": {
                "batter": 1,
                "extras": 0,
                "total": 1
              }
            },
            {
              "batter": "T Kohler-Cadmore",
              "bowler": "DJ Willey",
              "non_striker": "J Charles",
              "runs": {
                "batter": 6,
                "extras": 0,
                "total": 6
              }
            },
            {
              "batter": "T Kohler-Cadmore",
              "bowler": "DJ Willey",
              "non_striker": "J Charles",
              "runs": {
                "batter": 1,
                "extras": 0,
                "total": 1
              }
            },
            {
              "batter": "J Charles",
              "bowler": "DJ Willey",
              "non_striker": "T Kohler-Cadmore",
              "runs": {
                "batter": 0,
                "extras": 0,
                "total": 0
              }
            },
            {
              "batter": "J Charles",
              "bowler": "DJ Willey",
              "non_striker": "T Kohler-Cadmore",
              "runs": {
                "batter": 0,
                "extras": 0,
                "total": 0
              }
            }
          ]
        },
        {
          "over": 3,
          "deliveries": [
            {
              "batter": "T Kohler-Cadmore",
              "bowler": "Ibrar Ahmad",
              "non_striker": "J Charles",
              "runs": {
                "batter": 6,
                "extras": 0,
                "total": 6
              }
            },
            {
              "batter": "T Kohler-Cadmore",
              "bowler": "Ibrar Ahmad",
              "non_striker": "J Charles",
              "runs": {
                "batter": 4,
                "extras": 0,
                "total": 4
              }
            },
            {
              "batter": "T Kohler-Cadmore",
              "bowler": "Ibrar Ahmad",
              "non_striker": "J Charles",
              "runs": {
                "batter": 1,
                "extras": 0,
                "total": 1
              }
            },
            {
              "batter": "J Charles",
              "bowler": "Ibrar Ahmad",
              "non_striker": "T Kohler-Cadmore",
              "runs": {
                "batter": 6,
                "extras": 0,
                "total": 6
              }
            },
            {
              "batter": "J Charles",
              "bowler": "Ibrar Ahmad",
              "non_striker": "T Kohler-Cadmore",
              "runs": {
                "batter": 6,
                "extras": 0,
                "total": 6
              }
            },
            {
              "batter": "J Charles",
              "bowler": "Ibrar Ahmad",
              "extras": {
                "wides": 1
              },
              "non_striker": "T Kohler-Cadmore",
              "runs": {
                "batter": 0,
                "extras": 1,
                "total": 1
              }
            },
            {
              "batter": "J Charles",
              "bowler": "Ibrar Ahmad",
              "non_striker": "T Kohler-Cadmore",
              "runs": {
                "batter": 0,
                "extras": 0,
                "total": 0
              }
            }
          ]
        },
        {
          "over": 4,
          "deliveries": [
            {
              "batter": "T Kohler-Cadmore",
              "bowler": "V Viyaskanth",
              "non_striker": "J Charles",
              "runs": {
                "batter": 4,
                "extras": 0,
                "total": 4
              }
            },
            {
              "batter": "T Kohler-Cadmore",
              "bowler": "V Viyaskanth",
              "non_striker": "J Charles",
              "runs": {
                "batter": 4,
                "extras": 0,
                "total": 4
              }
            },
            {
              "batter": "T Kohler-Cadmore",
              "bowler": "V Viyaskanth",
              "non_striker": "J Charles",
              "runs": {
                "batter": 4,
                "extras": 0,
                "total": 4
              }
            },
            {
              "batter": "T Kohler-Cadmore",
              "bowler": "V Viyaskanth",
              "non_striker": "J Charles",
              "runs": {
                "batter": 6,
                "extras": 0,
                "total": 6
              }
            },
            {
              "batter": "T Kohler-Cadmore",
              "bowler": "V Viyaskanth",
              "non_striker": "J Charles",
              "runs": {
                "batter": 0,
                "extras": 0,
                "total": 0
              },
              "wickets": [
                {
                  "player_out": "T Kohler-Cadmore",
                  "fielders": [
                    {
                      "name": "KR Mayers"
                    }
                  ],
                  "kind": "caught"
                }
              ]
            },
            {
              "batter": "Rohan Mustafa",
              "bowler": "V Viyaskanth",
              "non_striker": "J Charles",
              "runs": {
                "batter": 0,
                "extras": 0,
                "total": 0
              }
            }
          ]
        },
        {
          "over": 5,
          "deliveries": [
            {
              "batter": "J Charles",
              "bowler": "SP Narine",
              "non_striker": "Rohan Mustafa",
              "runs": {
                "batter": 0,
                "extras": 0,
                "total": 0
              }
            },
            {
              "batter": "J Charles",
              "bowler": "SP Narine",
              "non_striker": "Rohan Mustafa",
              "runs": {
                "batter": 4,
                "extras": 0,
                "total": 4
              }
            },
            {
              "batter": "J Charles",
              "bowler": "SP Narine",
              "non_striker": "Rohan Mustafa",
              "runs": {
                "batter": 0,
                "extras": 0,
                "total": 0
              }
            },
            {
              "batter": "J Charles",
              "bowler": "SP Narine",
              "non_striker": "Rohan Mustafa",
              "runs": {
                "batter": 0,
                "extras": 0,
                "total": 0
              }
            },
            {
              "batter": "J Charles",
              "bowler": "SP Narine",
              "non_striker": "Rohan Mustafa",
              "runs": {
                "batter": 1,
                "extras": 0,
                "total": 1
              }
            },
            {
              "batter": "Rohan Mustafa",
              "bowler": "SP Narine",
              "non_striker": "J Charles",
              "runs": {
                "batter": 4,
                "extras": 0,
                "total": 4
              }
            }
          ]
        },
        {
          "over": 6,
          "deliveries": [
            {
              "batter": "J Charles",
              "bowler": "JO Holder",
              "non_striker": "Rohan Mustafa",
              "runs": {
                "batter": 2,
                "extras": 0,
                "total": 2
              }
            },
            {
              "batter": "J Charles",
              "bowler": "JO Holder",
              "extras": {
                "wides": 5
              },
              "non_striker": "Rohan Mustafa",
              "runs": {
                "batter": 0,
                "extras": 5,
                "total": 5
              }
            },
            {
              "batter": "J Charles",
              "bowler": "JO Holder",
              "non_striker": "Rohan Mustafa",
              "runs": {
                "batter": 2,
                "extras": 0,
                "total": 2
              }
            },
            {
              "batter": "J Charles",
              "bowler": "JO Holder",
              "non_striker": "Rohan Mustafa",
              "runs": {
                "batter": 1,
                "extras": 0,
                "total": 1
              }
            },
            {
              "batter": "Rohan Mustafa",
              "bowler": "JO Holder",
              "non_striker": "J Charles",
              "runs": {
                "batter": 0,
                "extras": 0,
                "total": 0
              }
            },
            {
              "batter": "Rohan Mustafa",
              "bowler": "JO Holder",
              "non_striker": "J Charles",
              "runs": {
                "batter": 1,
                "extras": 0,
                "total": 1
              }
            },
            {
              "batter": "J Charles",
              "bowler": "JO Holder",
              "non_striker": "Rohan Mustafa",
              "runs": {
                "batter": 1,
                "extras": 0,
                "total": 1
              }
            }
          ]
        },
        {
          "over": 7,
          "deliveries": [
            {
              "batter": "J Charles",
              "bowler": "SP Narine",
              "non_striker": "Rohan Mustafa",
              "runs": {
                "batter": 1,
                "extras": 0,
                "total": 1
              }
            },
            {
              "batter": "Rohan Mustafa",
              "bowler": "SP Narine",
              "non_striker": "J Charles",
              "runs": {
                "batter": 0,
                "extras": 0,
                "total": 0
              }
            },
            {
              "batter": "Rohan Mustafa",
              "bowler": "SP Narine",
              "non_striker": "J Charles",
              "runs": {
                "batter": 0,
                "extras": 0,
                "total": 0
              },
              "wickets": [
                {
                  "player_out": "Rohan Mustafa",
                  "kind": "bowled"
                }
              ]
            },
            {
              "batter": "JJ Roy",
              "bowler": "SP Narine",
              "non_striker": "J Charles",
              "runs": {
                "batter": 1,
                "extras": 0,
                "total": 1
              }
            },
            {
              "batter": "J Charles",
              "bowler": "SP Narine",
              "non_striker": "JJ Roy",
              "runs": {
                "batter": 1,
                "extras": 0,
                "total": 1
              }
            },
            {
              "batter": "JJ Roy",
              "bowler": "SP Narine",
              "non_striker": "J Charles",
              "runs": {
                "batter": 1,
                "extras": 0,
                "total": 1
              }
            }
          ]
        },
        {
          "over": 8,
          "deliveries": [
            {
              "batter": "JJ Roy",
              "bowler": "V Viyaskanth",
              "non_striker": "J Charles",
              "runs": {
                "batter": 0,
                "extras": 0,
                "total": 0
              }
            },
            {
              "batter": "JJ Roy",
              "bowler": "V Viyaskanth",
              "non_striker": "J Charles",
              "runs": {
                "batter": 1,
                "extras": 0,
                "total": 1
              }
            },
            {
              "batter": "J Charles",
              "bowler": "V Viyaskanth",
              "non_striker": "JJ Roy",
              "runs": {
                "batter": 1,
                "extras": 0,
                "total": 1
              }
            },
            {
              "batter": "JJ Roy",
              "bowler": "V Viyaskanth",
              "non_striker": "J Charles",
              "runs": {
                "batter": 1,
                "extras": 0,
                "total": 1
              }
            },
            {
              "batter": "J Charles",
              "bowler": "V Viyaskanth",
              "non_striker": "JJ Roy",
              "runs": {
                "batter": 1,
                "extras": 0,
                "total": 1
              }
            },
            {
              "batter": "JJ Roy",
              "bowler": "V Viyaskanth",
              "non_striker": "J Charles",
              "runs": {
                "batter": 1,
                "extras": 0,
                "total": 1
              }
            }
          ]
        },
        {
          "over": 9,
          "deliveries": [
            {
              "batter": "JJ Roy",
              "bowler": "SP Narine",
              "non_striker": "J Charles",
              "runs": {
                "batter": 0,
                "extras": 0,
                "total": 0
              }
            },
            {
              "batter": "JJ Roy",
              "bowler": "SP Narine",
              "non_striker": "J Charles",
              "runs": {
                "batter": 1,
                "extras": 0,
                "total": 1
              }
            },
            {
              "batter": "J Charles",
              "bowler": "SP Narine",
              "non_striker": "JJ Roy",
              "runs": {
                "batter": 1,
                "extras": 0,
                "total": 1
              }
            },
            {
              "batter": "JJ Roy",
              "bowler": "SP Narine",
              "non_striker": "J Charles",
              "runs": {
                "batter": 0,
                "extras": 0,
                "total": 0
              }
            },
            {
              "batter": "JJ Roy",
              "bowler": "SP Narine",
              "non_striker": "J Charles",
              "runs": {
                "batter": 1,
                "extras": 0,
                "total": 1
              }
            },
            {
              "batter": "J Charles",
              "bowler": "SP Narine",
              "non_striker": "JJ Roy",
              "runs": {
                "batter": 1,
                "extras": 0,
                "total": 1
              }
            }
          ]
        },
        {
          "over": 10,
          "deliveries": [
            {
              "batter": "J Charles",
              "bowler": "V Viyaskanth",
              "non_striker": "JJ Roy",
              "runs": {
                "batter": 6,
                "extras": 0,
                "total": 6
              }
            },
            {
              "batter": "J Charles",
              "bowler": "V Viyaskanth",
              "extras": {
                "wides": 1
              },
              "non_striker": "JJ Roy",
              "runs": {
                "batter": 0,
                "extras": 1,
                "total": 1
              }
            },
            {
              "batter": "J Charles",
              "bowler": "V Viyaskanth",
              "non_striker": "JJ Roy",
              "runs": {
                "batter": 1,
                "extras": 0,
                "total": 1
              }
            },
            {
              "batter": "JJ Roy",
              "bowler": "V Viyaskanth",
              "non_striker": "J Charles",
              "runs": {
                "batter": 1,
                "extras": 0,
                "total": 1
              }
            },
            {
              "batter": "J Charles",
              "bowler": "V Viyaskanth",
              "non_striker": "JJ Roy",
              "runs": {
                "batter": 1,
                "extras": 0,
                "total": 1
              }
            },
            {
              "batter": "JJ Roy",
              "bowler": "V Viyaskanth",
              "non_striker": "J Charles",
              "runs": {
                "batter": 1,
                "extras": 0,
                "total": 1
              }
            },
            {
              "batter": "J Charles",
              "bowler": "V Viyaskanth",
              "non_striker": "JJ Roy",
              "runs": {
                "batter": 4,
                "extras": 0,
                "total": 4
              }
            }
          ]
        },
        {
          "over": 11,
          "deliveries": [
            {
              "batter": "JJ Roy",
              "bowler": "JO Holder",
              "non_striker": "J Charles",
              "runs": {
                "batter": 0,
                "extras": 0,
                "total": 0
              }
            },
            {
              "batter": "JJ Roy",
              "bowler": "JO Holder",
              "non_striker": "J Charles",
              "runs": {
                "batter": 1,
                "extras": 0,
                "total": 1
              }
            },
            {
              "batter": "J Charles",
              "bowler": "JO Holder",
              "non_striker": "JJ Roy",
              "runs": {
                "batter": 4,
                "extras": 0,
                "total": 4
              }
            },
            {
              "batter": "J Charles",
              "bowler": "JO Holder",
              "non_striker": "JJ Roy",
              "runs": {
                "batter": 0,
                "extras": 0,
                "total": 0
              }
            },
            {
              "batter": "J Charles",
              "bowler": "JO Holder",
              "non_striker": "JJ Roy",
              "runs": {
                "batter": 4,
                "extras": 0,
                "total": 4
              }
            },
            {
              "batter": "J Charles",
              "bowler": "JO Holder",
              "non_striker": "JJ Roy",
              "runs": {
                "batter": 0,
                "extras": 0,
                "total": 0
              }
            }
          ]
        },
        {
          "over": 12,
          "deliveries": [
            {
              "batter": "JJ Roy",
              "bowler": "DJ Willey",
              "non_striker": "J Charles",
              "runs": {
                "batter": 0,
                "extras": 0,
                "total": 0
              }
            },
            {
              "batter": "JJ Roy",
              "bowler": "DJ Willey",
              "non_striker": "J Charles",
              "runs": {
                "batter": 1,
                "extras": 0,
                "total": 1
              }
            },
            {
              "batter": "J Charles",
              "bowler": "DJ Willey",
              "non_striker": "JJ Roy",
              "runs": {
                "batter": 4,
                "extras": 0,
                "total": 4
              }
            },
            {
              "batter": "J Charles",
              "bowler": "DJ Willey",
              "non_striker": "JJ Roy",
              "runs": {
                "batter": 1,
                "extras": 0,
                "total": 1
              }
            },
            {
              "batter": "JJ Roy",
              "bowler": "DJ Willey",
              "non_striker": "J Charles",
              "runs": {
                "batter": 1,
                "extras": 0,
                "total": 1
              }
            },
            {
              "batter": "J Charles",
              "bowler": "DJ Willey",
              "extras": {
                "wides": 1
              },
              "non_striker": "JJ Roy",
              "runs": {
                "batter": 0,
                "extras": 1,
                "total": 1
              }
            },
            {
              "batter": "J Charles",
              "bowler": "DJ Willey",
              "extras": {
                "legbyes": 1
              },
              "non_striker": "JJ Roy",
              "runs": {
                "batter": 0,
                "extras": 1,
                "total": 1
              }
            }
          ]
        },
        {
          "over": 13,
          "deliveries": [
            {
              "batter": "J Charles",
              "bowler": "SP Narine",
              "non_striker": "JJ Roy",
              "runs": {
                "batter": 0,
                "extras": 0,
                "total": 0
              },
              "wickets": [
                {
                  "player_out": "J Charles",
                  "fielders": [
                    {
                      "name": "A Sharafu"
                    }
                  ],
                  "kind": "caught"
                }
              ]
            },
            {
              "batter": "TL Seifert",
              "bowler": "SP Narine",
              "non_striker": "JJ Roy",
              "runs": {
                "batter": 0,
                "extras": 0,
                "total": 0
              }
            },
            {
              "batter": "TL Seifert",
              "bowler": "SP Narine",
              "non_striker": "JJ Roy",
              "runs": {
                "batter": 1,
                "extras": 0,
                "total": 1
              }
            },
            {
              "batter": "JJ Roy",
              "bowler": "SP Narine",
              "non_striker": "TL Seifert",
              "review": {
                "by": "Abu Dhabi Knight Riders",
                "umpire": "Akbar Ali",
                "batter": "JJ Roy",
                "decision": "struck down",
                "type": "wicket"
              },
              "runs": {
                "batter": 0,
                "extras": 0,
                "total": 0
              }
            },
            {
              "batter": "JJ Roy",
              "bowler": "SP Narine",
              "non_striker": "TL Seifert",
              "runs": {
                "batter": 1,
                "extras": 0,
                "total": 1
              }
            },
            {
              "batter": "TL Seifert",
              "bowler": "SP Narine",
              "non_striker": "JJ Roy",
              "runs": {
                "batter": 1,
                "extras": 0,
                "total": 1
              }
            }
          ]
        },
        {
          "over": 14,
          "deliveries": [
            {
              "batter": "TL Seifert",
              "bowler": "DJ Willey",
              "non_striker": "JJ Roy",
              "runs": {
                "batter": 1,
                "extras": 0,
                "total": 1
              }
            },
            {
              "batter": "JJ Roy",
              "bowler": "DJ Willey",
              "non_striker": "TL Seifert",
              "runs": {
                "batter": 1,
                "extras": 0,
                "total": 1
              }
            },
            {
              "batter": "TL Seifert",
              "bowler": "DJ Willey",
              "non_striker": "JJ Roy",
              "runs": {
                "batter": 0,
                "extras": 0,
                "total": 0
              }
            },
            {
              "batter": "TL Seifert",
              "bowler": "DJ Willey",
              "non_striker": "JJ Roy",
              "runs": {
                "batter": 6,
                "extras": 0,
                "total": 6
              }
            },
            {
              "batter": "TL Seifert",
              "bowler": "DJ Willey",
              "non_striker": "JJ Roy",
              "runs": {
                "batter": 1,
                "extras": 0,
                "total": 1
              }
            },
            {
              "batter": "JJ Roy",
              "bowler": "DJ Willey",
              "non_striker": "TL Seifert",
              "runs": {
                "batter": 1,
                "extras": 0,
                "total": 1
              }
            }
          ]
        },
        {
          "over": 15,
          "deliveries": [
            {
              "batter": "JJ Roy",
              "bowler": "JO Holder",
              "non_striker": "TL Seifert",
              "runs": {
                "batter": 0,
                "extras": 0,
                "total": 0
              },
              "wickets": [
                {
                  "player_out": "JJ Roy",
                  "fielders": [
                    {
                      "name": "V Viyaskanth"
                    }
                  ],
                  "kind": "caught"
                }
              ]
            },
            {
              "batter": "Ethan D'Souza",
              "bowler": "JO Holder",
              "non_striker": "TL Seifert",
              "runs": {
                "batter": 0,
                "extras": 0,
                "total": 0
              }
            },
            {
              "batter": "Ethan D'Souza",
              "bowler": "JO Holder",
              "non_striker": "TL Seifert",
              "runs": {
                "batter": 0,
                "extras": 0,
                "total": 0
              }
            },
            {
              "batter": "Ethan D'Souza",
              "bowler": "JO Holder",
              "non_striker": "TL Seifert",
              "runs": {
                "batter": 0,
                "extras": 0,
                "total": 0
              }
            },
            {
              "batter": "Ethan D'Souza",
              "bowler": "JO Holder",
              "non_striker": "TL Seifert",
              "runs": {
                "batter": 0,
                "extras": 0,
                "total": 0
              }
            },
            {
              "batter": "Ethan D'Souza",
              "bowler": "JO Holder",
              "non_striker": "TL Seifert",
              "runs": {
                "batter": 0,
                "extras": 0,
                "total": 0
              }
            }
          ]
        },
        {
          "over": 16,
          "deliveries": [
            {
              "batter": "TL Seifert",
              "bowler": "T Hinds",
              "non_striker": "Ethan D'Souza",
              "runs": {
                "batter": 0,
                "extras": 0,
                "total": 0
              }
            },
            {
              "batter": "TL Seifert",
              "bowler": "T Hinds",
              "non_striker": "Ethan D'Souza",
              "runs": {
                "batter": 0,
                "extras": 0,
                "total": 0
              },
              "wickets": [
                {
                  "player_out": "TL Seifert",
                  "fielders": [
                    {
                      "name": "SP Narine"
                    }
                  ],
                  "kind": "caught"
                }
              ]
            },
            {
              "batter": "AC Agar",
              "bowler": "T Hinds",
              "non_striker": "Ethan D'Souza",
              "runs": {
                "batter": 0,
                "extras": 0,
                "total": 0
              }
            },
            {
              "batter": "AC Agar",
              "bowler": "T Hinds",
              "non_striker": "Ethan D'Souza",
              "runs": {
                "batter": 1,
                "extras": 0,
                "total": 1
              }
            },
            {
              "batter": "Ethan D'Souza",
              "bowler": "T Hinds",
              "non_striker": "AC Agar",
              "runs": {
                "batter": 0,
                "extras": 0,
                "total": 0
              }
            },
            {
              "batter": "Ethan D'Souza",
              "bowler": "T Hinds",
              "non_striker": "AC Agar",
              "runs": {
                "batter": 1,
                "extras": 0,
                "total": 1
              }
            }
          ]
        },
        {
          "over": 17,
          "deliveries": [
            {
              "batter": "Ethan D'Souza",
              "bowler": "JO Holder",
              "non_striker": "AC Agar",
              "runs": {
                "batter": 0,
                "extras": 0,
                "total": 0
              },
              "wickets": [
                {
                  "player_out": "Ethan D'Souza",
                  "fielders": [
                    {
                      "name": "KR Mayers"
                    }
                  ],
                  "kind": "caught"
                }
              ]
            },
            {
              "batter": "Harmeet Singh",
              "bowler": "JO Holder",
              "extras": {
                "legbyes": 1
              },
              "non_striker": "AC Agar",
              "review": {
                "by": "Abu Dhabi Knight Riders",
                "umpire": "Akbar Ali",
                "batter": "Harmeet Singh",
                "decision": "struck down",
                "type": "wicket",
                "umpires_call": true
              },
              "runs": {
                "batter": 0,
                "extras": 1,
                "total": 1
              }
            },
            {
              "batter": "AC Agar",
              "bowler": "JO Holder",
              "non_striker": "Harmeet Singh",
              "runs": {
                "batter": 0,
                "extras": 0,
                "total": 0
              }
            },
            {
              "batter": "AC Agar",
              "bowler": "JO Holder",
              "non_striker": "Harmeet Singh",
              "runs": {
                "batter": 1,
                "extras": 0,
                "total": 1
              }
            },
            {
              "batter": "Harmeet Singh",
              "bowler": "JO Holder",
              "non_striker": "AC Agar",
              "runs": {
                "batter": 0,
                "extras": 0,
                "total": 0
              }
            },
            {
              "batter": "Harmeet Singh",
              "bowler": "JO Holder",
              "non_striker": "AC Agar",
              "runs": {
                "batter": 0,
                "extras": 0,
                "total": 0
              }
            }
          ]
        },
        {
          "over": 18,
          "deliveries": [
            {
              "batter": "AC Agar",
              "bowler": "T Hinds",
              "non_striker": "Harmeet Singh",
              "runs": {
                "batter": 2,
                "extras": 0,
                "total": 2
              }
            },
            {
              "batter": "AC Agar",
              "bowler": "T Hinds",
              "non_striker": "Harmeet Singh",
              "runs": {
                "batter": 6,
                "extras": 0,
                "total": 6
              }
            },
            {
              "batter": "AC Agar",
              "bowler": "T Hinds",
              "non_striker": "Harmeet Singh",
              "runs": {
                "batter": 2,
                "extras": 0,
                "total": 2
              }
            },
            {
              "batter": "AC Agar",
              "bowler": "T Hinds",
              "non_striker": "Harmeet Singh",
              "runs": {
                "batter": 0,
                "extras": 0,
                "total": 0
              }
            },
            {
              "batter": "AC Agar",
              "bowler": "T Hinds",
              "non_striker": "Harmeet Singh",
              "runs": {
                "batter": 0,
                "extras": 0,
                "total": 0
              }
            },
            {
              "batter": "AC Agar",
              "bowler": "T Hinds",
              "non_striker": "Harmeet Singh",
              "runs": {
                "batter": 0,
                "extras": 0,
                "total": 0
              }
            }
          ]
        },
        {
          "over": 19,
          "deliveries": [
            {
              "batter": "Harmeet Singh",
              "bowler": "Ibrar Ahmad",
              "extras": {
                "noballs": 1
              },
              "non_striker": "AC Agar",
              "runs": {
                "batter": 1,
                "extras": 1,
                "total": 2
              }
            }
          ]
        }
      ],
      "powerplays": [
        {
          "from": 0.1,
          "to": 5.6,
          "type": "mandatory"
        }
      ],
      "target": {
        "overs": 20,
        "runs": 162
      }
    }
  ]
}