{
  "meta": {
    "data_version": "1.1.0",
    "created": "2025-02-05",
    "revision": 1
  },
  "info": {
    "balls_per_over": 6,
    "city": "Marsa",
    "dates": [
      "2025-02-05"
    ],
    "event": {
      "name": "Malta Tri-Nation T20I Series",
      "match_number": 5
    },
    "gender": "male",
    "match_type": "T20",
    "match_type_number": 3091,
    "officials": {
      "reserve_umpires": [
        "S Fernando"
      ],
      "umpires": [
        "V Sridhar",
        "Vinay Malhotra"
      ]
    },
    "outcome": {
      "winner": "Austria",
      "by": {
        "wickets": 6
      }
    },
    "overs": 20,
    "player_of_match": [
      "M Simpson-Parker"
    ],
    "players": {
      "Malta": [
        "DR Patankar",
        "R Dianish",
        "Sobu George",
        "VP Thamotharam",
        "E Mathew",
        "Washeem Abbas",
        "Jaspal Singh",
        "C Sudarsanan",
        "Amar Sharma",
        "D Marks",
        "P Ghosh"
      ],
      "Austria": [
        "Bilal Zalmai",
        "Zeshan Arif",
        "Razmal Shigiwal",
        "Aqib Iqbal",
        "M Simpson-Parker",
        "Hamid Safi",
        "Sahel Zadran",
        "J Ghelzai",
        "Arsalan Arif",
        "H Khogiyani",
        "Umair Tariq"
      ]
    },
    "registry": {
      "people": {
        "Amar Sharma": "14e1fdab",
        "Aqib Iqbal": "14157abf",
        "Arsalan Arif": "cc65e4a4",
        "Bilal Zalmai": "33b67317",
        "C Sudarsanan": "391a825b",
        "D Marks": "0813a8b1",
        "DR Patankar": "e661915c",
        "E Mathew": "e00acf74",
        "H Khogiyani": "b85c0597",
        "Hamid Safi": "ec4ae12d",
        "J Ghelzai": "b38a7890",
        "Jaspal Singh": "adca37a2",
        "M Simpson-Parker": "fecd828e",
        "P Ghosh": "3f0e3504",
        "R Dianish": "17e2a2d6",
        "Razmal Shigiwal": "60cc80ac",
        "S Fernando": "bbeb5b15",
        "Sahel Zadran": "dae28050",
        "Sobu George": "bed559c8",
        "Umair Tariq": "67ec2b09",
        "V Sridhar": "42314166",
        "VP Thamotharam": "eb40ed89",
        "Vinay Malhotra": "452837d1",
        "Washeem Abbas": "6de4e430",
        "Zeshan Arif": "6829b373"
      }
    },
    "season": "2024/25",
    "team_type": "international",
    "teams": [
      "Malta",
      "Austria"
    ],
    "toss": {
      "decision": "field",
      "winner": "Austria"
    },
    "venue": "Marsa Sports Club"
  },
  "innings": [
    {
      "team": "Malta",
      "overs": [
        {
          "over": 0,
          "deliveries": [
            {
              "batter": "DR Patankar",
              "bowler": "Sahel Zadran",
              "non_striker": "R Dianish",
              "runs": {
                "batter": 0,
                "extras": 0,
                "total": 0
              }
            },
            {
              "batter": "DR Patankar",
              "bowler": "Sahel Zadran",
              "non_striker": "R Dianish",
              "runs": {
                "batter": 0,
                "extras": 0,
                "total": 0
              }
            },
            {
              "batter": "DR Patankar",
              "bowler": "Sahel Zadran",
              "non_striker": "R Dianish",
              "runs": {
                "batter": 0,
                "extras": 0,
                "total": 0
              }
            },
            {
              "batter": "DR Patankar",
              "bowler": "Sahel Zadran",
              "non_striker": "R Dianish",
              "runs": {
                "batter": 0,
                "extras": 0,
                "total": 0
              }
            },
            {
              "batter": "DR Patankar",
              "bowler": "Sahel Zadran",
              "non_striker": "R Dianish",
              "runs": {
                "batter": 4,
                "extras": 0,
                "total": 4
              }
            },
            {
              "batter": "DR Patankar",
              "bowler": "Sahel Zadran",
              "non_striker": "R Dianish",
              "runs": {
                "batter": 4,
                "extras": 0,
                "total": 4
              }
            }
          ]
        },
        {
          "over": 1,
          "deliveries": [
            {
              "batter": "R Dianish",
              "bowler": "H Khogiyani",
              "non_striker": "DR Patankar",
              "runs": {
                "batter": 1,
                "extras": 0,
                "total": 1
              }
            },
            {
              "batter": "DR Patankar",
              "bowler": "H Khogiyani",
              "non_striker": "R Dianish",
              "runs": {
                "batter": 1,
                "extras": 0,
                "total": 1
              }
            },
            {
              "batter": "R Dianish",
              "bowler": "H Khogiyani",
              "extras": {
                "legbyes": 3
              },
              "non_striker": "DR Patankar",
              "runs": {
                "batter": 0,
                "extras": 3,
                "total": 3
              }
            },
            {
              "batter": "DR Patankar",
              "bowler": "H Khogiyani",
              "non_striker": "R Dianish",
              "runs": {
                "batter": 4,
                "extras": 0,
                "total": 4
              }
            },
            {
              "batter": "DR Patankar",
              "bowler": "H Khogiyani",
              "extras": {
                "wides": 1
              },
              "non_striker": "R Dianish",
              "runs": {
                "batter": 0,
                "extras": 1,
                "total": 1
              }
            },
            {
              "batter": "DR Patankar",
              "bowler": "H Khogiyani",
              "non_striker": "R Dianish",
              "runs": {
                "batter": 4,
                "extras": 0,
                "total": 4
              }
            },
            {
              "batter": "DR Patankar",
              "bowler": "H Khogiyani",
              "non_striker": "R Dianish",
              "runs": {
                "batter": 1,
                "extras": 0,
                "total": 1
              }
            }
          ]
        },
        {
          "over": 2,
          "deliveries": [
            {
              "batter": "DR Patankar",
              "bowler": "Sahel Zadran",
              "non_striker": "R Dianish",
              "runs": {
                "batter": 0,
                "extras": 0,
                "total": 0
              }
            },
            {
              "batter": "DR Patankar",
              "bowler": "Sahel Zadran",
              "non_striker": "R Dianish",
              "runs": {
                "batter": 0,
                "extras": 0,
                "total": 0
              }
            },
            {
              "batter": "DR Patankar",
              "bowler": "Sahel Zadran",
              "non_striker": "R Dianish",
              "runs": {
                "batter": 0,
                "extras": 0,
                "total": 0
              }
            },
            {
              "batter": "DR Patankar",
              "bowler": "Sahel Zadran",
              "non_striker": "R Dianish",
              "runs": {
                "batter": 1,
                "extras": 0,
                "total": 1
              }
            },
            {
              "batter": "R Dianish",
              "bowler": "Sahel Zadran",
              "non_striker": "DR Patankar",
              "runs": {
                "batter": 6,
                "extras": 0,
                "total": 6
              }
            },
            {
              "batter": "R Dianish",
              "bowler": "Sahel Zadran",
              "non_striker": "DR Patankar",
              "runs": {
                "batter": 0,
                "extras": 0,
                "total": 0
              }
            }
          ]
        },
        {
          "over": 3,
          "deliveries": [
            {
              "batter": "DR Patankar",
              "bowler": "Aqib Iqbal",
              "non_striker": "R Dianish",
              "runs": {
                "batter": 0,
                "extras": 0,
                "total": 0
              }
            },
            {
              "batter": "DR Patankar",
              "bowler": "Aqib Iqbal",
              "non_striker": "R Dianish",
              "runs": {
                "batter": 0,
                "extras": 0,
                "total": 0
              }
            },
            {
              "batter": "DR Patankar",
              "bowler": "Aqib Iqbal",
              "non_striker": "R Dianish",
              "runs": {
                "batter": 0,
                "extras": 0,
                "total": 0
              }
            },
            {
              "batter": "DR Patankar",
              "bowler": "Aqib Iqbal",
              "non_striker": "R Dianish",
              "runs": {
                "batter": 0,
                "extras": 0,
                "total": 0
              }
            },
            {
              "batter": "DR Patankar",
              "bowler": "Aqib Iqbal",
              "non_striker": "R Dianish",
              "runs": {
                "batter": 1,
                "extras": 0,
                "total": 1
              }
            },
            {
              "batter": "R Dianish",
              "bowler": "Aqib Iqbal",
              "non_striker": "DR Patankar",
              "runs": {
                "batter": 0,
                "extras": 0,
                "total": 0
              }
            }
          ]
        },
        {
          "over": 4,
          "deliveries": [
            {
              "batter": "DR Patankar",
              "bowler": "Sahel Zadran",
              "non_striker": "R Dianish",
              "runs": {
                "batter": 0,
                "extras": 0,
                "total": 0
              },
              "wickets": [
                {
                  "player_out": "DR Patankar",
                  "fielders": [
                    {
                      "name": "Arsalan Arif"
                    }
                  ],
                  "kind": "caught"
                }
              ]
            },
            {
              "batter": "Sobu George",
              "bowler": "Sahel Zadran",
              "non_striker": "R Dianish",
              "runs": {
                "batter": 4,
                "extras": 0,
                "total": 4
              }
            },
            {
              "batter": "Sobu George",
              "bowler": "Sahel Zadran",
              "non_striker": "R Dianish",
              "runs": {
                "batter": 0,
                "extras": 0,
                "total": 0
              }
            },
            {
              "batter": "Sobu George",
              "bowler": "Sahel Zadran",
              "non_striker": "R Dianish",
              "runs": {
                "batter": 0,
                "extras": 0,
                "total": 0
              }
            },
            {
              "batter": "Sobu George",
              "bowler": "Sahel Zadran",
              "non_striker": "R Dianish",
              "runs": {
                "batter": 4,
                "extras": 0,
                "total": 4
              }
            },
            {
              "batter": "Sobu George",
              "bowler": "Sahel Zadran",
              "non_striker": "R Dianish",
              "runs": {
                "batter": 4,
                "extras": 0,
                "total": 4
              }
            }
          ]
        },
        {
          "over": 5,
          "deliveries": [
            {
              "batter": "R Dianish",
              "bowler": "Aqib Iqbal",
              "non_striker": "Sobu George",
              "runs": {
                "batter": 0,
                "extras": 0,
                "total": 0
              }
            },
            {
              "batter": "R Dianish",
              "bowler": "Aqib Iqbal",
              "non_striker": "Sobu George",
              "runs": {
                "batter": 1,
                "extras": 0,
                "total": 1
              }
            },
            {
              "batter": "Sobu George",
              "bowler": "Aqib Iqbal",
              "non_striker": "R Dianish",
              "runs": {
                "batter": 0,
                "extras": 0,
                "total": 0
              }
            },
            {
              "batter": "Sobu George",
              "bowler": "Aqib Iqbal",
              "non_striker": "R Dianish",
              "runs": {
                "batter": 2,
                "extras": 0,
                "total": 2
              }
            },
            {
              "batter": "Sobu George",
              "bowler": "Aqib Iqbal",
              "extras": {
                "wides": 1
              },
              "non_striker": "R Dianish",
              "runs": {
                "batter": 0,
                "extras": 1,
                "total": 1
              }
            },
            {
              "batter": "Sobu George",
              "bowler": "Aqib Iqbal",
              "non_striker": "R Dianish",
              "runs": {
                "batter": 0,
                "extras": 0,
                "total": 0
              }
            },
            {
              "batter": "Sobu George",
              "bowler": "Aqib Iqbal",
              "non_striker": "R Dianish",
              "runs": {
                "batter": 0,
                "extras": 0,
                "total": 0
              }
            }
          ]
        },
        {
          "over": 6,
          "deliveries": [
            {
              "batter": "R Dianish",
              "bowler": "Bilal Zalmai",
              "non_striker": "Sobu George",
              "runs": {
                "batter": 1,
                "extras": 0,
                "total": 1
              }
            },
            {
              "batter": "Sobu George",
              "bowler": "Bilal Zalmai",
              "non_striker": "R Dianish",
              "runs": {
                "batter": 1,
                "extras": 0,
                "total": 1
              }
            },
            {
              "batter": "R Dianish",
              "bowler": "Bilal Zalmai",
              "non_striker": "Sobu George",
              "runs": {
                "batter": 6,
                "extras": 0,
                "total": 6
              }
            },
            {
              "batter": "R Dianish",
              "bowler": "Bilal Zalmai",
              "non_striker": "Sobu George",
              "runs": {
                "batter": 0,
                "extras": 0,
                "total": 0
              }
            },
            {
              "batter": "R Dianish",
              "bowler": "Bilal Zalmai",
              "non_striker": "Sobu George",
              "runs": {
                "batter": 1,
                "extras": 0,
                "total": 1
              }
            },
            {
              "batter": "Sobu George",
              "bowler": "Bilal Zalmai",
              "non_striker": "R Dianish",
              "runs": {
                "batter": 1,
                "extras": 0,
                "total": 1
              }
            }
          ]
        },
        {
          "over": 7,
          "deliveries": [
            {
              "batter": "Sobu George",
              "bowler": "Umair Tariq",
              "extras": {
                "legbyes": 1
              },
              "non_striker": "R Dianish",
              "runs": {
                "batter": 0,
                "extras": 1,
                "total": 1
              }
            },
            {
              "batter": "R Dianish",
              "bowler": "Umair Tariq",
              "non_striker": "Sobu George",
              "runs": {
                "batter": 0,
                "extras": 0,
                "total": 0
              },
              "wickets": [
                {
                  "player_out": "R Dianish",
                  "fielders": [
                    {
                      "name": "M Simpson-Parker"
                    }
                  ],
                  "kind": "caught"
                }
              ]
            },
            {
              "batter": "VP Thamotharam",
              "bowler": "Umair Tariq",
              "non_striker": "Sobu George",
              "runs": {
                "batter": 4,
                "extras": 0,
                "total": 4
              }
            },
            {
              "batter": "VP Thamotharam",
              "bowler": "Umair Tariq",
              "non_striker": "Sobu George",
              "runs": {
                "batter": 1,
                "extras": 0,
                "total": 1
              }
            },
            {
              "batter": "Sobu George",
              "bowler": "Umair Tariq",
              "non_striker": "VP Thamotharam",
              "runs": {
                "batter": 1,
                "extras": 0,
                "total": 1
              }
            },
            {
              "batter": "VP Thamotharam",
              "bowler": "Umair Tariq",
              "non_striker": "Sobu George",
              "runs": {
                "batter": 4,
                "extras": 0,
                "total": 4
              }
            }
          ]
        },
        {
          "over": 8,
          "deliveries": [
            {
              "batter": "Sobu George",
              "bowler": "Bilal Zalmai",
              "non_striker": "VP Thamotharam",
              "runs": {
                "batter": 2,
                "extras": 0,
                "total": 2
              }
            },
            {
              "batter": "Sobu George",
              "bowler": "Bilal Zalmai",
              "non_striker": "VP Thamotharam",
              "runs": {
                "batter": 1,
                "extras": 0,
                "total": 1
              }
            },
            {
              "batter": "VP Thamotharam",
              "bowler": "Bilal Zalmai",
              "non_striker": "Sobu George",
              "runs": {
                "batter": 0,
                "extras": 0,
                "total": 0
              }
            },
            {
              "batter": "VP Thamotharam",
              "bowler": "Bilal Zalmai",
              "non_striker": "Sobu George",
              "runs": {
                "batter": 1,
                "extras": 0,
                "total": 1
              }
            },
            {
              "batter": "Sobu George",
              "bowler": "Bilal Zalmai",
              "non_striker": "VP Thamotharam",
              "runs": {
                "batter": 1,
                "extras": 0,
                "total": 1
              }
            },
            {
              "batter": "VP Thamotharam",
              "bowler": "Bilal Zalmai",
              "non_striker": "Sobu George",
              "runs": {
                "batter": 1,
                "extras": 0,
                "total": 1
              }
            }
          ]
        },
        {
          "over": 9,
          "deliveries": [
            {
              "batter": "VP Thamotharam",
              "bowler": "Umair Tariq",
              "non_striker": "Sobu George",
              "runs": {
                "batter": 6,
                "extras": 0,
                "total": 6
              }
            },
            {
              "batter": "VP Thamotharam",
              "bowler": "Umair Tariq",
              "non_striker": "Sobu George",
              "runs": {
                "batter": 0,
                "extras": 0,
                "total": 0
              }
            },
            {
              "batter": "VP Thamotharam",
              "bowler": "Umair Tariq",
              "non_striker": "Sobu George",
              "runs": {
                "batter": 6,
                "extras": 0,
                "total": 6
              }
            },
            {
              "batter": "VP Thamotharam",
              "bowler": "Umair Tariq",
              "non_striker": "Sobu George",
              "runs": {
                "batter": 4,
                "extras": 0,
                "total": 4
              }
            },
            {
              "batter": "VP Thamotharam",
              "bowler": "Umair Tariq",
              "non_striker": "Sobu George",
              "runs": {
                "batter": 1,
                "extras": 0,
                "total": 1
              }
            },
            {
              "batter": "Sobu George",
              "bowler": "Umair Tariq",
              "non_striker": "VP Thamotharam",
              "runs": {
                "batter": 1,
                "extras": 0,
                "total": 1
              }
            }
          ]
        },
        {
          "over": 10,
          "deliveries": [
            {
              "batter": "Sobu George",
              "bowler": "Bilal Zalmai",
              "non_striker": "VP Thamotharam",
              "runs": {
                "batter": 0,
                "extras": 0,
                "total": 0
              }
            },
            {
              "batter": "Sobu George",
              "bowler": "Bilal Zalmai",
              "non_striker": "VP Thamotharam",
              "runs": {
                "batter": 4,
                "extras": 0,
                "total": 4
              }
            },
            {
              "batter": "Sobu George",
              "bowler": "Bilal Zalmai",
              "non_striker": "VP Thamotharam",
              "runs": {
                "batter": 1,
                "extras": 0,
                "total": 1
              }
            },
            {
              "batter": "VP Thamotharam",
              "bowler": "Bilal Zalmai",
              "non_striker": "Sobu George",
              "runs": {
                "batter": 2,
                "extras": 0,
                "total": 2
              }
            },
            {
              "batter": "VP Thamotharam",
              "bowler": "Bilal Zalmai",
              "non_striker": "Sobu George",
              "runs": {
                "batter": 4,
                "extras": 0,
                "total": 4
              }
            },
            {
              "batter": "VP Thamotharam",
              "bowler": "Bilal Zalmai",
              "non_striker": "Sobu George",
              "runs": {
                "batter": 0,
                "extras": 0,
                "total": 0
              }
            }
          ]
        },
        {
          "over": 11,
          "deliveries": [
            {
              "batter": "Sobu George",
              "bowler": "H Khogiyani",
              "non_striker": "VP Thamotharam",
              "runs": {
                "batter": 0,
                "extras": 0,
                "total": 0
              },
              "wickets": [
                {
                  "player_out": "Sobu George",
                  "fielders": [
                    {
                      "name": "Hamid Safi"
                    }
                  ],
                  "kind": "caught"
                }
              ]
            },
            {
              "batter": "E Mathew",
              "bowler": "H Khogiyani",
              "non_striker": "VP Thamotharam",
              "runs": {
                "batter": 0,
                "extras": 0,
                "total": 0
              }
            },
            {
              "batter": "E Mathew",
              "bowler": "H Khogiyani",
              "non_striker": "VP Thamotharam",
              "runs": {
                "batter": 1,
                "extras": 0,
                "total": 1
              }
            },
            {
              "batter": "VP Thamotharam",
              "bowler": "H Khogiyani",
              "non_striker": "E Mathew",
              "runs": {
                "batter": 1,
                "extras": 0,
                "total": 1
              }
            },
            {
              "batter": "E Mathew",
              "bowler": "H Khogiyani",
              "non_striker": "VP Thamotharam",
              "runs": {
                "batter": 6,
                "extras": 0,
                "total": 6
              }
            },
            {
              "batter": "E Mathew",
              "bowler": "H Khogiyani",
              "non_striker": "VP Thamotharam",
              "runs": {
                "batter": 0,
                "extras": 0,
                "total": 0
              }
            }
          ]
        },
        {
          "over": 12,
          "deliveries": [
            {
              "batter": "VP Thamotharam",
              "bowler": "Bilal Zalmai",
              "non_striker": "E Mathew",
              "runs": {
                "batter": 1,
                "extras": 0,
                "total": 1
              }
            },
            {
              "batter": "E Mathew",
              "bowler": "Bilal Zalmai",
              "non_striker": "VP Thamotharam",
              "runs": {
                "batter": 0,
                "extras": 0,
                "total": 0
              }
            },
            {
              "batter": "E Mathew",
              "bowler": "Bilal Zalmai",
              "non_striker": "VP Thamotharam",
              "runs": {
                "batter": 2,
                "extras": 0,
                "total": 2
              }
            },
            {
              "batter": "E Mathew",
              "bowler": "Bilal Zalmai",
              "extras": {
                "byes": 4
              },
              "non_striker": "VP Thamotharam",
              "runs": {
                "batter": 0,
                "extras": 4,
                "total": 4
              }
            },
            {
              "batter": "E Mathew",
              "bowler": "Bilal Zalmai",
              "non_striker": "VP Thamotharam",
              "runs": {
                "batter": 0,
                "extras": 0,
                "total": 0
              }
            },
            {
              "batter": "E Mathew",
              "bowler": "Bilal Zalmai",
              "non_striker": "VP Thamotharam",
              "runs": {
                "batter": 2,
                "extras": 0,
                "total": 2
              }
            }
          ]
        },
        {
          "over": 13,
          "deliveries": [
            {
              "batter": "VP Thamotharam",
              "bowler": "H Khogiyani",
              "non_striker": "E Mathew",
              "runs": {
                "batter": 0,
                "extras": 0,
                "total": 0
              }
            },
            {
              "batter": "VP Thamotharam",
              "bowler": "H Khogiyani",
              "non_striker": "E Mathew",
              "runs": {
                "batter": 0,
                "extras": 0,
                "total": 0
              }
            },
            {
              "batter": "VP Thamotharam",
              "bowler": "H Khogiyani",
              "non_striker": "E Mathew",
              "runs": {
                "batter": 1,
                "extras": 0,
                "total": 1
              }
            },
            {
              "batter": "E Mathew",
              "bowler": "H Khogiyani",
              "non_striker": "VP Thamotharam",
              "runs": {
                "batter": 1,
                "extras": 0,
                "total": 1
              }
            },
            {
              "batter": "VP Thamotharam",
              "bowler": "H Khogiyani",
              "non_striker": "E Mathew",
              "runs": {
                "batter": 1,
                "extras": 0,
                "total": 1
              }
            },
            {
              "batter": "E Mathew",
              "bowler": "H Khogiyani",
              "non_striker": "VP Thamotharam",
              "runs": {
                "batter": 0,
                "extras": 0,
                "total": 0
              }
            }
          ]
        },
        {
          "over": 14,
          "deliveries": [
            {
              "batter": "VP Thamotharam",
              "bowler": "Hamid Safi",
              "non_striker": "E Mathew",
              "runs": {
                "batter": 0,
                "extras": 0,
                "total": 0
              }
            },
            {
              "batter": "VP Thamotharam",
              "bowler": "Hamid Safi",
              "non_striker": "E Mathew",
              "runs": {
                "batter": 6,
                "extras": 0,
                "total": 6
              }
            },
            {
              "batter": "VP Thamotharam",
              "bowler": "Hamid Safi",
              "non_striker": "E Mathew",
              "runs": {
                "batter": 6,
                "extras": 0,
                "total": 6
              }
            },
            {
              "batter": "VP Thamotharam",
              "bowler": "Hamid Safi",
              "non_striker": "E Mathew",
              "runs": {
                "batter": 1,
                "extras": 0,
                "total": 1
              }
            },
            {
              "batter": "E Mathew",
              "bowler": "Hamid Safi",
              "extras": {
                "noballs": 1
              },
              "non_striker": "VP Thamotharam",
              "runs": {
                "batter": 0,
                "extras": 1,
                "total": 1
              }
            },
            {
              "batter": "E Mathew",
              "bowler": "Hamid Safi",
              "non_striker": "VP Thamotharam",
              "runs": {
                "batter": 0,
                "extras": 0,
                "total": 0
              }
            },
            {
              "batter": "E Mathew",
              "bowler": "Hamid Safi",
              "non_striker": "VP Thamotharam",
              "runs": {
                "batter": 2,
                "extras": 0,
                "total": 2
              }
            }
          ]
        },
        {
          "over": 15,
          "deliveries": [
            {
              "batter": "VP Thamotharam",
              "bowler": "H Khogiyani",
              "non_striker": "E Mathew",
              "runs": {
                "batter": 0,
                "extras": 0,
                "total": 0
              }
            },
            {
              "batter": "VP Thamotharam",
              "bowler": "H Khogiyani",
              "non_striker": "E Mathew",
              "runs": {
                "batter": 0,
                "extras": 0,
                "total": 0
              }
            },
            {
              "batter": "VP Thamotharam",
              "bowler": "H Khogiyani",
              "non_striker": "E Mathew",
              "runs": {
                "batter": 1,
                "extras": 0,
                "total": 1
              }
            },
            {
              "batter": "E Mathew",
              "bowler": "H Khogiyani",
              "non_striker": "VP Thamotharam",
              "runs": {
                "batter": 0,
                "extras": 0,
                "total": 0
              }
            },
            {
              "batter": "E Mathew",
              "bowler": "H Khogiyani",
              "non_striker": "VP Thamotharam",
              "runs": {
                "batter": 1,
                "extras": 0,
                "total": 1
              }
            },
            {
              "batter": "VP Thamotharam",
              "bowler": "H Khogiyani",
              "non_striker": "E Mathew",
              "runs": {
                "batter": 1,
                "extras": 0,
                "total": 1
              }
            }
          ]
        },
        {
          "over": 16,
          "deliveries": [
            {
              "batter": "VP Thamotharam",
              "bowler": "Sahel Zadran",
              "non_striker": "E Mathew",
              "runs": {
                "batter": 0,
                "extras": 0,
                "total": 0
              }
            },
            {
              "batter": "VP Thamotharam",
              "bowler": "Sahel Zadran",
              "non_striker": "E Mathew",
              "runs": {
                "batter": 1,
                "extras": 0,
                "total": 1
              }
            },
            {
              "batter": "E Mathew",
              "bowler": "Sahel Zadran",
              "non_striker": "VP Thamotharam",
              "runs": {
                "batter": 2,
                "extras": 0,
                "total": 2
              }
            },
            {
              "batter": "E Mathew",
              "bowler": "Sahel Zadran",
              "non_striker": "VP Thamotharam",
              "runs": {
                "batter": 1,
                "extras": 0,
                "total": 1
              }
            },
            {
              "batter": "VP Thamotharam",
              "bowler": "Sahel Zadran",
              "non_striker": "E Mathew",
              "runs": {
                "batter": 0,
                "extras": 0,
                "total": 0
              }
            },
            {
              "batter": "VP Thamotharam",
              "bowler": "Sahel Zadran",
              "non_striker": "E Mathew",
              "runs": {
                "batter": 4,
                "extras": 0,
                "total": 4
              }
            }
          ]
        },
        {
          "over": 17,
          "deliveries": [
            {
              "batter": "E Mathew",
              "bowler": "Aqib Iqbal",
              "non_striker": "VP Thamotharam",
              "runs": {
                "batter": 2,
                "extras": 0,
                "total": 2
              }
            },
            {
              "batter": "E Mathew",
              "bowler": "Aqib Iqbal",
              "non_striker": "VP Thamotharam",
              "runs": {
                "batter": 1,
                "extras": 0,
                "total": 1
              }
            },
            {
              "batter": "VP Thamotharam",
              "bowler": "Aqib Iqbal",
              "non_striker": "E Mathew",
              "runs": {
                "batter": 0,
                "extras": 0,
                "total": 0
              }
            },
            {
              "batter": "VP Thamotharam",
              "bowler": "Aqib Iqbal",
              "non_striker": "E Mathew",
              "runs": {
                "batter": 0,
                "extras": 0,
                "total": 0
              },
              "wickets": [
                {
                  "player_out": "VP Thamotharam",
                  "fielders": [
                    {
                      "name": "M Simpson-Parker"
                    }
                  ],
                  "kind": "caught"
                }
              ]
            },
            {
              "batter": "Washeem Abbas",
              "bowler": "Aqib Iqbal",
              "non_striker": "E Mathew",
              "runs": {
                "batter": 6,
                "extras": 0,
                "total": 6
              }
            },
            {
              "batter": "Washeem Abbas",
              "bowler": "Aqib Iqbal",
              "non_striker": "E Mathew",
              "runs": {
                "batter": 1,
                "extras": 0,
                "total": 1
              }
            }
          ]
        },
        {
          "over": 18,
          "deliveries": [
            {
              "batter": "Washeem Abbas",
              "bowler": "Umair Tariq",
              "non_striker": "E Mathew",
              "runs": {
                "batter": 1,
                "extras": 0,
                "total": 1
              }
            },
            {
              "batter": "E Mathew",
              "bowler": "Umair Tariq",
              "non_striker": "Washeem Abbas",
              "runs": {
                "batter": 0,
                "extras": 0,
                "total": 0
              },
              "wickets": [
                {
                  "player_out": "E Mathew",
                  "kind": "bowled"
                }
              ]
            },
            {
              "batter": "Jaspal Singh",
              "bowler": "Umair Tariq",
              "non_striker": "Washeem Abbas",
              "runs": {
                "batter": 1,
                "extras": 0,
                "total": 1
              }
            },
            {
              "batter": "Washeem Abbas",
              "bowler": "Umair Tariq",
              "non_striker": "Jaspal Singh",
              "runs": {
                "batter": 1,
                "extras": 0,
                "total": 1
              }
            },
            {
              "batter": "Jaspal Singh",
              "bowler": "Umair Tariq",
              "non_striker": "Washeem Abbas",
              "runs": {
                "batter": 1,
                "extras": 0,
                "total": 1
              }
            },
            {
              "batter": "Washeem Abbas",
              "bowler": "Umair Tariq",
              "non_striker": "Jaspal Singh",
              "runs": {
                "batter": 0,
                "extras": 0,
                "total": 0
              }
            }
          ]
        },
        {
          "over": 19,
          "deliveries": [
            {
              "batter": "Jaspal Singh",
              "bowler": "Aqib Iqbal",
              "non_striker": "Washeem Abbas",
              "runs": {
                "batter": 1,
                "extras": 0,
                "total": 1
              }
            },
            {
              "batter": "Washeem Abbas",
              "bowler": "Aqib Iqbal",
              "non_striker": "Jaspal Singh",
              "runs": {
                "batter": 1,
                "extras": 0,
                "total": 1
              },
              "wickets": [
                {
                  "player_out": "Washeem Abbas",
                  "fielders": [
                    {
                      "name": "Aqib Iqbal"
                    },
                    {
                      "name": "Arsalan Arif"
                    }
                  ],
                  "kind": "run out"
                }
              ]
            },
            {
              "batter": "Jaspal Singh",
              "bowler": "Aqib Iqbal",
              "non_striker": "C Sudarsanan",
              "runs": {
                "batter": 1,
                "extras": 0,
                "total": 1
              }
            },
            {
              "batter": "C Sudarsanan",
              "bowler": "Aqib Iqbal",
              "non_striker": "Jaspal Singh",
              "runs": {
                "batter": 1,
                "extras": 0,
                "total": 1
              }
            },
            {
              "batter": "Jaspal Singh",
              "bowler": "Aqib Iqbal",
              "non_striker": "C Sudarsanan",
              "runs": {
                "batter": 0,
                "extras": 0,
                "total": 0
              }
            },
            {
              "batter": "Jaspal Singh",
              "bowler": "Aqib Iqbal",
              "non_striker": "C Sudarsanan",
              "runs": {
                "batter": 0,
                "extras": 0,
                "total": 0
              }
            }
          ]
        }
      ],
      "powerplays": [
        {
          "from": 0.1,
          "to": 5.7,
          "type": "mandatory"
        }
      ]
    },
    {
      "team": "Austria",
      "overs": [
        {
          "over": 0,
          "deliveries": [
            {
              "batter": "Bilal Zalmai",
              "bowler": "D Marks",
              "non_striker": "Zeshan Arif",
              "runs": {
                "batter": 0,
                "extras": 0,
                "total": 0
              }
            },
            {
              "batter": "Bilal Zalmai",
              "bowler": "D Marks",
              "non_striker": "Zeshan Arif",
              "runs": {
                "batter": 2,
                "extras": 0,
                "total": 2
              }
            },
            {
              "batter": "Bilal Zalmai",
              "bowler": "D Marks",
              "non_striker": "Zeshan Arif",
              "runs": {
                "batter": 1,
                "extras": 0,
                "total": 1
              }
            },
            {
              "batter": "Zeshan Arif",
              "bowler": "D Marks",
              "non_striker": "Bilal Zalmai",
              "runs": {
                "batter": 4,
                "extras": 0,
                "total": 4
              }
            },
            {
              "batter": "Zeshan Arif",
              "bowler": "D Marks",
              "non_striker": "Bilal Zalmai",
              "runs": {
                "batter": 0,
                "extras": 0,
                "total": 0
              }
            },
            {
              "batter": "Zeshan Arif",
              "bowler": "D Marks",
              "extras": {
                "wides": 1
              },
              "non_striker": "Bilal Zalmai",
              "runs": {
                "batter": 0,
                "extras": 1,
                "total": 1
              }
            },
            {
              "batter": "Zeshan Arif",
              "bowler": "D Marks",
              "extras": {
                "byes": 1
              },
              "non_striker": "Bilal Zalmai",
              "runs": {
                "batter": 0,
                "extras": 1,
                "total": 1
              }
            }
          ]
        },
        {
          "over": 1,
          "deliveries": [
            {
              "batter": "Zeshan Arif",
              "bowler": "Washeem Abbas",
              "non_striker": "Bilal Zalmai",
              "runs": {
                "batter": 1,
                "extras": 0,
                "total": 1
              }
            },
            {
              "batter": "Bilal Zalmai",
              "bowler": "Washeem Abbas",
              "non_striker": "Zeshan Arif",
              "runs": {
                "batter": 1,
                "extras": 0,
                "total": 1
              }
            },
            {
              "batter": "Zeshan Arif",
              "bowler": "Washeem Abbas",
              "non_striker": "Bilal Zalmai",
              "runs": {
                "batter": 6,
                "extras": 0,
                "total": 6
              }
            },
            {
              "batter": "Zeshan Arif",
              "bowler": "Washeem Abbas",
              "non_striker": "Bilal Zalmai",
              "runs": {
                "batter": 6,
                "extras": 0,
                "total": 6
              }
            },
            {
              "batter": "Zeshan Arif",
              "bowler": "Washeem Abbas",
              "non_striker": "Bilal Zalmai",
              "runs": {
                "batter": 1,
                "extras": 0,
                "total": 1
              }
            },
            {
              "batter": "Bilal Zalmai",
              "bowler": "Washeem Abbas",
              "non_striker": "Zeshan Arif",
              "runs": {
                "batter": 6,
                "extras": 0,
                "total": 6
              }
            }
          ]
        },
        {
          "over": 2,
          "deliveries": [
            {
              "batter": "Zeshan Arif",
              "bowler": "D Marks",
              "non_striker": "Bilal Zalmai",
              "runs": {
                "batter": 0,
                "extras": 0,
                "total": 0
              }
            },
            {
              "batter": "Zeshan Arif",
              "bowler": "D Marks",
              "non_striker": "Bilal Zalmai",
              "runs": {
                "batter": 0,
                "extras": 0,
                "total": 0
              }
            },
            {
              "batter": "Zeshan Arif",
              "bowler": "D Marks",
              "non_striker": "Bilal Zalmai",
              "runs": {
                "batter": 1,
                "extras": 0,
                "total": 1
              }
            },
            {
              "batter": "Bilal Zalmai",
              "bowler": "D Marks",
              "non_striker": "Zeshan Arif",
              "runs": {
                "batter": 0,
                "extras": 0,
                "total": 0
              },
              "wickets": [
                {
                  "player_out": "Bilal Zalmai",
                  "fielders": [
                    {
                      "name": "Washeem Abbas"
                    }
                  ],
                  "kind": "caught"
                }
              ]
            },
            {
              "batter": "Razmal Shigiwal",
              "bowler": "D Marks",
              "non_striker": "Zeshan Arif",
              "runs": {
                "batter": 1,
                "extras": 0,
                "total": 1
              }
            },
            {
              "batter": "Zeshan Arif",
              "bowler": "D Marks",
              "non_striker": "Razmal Shigiwal",
              "runs": {
                "batter": 0,
                "extras": 0,
                "total": 0
              },
              "wickets": [
                {
                  "player_out": "Zeshan Arif",
                  "fielders": [
                    {
                      "name": "VP Thamotharam"
                    }
                  ],
                  "kind": "caught"
                }
              ]
            }
          ]
        },
        {
          "over": 3,
          "deliveries": [
            {
              "batter": "Razmal Shigiwal",
              "bowler": "Washeem Abbas",
              "non_striker": "Aqib Iqbal",
              "runs": {
                "batter": 4,
                "extras": 0,
                "total": 4
              }
            },
            {
              "batter": "Razmal Shigiwal",
              "bowler": "Washeem Abbas",
              "non_striker": "Aqib Iqbal",
              "runs": {
                "batter": 2,
                "extras": 0,
                "total": 2
              }
            },
            {
              "batter": "Razmal Shigiwal",
              "bowler": "Washeem Abbas",
              "non_striker": "Aqib Iqbal",
              "runs": {
                "batter": 1,
                "extras": 0,
                "total": 1
              }
            },
            {
              "batter": "Aqib Iqbal",
              "bowler": "Washeem Abbas",
              "extras": {
                "wides": 1
              },
              "non_striker": "Razmal Shigiwal",
              "runs": {
                "batter": 0,
                "extras": 1,
                "total": 1
              }
            },
            {
              "batter": "Aqib Iqbal",
              "bowler": "Washeem Abbas",
              "non_striker": "Razmal Shigiwal",
              "runs": {
                "batter": 0,
                "extras": 0,
                "total": 0
              }
            },
            {
              "batter": "Aqib Iqbal",
              "bowler": "Washeem Abbas",
              "non_striker": "Razmal Shigiwal",
              "runs": {
                "batter": 1,
                "extras": 0,
                "total": 1
              }
            },
            {
              "batter": "Razmal Shigiwal",
              "bowler": "Washeem Abbas",
              "non_striker": "Aqib Iqbal",
              "runs": {
                "batter": 0,
                "extras": 0,
                "total": 0
              }
            }
          ]
        },
        {
          "over": 4,
          "deliveries": [
            {
              "batter": "Aqib Iqbal",
              "bowler": "D Marks",
              "non_striker": "Razmal Shigiwal",
              "runs": {
                "batter": 0,
                "extras": 0,
                "total": 0
              }
            },
            {
              "batter": "Aqib Iqbal",
              "bowler": "D Marks",
              "non_striker": "Razmal Shigiwal",
              "runs": {
                "batter": 2,
                "extras": 0,
                "total": 2
              }
            },
            {
              "batter": "Aqib Iqbal",
              "bowler": "D Marks",
              "non_striker": "Razmal Shigiwal",
              "runs": {
                "batter": 2,
                "extras": 0,
                "total": 2
              }
            },
            {
              "batter": "Aqib Iqbal",
              "bowler": "D Marks",
              "non_striker": "Razmal Shigiwal",
              "runs": {
                "batter": 2,
                "extras": 0,
                "total": 2
              }
            },
            {
              "batter": "Aqib Iqbal",
              "bowler": "D Marks",
              "non_striker": "Razmal Shigiwal",
              "runs": {
                "batter": 0,
                "extras": 0,
                "total": 0
              }
            },
            {
              "batter": "Aqib Iqbal",
              "bowler": "D Marks",
              "non_striker": "Razmal Shigiwal",
              "runs": {
                "batter": 0,
                "extras": 0,
                "total": 0
              }
            }
          ]
        },
        {
          "over": 5,
          "deliveries": [
            {
              "batter": "Razmal Shigiwal",
              "bowler": "P Ghosh",
              "non_striker": "Aqib Iqbal",
              "runs": {
                "batter": 0,
                "extras": 0,
                "total": 0
              }
            },
            {
              "batter": "Razmal Shigiwal",
              "bowler": "P Ghosh",
              "non_striker": "Aqib Iqbal",
              "runs": {
                "batter": 4,
                "extras": 0,
                "total": 4
              }
            },
            {
              "batter": "Razmal Shigiwal",
              "bowler": "P Ghosh",
              "non_striker": "Aqib Iqbal",
              "runs": {
                "batter": 2,
                "extras": 0,
                "total": 2
              }
            },
            {
              "batter": "Razmal Shigiwal",
              "bowler": "P Ghosh",
              "non_striker": "Aqib Iqbal",
              "runs": {
                "batter": 2,
                "extras": 0,
                "total": 2
              }
            },
            {
              "batter": "Razmal Shigiwal",
              "bowler": "P Ghosh",
              "non_striker": "Aqib Iqbal",
              "runs": {
                "batter": 1,
                "extras": 0,
                "total": 1
              }
            },
            {
              "batter": "Aqib Iqbal",
              "bowler": "P Ghosh",
              "non_striker": "Razmal Shigiwal",
              "runs": {
                "batter": 0,
                "extras": 0,
                "total": 0
              }
            }
          ]
        },
        {
          "over": 6,
          "deliveries": [
            {
              "batter": "Razmal Shigiwal",
              "bowler": "VP Thamotharam",
              "non_striker": "Aqib Iqbal",
              "runs": {
                "batter": 1,
                "extras": 0,
                "total": 1
              }
            },
            {
              "batter": "Aqib Iqbal",
              "bowler": "VP Thamotharam",
              "extras": {
                "wides": 1
              },
              "non_striker": "Razmal Shigiwal",
              "runs": {
                "batter": 0,
                "extras": 1,
                "total": 1
              }
            },
            {
              "batter": "Aqib Iqbal",
              "bowler": "VP Thamotharam",
              "non_striker": "Razmal Shigiwal",
              "runs": {
                "batter": 1,
                "extras": 0,
                "total": 1
              }
            },
            {
              "batter": "Razmal Shigiwal",
              "bowler": "VP Thamotharam",
              "non_striker": "Aqib Iqbal",
              "runs": {
                "batter": 2,
                "extras": 0,
                "total": 2
              }
            },
            {
              "batter": "Razmal Shigiwal",
              "bowler": "VP Thamotharam",
              "non_striker": "Aqib Iqbal",
              "runs": {
                "batter": 0,
                "extras": 0,
                "total": 0
              },
              "wickets": [
                {
                  "player_out": "Razmal Shigiwal",
                  "fielders": [
                    {
                      "name": "D Marks"
                    }
                  ],
                  "kind": "caught"
                }
              ]
            },
            {
              "batter": "M Simpson-Parker",
              "bowler": "VP Thamotharam",
              "non_striker": "Aqib Iqbal",
              "runs": {
                "batter": 2,
                "extras": 0,
                "total": 2
              }
            },
            {
              "batter": "M Simpson-Parker",
              "bowler": "VP Thamotharam",
              "non_striker": "Aqib Iqbal",
              "runs": {
                "batter": 0,
                "extras": 0,
                "total": 0
              }
            }
          ]
        },
        {
          "over": 7,
          "deliveries": [
            {
              "batter": "Aqib Iqbal",
              "bowler": "Amar Sharma",
              "non_striker": "M Simpson-Parker",
              "runs": {
                "batter": 1,
                "extras": 0,
                "total": 1
              }
            },
            {
              "batter": "M Simpson-Parker",
              "bowler": "Amar Sharma",
              "non_striker": "Aqib Iqbal",
              "runs": {
                "batter": 1,
                "extras": 0,
                "total": 1
              }
            },
            {
              "batter": "Aqib Iqbal",
              "bowler": "Amar Sharma",
              "non_striker": "M Simpson-Parker",
              "runs": {
                "batter": 6,
                "extras": 0,
                "total": 6
              }
            },
            {
              "batter": "Aqib Iqbal",
              "bowler": "Amar Sharma",
              "non_striker": "M Simpson-Parker",
              "runs": {
                "batter": 1,
                "extras": 0,
                "total": 1
              }
            },
            {
              "batter": "M Simpson-Parker",
              "bowler": "Amar Sharma",
              "non_striker": "Aqib Iqbal",
              "runs": {
                "batter": 3,
                "extras": 0,
                "total": 3
              }
            },
            {
              "batter": "Aqib Iqbal",
              "bowler": "Amar Sharma",
              "non_striker": "M Simpson-Parker",
              "runs": {
                "batter": 1,
                "extras": 0,
                "total": 1
              }
            }
          ]
        },
        {
          "over": 8,
          "deliveries": [
            {
              "batter": "Aqib Iqbal",
              "bowler": "VP Thamotharam",
              "non_striker": "M Simpson-Parker",
              "runs": {
                "batter": 1,
                "extras": 0,
                "total": 1
              }
            },
            {
              "batter": "M Simpson-Parker",
              "bowler": "VP Thamotharam",
              "non_striker": "Aqib Iqbal",
              "runs": {
                "batter": 1,
                "extras": 0,
                "total": 1
              }
            },
            {
              "batter": "Aqib Iqbal",
              "bowler": "VP Thamotharam",
              "non_striker": "M Simpson-Parker",
              "runs": {
                "batter": 1,
                "extras": 0,
                "total": 1
              }
            },
            {
              "batter": "M Simpson-Parker",
              "bowler": "VP Thamotharam",
              "non_striker": "Aqib Iqbal",
              "runs": {
                "batter": 0,
                "extras": 0,
                "total": 0
              }
            },
            {
              "batter": "M Simpson-Parker",
              "bowler": "VP Thamotharam",
              "extras": {
                "wides": 1
              },
              "non_striker": "Aqib Iqbal",
              "runs": {
                "batter": 0,
                "extras": 1,
                "total": 1
              }
            },
            {
              "batter": "M Simpson-Parker",
              "bowler": "VP Thamotharam",
              "non_striker": "Aqib Iqbal",
              "runs": {
                "batter": 0,
                "extras": 0,
                "total": 0
              }
            },
            {
              "batter": "M Simpson-Parker",
              "bowler": "VP Thamotharam",
              "non_striker": "Aqib Iqbal",
              "runs": {
                "batter": 2,
                "extras": 0,
                "total": 2
              }
            }
          ]
        },
        {
          "over": 9,
          "deliveries": [
            {
              "batter": "Aqib Iqbal",
              "bowler": "Amar Sharma",
              "non_striker": "M Simpson-Parker",
              "runs": {
                "batter": 6,
                "extras": 0,
                "total": 6
              }
            },
            {
              "batter": "Aqib Iqbal",
              "bowler": "Amar Sharma",
              "non_striker": "M Simpson-Parker",
              "runs": {
                "batter": 0,
                "extras": 0,
                "total": 0
              }
            },
            {
              "batter": "Aqib Iqbal",
              "bowler": "Amar Sharma",
              "non_striker": "M Simpson-Parker",
              "runs": {
                "batter": 1,
                "extras": 0,
                "total": 1
              }
            },
            {
              "batter": "M Simpson-Parker",
              "bowler": "Amar Sharma",
              "non_striker": "Aqib Iqbal",
              "runs": {
                "batter": 4,
                "extras": 0,
                "total": 4
              }
            },
            {
              "batter": "M Simpson-Parker",
              "bowler": "Amar Sharma",
              "non_striker": "Aqib Iqbal",
              "runs": {
                "batter": 3,
                "extras": 0,
                "total": 3
              }
            },
            {
              "batter": "Aqib Iqbal",
              "bowler": "Amar Sharma",
              "non_striker": "M Simpson-Parker",
              "runs": {
                "batter": 1,
                "extras": 0,
                "total": 1
              }
            }
          ]
        },
        {
          "over": 10,
          "deliveries": [
            {
              "batter": "Aqib Iqbal",
              "bowler": "VP Thamotharam",
              "non_striker": "M Simpson-Parker",
              "runs": {
                "batter": 4,
                "extras": 0,
                "total": 4
              }
            },
            {
              "batter": "Aqib Iqbal",
              "bowler": "VP Thamotharam",
              "non_striker": "M Simpson-Parker",
              "runs": {
                "batter": 0,
                "extras": 0,
                "total": 0
              }
            },
            {
              "batter": "Aqib Iqbal",
              "bowler": "VP Thamotharam",
              "non_striker": "M Simpson-Parker",
              "runs": {
                "batter": 4,
                "extras": 0,
                "total": 4
              }
            },
            {
              "batter": "Aqib Iqbal",
              "bowler": "VP Thamotharam",
              "non_striker": "M Simpson-Parker",
              "runs": {
                "batter": 2,
                "extras": 0,
                "total": 2
              }
            },
            {
              "batter": "Aqib Iqbal",
              "bowler": "VP Thamotharam",
              "non_striker": "M Simpson-Parker",
              "runs": {
                "batter": 0,
                "extras": 0,
                "total": 0
              }
            },
            {
              "batter": "Aqib Iqbal",
              "bowler": "VP Thamotharam",
              "non_striker": "M Simpson-Parker",
              "runs": {
                "batter": 0,
                "extras": 0,
                "total": 0
              },
              "wickets": [
                {
                  "player_out": "Aqib Iqbal",
                  "kind": "lbw"
                }
              ]
            }
          ]
        },
        {
          "over": 11,
          "deliveries": [
            {
              "batter": "M Simpson-Parker",
              "bowler": "D Marks",
              "non_striker": "Hamid Safi",
              "runs": {
                "batter": 4,
                "extras": 0,
                "total": 4
              }
            },
            {
              "batter": "M Simpson-Parker",
              "bowler": "D Marks",
              "non_striker": "Hamid Safi",
              "runs": {
                "batter": 2,
                "extras": 0,
                "total": 2
              }
            },
            {
              "batter": "M Simpson-Parker",
              "bowler": "D Marks",
              "extras": {
                "wides": 1
              },
              "non_striker": "Hamid Safi",
              "runs": {
                "batter": 0,
                "extras": 1,
                "total": 1
              }
            },
            {
              "batter": "M Simpson-Parker",
              "bowler": "D Marks",
              "non_striker": "Hamid Safi",
              "runs": {
                "batter": 0,
                "extras": 0,
                "total": 0
              }
            },
            {
              "batter": "M Simpson-Parker",
              "bowler": "D Marks",
              "non_striker": "Hamid Safi",
              "runs": {
                "batter": 0,
                "extras": 0,
                "total": 0
              }
            },
            {
              "batter": "M Simpson-Parker",
              "bowler": "D Marks",
              "non_striker": "Hamid Safi",
              "runs": {
                "batter": 4,
                "extras": 0,
                "total": 4
              }
            },
            {
              "batter": "M Simpson-Parker",
              "bowler": "D Marks",
              "non_striker": "Hamid Safi",
              "runs": {
                "batter": 1,
                "extras": 0,
                "total": 1
              }
            }
          ]
        },
        {
          "over": 12,
          "deliveries": [
            {
              "batter": "M Simpson-Parker",
              "bowler": "VP Thamotharam",
              "non_striker": "Hamid Safi",
              "runs": {
                "batter": 0,
                "extras": 0,
                "total": 0
              }
            },
            {
              "batter": "M Simpson-Parker",
              "bowler": "VP Thamotharam",
              "non_striker": "Hamid Safi",
              "runs": {
                "batter": 6,
                "extras": 0,
                "total": 6
              }
            },
            {
              "batter": "M Simpson-Parker",
              "bowler": "VP Thamotharam",
              "non_striker": "Hamid Safi",
              "runs": {
                "batter": 6,
                "extras": 0,
                "total": 6
              }
            },
            {
              "batter": "M Simpson-Parker",
              "bowler": "VP Thamotharam",
              "non_striker": "Hamid Safi",
              "runs": {
                "batter": 4,
                "extras": 0,
                "total": 4
              }
            },
            {
              "batter": "M Simpson-Parker",
              "bowler": "VP Thamotharam",
              "non_striker": "Hamid Safi",
              "runs": {
                "batter": 4,
                "extras": 0,
                "total": 4
              }
            },
            {
              "batter": "M Simpson-Parker",
              "bowler": "VP Thamotharam",
              "non_striker": "Hamid Safi",
              "runs": {
                "batter": 1,
                "extras": 0,
                "total": 1
              }
            }
          ]
        },
        {
          "over": 13,
          "deliveries": [
            {
              "batter": "M Simpson-Parker",
              "bowler": "Washeem Abbas",
              "non_striker": "Hamid Safi",
              "runs": {
                "batter": 4,
                "extras": 0,
                "total": 4
              }
            },
            {
              "batter": "M Simpson-Parker",
              "bowler": "Washeem Abbas",
              "non_striker": "Hamid Safi",
              "runs": {
                "batter": 3,
                "extras": 0,
                "total": 3
              }
            },
            {
              "batter": "Hamid Safi",
              "bowler": "Washeem Abbas",
              "non_striker": "M Simpson-Parker",
              "runs": {
                "batter": 6,
                "extras": 0,
                "total": 6
              }
            },
            {
              "batter": "Hamid Safi",
              "bowler": "Washeem Abbas",
              "non_striker": "M Simpson-Parker",
              "runs": {
                "batter": 3,
                "extras": 0,
                "total": 3
              }
            },
            {
              "batter": "M Simpson-Parker",
              "bowler": "Washeem Abbas",
              "non_striker": "Hamid Safi",
              "runs": {
                "batter": 2,
                "extras": 0,
                "total": 2
              }
            },
            {
              "batter": "M Simpson-Parker",
              "bowler": "Washeem Abbas",
              "non_striker": "Hamid Safi",
              "runs": {
                "batter": 6,
                "extras": 0,
                "total": 6
              }
            }
          ]
        },
        {
          "over": 14,
          "deliveries": [
            {
              "batter": "Hamid Safi",
              "bowler": "Jaspal Singh",
              "non_striker": "M Simpson-Parker",
              "runs": {
                "batter": 6,
                "extras": 0,
                "total": 6
              }
            }
          ]
        }
      ],
      "powerplays": [
        {
          "from": 0.1,
          "to": 5.6,
          "type": "mandatory"
        }
      ],
      "target": {
        "overs": 20,
        "runs": 169
      }
    }
  ]
}