{
  "meta": {
    "data_version": "1.1.0",
    "created": "2025-02-04",
    "revision": 1
  },
  "info": {
    "balls_per_over": 6,
    "city": "Marsa",
    "dates": [
      "2025-02-04"
    ],
    "event": {
      "name": "Malta Tri-Nation T20I Series",
      "match_number": 3
    },
    "gender": "male",
    "match_type": "T20",
    "match_type_number": 3089,
    "officials": {
      "reserve_umpires": [
        "V Sridhar"
      ],
      "umpires": [
        "S Fernando",
        "Vinay Malhotra"
      ]
    },
    "outcome": {
      "winner": "Austria",
      "by": {
        "wickets": 6
      }
    },
    "overs": 20,
    "player_of_match": [
      "Bilal Zalmai"
    ],
    "players": {
      "Hungary": [
        "Abbas Ghani",
        "JN du Plooy",
        "Zeeshan Kukikhel",
        "Sheikh Rasik",
        "Zahir Mohammed",
        "Muhammad Usman",
        "TV Valivarthi",
        "CP Dowle",
        "Amal Jacob",
        "Muhammad Saqlain",
        "MP Ainsworth"
      ],
      "Austria": [
        "Bilal Zalmai",
        "Zeshan Arif",
        "Razmal Shigiwal",
        "Aqib Iqbal",
        "M Simpson-Parker",
        "H Khogiyani",
        "Hamid Safi",
        "Sahel Zadran",
        "J Ghelzai",
        "Arsalan Arif",
        "Umair Tariq"
      ]
    },
    "registry": {
      "people": {
        "Abbas Ghani": "a8f91f78",
        "Amal Jacob": "5772882c",
        "Aqib Iqbal": "14157abf",
        "Arsalan Arif": "cc65e4a4",
        "Bilal Zalmai": "33b67317",
        "CP Dowle": "5d7f4f74",
        "H Khogiyani": "b85c0597",
        "Hamid Safi": "ec4ae12d",
        "J Ghelzai": "b38a7890",
        "JN du Plooy": "945f5357",
        "M Simpson-Parker": "fecd828e",
        "MP Ainsworth": "ae4a47d8",
        "Muhammad Saqlain": "f094e3b8",
        "Muhammad Usman": "b7621723",
        "Razmal Shigiwal": "60cc80ac",
        "S Fernando": "bbeb5b15",
        "Sahel Zadran": "dae28050",
        "Sheikh Rasik": "5f25b104",
        "TV Valivarthi": "56153e74",
        "Umair Tariq": "67ec2b09",
        "V Sridhar": "42314166",
        "Vinay Malhotra": "452837d1",
        "Zahir Mohammed": "7c38942a",
        "Zeeshan Kukikhel": "5d6a1f76",
        "Zeshan Arif": "6829b373"
      }
    },
    "season": "2024/25",
    "team_type": "international",
    "teams": [
      "Hungary",
      "Austria"
    ],
    "toss": {
      "decision": "bat",
      "winner": "Hungary"
    },
    "venue": "Marsa Sports Club"
  },
  "innings": [
    {
      "team": "Hungary",
      "overs": [
        {
          "over": 0,
          "deliveries": [
            {
              "batter": "Abbas Ghani",
              "bowler": "Aqib Iqbal",
              "non_striker": "JN du Plooy",
              "runs": {
                "batter": 4,
                "extras": 0,
                "total": 4
              }
            },
            {
              "batter": "Abbas Ghani",
              "bowler": "Aqib Iqbal",
              "non_striker": "JN du Plooy",
              "runs": {
                "batter": 3,
                "extras": 0,
                "total": 3
              }
            },
            {
              "batter": "JN du Plooy",
              "bowler": "Aqib Iqbal",
              "non_striker": "Abbas Ghani",
              "runs": {
                "batter": 1,
                "extras": 0,
                "total": 1
              }
            },
            {
              "batter": "Abbas Ghani",
              "bowler": "Aqib Iqbal",
              "non_striker": "JN du Plooy",
              "runs": {
                "batter": 1,
                "extras": 0,
                "total": 1
              }
            },
            {
              "batter": "JN du Plooy",
              "bowler": "Aqib Iqbal",
              "non_striker": "Abbas Ghani",
              "runs": {
                "batter": 0,
                "extras": 0,
                "total": 0
              }
            },
            {
              "batter": "JN du Plooy",
              "bowler": "Aqib Iqbal",
              "non_striker": "Abbas Ghani",
              "runs": {
                "batter": 0,
                "extras": 0,
                "total": 0
              }
            }
          ]
        },
        {
          "over": 1,
          "deliveries": [
            {
              "batter": "Abbas Ghani",
              "bowler": "Sahel Zadran",
              "non_striker": "JN du Plooy",
              "runs": {
                "batter": 0,
                "extras": 0,
                "total": 0
              }
            },
            {
              "batter": "Abbas Ghani",
              "bowler": "Sahel Zadran",
              "non_striker": "JN du Plooy",
              "runs": {
                "batter": 2,
                "extras": 0,
                "total": 2
              }
            },
            {
              "batter": "Abbas Ghani",
              "bowler": "Sahel Zadran",
              "non_striker": "JN du Plooy",
              "runs": {
                "batter": 2,
                "extras": 0,
                "total": 2
              }
            },
            {
              "batter": "Abbas Ghani",
              "bowler": "Sahel Zadran",
              "non_striker": "JN du Plooy",
              "runs": {
                "batter": 6,
                "extras": 0,
                "total": 6
              }
            },
            {
              "batter": "Abbas Ghani",
              "bowler": "Sahel Zadran",
              "non_striker": "JN du Plooy",
              "runs": {
                "batter": 0,
                "extras": 0,
                "total": 0
              }
            },
            {
              "batter": "Abbas Ghani",
              "bowler": "Sahel Zadran",
              "non_striker": "JN du Plooy",
              "runs": {
                "batter": 0,
                "extras": 0,
                "total": 0
              }
            }
          ]
        },
        {
          "over": 2,
          "deliveries": [
            {
              "batter": "JN du Plooy",
              "bowler": "H Khogiyani",
              "non_striker": "Abbas Ghani",
              "runs": {
                "batter": 2,
                "extras": 0,
                "total": 2
              }
            },
            {
              "batter": "JN du Plooy",
              "bowler": "H Khogiyani",
              "non_striker": "Abbas Ghani",
              "runs": {
                "batter": 1,
                "extras": 0,
                "total": 1
              }
            },
            {
              "batter": "Abbas Ghani",
              "bowler": "H Khogiyani",
              "non_striker": "JN du Plooy",
              "runs": {
                "batter": 1,
                "extras": 0,
                "total": 1
              }
            },
            {
              "batter": "JN du Plooy",
              "bowler": "H Khogiyani",
              "non_striker": "Abbas Ghani",
              "runs": {
                "batter": 2,
                "extras": 0,
                "total": 2
              }
            },
            {
              "batter": "JN du Plooy",
              "bowler": "H Khogiyani",
              "non_striker": "Abbas Ghani",
              "runs": {
                "batter": 1,
                "extras": 0,
                "total": 1
              }
            },
            {
              "batter": "Abbas Ghani",
              "bowler": "H Khogiyani",
              "non_striker": "JN du Plooy",
              "runs": {
                "batter": 6,
                "extras": 0,
                "total": 6
              }
            }
          ]
        },
        {
          "over": 3,
          "deliveries": [
            {
              "batter": "JN du Plooy",
              "bowler": "Sahel Zadran",
              "non_striker": "Abbas Ghani",
              "runs": {
                "batter": 1,
                "extras": 0,
                "total": 1
              }
            },
            {
              "batter": "Abbas Ghani",
              "bowler": "Sahel Zadran",
              "non_striker": "JN du Plooy",
              "runs": {
                "batter": 1,
                "extras": 0,
                "total": 1
              }
            },
            {
              "batter": "JN du Plooy",
              "bowler": "Sahel Zadran",
              "non_striker": "Abbas Ghani",
              "runs": {
                "batter": 0,
                "extras": 0,
                "total": 0
              }
            },
            {
              "batter": "JN du Plooy",
              "bowler": "Sahel Zadran",
              "non_striker": "Abbas Ghani",
              "runs": {
                "batter": 6,
                "extras": 0,
                "total": 6
              }
            },
            {
              "batter": "JN du Plooy",
              "bowler": "Sahel Zadran",
              "non_striker": "Abbas Ghani",
              "runs": {
                "batter": 2,
                "extras": 0,
                "total": 2
              }
            },
            {
              "batter": "JN du Plooy",
              "bowler": "Sahel Zadran",
              "non_striker": "Abbas Ghani",
              "runs": {
                "batter": 1,
                "extras": 0,
                "total": 1
              }
            }
          ]
        },
        {
          "over": 4,
          "deliveries": [
            {
              "batter": "JN du Plooy",
              "bowler": "H Khogiyani",
              "non_striker": "Abbas Ghani",
              "runs": {
                "batter": 1,
                "extras": 0,
                "total": 1
              }
            },
            {
              "batter": "Abbas Ghani",
              "bowler": "H Khogiyani",
              "non_striker": "JN du Plooy",
              "runs": {
                "batter": 1,
                "extras": 0,
                "total": 1
              }
            },
            {
              "batter": "JN du Plooy",
              "bowler": "H Khogiyani",
              "non_striker": "Abbas Ghani",
              "runs": {
                "batter": 6,
                "extras": 0,
                "total": 6
              }
            },
            {
              "batter": "JN du Plooy",
              "bowler": "H Khogiyani",
              "non_striker": "Abbas Ghani",
              "runs": {
                "batter": 1,
                "extras": 0,
                "total": 1
              }
            },
            {
              "batter": "Abbas Ghani",
              "bowler": "H Khogiyani",
              "non_striker": "JN du Plooy",
              "runs": {
                "batter": 1,
                "extras": 0,
                "total": 1
              }
            },
            {
              "batter": "JN du Plooy",
              "bowler": "H Khogiyani",
              "non_striker": "Abbas Ghani",
              "runs": {
                "batter": 1,
                "extras": 0,
                "total": 1
              }
            }
          ]
        },
        {
          "over": 5,
          "deliveries": [
            {
              "batter": "JN du Plooy",
              "bowler": "Aqib Iqbal",
              "extras": {
                "wides": 1
              },
              "non_striker": "Abbas Ghani",
              "runs": {
                "batter": 0,
                "extras": 1,
                "total": 1
              }
            },
            {
              "batter": "JN du Plooy",
              "bowler": "Aqib Iqbal",
              "non_striker": "Abbas Ghani",
              "runs": {
                "batter": 1,
                "extras": 0,
                "total": 1
              },
              "wickets": [
                {
                  "player_out": "Abbas Ghani",
                  "fielders": [
                    {
                      "name": "Aqib Iqbal"
                    },
                    {
                      "name": "Arsalan Arif"
                    }
                  ],
                  "kind": "run out"
                }
              ]
            },
            {
              "batter": "JN du Plooy",
              "bowler": "Aqib Iqbal",
              "non_striker": "Zeeshan Kukikhel",
              "runs": {
                "batter": 1,
                "extras": 0,
                "total": 1
              }
            },
            {
              "batter": "Zeeshan Kukikhel",
              "bowler": "Aqib Iqbal",
              "non_striker": "JN du Plooy",
              "runs": {
                "batter": 6,
                "extras": 0,
                "total": 6
              }
            },
            {
              "batter": "Zeeshan Kukikhel",
              "bowler": "Aqib Iqbal",
              "non_striker": "JN du Plooy",
              "runs": {
                "batter": 1,
                "extras": 0,
                "total": 1
              }
            },
            {
              "batter": "JN du Plooy",
              "bowler": "Aqib Iqbal",
              "non_striker": "Zeeshan Kukikhel",
              "runs": {
                "batter": 1,
                "extras": 0,
                "total": 1
              }
            },
            {
              "batter": "Zeeshan Kukikhel",
              "bowler": "Aqib Iqbal",
              "non_striker": "JN du Plooy",
              "runs": {
                "batter": 2,
                "extras": 0,
                "total": 2
              }
            }
          ]
        },
        {
          "over": 6,
          "deliveries": [
            {
              "batter": "JN du Plooy",
              "bowler": "H Khogiyani",
              "non_striker": "Zeeshan Kukikhel",
              "runs": {
                "batter": 2,
                "extras": 0,
                "total": 2
              }
            },
            {
              "batter": "JN du Plooy",
              "bowler": "H Khogiyani",
              "non_striker": "Zeeshan Kukikhel",
              "runs": {
                "batter": 1,
                "extras": 0,
                "total": 1
              }
            },
            {
              "batter": "Zeeshan Kukikhel",
              "bowler": "H Khogiyani",
              "non_striker": "JN du Plooy",
              "runs": {
                "batter": 0,
                "extras": 0,
                "total": 0
              }
            },
            {
              "batter": "Zeeshan Kukikhel",
              "bowler": "H Khogiyani",
              "non_striker": "JN du Plooy",
              "runs": {
                "batter": 1,
                "extras": 0,
                "total": 1
              }
            },
            {
              "batter": "JN du Plooy",
              "bowler": "H Khogiyani",
              "non_striker": "Zeeshan Kukikhel",
              "runs": {
                "batter": 1,
                "extras": 0,
                "total": 1
              }
            },
            {
              "batter": "Zeeshan Kukikhel",
              "bowler": "H Khogiyani",
              "non_striker": "JN du Plooy",
              "runs": {
                "batter": 1,
                "extras": 0,
                "total": 1
              }
            }
          ]
        },
        {
          "over": 7,
          "deliveries": [
            {
              "batter": "Zeeshan Kukikhel",
              "bowler": "Bilal Zalmai",
              "non_striker": "JN du Plooy",
              "runs": {
                "batter": 0,
                "extras": 0,
                "total": 0
              }
            },
            {
              "batter": "Zeeshan Kukikhel",
              "bowler": "Bilal Zalmai",
              "non_striker": "JN du Plooy",
              "runs": {
                "batter": 6,
                "extras": 0,
                "total": 6
              }
            },
            {
              "batter": "Zeeshan Kukikhel",
              "bowler": "Bilal Zalmai",
              "non_striker": "JN du Plooy",
              "runs": {
                "batter": 0,
                "extras": 0,
                "total": 0
              }
            },
            {
              "batter": "Zeeshan Kukikhel",
              "bowler": "Bilal Zalmai",
              "non_striker": "JN du Plooy",
              "runs": {
                "batter": 0,
                "extras": 0,
                "total": 0
              }
            },
            {
              "batter": "Zeeshan Kukikhel",
              "bowler": "Bilal Zalmai",
              "non_striker": "JN du Plooy",
              "runs": {
                "batter": 1,
                "extras": 0,
                "total": 1
              }
            },
            {
              "batter": "JN du Plooy",
              "bowler": "Bilal Zalmai",
              "non_striker": "Zeeshan Kukikhel",
              "runs": {
                "batter": 0,
                "extras": 0,
                "total": 0
              }
            }
          ]
        },
        {
          "over": 8,
          "deliveries": [
            {
              "batter": "Zeeshan Kukikhel",
              "bowler": "Umair Tariq",
              "non_striker": "JN du Plooy",
              "runs": {
                "batter": 0,
                "extras": 0,
                "total": 0
              }
            },
            {
              "batter": "Zeeshan Kukikhel",
              "bowler": "Umair Tariq",
              "non_striker": "JN du Plooy",
              "runs": {
                "batter": 1,
                "extras": 0,
                "total": 1
              }
            },
            {
              "batter": "JN du Plooy",
              "bowler": "Umair Tariq",
              "non_striker": "Zeeshan Kukikhel",
              "runs": {
                "batter": 0,
                "extras": 0,
                "total": 0
              },
              "wickets": [
                {
                  "player_out": "JN du Plooy",
                  "fielders": [
                    {
                      "name": "Razmal Shigiwal"
                    }
                  ],
                  "kind": "caught"
                }
              ]
            },
            {
              "batter": "Sheikh Rasik",
              "bowler": "Umair Tariq",
              "non_striker": "Zeeshan Kukikhel",
              "runs": {
                "batter": 1,
                "extras": 0,
                "total": 1
              }
            },
            {
              "batter": "Zeeshan Kukikhel",
              "bowler": "Umair Tariq",
              "non_striker": "Sheikh Rasik",
              "runs": {
                "batter": 0,
                "extras": 0,
                "total": 0
              }
            },
            {
              "batter": "Zeeshan Kukikhel",
              "bowler": "Umair Tariq",
              "non_striker": "Sheikh Rasik",
              "runs": {
                "batter": 1,
                "extras": 0,
                "total": 1
              }
            }
          ]
        },
        {
          "over": 9,
          "deliveries": [
            {
              "batter": "Zeeshan Kukikhel",
              "bowler": "Bilal Zalmai",
              "non_striker": "Sheikh Rasik",
              "runs": {
                "batter": 1,
                "extras": 0,
                "total": 1
              }
            },
            {
              "batter": "Sheikh Rasik",
              "bowler": "Bilal Zalmai",
              "non_striker": "Zeeshan Kukikhel",
              "runs": {
                "batter": 0,
                "extras": 0,
                "total": 0
              }
            },
            {
              "batter": "Sheikh Rasik",
              "bowler": "Bilal Zalmai",
              "non_striker": "Zeeshan Kukikhel",
              "runs": {
                "batter": 0,
                "extras": 0,
                "total": 0
              }
            },
            {
              "batter": "Sheikh Rasik",
              "bowler": "Bilal Zalmai",
              "non_striker": "Zeeshan Kukikhel",
              "runs": {
                "batter": 0,
                "extras": 0,
                "total": 0
              }
            },
            {
              "batter": "Sheikh Rasik",
              "bowler": "Bilal Zalmai",
              "non_striker": "Zeeshan Kukikhel",
              "runs": {
                "batter": 1,
                "extras": 0,
                "total": 1
              }
            },
            {
              "batter": "Zeeshan Kukikhel",
              "bowler": "Bilal Zalmai",
              "non_striker": "Sheikh Rasik",
              "runs": {
                "batter": 1,
                "extras": 0,
                "total": 1
              }
            }
          ]
        },
        {
          "over": 10,
          "deliveries": [
            {
              "batter": "Zeeshan Kukikhel",
              "bowler": "Umair Tariq",
              "non_striker": "Sheikh Rasik",
              "runs": {
                "batter": 4,
                "extras": 0,
                "total": 4
              }
            },
            {
              "batter": "Zeeshan Kukikhel",
              "bowler": "Umair Tariq",
              "non_striker": "Sheikh Rasik",
              "runs": {
                "batter": 1,
                "extras": 0,
                "total": 1
              }
            },
            {
              "batter": "Sheikh Rasik",
              "bowler": "Umair Tariq",
              "non_striker": "Zeeshan Kukikhel",
              "runs": {
                "batter": 1,
                "extras": 0,
                "total": 1
              }
            },
            {
              "batter": "Zeeshan Kukikhel",
              "bowler": "Umair Tariq",
              "non_striker": "Sheikh Rasik",
              "runs": {
                "batter": 1,
                "extras": 0,
                "total": 1
              }
            },
            {
              "batter": "Sheikh Rasik",
              "bowler": "Umair Tariq",
              "non_striker": "Zeeshan Kukikhel",
              "runs": {
                "batter": 0,
                "extras": 0,
                "total": 0
              }
            },
            {
              "batter": "Sheikh Rasik",
              "bowler": "Umair Tariq",
              "extras": {
                "wides": 1
              },
              "non_striker": "Zeeshan Kukikhel",
              "runs": {
                "batter": 0,
                "extras": 1,
                "total": 1
              }
            },
            {
              "batter": "Sheikh Rasik",
              "bowler": "Umair Tariq",
              "non_striker": "Zeeshan Kukikhel",
              "runs": {
                "batter": 2,
                "extras": 0,
                "total": 2
              }
            }
          ]
        },
        {
          "over": 11,
          "deliveries": [
            {
              "batter": "Zeeshan Kukikhel",
              "bowler": "Bilal Zalmai",
              "non_striker": "Sheikh Rasik",
              "runs": {
                "batter": 4,
                "extras": 0,
                "total": 4
              }
            },
            {
              "batter": "Zeeshan Kukikhel",
              "bowler": "Bilal Zalmai",
              "non_striker": "Sheikh Rasik",
              "runs": {
                "batter": 1,
                "extras": 0,
                "total": 1
              }
            },
            {
              "batter": "Sheikh Rasik",
              "bowler": "Bilal Zalmai",
              "non_striker": "Zeeshan Kukikhel",
              "runs": {
                "batter": 6,
                "extras": 0,
                "total": 6
              }
            },
            {
              "batter": "Sheikh Rasik",
              "bowler": "Bilal Zalmai",
              "non_striker": "Zeeshan Kukikhel",
              "runs": {
                "batter": 0,
                "extras": 0,
                "total": 0
              }
            },
            {
              "batter": "Sheikh Rasik",
              "bowler": "Bilal Zalmai",
              "non_striker": "Zeeshan Kukikhel",
              "runs": {
                "batter": 1,
                "extras": 0,
                "total": 1
              }
            },
            {
              "batter": "Zeeshan Kukikhel",
              "bowler": "Bilal Zalmai",
              "non_striker": "Sheikh Rasik",
              "runs": {
                "batter": 0,
                "extras": 0,
                "total": 0
              }
            }
          ]
        },
        {
          "over": 12,
          "deliveries": [
            {
              "batter": "Sheikh Rasik",
              "bowler": "Hamid Safi",
              "non_striker": "Zeeshan Kukikhel",
              "runs": {
                "batter": 1,
                "extras": 0,
                "total": 1
              }
            },
            {
              "batter": "Zeeshan Kukikhel",
              "bowler": "Hamid Safi",
              "non_striker": "Sheikh Rasik",
              "runs": {
                "batter": 1,
                "extras": 0,
                "total": 1
              }
            },
            {
              "batter": "Sheikh Rasik",
              "bowler": "Hamid Safi",
              "non_striker": "Zeeshan Kukikhel",
              "runs": {
                "batter": 6,
                "extras": 0,
                "total": 6
              }
            },
            {
              "batter": "Sheikh Rasik",
              "bowler": "Hamid Safi",
              "non_striker": "Zeeshan Kukikhel",
              "runs": {
                "batter": 6,
                "extras": 0,
                "total": 6
              }
            },
            {
              "batter": "Sheikh Rasik",
              "bowler": "Hamid Safi",
              "non_striker": "Zeeshan Kukikhel",
              "runs": {
                "batter": 6,
                "extras": 0,
                "total": 6
              }
            },
            {
              "batter": "Sheikh Rasik",
              "bowler": "Hamid Safi",
              "non_striker": "Zeeshan Kukikhel",
              "runs": {
                "batter": 6,
                "extras": 0,
                "total": 6
              }
            }
          ]
        },
        {
          "over": 13,
          "deliveries": [
            {
              "batter": "Zeeshan Kukikhel",
              "bowler": "Bilal Zalmai",
              "non_striker": "Sheikh Rasik",
              "runs": {
                "batter": 1,
                "extras": 0,
                "total": 1
              }
            },
            {
              "batter": "Sheikh Rasik",
              "bowler": "Bilal Zalmai",
              "non_striker": "Zeeshan Kukikhel",
              "runs": {
                "batter": 1,
                "extras": 0,
                "total": 1
              }
            },
            {
              "batter": "Zeeshan Kukikhel",
              "bowler": "Bilal Zalmai",
              "non_striker": "Sheikh Rasik",
              "runs": {
                "batter": 1,
                "extras": 0,
                "total": 1
              }
            },
            {
              "batter": "Sheikh Rasik",
              "bowler": "Bilal Zalmai",
              "non_striker": "Zeeshan Kukikhel",
              "runs": {
                "batter": 0,
                "extras": 0,
                "total": 0
              }
            },
            {
              "batter": "Sheikh Rasik",
              "bowler": "Bilal Zalmai",
              "non_striker": "Zeeshan Kukikhel",
              "runs": {
                "batter": 4,
                "extras": 0,
                "total": 4
              }
            },
            {
              "batter": "Sheikh Rasik",
              "bowler": "Bilal Zalmai",
              "non_striker": "Zeeshan Kukikhel",
              "runs": {
                "batter": 1,
                "extras": 0,
                "total": 1
              }
            }
          ]
        },
        {
          "over": 14,
          "deliveries": [
            {
              "batter": "Sheikh Rasik",
              "bowler": "Aqib Iqbal",
              "non_striker": "Zeeshan Kukikhel",
              "runs": {
                "batter": 2,
                "extras": 0,
                "total": 2
              }
            },
            {
              "batter": "Sheikh Rasik",
              "bowler": "Aqib Iqbal",
              "non_striker": "Zeeshan Kukikhel",
              "runs": {
                "batter": 0,
                "extras": 0,
                "total": 0
              },
              "wickets": [
                {
                  "player_out": "Sheikh Rasik",
                  "fielders": [
                    {
                      "name": "Hamid Safi"
                    }
                  ],
                  "kind": "caught"
                }
              ]
            },
            {
              "batter": "Zahir Mohammed",
              "bowler": "Aqib Iqbal",
              "non_striker": "Zeeshan Kukikhel",
              "runs": {
                "batter": 0,
                "extras": 0,
                "total": 0
              }
            },
            {
              "batter": "Zahir Mohammed",
              "bowler": "Aqib Iqbal",
              "non_striker": "Zeeshan Kukikhel",
              "runs": {
                "batter": 0,
                "extras": 0,
                "total": 0
              }
            },
            {
              "batter": "Zahir Mohammed",
              "bowler": "Aqib Iqbal",
              "non_striker": "Zeeshan Kukikhel",
              "runs": {
                "batter": 0,
                "extras": 0,
                "total": 0
              },
              "wickets": [
                {
                  "player_out": "Zahir Mohammed",
                  "kind": "lbw"
                }
              ]
            },
            {
              "batter": "Muhammad Usman",
              "bowler": "Aqib Iqbal",
              "non_striker": "Zeeshan Kukikhel",
              "runs": {
                "batter": 0,
                "extras": 0,
                "total": 0
              }
            }
          ]
        },
        {
          "over": 15,
          "deliveries": [
            {
              "batter": "Zeeshan Kukikhel",
              "bowler": "Sahel Zadran",
              "non_striker": "Muhammad Usman",
              "runs": {
                "batter": 1,
                "extras": 0,
                "total": 1
              }
            },
            {
              "batter": "Muhammad Usman",
              "bowler": "Sahel Zadran",
              "non_striker": "Zeeshan Kukikhel",
              "runs": {
                "batter": 1,
                "extras": 0,
                "total": 1
              }
            },
            {
              "batter": "Zeeshan Kukikhel",
              "bowler": "Sahel Zadran",
              "non_striker": "Muhammad Usman",
              "runs": {
                "batter": 0,
                "extras": 0,
                "total": 0
              }
            },
            {
              "batter": "Zeeshan Kukikhel",
              "bowler": "Sahel Zadran",
              "non_striker": "Muhammad Usman",
              "runs": {
                "batter": 1,
                "extras": 0,
                "total": 1
              }
            },
            {
              "batter": "Muhammad Usman",
              "bowler": "Sahel Zadran",
              "non_striker": "Zeeshan Kukikhel",
              "runs": {
                "batter": 1,
                "extras": 0,
                "total": 1
              }
            },
            {
              "batter": "Zeeshan Kukikhel",
              "bowler": "Sahel Zadran",
              "non_striker": "Muhammad Usman",
              "runs": {
                "batter": 1,
                "extras": 0,
                "total": 1
              }
            }
          ]
        },
        {
          "over": 16,
          "deliveries": [
            {
              "batter": "Zeeshan Kukikhel",
              "bowler": "Aqib Iqbal",
              "non_striker": "Muhammad Usman",
              "runs": {
                "batter": 0,
                "extras": 0,
                "total": 0
              }
            },
            {
              "batter": "Zeeshan Kukikhel",
              "bowler": "Aqib Iqbal",
              "non_striker": "Muhammad Usman",
              "runs": {
                "batter": 1,
                "extras": 0,
                "total": 1
              }
            },
            {
              "batter": "Muhammad Usman",
              "bowler": "Aqib Iqbal",
              "non_striker": "Zeeshan Kukikhel",
              "runs": {
                "batter": 1,
                "extras": 0,
                "total": 1
              }
            },
            {
              "batter": "Zeeshan Kukikhel",
              "bowler": "Aqib Iqbal",
              "non_striker": "Muhammad Usman",
              "runs": {
                "batter": 0,
                "extras": 0,
                "total": 0
              }
            },
            {
              "batter": "Zeeshan Kukikhel",
              "bowler": "Aqib Iqbal",
              "non_striker": "Muhammad Usman",
              "runs": {
                "batter": 1,
                "extras": 0,
                "total": 1
              }
            },
            {
              "batter": "Muhammad Usman",
              "bowler": "Aqib Iqbal",
              "extras": {
                "wides": 1
              },
              "non_striker": "Zeeshan Kukikhel",
              "runs": {
                "batter": 0,
                "extras": 1,
                "total": 1
              }
            },
            {
              "batter": "Muhammad Usman",
              "bowler": "Aqib Iqbal",
              "extras": {
                "wides": 1
              },
              "non_striker": "Zeeshan Kukikhel",
              "runs": {
                "batter": 0,
                "extras": 1,
                "total": 1
              }
            },
            {
              "batter": "Muhammad Usman",
              "bowler": "Aqib Iqbal",
              "non_striker": "Zeeshan Kukikhel",
              "runs": {
                "batter": 2,
                "extras": 0,
                "total": 2
              }
            }
          ]
        },
        {
          "over": 17,
          "deliveries": [
            {
              "batter": "Zeeshan Kukikhel",
              "bowler": "Sahel Zadran",
              "non_striker": "Muhammad Usman",
              "runs": {
                "batter": 1,
                "extras": 0,
                "total": 1
              }
            },
            {
              "batter": "Muhammad Usman",
              "bowler": "Sahel Zadran",
              "non_striker": "Zeeshan Kukikhel",
              "runs": {
                "batter": 0,
                "extras": 0,
                "total": 0
              }
            },
            {
              "batter": "Muhammad Usman",
              "bowler": "Sahel Zadran",
              "non_striker": "Zeeshan Kukikhel",
              "runs": {
                "batter": 1,
                "extras": 0,
                "total": 1
              }
            },
            {
              "batter": "Zeeshan Kukikhel",
              "bowler": "Sahel Zadran",
              "non_striker": "Muhammad Usman",
              "runs": {
                "batter": 1,
                "extras": 0,
                "total": 1
              }
            },
            {
              "batter": "Muhammad Usman",
              "bowler": "Sahel Zadran",
              "non_striker": "Zeeshan Kukikhel",
              "runs": {
                "batter": 1,
                "extras": 0,
                "total": 1
              }
            },
            {
              "batter": "Zeeshan Kukikhel",
              "bowler": "Sahel Zadran",
              "non_striker": "Muhammad Usman",
              "runs": {
                "batter": 1,
                "extras": 0,
                "total": 1
              }
            }
          ]
        },
        {
          "over": 18,
          "deliveries": [
            {
              "batter": "Zeeshan Kukikhel",
              "bowler": "Umair Tariq",
              "non_striker": "Muhammad Usman",
              "runs": {
                "batter": 1,
                "extras": 0,
                "total": 1
              },
              "wickets": [
                {
                  "player_out": "Muhammad Usman",
                  "fielders": [
                    {
                      "name": "Arsalan Arif"
                    },
                    {
                      "name": "Umair Tariq"
                    }
                  ],
                  "kind": "run out"
                }
              ]
            },
            {
              "batter": "Zeeshan Kukikhel",
              "bowler": "Umair Tariq",
              "non_striker": "TV Valivarthi",
              "runs": {
                "batter": 1,
                "extras": 0,
                "total": 1
              }
            },
            {
              "batter": "TV Valivarthi",
              "bowler": "Umair Tariq",
              "non_striker": "Zeeshan Kukikhel",
              "runs": {
                "batter": 1,
                "extras": 0,
                "total": 1
              }
            },
            {
              "batter": "Zeeshan Kukikhel",
              "bowler": "Umair Tariq",
              "non_striker": "TV Valivarthi",
              "runs": {
                "batter": 6,
                "extras": 0,
                "total": 6
              }
            },
            {
              "batter": "Zeeshan Kukikhel",
              "bowler": "Umair Tariq",
              "non_striker": "TV Valivarthi",
              "runs": {
                "batter": 6,
                "extras": 0,
                "total": 6
              }
            },
            {
              "batter": "Zeeshan Kukikhel",
              "bowler": "Umair Tariq",
              "non_striker": "TV Valivarthi",
              "runs": {
                "batter": 0,
                "extras": 0,
                "total": 0
              }
            }
          ]
        },
        {
          "over": 19,
          "deliveries": [
            {
              "batter": "TV Valivarthi",
              "bowler": "H Khogiyani",
              "extras": {
                "byes": 1
              },
              "non_striker": "Zeeshan Kukikhel",
              "runs": {
                "batter": 0,
                "extras": 1,
                "total": 1
              }
            },
            {
              "batter": "Zeeshan Kukikhel",
              "bowler": "H Khogiyani",
              "extras": {
                "noballs": 1
              },
              "non_striker": "TV Valivarthi",
              "runs": {
                "batter": 0,
                "extras": 1,
                "total": 1
              }
            },
            {
              "batter": "Zeeshan Kukikhel",
              "bowler": "H Khogiyani",
              "non_striker": "TV Valivarthi",
              "runs": {
                "batter": 4,
                "extras": 0,
                "total": 4
              }
            },
            {
              "batter": "Zeeshan Kukikhel",
              "bowler": "H Khogiyani",
              "non_striker": "TV Valivarthi",
              "runs": {
                "batter": 1,
                "extras": 0,
                "total": 1
              }
            },
            {
              "batter": "TV Valivarthi",
              "bowler": "H Khogiyani",
              "non_striker": "Zeeshan Kukikhel",
              "runs": {
                "batter": 1,
                "extras": 0,
                "total": 1
              }
            },
            {
              "batter": "Zeeshan Kukikhel",
              "bowler": "H Khogiyani",
              "non_striker": "TV Valivarthi",
              "runs": {
                "batter": 2,
                "extras": 0,
                "total": 2
              }
            },
            {
              "batter": "Zeeshan Kukikhel",
              "bowler": "H Khogiyani",
              "non_striker": "TV Valivarthi",
              "runs": {
                "batter": 0,
                "extras": 0,
                "total": 0
              }
            }
          ]
        }
      ],
      "powerplays": [
        {
          "from": 0.1,
          "to": 5.7,
          "type": "mandatory"
        }
      ]
    },
    {
      "team": "Austria",
      "overs": [
        {
          "over": 0,
          "deliveries": [
            {
              "batter": "Bilal Zalmai",
              "bowler": "Muhammad Saqlain",
              "non_striker": "Zeshan Arif",
              "runs": {
                "batter": 0,
                "extras": 0,
                "total": 0
              }
            },
            {
              "batter": "Bilal Zalmai",
              "bowler": "Muhammad Saqlain",
              "non_striker": "Zeshan Arif",
              "runs": {
                "batter": 4,
                "extras": 0,
                "total": 4
              }
            },
            {
              "batter": "Bilal Zalmai",
              "bowler": "Muhammad Saqlain",
              "non_striker": "Zeshan Arif",
              "runs": {
                "batter": 1,
                "extras": 0,
                "total": 1
              }
            },
            {
              "batter": "Zeshan Arif",
              "bowler": "Muhammad Saqlain",
              "extras": {
                "wides": 1
              },
              "non_striker": "Bilal Zalmai",
              "runs": {
                "batter": 0,
                "extras": 1,
                "total": 1
              }
            },
            {
              "batter": "Zeshan Arif",
              "bowler": "Muhammad Saqlain",
              "extras": {
                "legbyes": 1
              },
              "non_striker": "Bilal Zalmai",
              "runs": {
                "batter": 0,
                "extras": 1,
                "total": 1
              }
            },
            {
              "batter": "Bilal Zalmai",
              "bowler": "Muhammad Saqlain",
              "non_striker": "Zeshan Arif",
              "runs": {
                "batter": 0,
                "extras": 0,
                "total": 0
              }
            },
            {
              "batter": "Bilal Zalmai",
              "bowler": "Muhammad Saqlain",
              "non_striker": "Zeshan Arif",
              "runs": {
                "batter": 0,
                "extras": 0,
                "total": 0
              }
            }
          ]
        },
        {
          "over": 1,
          "deliveries": [
            {
              "batter": "Zeshan Arif",
              "bowler": "Sheikh Rasik",
              "non_striker": "Bilal Zalmai",
              "runs": {
                "batter": 1,
                "extras": 0,
                "total": 1
              }
            },
            {
              "batter": "Bilal Zalmai",
              "bowler": "Sheikh Rasik",
              "non_striker": "Zeshan Arif",
              "runs": {
                "batter": 0,
                "extras": 0,
                "total": 0
              }
            },
            {
              "batter": "Bilal Zalmai",
              "bowler": "Sheikh Rasik",
              "non_striker": "Zeshan Arif",
              "runs": {
                "batter": 0,
                "extras": 0,
                "total": 0
              }
            },
            {
              "batter": "Bilal Zalmai",
              "bowler": "Sheikh Rasik",
              "non_striker": "Zeshan Arif",
              "runs": {
                "batter": 1,
                "extras": 0,
                "total": 1
              }
            },
            {
              "batter": "Zeshan Arif",
              "bowler": "Sheikh Rasik",
              "extras": {
                "legbyes": 1
              },
              "non_striker": "Bilal Zalmai",
              "runs": {
                "batter": 0,
                "extras": 1,
                "total": 1
              }
            },
            {
              "batter": "Bilal Zalmai",
              "bowler": "Sheikh Rasik",
              "non_striker": "Zeshan Arif",
              "runs": {
                "batter": 0,
                "extras": 0,
                "total": 0
              }
            }
          ]
        },
        {
          "over": 2,
          "deliveries": [
            {
              "batter": "Zeshan Arif",
              "bowler": "Muhammad Saqlain",
              "non_striker": "Bilal Zalmai",
              "runs": {
                "batter": 4,
                "extras": 0,
                "total": 4
              }
            },
            {
              "batter": "Zeshan Arif",
              "bowler": "Muhammad Saqlain",
              "extras": {
                "wides": 2
              },
              "non_striker": "Bilal Zalmai",
              "runs": {
                "batter": 0,
                "extras": 2,
                "total": 2
              }
            },
            {
              "batter": "Bilal Zalmai",
              "bowler": "Muhammad Saqlain",
              "extras": {
                "wides": 1
              },
              "non_striker": "Zeshan Arif",
              "runs": {
                "batter": 0,
                "extras": 1,
                "total": 1
              }
            },
            {
              "batter": "Bilal Zalmai",
              "bowler": "Muhammad Saqlain",
              "non_striker": "Zeshan Arif",
              "runs": {
                "batter": 0,
                "extras": 0,
                "total": 0
              }
            },
            {
              "batter": "Bilal Zalmai",
              "bowler": "Muhammad Saqlain",
              "non_striker": "Zeshan Arif",
              "runs": {
                "batter": 4,
                "extras": 0,
                "total": 4
              }
            },
            {
              "batter": "Bilal Zalmai",
              "bowler": "Muhammad Saqlain",
              "non_striker": "Zeshan Arif",
              "runs": {
                "batter": 2,
                "extras": 0,
                "total": 2
              }
            },
            {
              "batter": "Bilal Zalmai",
              "bowler": "Muhammad Saqlain",
              "non_striker": "Zeshan Arif",
              "runs": {
                "batter": 1,
                "extras": 0,
                "total": 1
              }
            },
            {
              "batter": "Zeshan Arif",
              "bowler": "Muhammad Saqlain",
              "non_striker": "Bilal Zalmai",
              "runs": {
                "batter": 1,
                "extras": 0,
                "total": 1
              }
            }
          ]
        },
        {
          "over": 3,
          "deliveries": [
            {
              "batter": "Zeshan Arif",
              "bowler": "Sheikh Rasik",
              "non_striker": "Bilal Zalmai",
              "runs": {
                "batter": 2,
                "extras": 0,
                "total": 2
              }
            },
            {
              "batter": "Zeshan Arif",
              "bowler": "Sheikh Rasik",
              "non_striker": "Bilal Zalmai",
              "runs": {
                "batter": 4,
                "extras": 0,
                "total": 4
              }
            },
            {
              "batter": "Zeshan Arif",
              "bowler": "Sheikh Rasik",
              "non_striker": "Bilal Zalmai",
              "runs": {
                "batter": 1,
                "extras": 0,
                "total": 1
              }
            },
            {
              "batter": "Bilal Zalmai",
              "bowler": "Sheikh Rasik",
              "non_striker": "Zeshan Arif",
              "runs": {
                "batter": 2,
                "extras": 0,
                "total": 2
              }
            },
            {
              "batter": "Bilal Zalmai",
              "bowler": "Sheikh Rasik",
              "non_striker": "Zeshan Arif",
              "runs": {
                "batter": 0,
                "extras": 0,
                "total": 0
              }
            },
            {
              "batter": "Bilal Zalmai",
              "bowler": "Sheikh Rasik",
              "non_striker": "Zeshan Arif",
              "runs": {
                "batter": 0,
                "extras": 0,
                "total": 0
              }
            }
          ]
        },
        {
          "over": 4,
          "deliveries": [
            {
              "batter": "Zeshan Arif",
              "bowler": "Abbas Ghani",
              "non_striker": "Bilal Zalmai",
              "runs": {
                "batter": 1,
                "extras": 0,
                "total": 1
              }
            },
            {
              "batter": "Bilal Zalmai",
              "bowler": "Abbas Ghani",
              "non_striker": "Zeshan Arif",
              "runs": {
                "batter": 1,
                "extras": 0,
                "total": 1
              }
            },
            {
              "batter": "Zeshan Arif",
              "bowler": "Abbas Ghani",
              "non_striker": "Bilal Zalmai",
              "runs": {
                "batter": 4,
                "extras": 0,
                "total": 4
              }
            },
            {
              "batter": "Zeshan Arif",
              "bowler": "Abbas Ghani",
              "non_striker": "Bilal Zalmai",
              "runs": {
                "batter": 0,
                "extras": 0,
                "total": 0
              }
            },
            {
              "batter": "Zeshan Arif",
              "bowler": "Abbas Ghani",
              "non_striker": "Bilal Zalmai",
              "runs": {
                "batter": 0,
                "extras": 0,
                "total": 0
              }
            },
            {
              "batter": "Zeshan Arif",
              "bowler": "Abbas Ghani",
              "non_striker": "Bilal Zalmai",
              "runs": {
                "batter": 1,
                "extras": 0,
                "total": 1
              }
            }
          ]
        },
        {
          "over": 5,
          "deliveries": [
            {
              "batter": "Zeshan Arif",
              "bowler": "Zeeshan Kukikhel",
              "non_striker": "Bilal Zalmai",
              "runs": {
                "batter": 4,
                "extras": 0,
                "total": 4
              }
            },
            {
              "batter": "Zeshan Arif",
              "bowler": "Zeeshan Kukikhel",
              "extras": {
                "legbyes": 1
              },
              "non_striker": "Bilal Zalmai",
              "runs": {
                "batter": 0,
                "extras": 1,
                "total": 1
              }
            },
            {
              "batter": "Bilal Zalmai",
              "bowler": "Zeeshan Kukikhel",
              "non_striker": "Zeshan Arif",
              "runs": {
                "batter": 4,
                "extras": 0,
                "total": 4
              }
            },
            {
              "batter": "Bilal Zalmai",
              "bowler": "Zeeshan Kukikhel",
              "extras": {
                "wides": 1
              },
              "non_striker": "Zeshan Arif",
              "runs": {
                "batter": 0,
                "extras": 1,
                "total": 1
              }
            },
            {
              "batter": "Bilal Zalmai",
              "bowler": "Zeeshan Kukikhel",
              "non_striker": "Zeshan Arif",
              "runs": {
                "batter": 4,
                "extras": 0,
                "total": 4
              }
            },
            {
              "batter": "Bilal Zalmai",
              "bowler": "Zeeshan Kukikhel",
              "non_striker": "Zeshan Arif",
              "runs": {
                "batter": 0,
                "extras": 0,
                "total": 0
              }
            },
            {
              "batter": "Bilal Zalmai",
              "bowler": "Zeeshan Kukikhel",
              "non_striker": "Zeshan Arif",
              "runs": {
                "batter": 6,
                "extras": 0,
                "total": 6
              }
            }
          ]
        },
        {
          "over": 6,
          "deliveries": [
            {
              "batter": "Zeshan Arif",
              "bowler": "JN du Plooy",
              "non_striker": "Bilal Zalmai",
              "runs": {
                "batter": 1,
                "extras": 0,
                "total": 1
              }
            },
            {
              "batter": "Bilal Zalmai",
              "bowler": "JN du Plooy",
              "non_striker": "Zeshan Arif",
              "runs": {
                "batter": 0,
                "extras": 0,
                "total": 0
              }
            },
            {
              "batter": "Bilal Zalmai",
              "bowler": "JN du Plooy",
              "non_striker": "Zeshan Arif",
              "runs": {
                "batter": 6,
                "extras": 0,
                "total": 6
              }
            },
            {
              "batter": "Bilal Zalmai",
              "bowler": "JN du Plooy",
              "non_striker": "Zeshan Arif",
              "runs": {
                "batter": 1,
                "extras": 0,
                "total": 1
              }
            },
            {
              "batter": "Zeshan Arif",
              "bowler": "JN du Plooy",
              "non_striker": "Bilal Zalmai",
              "runs": {
                "batter": 0,
                "extras": 0,
                "total": 0
              }
            },
            {
              "batter": "Zeshan Arif",
              "bowler": "JN du Plooy",
              "non_striker": "Bilal Zalmai",
              "runs": {
                "batter": 1,
                "extras": 0,
                "total": 1
              }
            }
          ]
        },
        {
          "over": 7,
          "deliveries": [
            {
              "batter": "Zeshan Arif",
              "bowler": "Amal Jacob",
              "non_striker": "Bilal Zalmai",
              "runs": {
                "batter": 1,
                "extras": 0,
                "total": 1
              }
            },
            {
              "batter": "Bilal Zalmai",
              "bowler": "Amal Jacob",
              "non_striker": "Zeshan Arif",
              "runs": {
                "batter": 0,
                "extras": 0,
                "total": 0
              }
            },
            {
              "batter": "Bilal Zalmai",
              "bowler": "Amal Jacob",
              "non_striker": "Zeshan Arif",
              "runs": {
                "batter": 0,
                "extras": 0,
                "total": 0
              }
            },
            {
              "batter": "Bilal Zalmai",
              "bowler": "Amal Jacob",
              "non_striker": "Zeshan Arif",
              "runs": {
                "batter": 1,
                "extras": 0,
                "total": 1
              }
            },
            {
              "batter": "Zeshan Arif",
              "bowler": "Amal Jacob",
              "non_striker": "Bilal Zalmai",
              "runs": {
                "batter": 1,
                "extras": 0,
                "total": 1
              }
            },
            {
              "batter": "Bilal Zalmai",
              "bowler": "Amal Jacob",
              "non_striker": "Zeshan Arif",
              "runs": {
                "batter": 1,
                "extras": 0,
                "total": 1
              }
            }
          ]
        },
        {
          "over": 8,
          "deliveries": [
            {
              "batter": "Bilal Zalmai",
              "bowler": "JN du Plooy",
              "extras": {
                "byes": 2
              },
              "non_striker": "Zeshan Arif",
              "runs": {
                "batter": 0,
                "extras": 2,
                "total": 2
              }
            },
            {
              "batter": "Bilal Zalmai",
              "bowler": "JN du Plooy",
              "non_striker": "Zeshan Arif",
              "runs": {
                "batter": 6,
                "extras": 0,
                "total": 6
              }
            },
            {
              "batter": "Bilal Zalmai",
              "bowler": "JN du Plooy",
              "non_striker": "Zeshan Arif",
              "runs": {
                "batter": 0,
                "extras": 0,
                "total": 0
              }
            },
            {
              "batter": "Bilal Zalmai",
              "bowler": "JN du Plooy",
              "non_striker": "Zeshan Arif",
              "runs": {
                "batter": 6,
                "extras": 0,
                "total": 6
              }
            },
            {
              "batter": "Bilal Zalmai",
              "bowler": "JN du Plooy",
              "non_striker": "Zeshan Arif",
              "runs": {
                "batter": 6,
                "extras": 0,
                "total": 6
              }
            },
            {
              "batter": "Bilal Zalmai",
              "bowler": "JN du Plooy",
              "non_striker": "Zeshan Arif",
              "runs": {
                "batter": 0,
                "extras": 0,
                "total": 0
              }
            }
          ]
        },
        {
          "over": 9,
          "deliveries": [
            {
              "batter": "Zeshan Arif",
              "bowler": "Amal Jacob",
              "non_striker": "Bilal Zalmai",
              "runs": {
                "batter": 1,
                "extras": 0,
                "total": 1
              }
            },
            {
              "batter": "Bilal Zalmai",
              "bowler": "Amal Jacob",
              "non_striker": "Zeshan Arif",
              "runs": {
                "batter": 6,
                "extras": 0,
                "total": 6
              }
            },
            {
              "batter": "Bilal Zalmai",
              "bowler": "Amal Jacob",
              "non_striker": "Zeshan Arif",
              "runs": {
                "batter": 1,
                "extras": 0,
                "total": 1
              }
            },
            {
              "batter": "Zeshan Arif",
              "bowler": "Amal Jacob",
              "non_striker": "Bilal Zalmai",
              "runs": {
                "batter": 1,
                "extras": 0,
                "total": 1
              }
            },
            {
              "batter": "Bilal Zalmai",
              "bowler": "Amal Jacob",
              "non_striker": "Zeshan Arif",
              "runs": {
                "batter": 1,
                "extras": 0,
                "total": 1
              }
            },
            {
              "batter": "Zeshan Arif",
              "bowler": "Amal Jacob",
              "non_striker": "Bilal Zalmai",
              "runs": {
                "batter": 2,
                "extras": 0,
                "total": 2
              }
            }
          ]
        },
        {
          "over": 10,
          "deliveries": [
            {
              "batter": "Bilal Zalmai",
              "bowler": "Abbas Ghani",
              "non_striker": "Zeshan Arif",
              "runs": {
                "batter": 2,
                "extras": 0,
                "total": 2
              }
            },
            {
              "batter": "Bilal Zalmai",
              "bowler": "Abbas Ghani",
              "non_striker": "Zeshan Arif",
              "runs": {
                "batter": 0,
                "extras": 0,
                "total": 0
              }
            },
            {
              "batter": "Bilal Zalmai",
              "bowler": "Abbas Ghani",
              "non_striker": "Zeshan Arif",
              "runs": {
                "batter": 0,
                "extras": 0,
                "total": 0
              },
              "wickets": [
                {
                  "player_out": "Bilal Zalmai",
                  "kind": "lbw"
                }
              ]
            },
            {
              "batter": "Razmal Shigiwal",
              "bowler": "Abbas Ghani",
              "extras": {
                "wides": 2
              },
              "non_striker": "Zeshan Arif",
              "runs": {
                "batter": 0,
                "extras": 2,
                "total": 2
              }
            },
            {
              "batter": "Zeshan Arif",
              "bowler": "Abbas Ghani",
              "non_striker": "Razmal Shigiwal",
              "runs": {
                "batter": 0,
                "extras": 0,
                "total": 0
              },
              "wickets": [
                {
                  "player_out": "Zeshan Arif",
                  "kind": "bowled"
                }
              ]
            },
            {
              "batter": "Aqib Iqbal",
              "bowler": "Abbas Ghani",
              "extras": {
                "legbyes": 1
              },
              "non_striker": "Razmal Shigiwal",
              "runs": {
                "batter": 0,
                "extras": 1,
                "total": 1
              }
            },
            {
              "batter": "Razmal Shigiwal",
              "bowler": "Abbas Ghani",
              "extras": {
                "wides": 1
              },
              "non_striker": "Aqib Iqbal",
              "runs": {
                "batter": 0,
                "extras": 1,
                "total": 1
              }
            },
            {
              "batter": "Razmal Shigiwal",
              "bowler": "Abbas Ghani",
              "non_striker": "Aqib Iqbal",
              "runs": {
                "batter": 0,
                "extras": 0,
                "total": 0
              }
            }
          ]
        },
        {
          "over": 11,
          "deliveries": [
            {
              "batter": "Aqib Iqbal",
              "bowler": "Amal Jacob",
              "non_striker": "Razmal Shigiwal",
              "runs": {
                "batter": 0,
                "extras": 0,
                "total": 0
              }
            },
            {
              "batter": "Aqib Iqbal",
              "bowler": "Amal Jacob",
              "non_striker": "Razmal Shigiwal",
              "runs": {
                "batter": 1,
                "extras": 0,
                "total": 1
              }
            },
            {
              "batter": "Razmal Shigiwal",
              "bowler": "Amal Jacob",
              "non_striker": "Aqib Iqbal",
              "runs": {
                "batter": 4,
                "extras": 0,
                "total": 4
              }
            },
            {
              "batter": "Razmal Shigiwal",
              "bowler": "Amal Jacob",
              "non_striker": "Aqib Iqbal",
              "runs": {
                "batter": 2,
                "extras": 0,
                "total": 2
              }
            },
            {
              "batter": "Razmal Shigiwal",
              "bowler": "Amal Jacob",
              "non_striker": "Aqib Iqbal",
              "runs": {
                "batter": 4,
                "extras": 0,
                "total": 4
              }
            },
            {
              "batter": "Razmal Shigiwal",
              "bowler": "Amal Jacob",
              "non_striker": "Aqib Iqbal",
              "runs": {
                "batter": 1,
                "extras": 0,
                "total": 1
              }
            }
          ]
        },
        {
          "over": 12,
          "deliveries": [
            {
              "batter": "Razmal Shigiwal",
              "bowler": "Abbas Ghani",
              "non_striker": "Aqib Iqbal",
              "runs": {
                "batter": 0,
                "extras": 0,
                "total": 0
              }
            },
            {
              "batter": "Razmal Shigiwal",
              "bowler": "Abbas Ghani",
              "non_striker": "Aqib Iqbal",
              "runs": {
                "batter": 1,
                "extras": 0,
                "total": 1
              }
            },
            {
              "batter": "Aqib Iqbal",
              "bowler": "Abbas Ghani",
              "non_striker": "Razmal Shigiwal",
              "runs": {
                "batter": 4,
                "extras": 0,
                "total": 4
              }
            },
            {
              "batter": "Aqib Iqbal",
              "bowler": "Abbas Ghani",
              "non_striker": "Razmal Shigiwal",
              "runs": {
                "batter": 4,
                "extras": 0,
                "total": 4
              }
            },
            {
              "batter": "Aqib Iqbal",
              "bowler": "Abbas Ghani",
              "non_striker": "Razmal Shigiwal",
              "runs": {
                "batter": 1,
                "extras": 0,
                "total": 1
              }
            },
            {
              "batter": "Razmal Shigiwal",
              "bowler": "Abbas Ghani",
              "non_striker": "Aqib Iqbal",
              "runs": {
                "batter": 6,
                "extras": 0,
                "total": 6
              }
            }
          ]
        },
        {
          "over": 13,
          "deliveries": [
            {
              "batter": "Aqib Iqbal",
              "bowler": "Sheikh Rasik",
              "non_striker": "Razmal Shigiwal",
              "runs": {
                "batter": 1,
                "extras": 0,
                "total": 1
              }
            },
            {
              "batter": "Razmal Shigiwal",
              "bowler": "Sheikh Rasik",
              "non_striker": "Aqib Iqbal",
              "runs": {
                "batter": 0,
                "extras": 0,
                "total": 0
              }
            },
            {
              "batter": "Razmal Shigiwal",
              "bowler": "Sheikh Rasik",
              "non_striker": "Aqib Iqbal",
              "runs": {
                "batter": 0,
                "extras": 0,
                "total": 0
              }
            },
            {
              "batter": "Razmal Shigiwal",
              "bowler": "Sheikh Rasik",
              "non_striker": "Aqib Iqbal",
              "runs": {
                "batter": 6,
                "extras": 0,
                "total": 6
              }
            },
            {
              "batter": "Razmal Shigiwal",
              "bowler": "Sheikh Rasik",
              "extras": {
                "wides": 1
              },
              "non_striker": "Aqib Iqbal",
              "runs": {
                "batter": 0,
                "extras": 1,
                "total": 1
              }
            },
            {
              "batter": "Razmal Shigiwal",
              "bowler": "Sheikh Rasik",
              "non_striker": "Aqib Iqbal",
              "runs": {
                "batter": 1,
                "extras": 0,
                "total": 1
              }
            },
            {
              "batter": "Aqib Iqbal",
              "bowler": "Sheikh Rasik",
              "non_striker": "Razmal Shigiwal",
              "runs": {
                "batter": 2,
                "extras": 0,
                "total": 2
              }
            }
          ]
        },
        {
          "over": 14,
          "deliveries": [
            {
              "batter": "Razmal Shigiwal",
              "bowler": "JN du Plooy",
              "non_striker": "Aqib Iqbal",
              "runs": {
                "batter": 2,
                "extras": 0,
                "total": 2
              }
            },
            {
              "batter": "Razmal Shigiwal",
              "bowler": "JN du Plooy",
              "non_striker": "Aqib Iqbal",
              "runs": {
                "batter": 0,
                "extras": 0,
                "total": 0
              }
            },
            {
              "batter": "Razmal Shigiwal",
              "bowler": "JN du Plooy",
              "non_striker": "Aqib Iqbal",
              "runs": {
                "batter": 0,
                "extras": 0,
                "total": 0
              },
              "wickets": [
                {
                  "player_out": "Razmal Shigiwal",
                  "fielders": [
                    {
                      "name": "MP Ainsworth"
                    }
                  ],
                  "kind": "caught"
                }
              ]
            },
            {
              "batter": "M Simpson-Parker",
              "bowler": "JN du Plooy",
              "non_striker": "Aqib Iqbal",
              "runs": {
                "batter": 6,
                "extras": 0,
                "total": 6
              }
            },
            {
              "batter": "M Simpson-Parker",
              "bowler": "JN du Plooy",
              "non_striker": "Aqib Iqbal",
              "runs": {
                "batter": 1,
                "extras": 0,
                "total": 1
              }
            },
            {
              "batter": "Aqib Iqbal",
              "bowler": "JN du Plooy",
              "non_striker": "M Simpson-Parker",
              "runs": {
                "batter": 1,
                "extras": 0,
                "total": 1
              }
            }
          ]
        },
        {
          "over": 15,
          "deliveries": [
            {
              "batter": "Aqib Iqbal",
              "bowler": "MP Ainsworth",
              "non_striker": "M Simpson-Parker",
              "runs": {
                "batter": 1,
                "extras": 0,
                "total": 1
              }
            },
            {
              "batter": "M Simpson-Parker",
              "bowler": "MP Ainsworth",
              "non_striker": "Aqib Iqbal",
              "runs": {
                "batter": 1,
                "extras": 0,
                "total": 1
              }
            },
            {
              "batter": "Aqib Iqbal",
              "bowler": "MP Ainsworth",
              "non_striker": "M Simpson-Parker",
              "runs": {
                "batter": 1,
                "extras": 0,
                "total": 1
              }
            },
            {
              "batter": "M Simpson-Parker",
              "bowler": "MP Ainsworth",
              "non_striker": "Aqib Iqbal",
              "runs": {
                "batter": 1,
                "extras": 0,
                "total": 1
              }
            },
            {
              "batter": "Aqib Iqbal",
              "bowler": "MP Ainsworth",
              "non_striker": "M Simpson-Parker",
              "runs": {
                "batter": 0,
                "extras": 0,
                "total": 0
              }
            },
            {
              "batter": "Aqib Iqbal",
              "bowler": "MP Ainsworth",
              "non_striker": "M Simpson-Parker",
              "runs": {
                "batter": 1,
                "extras": 0,
                "total": 1
              }
            }
          ]
        },
        {
          "over": 16,
          "deliveries": [
            {
              "batter": "Aqib Iqbal",
              "bowler": "Muhammad Saqlain",
              "non_striker": "M Simpson-Parker",
              "runs": {
                "batter": 1,
                "extras": 0,
                "total": 1
              }
            },
            {
              "batter": "M Simpson-Parker",
              "bowler": "Muhammad Saqlain",
              "non_striker": "Aqib Iqbal",
              "runs": {
                "batter": 4,
                "extras": 0,
                "total": 4
              }
            },
            {
              "batter": "M Simpson-Parker",
              "bowler": "Muhammad Saqlain",
              "non_striker": "Aqib Iqbal",
              "runs": {
                "batter": 1,
                "extras": 0,
                "total": 1
              }
            },
            {
              "batter": "Aqib Iqbal",
              "bowler": "Muhammad Saqlain",
              "non_striker": "M Simpson-Parker",
              "runs": {
                "batter": 4,
                "extras": 0,
                "total": 4
              }
            },
            {
              "batter": "Aqib Iqbal",
              "bowler": "Muhammad Saqlain",
              "non_striker": "M Simpson-Parker",
              "runs": {
                "batter": 0,
                "extras": 0,
                "total": 0
              }
            },
            {
              "batter": "Aqib Iqbal",
              "bowler": "Muhammad Saqlain",
              "non_striker": "M Simpson-Parker",
              "runs": {
                "batter": 1,
                "extras": 0,
                "total": 1
              },
              "wickets": [
                {
                  "player_out": "Aqib Iqbal",
                  "fielders": [
                    {
                      "name": "Sheikh Rasik"
                    },
                    {
                      "name": "TV Valivarthi"
                    }
                  ],
                  "kind": "run out"
                }
              ]
            }
          ]
        },
        {
          "over": 17,
          "deliveries": [
            {
              "batter": "M Simpson-Parker",
              "bowler": "MP Ainsworth",
              "non_striker": "H Khogiyani",
              "runs": {
                "batter": 0,
                "extras": 0,
                "total": 0
              }
            },
            {
              "batter": "M Simpson-Parker",
              "bowler": "MP Ainsworth",
              "non_striker": "H Khogiyani",
              "runs": {
                "batter": 0,
                "extras": 0,
                "total": 0
              }
            },
            {
              "batter": "M Simpson-Parker",
              "bowler": "MP Ainsworth",
              "extras": {
                "byes": 1,
                "noballs": 1
              },
              "non_striker": "H Khogiyani",
              "runs": {
                "batter": 0,
                "extras": 2,
                "total": 2
              }
            },
            {
              "batter": "H Khogiyani",
              "bowler": "MP Ainsworth",
              "non_striker": "M Simpson-Parker",
              "runs": {
                "batter": 0,
                "extras": 0,
                "total": 0
              }
            },
            {
              "batter": "H Khogiyani",
              "bowler": "MP Ainsworth",
              "non_striker": "M Simpson-Parker",
              "runs": {
                "batter": 1,
                "extras": 0,
                "total": 1
              }
            },
            {
              "batter": "M Simpson-Parker",
              "bowler": "MP Ainsworth",
              "non_striker": "H Khogiyani",
              "runs": {
                "batter": 6,
                "extras": 0,
                "total": 6
              }
            },
            {
              "batter": "M Simpson-Parker",
              "bowler": "MP Ainsworth",
              "non_striker": "H Khogiyani",
              "runs": {
                "batter": 1,
                "extras": 0,
                "total": 1
              }
            }
          ]
        }
      ],
      "powerplays": [
        {
          "from": 0.1,
          "to": 5.7,
          "type": "mandatory"
        }
      ],
      "target": {
        "overs": 20,
        "runs": 187
      }
    }
  ]
}