{
  "meta": {
    "data_version": "1.1.0",
    "created": "2025-02-20",
    "revision": 1
  },
  "info": {
    "balls_per_over": 6,
    "city": "Bali",
    "dates": [
      "2025-02-20"
    ],
    "event": {
      "name": "Bahrain tour of Indonesia",
      "match_number": 2
    },
    "gender": "male",
    "match_type": "T20",
    "match_type_number": 3094,
    "officials": {
      "umpires": [
        "Suresh Subramanian",
        "Yeri Rosongna"
      ]
    },
    "outcome": {
      "winner": "Bahrain",
      "by": {
        "wickets": 10
      }
    },
    "overs": 20,
    "player_of_match": [
      "Imran Khan"
    ],
    "players": {
      "Indonesia": [
        "GA Priandana",
        "KD Kesuma",
        "IK Gamantika",
        "Ahmad Ramdoni",
        "IKEG Artawan",
        "DJ Hawoe",
        "A Alexander",
        "J Dzulfikar",
        "F Banunaek",
        "RM Koda",
        "DGAPD Wiswi"
      ],
      "Bahrain": [
        "Fiaz Ahmed",
        "P Kurup",
        "Ahmer Bin Nisar",
        "Rizwan Butt",
        "Abdul Majid Abbasi",
        "Asif Shaikh",
        "S Sarthak",
        "Sohail Ahmed",
        "Muhammed Basil",
        "Imran Khan",
        "Junaid Aziz"
      ]
    },
    "registry": {
      "people": {
        "A Alexander": "ef6d6883",
        "Abdul Majid Abbasi": "0cfb42b5",
        "Ahmad Ramdoni": "b5f30525",
        "Ahmer Bin Nisar": "afbc53ba",
        "Asif Shaikh": "231daa19",
        "DGAPD Wiswi": "d3d096f5",
        "DJ Hawoe": "a62f55ba",
        "F Banunaek": "3c8faed4",
        "Fiaz Ahmed": "df1f2f29",
        "GA Priandana": "2af0e3b1",
        "IK Gamantika": "4d7c5b56",
        "IKEG Artawan": "190957d2",
        "Imran Khan": "da3b91fd",
        "J Dzulfikar": "05ea0342",
        "Junaid Aziz": "c39ee9e0",
        "KD Kesuma": "4b349dc0",
        "Muhammed Basil": "457e6a8e",
        "P Kurup": "50ceaef6",
        "RM Koda": "f0a45427",
        "Rizwan Butt": "e741ed8f",
        "S Sarthak": "9f2c6cd3",
        "Sohail Ahmed": "4db71b2e",
        "Suresh Subramanian": "4e869e23",
        "Yeri Rosongna": "161c019d"
      }
    },
    "season": "2024/25",
    "team_type": "international",
    "teams": [
      "Indonesia",
      "Bahrain"
    ],
    "toss": {
      "decision": "field",
      "winner": "Bahrain"
    },
    "venue": "Udayana Cricket Ground"
  },
  "innings": [
    {
      "team": "Indonesia",
      "overs": [
        {
          "over": 0,
          "deliveries": [
            {
              "batter": "GA Priandana",
              "bowler": "Rizwan Butt",
              "non_striker": "KD Kesuma",
              "runs": {
                "batter": 2,
                "extras": 0,
                "total": 2
              }
            },
            {
              "batter": "GA Priandana",
              "bowler": "Rizwan Butt",
              "non_striker": "KD Kesuma",
              "runs": {
                "batter": 1,
                "extras": 0,
                "total": 1
              }
            },
            {
              "batter": "KD Kesuma",
              "bowler": "Rizwan Butt",
              "non_striker": "GA Priandana",
              "runs": {
                "batter": 0,
                "extras": 0,
                "total": 0
              }
            },
            {
              "batter": "KD Kesuma",
              "bowler": "Rizwan Butt",
              "non_striker": "GA Priandana",
              "runs": {
                "batter": 2,
                "extras": 0,
                "total": 2
              }
            },
            {
              "batter": "KD Kesuma",
              "bowler": "Rizwan Butt",
              "non_striker": "GA Priandana",
              "runs": {
                "batter": 0,
                "extras": 0,
                "total": 0
              }
            },
            {
              "batter": "KD Kesuma",
              "bowler": "Rizwan Butt",
              "non_striker": "GA Priandana",
              "runs": {
                "batter": 0,
                "extras": 0,
                "total": 0
              }
            }
          ]
        },
        {
          "over": 1,
          "deliveries": [
            {
              "batter": "GA Priandana",
              "bowler": "Imran Khan",
              "non_striker": "KD Kesuma",
              "runs": {
                "batter": 0,
                "extras": 0,
                "total": 0
              }
            },
            {
              "batter": "GA Priandana",
              "bowler": "Imran Khan",
              "non_striker": "KD Kesuma",
              "runs": {
                "batter": 0,
                "extras": 0,
                "total": 0
              },
              "wickets": [
                {
                  "player_out": "GA Priandana",
                  "fielders": [
                    {
                      "name": "Abdul Majid Abbasi"
                    }
                  ],
                  "kind": "caught"
                }
              ]
            },
            {
              "batter": "IK Gamantika",
              "bowler": "Imran Khan",
              "non_striker": "KD Kesuma",
              "runs": {
                "batter": 0,
                "extras": 0,
                "total": 0
              },
              "wickets": [
                {
                  "player_out": "IK Gamantika",
                  "fielders": [
                    {
                      "name": "Fiaz Ahmed"
                    }
                  ],
                  "kind": "caught"
                }
              ]
            },
            {
              "batter": "Ahmad Ramdoni",
              "bowler": "Imran Khan",
              "non_striker": "KD Kesuma",
              "runs": {
                "batter": 0,
                "extras": 0,
                "total": 0
              }
            },
            {
              "batter": "Ahmad Ramdoni",
              "bowler": "Imran Khan",
              "non_striker": "KD Kesuma",
              "runs": {
                "batter": 0,
                "extras": 0,
                "total": 0
              }
            },
            {
              "batter": "Ahmad Ramdoni",
              "bowler": "Imran Khan",
              "non_striker": "KD Kesuma",
              "runs": {
                "batter": 0,
                "extras": 0,
                "total": 0
              }
            }
          ]
        },
        {
          "over": 2,
          "deliveries": [
            {
              "batter": "KD Kesuma",
              "bowler": "Rizwan Butt",
              "extras": {
                "byes": 1
              },
              "non_striker": "Ahmad Ramdoni",
              "runs": {
                "batter": 0,
                "extras": 1,
                "total": 1
              }
            },
            {
              "batter": "Ahmad Ramdoni",
              "bowler": "Rizwan Butt",
              "non_striker": "KD Kesuma",
              "runs": {
                "batter": 1,
                "extras": 0,
                "total": 1
              }
            },
            {
              "batter": "KD Kesuma",
              "bowler": "Rizwan Butt",
              "non_striker": "Ahmad Ramdoni",
              "runs": {
                "batter": 0,
                "extras": 0,
                "total": 0
              },
              "wickets": [
                {
                  "player_out": "KD Kesuma",
                  "fielders": [
                    {
                      "name": "P Kurup"
                    }
                  ],
                  "kind": "caught"
                }
              ]
            },
            {
              "batter": "IKEG Artawan",
              "bowler": "Rizwan Butt",
              "non_striker": "Ahmad Ramdoni",
              "runs": {
                "batter": 1,
                "extras": 0,
                "total": 1
              }
            },
            {
              "batter": "Ahmad Ramdoni",
              "bowler": "Rizwan Butt",
              "non_striker": "IKEG Artawan",
              "runs": {
                "batter": 0,
                "extras": 0,
                "total": 0
              },
              "wickets": [
                {
                  "player_out": "Ahmad Ramdoni",
                  "kind": "bowled"
                }
              ]
            },
            {
              "batter": "DJ Hawoe",
              "bowler": "Rizwan Butt",
              "non_striker": "IKEG Artawan",
              "runs": {
                "batter": 1,
                "extras": 0,
                "total": 1
              }
            }
          ]
        },
        {
          "over": 3,
          "deliveries": [
            {
              "batter": "DJ Hawoe",
              "bowler": "Abdul Majid Abbasi",
              "non_striker": "IKEG Artawan",
              "runs": {
                "batter": 0,
                "extras": 0,
                "total": 0
              }
            },
            {
              "batter": "DJ Hawoe",
              "bowler": "Abdul Majid Abbasi",
              "non_striker": "IKEG Artawan",
              "runs": {
                "batter": 6,
                "extras": 0,
                "total": 6
              }
            },
            {
              "batter": "DJ Hawoe",
              "bowler": "Abdul Majid Abbasi",
              "non_striker": "IKEG Artawan",
              "runs": {
                "batter": 0,
                "extras": 0,
                "total": 0
              }
            },
            {
              "batter": "DJ Hawoe",
              "bowler": "Abdul Majid Abbasi",
              "non_striker": "IKEG Artawan",
              "runs": {
                "batter": 4,
                "extras": 0,
                "total": 4
              }
            },
            {
              "batter": "DJ Hawoe",
              "bowler": "Abdul Majid Abbasi",
              "non_striker": "IKEG Artawan",
              "runs": {
                "batter": 0,
                "extras": 0,
                "total": 0
              },
              "wickets": [
                {
                  "player_out": "DJ Hawoe",
                  "fielders": [
                    {
                      "name": "Junaid Aziz"
                    }
                  ],
                  "kind": "caught"
                }
              ]
            },
            {
              "batter": "A Alexander",
              "bowler": "Abdul Majid Abbasi",
              "non_striker": "IKEG Artawan",
              "runs": {
                "batter": 1,
                "extras": 0,
                "total": 1
              }
            }
          ]
        },
        {
          "over": 4,
          "deliveries": [
            {
              "batter": "A Alexander",
              "bowler": "Imran Khan",
              "extras": {
                "wides": 1
              },
              "non_striker": "IKEG Artawan",
              "runs": {
                "batter": 0,
                "extras": 1,
                "total": 1
              }
            },
            {
              "batter": "A Alexander",
              "bowler": "Imran Khan",
              "non_striker": "IKEG Artawan",
              "runs": {
                "batter": 0,
                "extras": 0,
                "total": 0
              }
            },
            {
              "batter": "A Alexander",
              "bowler": "Imran Khan",
              "non_striker": "IKEG Artawan",
              "runs": {
                "batter": 1,
                "extras": 0,
                "total": 1
              }
            },
            {
              "batter": "IKEG Artawan",
              "bowler": "Imran Khan",
              "non_striker": "A Alexander",
              "runs": {
                "batter": 0,
                "extras": 0,
                "total": 0
              }
            },
            {
              "batter": "IKEG Artawan",
              "bowler": "Imran Khan",
              "non_striker": "A Alexander",
              "runs": {
                "batter": 3,
                "extras": 0,
                "total": 3
              }
            },
            {
              "batter": "A Alexander",
              "bowler": "Imran Khan",
              "non_striker": "IKEG Artawan",
              "runs": {
                "batter": 0,
                "extras": 0,
                "total": 0
              },
              "wickets": [
                {
                  "player_out": "A Alexander",
                  "fielders": [
                    {
                      "name": "Junaid Aziz"
                    }
                  ],
                  "kind": "caught"
                }
              ]
            },
            {
              "batter": "J Dzulfikar",
              "bowler": "Imran Khan",
              "non_striker": "IKEG Artawan",
              "runs": {
                "batter": 2,
                "extras": 0,
                "total": 2
              }
            }
          ]
        }
      ],
      "powerplays": [
        {
          "from": 0.1,
          "to": 1.6,
          "type": "mandatory"
        }
      ]
    },
    {
      "team": "Bahrain",
      "overs": [
        {
          "over": 0,
          "deliveries": [
            {
              "batter": "Fiaz Ahmed",
              "bowler": "DJ Hawoe",
              "non_striker": "P Kurup",
              "runs": {
                "batter": 1,
                "extras": 0,
                "total": 1
              }
            },
            {
              "batter": "P Kurup",
              "bowler": "DJ Hawoe",
              "non_striker": "Fiaz Ahmed",
              "runs": {
                "batter": 1,
                "extras": 0,
                "total": 1
              }
            },
            {
              "batter": "Fiaz Ahmed",
              "bowler": "DJ Hawoe",
              "non_striker": "P Kurup",
              "runs": {
                "batter": 1,
                "extras": 0,
                "total": 1
              }
            },
            {
              "batter": "P Kurup",
              "bowler": "DJ Hawoe",
              "extras": {
                "wides": 1
              },
              "non_striker": "Fiaz Ahmed",
              "runs": {
                "batter": 0,
                "extras": 1,
                "total": 1
              }
            },
            {
              "batter": "P Kurup",
              "bowler": "DJ Hawoe",
              "non_striker": "Fiaz Ahmed",
              "runs": {
                "batter": 4,
                "extras": 0,
                "total": 4
              }
            },
            {
              "batter": "P Kurup",
              "bowler": "DJ Hawoe",
              "non_striker": "Fiaz Ahmed",
              "runs": {
                "batter": 1,
                "extras": 0,
                "total": 1
              }
            },
            {
              "batter": "Fiaz Ahmed",
              "bowler": "DJ Hawoe",
              "extras": {
                "wides": 1
              },
              "non_striker": "P Kurup",
              "runs": {
                "batter": 0,
                "extras": 1,
                "total": 1
              }
            },
            {
              "batter": "Fiaz Ahmed",
              "bowler": "DJ Hawoe",
              "non_striker": "P Kurup",
              "runs": {
                "batter": 2,
                "extras": 0,
                "total": 2
              }
            }
          ]
        },
        {
          "over": 1,
          "deliveries": [
            {
              "batter": "P Kurup",
              "bowler": "RM Koda",
              "non_striker": "Fiaz Ahmed",
              "runs": {
                "batter": 0,
                "extras": 0,
                "total": 0
              }
            },
            {
              "batter": "P Kurup",
              "bowler": "RM Koda",
              "non_striker": "Fiaz Ahmed",
              "runs": {
                "batter": 1,
                "extras": 0,
                "total": 1
              }
            },
            {
              "batter": "Fiaz Ahmed",
              "bowler": "RM Koda",
              "non_striker": "P Kurup",
              "runs": {
                "batter": 1,
                "extras": 0,
                "total": 1
              }
            },
            {
              "batter": "P Kurup",
              "bowler": "RM Koda",
              "non_striker": "Fiaz Ahmed",
              "runs": {
                "batter": 4,
                "extras": 0,
                "total": 4
              }
            },
            {
              "batter": "P Kurup",
              "bowler": "RM Koda",
              "extras": {
                "legbyes": 1
              },
              "non_striker": "Fiaz Ahmed",
              "runs": {
                "batter": 0,
                "extras": 1,
                "total": 1
              }
            },
            {
              "batter": "Fiaz Ahmed",
              "bowler": "RM Koda",
              "non_striker": "P Kurup",
              "runs": {
                "batter": 4,
                "extras": 0,
                "total": 4
              }
            }
          ]
        },
        {
          "over": 2,
          "deliveries": [
            {
              "batter": "P Kurup",
              "bowler": "F Banunaek",
              "non_striker": "Fiaz Ahmed",
              "runs": {
                "batter": 0,
                "extras": 0,
                "total": 0
              }
            },
            {
              "batter": "P Kurup",
              "bowler": "F Banunaek",
              "non_striker": "Fiaz Ahmed",
              "runs": {
                "batter": 1,
                "extras": 0,
                "total": 1
              }
            },
            {
              "batter": "Fiaz Ahmed",
              "bowler": "F Banunaek",
              "non_striker": "P Kurup",
              "runs": {
                "batter": 0,
                "extras": 0,
                "total": 0
              }
            },
            {
              "batter": "Fiaz Ahmed",
              "bowler": "F Banunaek",
              "non_striker": "P Kurup",
              "runs": {
                "batter": 1,
                "extras": 0,
                "total": 1
              }
            },
            {
              "batter": "P Kurup",
              "bowler": "F Banunaek",
              "extras": {
                "wides": 1
              },
              "non_striker": "Fiaz Ahmed",
              "runs": {
                "batter": 0,
                "extras": 1,
                "total": 1
              }
            },
            {
              "batter": "P Kurup",
              "bowler": "F Banunaek",
              "non_striker": "Fiaz Ahmed",
              "runs": {
                "batter": 2,
                "extras": 0,
                "total": 2
              }
            }
          ]
        }
      ],
      "powerplays": [
        {
          "from": 0.1,
          "to": 1.6,
          "type": "mandatory"
        }
      ],
      "target": {
        "overs": 5,
        "runs": 28
      }
    }
  ]
}