{
  "meta": {
    "data_version": "1.1.0",
    "created": "2025-02-23",
    "revision": 1
  },
  "info": {
    "balls_per_over": 6,
    "city": "Bali",
    "dates": [
      "2025-02-22"
    ],
    "event": {
      "name": "Bahrain tour of Indonesia",
      "match_number": 3
    },
    "gender": "male",
    "match_type": "T20",
    "match_type_number": 3097,
    "officials": {
      "umpires": [
        "F Shony",
        "Suresh Subramanian"
      ]
    },
    "outcome": {
      "winner": "Indonesia",
      "by": {
        "wickets": 8
      }
    },
    "overs": 20,
    "player_of_match": [
      "PR Surve"
    ],
    "players": {
      "Bahrain": [
        "Fiaz Ahmed",
        "P Kurup",
        "Sohail Ahmed",
        "Ahmer Bin Nisar",
        "Junaid Aziz",
        "Muhammed Basil",
        "Rizwan Butt",
        "S Sarthak",
        "Asif Shaikh",
        "Abdul Majid Abbasi",
        "Imran Khan"
      ],
      "Indonesia": [
        "KD Kesuma",
        "Gaurav Tiwari",
        "J Dzulfikar",
        "PR Surve",
        "F Banunaek",
        "IKEG Artawan",
        "KC Ramamoorthy",
        "DJ Hawoe",
        "IK Gamantika",
        "Ahmad Ramdoni",
        "RM Koda"
      ]
    },
    "registry": {
      "people": {
        "Abdul Majid Abbasi": "0cfb42b5",
        "Ahmad Ramdoni": "b5f30525",
        "Ahmer Bin Nisar": "afbc53ba",
        "Asif Shaikh": "231daa19",
        "DJ Hawoe": "a62f55ba",
        "F Banunaek": "3c8faed4",
        "F Shony": "85712af4",
        "Fiaz Ahmed": "df1f2f29",
        "Gaurav Tiwari": "cab3f89a",
        "IK Gamantika": "4d7c5b56",
        "IKEG Artawan": "190957d2",
        "Imran Khan": "da3b91fd",
        "J Dzulfikar": "05ea0342",
        "Junaid Aziz": "c39ee9e0",
        "KC Ramamoorthy": "a89c270b",
        "KD Kesuma": "4b349dc0",
        "Muhammed Basil": "457e6a8e",
        "P Kurup": "50ceaef6",
        "PR Surve": "206efeb1",
        "RM Koda": "f0a45427",
        "Rizwan Butt": "e741ed8f",
        "S Sarthak": "9f2c6cd3",
        "Sohail Ahmed": "4db71b2e",
        "Suresh Subramanian": "4e869e23"
      }
    },
    "season": "2024/25",
    "team_type": "international",
    "teams": [
      "Bahrain",
      "Indonesia"
    ],
    "toss": {
      "decision": "field",
      "winner": "Indonesia"
    },
    "venue": "Udayana Cricket Ground"
  },
  "innings": [
    {
      "team": "Bahrain",
      "overs": [
        {
          "over": 0,
          "deliveries": [
            {
              "batter": "Fiaz Ahmed",
              "bowler": "RM Koda",
              "non_striker": "P Kurup",
              "runs": {
                "batter": 0,
                "extras": 0,
                "total": 0
              }
            },
            {
              "batter": "Fiaz Ahmed",
              "bowler": "RM Koda",
              "extras": {
                "wides": 1
              },
              "non_striker": "P Kurup",
              "runs": {
                "batter": 0,
                "extras": 1,
                "total": 1
              }
            },
            {
              "batter": "Fiaz Ahmed",
              "bowler": "RM Koda",
              "non_striker": "P Kurup",
              "runs": {
                "batter": 1,
                "extras": 0,
                "total": 1
              }
            },
            {
              "batter": "P Kurup",
              "bowler": "RM Koda",
              "non_striker": "Fiaz Ahmed",
              "runs": {
                "batter": 0,
                "extras": 0,
                "total": 0
              }
            },
            {
              "batter": "P Kurup",
              "bowler": "RM Koda",
              "non_striker": "Fiaz Ahmed",
              "runs": {
                "batter": 0,
                "extras": 0,
                "total": 0
              }
            },
            {
              "batter": "P Kurup",
              "bowler": "RM Koda",
              "non_striker": "Fiaz Ahmed",
              "runs": {
                "batter": 0,
                "extras": 0,
                "total": 0
              }
            },
            {
              "batter": "P Kurup",
              "bowler": "RM Koda",
              "non_striker": "Fiaz Ahmed",
              "runs": {
                "batter": 2,
                "extras": 0,
                "total": 2
              }
            }
          ]
        },
        {
          "over": 1,
          "deliveries": [
            {
              "batter": "Fiaz Ahmed",
              "bowler": "F Banunaek",
              "extras": {
                "wides": 1
              },
              "non_striker": "P Kurup",
              "runs": {
                "batter": 0,
                "extras": 1,
                "total": 1
              }
            },
            {
              "batter": "Fiaz Ahmed",
              "bowler": "F Banunaek",
              "non_striker": "P Kurup",
              "runs": {
                "batter": 0,
                "extras": 0,
                "total": 0
              }
            },
            {
              "batter": "Fiaz Ahmed",
              "bowler": "F Banunaek",
              "non_striker": "P Kurup",
              "runs": {
                "batter": 1,
                "extras": 0,
                "total": 1
              }
            },
            {
              "batter": "P Kurup",
              "bowler": "F Banunaek",
              "extras": {
                "wides": 1
              },
              "non_striker": "Fiaz Ahmed",
              "runs": {
                "batter": 0,
                "extras": 1,
                "total": 1
              }
            },
            {
              "batter": "P Kurup",
              "bowler": "F Banunaek",
              "non_striker": "Fiaz Ahmed",
              "runs": {
                "batter": 1,
                "extras": 0,
                "total": 1
              }
            },
            {
              "batter": "Fiaz Ahmed",
              "bowler": "F Banunaek",
              "non_striker": "P Kurup",
              "runs": {
                "batter": 1,
                "extras": 0,
                "total": 1
              }
            },
            {
              "batter": "P Kurup",
              "bowler": "F Banunaek",
              "non_striker": "Fiaz Ahmed",
              "runs": {
                "batter": 0,
                "extras": 0,
                "total": 0
              }
            },
            {
              "batter": "P Kurup",
              "bowler": "F Banunaek",
              "non_striker": "Fiaz Ahmed",
              "runs": {
                "batter": 0,
                "extras": 0,
                "total": 0
              }
            }
          ]
        },
        {
          "over": 2,
          "deliveries": [
            {
              "batter": "Fiaz Ahmed",
              "bowler": "RM Koda",
              "non_striker": "P Kurup",
              "runs": {
                "batter": 0,
                "extras": 0,
                "total": 0
              }
            },
            {
              "batter": "Fiaz Ahmed",
              "bowler": "RM Koda",
              "non_striker": "P Kurup",
              "runs": {
                "batter": 4,
                "extras": 0,
                "total": 4
              }
            },
            {
              "batter": "Fiaz Ahmed",
              "bowler": "RM Koda",
              "extras": {
                "wides": 1
              },
              "non_striker": "P Kurup",
              "runs": {
                "batter": 0,
                "extras": 1,
                "total": 1
              }
            },
            {
              "batter": "Fiaz Ahmed",
              "bowler": "RM Koda",
              "non_striker": "P Kurup",
              "runs": {
                "batter": 1,
                "extras": 0,
                "total": 1
              }
            },
            {
              "batter": "P Kurup",
              "bowler": "RM Koda",
              "non_striker": "Fiaz Ahmed",
              "runs": {
                "batter": 0,
                "extras": 0,
                "total": 0
              }
            },
            {
              "batter": "P Kurup",
              "bowler": "RM Koda",
              "non_striker": "Fiaz Ahmed",
              "runs": {
                "batter": 0,
                "extras": 0,
                "total": 0
              },
              "wickets": [
                {
                  "player_out": "P Kurup",
                  "fielders": [
                    {
                      "name": "KC Ramamoorthy"
                    }
                  ],
                  "kind": "caught"
                }
              ]
            },
            {
              "batter": "Sohail Ahmed",
              "bowler": "RM Koda",
              "non_striker": "Fiaz Ahmed",
              "runs": {
                "batter": 0,
                "extras": 0,
                "total": 0
              }
            }
          ]
        },
        {
          "over": 3,
          "deliveries": [
            {
              "batter": "Fiaz Ahmed",
              "bowler": "F Banunaek",
              "extras": {
                "legbyes": 1
              },
              "non_striker": "Sohail Ahmed",
              "runs": {
                "batter": 0,
                "extras": 1,
                "total": 1
              }
            },
            {
              "batter": "Sohail Ahmed",
              "bowler": "F Banunaek",
              "non_striker": "Fiaz Ahmed",
              "runs": {
                "batter": 1,
                "extras": 0,
                "total": 1
              }
            },
            {
              "batter": "Fiaz Ahmed",
              "bowler": "F Banunaek",
              "non_striker": "Sohail Ahmed",
              "runs": {
                "batter": 0,
                "extras": 0,
                "total": 0
              }
            },
            {
              "batter": "Fiaz Ahmed",
              "bowler": "F Banunaek",
              "non_striker": "Sohail Ahmed",
              "runs": {
                "batter": 1,
                "extras": 0,
                "total": 1
              }
            },
            {
              "batter": "Sohail Ahmed",
              "bowler": "F Banunaek",
              "non_striker": "Fiaz Ahmed",
              "runs": {
                "batter": 0,
                "extras": 0,
                "total": 0
              },
              "wickets": [
                {
                  "player_out": "Sohail Ahmed",
                  "kind": "bowled"
                }
              ]
            },
            {
              "batter": "Ahmer Bin Nisar",
              "bowler": "F Banunaek",
              "non_striker": "Fiaz Ahmed",
              "runs": {
                "batter": 0,
                "extras": 0,
                "total": 0
              }
            }
          ]
        },
        {
          "over": 4,
          "deliveries": [
            {
              "batter": "Fiaz Ahmed",
              "bowler": "RM Koda",
              "non_striker": "Ahmer Bin Nisar",
              "runs": {
                "batter": 4,
                "extras": 0,
                "total": 4
              }
            },
            {
              "batter": "Fiaz Ahmed",
              "bowler": "RM Koda",
              "non_striker": "Ahmer Bin Nisar",
              "runs": {
                "batter": 4,
                "extras": 0,
                "total": 4
              }
            },
            {
              "batter": "Fiaz Ahmed",
              "bowler": "RM Koda",
              "non_striker": "Ahmer Bin Nisar",
              "runs": {
                "batter": 4,
                "extras": 0,
                "total": 4
              }
            },
            {
              "batter": "Fiaz Ahmed",
              "bowler": "RM Koda",
              "non_striker": "Ahmer Bin Nisar",
              "runs": {
                "batter": 1,
                "extras": 0,
                "total": 1
              }
            },
            {
              "batter": "Ahmer Bin Nisar",
              "bowler": "RM Koda",
              "non_striker": "Fiaz Ahmed",
              "runs": {
                "batter": 1,
                "extras": 0,
                "total": 1
              }
            },
            {
              "batter": "Fiaz Ahmed",
              "bowler": "RM Koda",
              "non_striker": "Ahmer Bin Nisar",
              "runs": {
                "batter": 1,
                "extras": 0,
                "total": 1
              }
            }
          ]
        },
        {
          "over": 5,
          "deliveries": [
            {
              "batter": "Fiaz Ahmed",
              "bowler": "DJ Hawoe",
              "non_striker": "Ahmer Bin Nisar",
              "runs": {
                "batter": 0,
                "extras": 0,
                "total": 0
              }
            },
            {
              "batter": "Fiaz Ahmed",
              "bowler": "DJ Hawoe",
              "non_striker": "Ahmer Bin Nisar",
              "runs": {
                "batter": 4,
                "extras": 0,
                "total": 4
              }
            },
            {
              "batter": "Fiaz Ahmed",
              "bowler": "DJ Hawoe",
              "non_striker": "Ahmer Bin Nisar",
              "runs": {
                "batter": 1,
                "extras": 0,
                "total": 1
              }
            },
            {
              "batter": "Ahmer Bin Nisar",
              "bowler": "DJ Hawoe",
              "non_striker": "Fiaz Ahmed",
              "runs": {
                "batter": 4,
                "extras": 0,
                "total": 4
              }
            },
            {
              "batter": "Ahmer Bin Nisar",
              "bowler": "DJ Hawoe",
              "non_striker": "Fiaz Ahmed",
              "runs": {
                "batter": 0,
                "extras": 0,
                "total": 0
              },
              "wickets": [
                {
                  "player_out": "Ahmer Bin Nisar",
                  "fielders": [
                    {
                      "name": "KD Kesuma"
                    }
                  ],
                  "kind": "caught"
                }
              ]
            },
            {
              "batter": "Junaid Aziz",
              "bowler": "DJ Hawoe",
              "non_striker": "Fiaz Ahmed",
              "runs": {
                "batter": 0,
                "extras": 0,
                "total": 0
              }
            }
          ]
        },
        {
          "over": 6,
          "deliveries": [
            {
              "batter": "Fiaz Ahmed",
              "bowler": "IKEG Artawan",
              "non_striker": "Junaid Aziz",
              "runs": {
                "batter": 0,
                "extras": 0,
                "total": 0
              }
            },
            {
              "batter": "Fiaz Ahmed",
              "bowler": "IKEG Artawan",
              "non_striker": "Junaid Aziz",
              "runs": {
                "batter": 1,
                "extras": 0,
                "total": 1
              }
            },
            {
              "batter": "Junaid Aziz",
              "bowler": "IKEG Artawan",
              "non_striker": "Fiaz Ahmed",
              "runs": {
                "batter": 0,
                "extras": 0,
                "total": 0
              }
            },
            {
              "batter": "Junaid Aziz",
              "bowler": "IKEG Artawan",
              "non_striker": "Fiaz Ahmed",
              "runs": {
                "batter": 1,
                "extras": 0,
                "total": 1
              }
            },
            {
              "batter": "Fiaz Ahmed",
              "bowler": "IKEG Artawan",
              "non_striker": "Junaid Aziz",
              "runs": {
                "batter": 1,
                "extras": 0,
                "total": 1
              }
            },
            {
              "batter": "Junaid Aziz",
              "bowler": "IKEG Artawan",
              "non_striker": "Fiaz Ahmed",
              "runs": {
                "batter": 0,
                "extras": 0,
                "total": 0
              }
            }
          ]
        },
        {
          "over": 7,
          "deliveries": [
            {
              "batter": "Fiaz Ahmed",
              "bowler": "Gaurav Tiwari",
              "non_striker": "Junaid Aziz",
              "runs": {
                "batter": 1,
                "extras": 0,
                "total": 1
              }
            },
            {
              "batter": "Junaid Aziz",
              "bowler": "Gaurav Tiwari",
              "non_striker": "Fiaz Ahmed",
              "runs": {
                "batter": 1,
                "extras": 0,
                "total": 1
              }
            },
            {
              "batter": "Fiaz Ahmed",
              "bowler": "Gaurav Tiwari",
              "non_striker": "Junaid Aziz",
              "runs": {
                "batter": 0,
                "extras": 0,
                "total": 0
              }
            },
            {
              "batter": "Fiaz Ahmed",
              "bowler": "Gaurav Tiwari",
              "non_striker": "Junaid Aziz",
              "runs": {
                "batter": 1,
                "extras": 0,
                "total": 1
              }
            },
            {
              "batter": "Junaid Aziz",
              "bowler": "Gaurav Tiwari",
              "non_striker": "Fiaz Ahmed",
              "runs": {
                "batter": 0,
                "extras": 0,
                "total": 0
              }
            },
            {
              "batter": "Junaid Aziz",
              "bowler": "Gaurav Tiwari",
              "non_striker": "Fiaz Ahmed",
              "runs": {
                "batter": 0,
                "extras": 0,
                "total": 0
              }
            }
          ]
        },
        {
          "over": 8,
          "deliveries": [
            {
              "batter": "Fiaz Ahmed",
              "bowler": "IKEG Artawan",
              "non_striker": "Junaid Aziz",
              "runs": {
                "batter": 1,
                "extras": 0,
                "total": 1
              }
            },
            {
              "batter": "Junaid Aziz",
              "bowler": "IKEG Artawan",
              "non_striker": "Fiaz Ahmed",
              "runs": {
                "batter": 0,
                "extras": 0,
                "total": 0
              }
            },
            {
              "batter": "Junaid Aziz",
              "bowler": "IKEG Artawan",
              "non_striker": "Fiaz Ahmed",
              "runs": {
                "batter": 1,
                "extras": 0,
                "total": 1
              }
            },
            {
              "batter": "Fiaz Ahmed",
              "bowler": "IKEG Artawan",
              "non_striker": "Junaid Aziz",
              "runs": {
                "batter": 1,
                "extras": 0,
                "total": 1
              }
            },
            {
              "batter": "Junaid Aziz",
              "bowler": "IKEG Artawan",
              "non_striker": "Fiaz Ahmed",
              "runs": {
                "batter": 0,
                "extras": 0,
                "total": 0
              }
            },
            {
              "batter": "Junaid Aziz",
              "bowler": "IKEG Artawan",
              "non_striker": "Fiaz Ahmed",
              "runs": {
                "batter": 0,
                "extras": 0,
                "total": 0
              }
            }
          ]
        },
        {
          "over": 9,
          "deliveries": [
            {
              "batter": "Fiaz Ahmed",
              "bowler": "Gaurav Tiwari",
              "non_striker": "Junaid Aziz",
              "runs": {
                "batter": 0,
                "extras": 0,
                "total": 0
              }
            },
            {
              "batter": "Fiaz Ahmed",
              "bowler": "Gaurav Tiwari",
              "non_striker": "Junaid Aziz",
              "runs": {
                "batter": 0,
                "extras": 0,
                "total": 0
              }
            },
            {
              "batter": "Fiaz Ahmed",
              "bowler": "Gaurav Tiwari",
              "non_striker": "Junaid Aziz",
              "runs": {
                "batter": 0,
                "extras": 0,
                "total": 0
              }
            },
            {
              "batter": "Fiaz Ahmed",
              "bowler": "Gaurav Tiwari",
              "non_striker": "Junaid Aziz",
              "runs": {
                "batter": 1,
                "extras": 0,
                "total": 1
              }
            },
            {
              "batter": "Junaid Aziz",
              "bowler": "Gaurav Tiwari",
              "non_striker": "Fiaz Ahmed",
              "runs": {
                "batter": 1,
                "extras": 0,
                "total": 1
              }
            },
            {
              "batter": "Fiaz Ahmed",
              "bowler": "Gaurav Tiwari",
              "extras": {
                "wides": 2
              },
              "non_striker": "Junaid Aziz",
              "runs": {
                "batter": 0,
                "extras": 2,
                "total": 2
              }
            },
            {
              "batter": "Junaid Aziz",
              "bowler": "Gaurav Tiwari",
              "non_striker": "Fiaz Ahmed",
              "runs": {
                "batter": 1,
                "extras": 0,
                "total": 1
              }
            }
          ]
        },
        {
          "over": 10,
          "deliveries": [
            {
              "batter": "Junaid Aziz",
              "bowler": "IKEG Artawan",
              "non_striker": "Fiaz Ahmed",
              "runs": {
                "batter": 1,
                "extras": 0,
                "total": 1
              }
            },
            {
              "batter": "Fiaz Ahmed",
              "bowler": "IKEG Artawan",
              "non_striker": "Junaid Aziz",
              "runs": {
                "batter": 1,
                "extras": 0,
                "total": 1
              }
            },
            {
              "batter": "Junaid Aziz",
              "bowler": "IKEG Artawan",
              "non_striker": "Fiaz Ahmed",
              "runs": {
                "batter": 1,
                "extras": 0,
                "total": 1
              }
            },
            {
              "batter": "Fiaz Ahmed",
              "bowler": "IKEG Artawan",
              "non_striker": "Junaid Aziz",
              "runs": {
                "batter": 0,
                "extras": 0,
                "total": 0
              }
            },
            {
              "batter": "Fiaz Ahmed",
              "bowler": "IKEG Artawan",
              "non_striker": "Junaid Aziz",
              "runs": {
                "batter": 6,
                "extras": 0,
                "total": 6
              }
            },
            {
              "batter": "Fiaz Ahmed",
              "bowler": "IKEG Artawan",
              "non_striker": "Junaid Aziz",
              "runs": {
                "batter": 4,
                "extras": 0,
                "total": 4
              }
            }
          ]
        },
        {
          "over": 11,
          "deliveries": [
            {
              "batter": "Junaid Aziz",
              "bowler": "Gaurav Tiwari",
              "non_striker": "Fiaz Ahmed",
              "runs": {
                "batter": 1,
                "extras": 0,
                "total": 1
              }
            },
            {
              "batter": "Fiaz Ahmed",
              "bowler": "Gaurav Tiwari",
              "non_striker": "Junaid Aziz",
              "runs": {
                "batter": 0,
                "extras": 0,
                "total": 0
              }
            },
            {
              "batter": "Fiaz Ahmed",
              "bowler": "Gaurav Tiwari",
              "non_striker": "Junaid Aziz",
              "runs": {
                "batter": 1,
                "extras": 0,
                "total": 1
              }
            },
            {
              "batter": "Junaid Aziz",
              "bowler": "Gaurav Tiwari",
              "non_striker": "Fiaz Ahmed",
              "runs": {
                "batter": 6,
                "extras": 0,
                "total": 6
              }
            },
            {
              "batter": "Junaid Aziz",
              "bowler": "Gaurav Tiwari",
              "non_striker": "Fiaz Ahmed",
              "runs": {
                "batter": 1,
                "extras": 0,
                "total": 1
              }
            },
            {
              "batter": "Fiaz Ahmed",
              "bowler": "Gaurav Tiwari",
              "non_striker": "Junaid Aziz",
              "runs": {
                "batter": 1,
                "extras": 0,
                "total": 1
              }
            }
          ]
        },
        {
          "over": 12,
          "deliveries": [
            {
              "batter": "Fiaz Ahmed",
              "bowler": "DJ Hawoe",
              "non_striker": "Junaid Aziz",
              "runs": {
                "batter": 0,
                "extras": 0,
                "total": 0
              }
            },
            {
              "batter": "Fiaz Ahmed",
              "bowler": "DJ Hawoe",
              "non_striker": "Junaid Aziz",
              "runs": {
                "batter": 0,
                "extras": 0,
                "total": 0
              },
              "wickets": [
                {
                  "player_out": "Fiaz Ahmed",
                  "fielders": [
                    {
                      "name": "Ahmad Ramdoni"
                    }
                  ],
                  "kind": "caught"
                }
              ]
            },
            {
              "batter": "Muhammed Basil",
              "bowler": "DJ Hawoe",
              "non_striker": "Junaid Aziz",
              "runs": {
                "batter": 0,
                "extras": 0,
                "total": 0
              }
            },
            {
              "batter": "Muhammed Basil",
              "bowler": "DJ Hawoe",
              "non_striker": "Junaid Aziz",
              "runs": {
                "batter": 1,
                "extras": 0,
                "total": 1
              }
            },
            {
              "batter": "Junaid Aziz",
              "bowler": "DJ Hawoe",
              "non_striker": "Muhammed Basil",
              "runs": {
                "batter": 1,
                "extras": 0,
                "total": 1
              },
              "wickets": [
                {
                  "player_out": "Muhammed Basil",
                  "fielders": [
                    {
                      "name": "J Dzulfikar"
                    },
                    {
                      "name": "Ahmad Ramdoni"
                    }
                  ],
                  "kind": "run out"
                }
              ]
            },
            {
              "batter": "Rizwan Butt",
              "bowler": "DJ Hawoe",
              "non_striker": "Junaid Aziz",
              "runs": {
                "batter": 0,
                "extras": 0,
                "total": 0
              }
            }
          ]
        },
        {
          "over": 13,
          "deliveries": [
            {
              "batter": "Junaid Aziz",
              "bowler": "IK Gamantika",
              "non_striker": "Rizwan Butt",
              "runs": {
                "batter": 0,
                "extras": 0,
                "total": 0
              }
            },
            {
              "batter": "Junaid Aziz",
              "bowler": "IK Gamantika",
              "non_striker": "Rizwan Butt",
              "runs": {
                "batter": 0,
                "extras": 0,
                "total": 0
              }
            },
            {
              "batter": "Junaid Aziz",
              "bowler": "IK Gamantika",
              "extras": {
                "wides": 1
              },
              "non_striker": "Rizwan Butt",
              "runs": {
                "batter": 0,
                "extras": 1,
                "total": 1
              }
            },
            {
              "batter": "Junaid Aziz",
              "bowler": "IK Gamantika",
              "non_striker": "Rizwan Butt",
              "runs": {
                "batter": 0,
                "extras": 0,
                "total": 0
              }
            },
            {
              "batter": "Junaid Aziz",
              "bowler": "IK Gamantika",
              "non_striker": "Rizwan Butt",
              "runs": {
                "batter": 6,
                "extras": 0,
                "total": 6
              }
            },
            {
              "batter": "Junaid Aziz",
              "bowler": "IK Gamantika",
              "non_striker": "Rizwan Butt",
              "runs": {
                "batter": 2,
                "extras": 0,
                "total": 2
              }
            },
            {
              "batter": "Junaid Aziz",
              "bowler": "IK Gamantika",
              "non_striker": "Rizwan Butt",
              "runs": {
                "batter": 0,
                "extras": 0,
                "total": 0
              }
            }
          ]
        },
        {
          "over": 14,
          "deliveries": [
            {
              "batter": "Rizwan Butt",
              "bowler": "DJ Hawoe",
              "non_striker": "Junaid Aziz",
              "runs": {
                "batter": 1,
                "extras": 0,
                "total": 1
              }
            },
            {
              "batter": "Junaid Aziz",
              "bowler": "DJ Hawoe",
              "non_striker": "Rizwan Butt",
              "runs": {
                "batter": 1,
                "extras": 0,
                "total": 1
              }
            },
            {
              "batter": "Rizwan Butt",
              "bowler": "DJ Hawoe",
              "non_striker": "Junaid Aziz",
              "runs": {
                "batter": 0,
                "extras": 0,
                "total": 0
              }
            },
            {
              "batter": "Rizwan Butt",
              "bowler": "DJ Hawoe",
              "extras": {
                "wides": 1
              },
              "non_striker": "Junaid Aziz",
              "runs": {
                "batter": 0,
                "extras": 1,
                "total": 1
              }
            },
            {
              "batter": "Rizwan Butt",
              "bowler": "DJ Hawoe",
              "non_striker": "Junaid Aziz",
              "runs": {
                "batter": 0,
                "extras": 0,
                "total": 0
              }
            },
            {
              "batter": "Rizwan Butt",
              "bowler": "DJ Hawoe",
              "non_striker": "Junaid Aziz",
              "runs": {
                "batter": 2,
                "extras": 0,
                "total": 2
              }
            },
            {
              "batter": "Rizwan Butt",
              "bowler": "DJ Hawoe",
              "non_striker": "Junaid Aziz",
              "runs": {
                "batter": 0,
                "extras": 0,
                "total": 0
              }
            }
          ]
        },
        {
          "over": 15,
          "deliveries": [
            {
              "batter": "Junaid Aziz",
              "bowler": "IK Gamantika",
              "non_striker": "Rizwan Butt",
              "runs": {
                "batter": 0,
                "extras": 0,
                "total": 0
              }
            },
            {
              "batter": "Junaid Aziz",
              "bowler": "IK Gamantika",
              "non_striker": "Rizwan Butt",
              "runs": {
                "batter": 1,
                "extras": 0,
                "total": 1
              }
            },
            {
              "batter": "Rizwan Butt",
              "bowler": "IK Gamantika",
              "non_striker": "Junaid Aziz",
              "runs": {
                "batter": 1,
                "extras": 0,
                "total": 1
              }
            },
            {
              "batter": "Junaid Aziz",
              "bowler": "IK Gamantika",
              "non_striker": "Rizwan Butt",
              "runs": {
                "batter": 6,
                "extras": 0,
                "total": 6
              }
            },
            {
              "batter": "Junaid Aziz",
              "bowler": "IK Gamantika",
              "non_striker": "Rizwan Butt",
              "runs": {
                "batter": 6,
                "extras": 0,
                "total": 6
              }
            },
            {
              "batter": "Junaid Aziz",
              "bowler": "IK Gamantika",
              "non_striker": "Rizwan Butt",
              "runs": {
                "batter": 1,
                "extras": 0,
                "total": 1
              }
            }
          ]
        },
        {
          "over": 16,
          "deliveries": [
            {
              "batter": "Junaid Aziz",
              "bowler": "DJ Hawoe",
              "non_striker": "Rizwan Butt",
              "runs": {
                "batter": 1,
                "extras": 0,
                "total": 1
              }
            },
            {
              "batter": "Rizwan Butt",
              "bowler": "DJ Hawoe",
              "non_striker": "Junaid Aziz",
              "runs": {
                "batter": 1,
                "extras": 0,
                "total": 1
              }
            },
            {
              "batter": "Junaid Aziz",
              "bowler": "DJ Hawoe",
              "non_striker": "Rizwan Butt",
              "runs": {
                "batter": 1,
                "extras": 0,
                "total": 1
              }
            },
            {
              "batter": "Rizwan Butt",
              "bowler": "DJ Hawoe",
              "non_striker": "Junaid Aziz",
              "runs": {
                "batter": 0,
                "extras": 0,
                "total": 0
              }
            },
            {
              "batter": "Rizwan Butt",
              "bowler": "DJ Hawoe",
              "non_striker": "Junaid Aziz",
              "runs": {
                "batter": 0,
                "extras": 0,
                "total": 0
              },
              "wickets": [
                {
                  "player_out": "Rizwan Butt",
                  "fielders": [
                    {
                      "name": "IKEG Artawan"
                    }
                  ],
                  "kind": "caught"
                }
              ]
            },
            {
              "batter": "S Sarthak",
              "bowler": "DJ Hawoe",
              "non_striker": "Junaid Aziz",
              "runs": {
                "batter": 1,
                "extras": 0,
                "total": 1
              }
            }
          ]
        },
        {
          "over": 17,
          "deliveries": [
            {
              "batter": "S Sarthak",
              "bowler": "F Banunaek",
              "non_striker": "Junaid Aziz",
              "runs": {
                "batter": 1,
                "extras": 0,
                "total": 1
              }
            },
            {
              "batter": "Junaid Aziz",
              "bowler": "F Banunaek",
              "extras": {
                "wides": 1
              },
              "non_striker": "S Sarthak",
              "runs": {
                "batter": 0,
                "extras": 1,
                "total": 1
              }
            },
            {
              "batter": "Junaid Aziz",
              "bowler": "F Banunaek",
              "non_striker": "S Sarthak",
              "runs": {
                "batter": 0,
                "extras": 0,
                "total": 0
              }
            },
            {
              "batter": "Junaid Aziz",
              "bowler": "F Banunaek",
              "extras": {
                "wides": 1
              },
              "non_striker": "S Sarthak",
              "runs": {
                "batter": 0,
                "extras": 1,
                "total": 1
              }
            },
            {
              "batter": "Junaid Aziz",
              "bowler": "F Banunaek",
              "non_striker": "S Sarthak",
              "runs": {
                "batter": 1,
                "extras": 0,
                "total": 1
              }
            },
            {
              "batter": "S Sarthak",
              "bowler": "F Banunaek",
              "non_striker": "Junaid Aziz",
              "runs": {
                "batter": 0,
                "extras": 0,
                "total": 0
              }
            },
            {
              "batter": "S Sarthak",
              "bowler": "F Banunaek",
              "non_striker": "Junaid Aziz",
              "runs": {
                "batter": 2,
                "extras": 0,
                "total": 2
              }
            },
            {
              "batter": "S Sarthak",
              "bowler": "F Banunaek",
              "non_striker": "Junaid Aziz",
              "runs": {
                "batter": 1,
                "extras": 0,
                "total": 1
              },
              "wickets": [
                {
                  "player_out": "S Sarthak",
                  "fielders": [
                    {
                      "name": "KC Ramamoorthy"
                    },
                    {
                      "name": "Ahmad Ramdoni"
                    }
                  ],
                  "kind": "run out"
                }
              ]
            }
          ]
        },
        {
          "over": 18,
          "deliveries": [
            {
              "batter": "Junaid Aziz",
              "bowler": "PR Surve",
              "non_striker": "Asif Shaikh",
              "runs": {
                "batter": 6,
                "extras": 0,
                "total": 6
              }
            },
            {
              "batter": "Junaid Aziz",
              "bowler": "PR Surve",
              "non_striker": "Asif Shaikh",
              "runs": {
                "batter": 0,
                "extras": 0,
                "total": 0
              },
              "wickets": [
                {
                  "player_out": "Junaid Aziz",
                  "fielders": [
                    {
                      "name": "DJ Hawoe"
                    }
                  ],
                  "kind": "caught"
                }
              ]
            },
            {
              "batter": "Abdul Majid Abbasi",
              "bowler": "PR Surve",
              "non_striker": "Asif Shaikh",
              "runs": {
                "batter": 0,
                "extras": 0,
                "total": 0
              }
            },
            {
              "batter": "Abdul Majid Abbasi",
              "bowler": "PR Surve",
              "non_striker": "Asif Shaikh",
              "runs": {
                "batter": 1,
                "extras": 0,
                "total": 1
              }
            },
            {
              "batter": "Asif Shaikh",
              "bowler": "PR Surve",
              "non_striker": "Abdul Majid Abbasi",
              "runs": {
                "batter": 0,
                "extras": 0,
                "total": 0
              }
            },
            {
              "batter": "Asif Shaikh",
              "bowler": "PR Surve",
              "non_striker": "Abdul Majid Abbasi",
              "runs": {
                "batter": 0,
                "extras": 0,
                "total": 0
              }
            }
          ]
        },
        {
          "over": 19,
          "deliveries": [
            {
              "batter": "Abdul Majid Abbasi",
              "bowler": "F Banunaek",
              "non_striker": "Asif Shaikh",
              "runs": {
                "batter": 0,
                "extras": 0,
                "total": 0
              },
              "wickets": [
                {
                  "player_out": "Abdul Majid Abbasi",
                  "kind": "lbw"
                }
              ]
            },
            {
              "batter": "Imran Khan",
              "bowler": "F Banunaek",
              "non_striker": "Asif Shaikh",
              "runs": {
                "batter": 0,
                "extras": 0,
                "total": 0
              },
              "wickets": [
                {
                  "player_out": "Imran Khan",
                  "fielders": [
                    {
                      "name": "DJ Hawoe"
                    }
                  ],
                  "kind": "caught"
                }
              ]
            }
          ]
        }
      ],
      "powerplays": [
        {
          "from": 0.1,
          "to": 5.6,
          "type": "mandatory"
        }
      ]
    },
    {
      "team": "Indonesia",
      "overs": [
        {
          "over": 0,
          "deliveries": [
            {
              "batter": "KD Kesuma",
              "bowler": "Rizwan Butt",
              "non_striker": "Gaurav Tiwari",
              "runs": {
                "batter": 0,
                "extras": 0,
                "total": 0
              }
            },
            {
              "batter": "KD Kesuma",
              "bowler": "Rizwan Butt",
              "non_striker": "Gaurav Tiwari",
              "runs": {
                "batter": 0,
                "extras": 0,
                "total": 0
              }
            },
            {
              "batter": "KD Kesuma",
              "bowler": "Rizwan Butt",
              "non_striker": "Gaurav Tiwari",
              "runs": {
                "batter": 0,
                "extras": 0,
                "total": 0
              }
            },
            {
              "batter": "KD Kesuma",
              "bowler": "Rizwan Butt",
              "non_striker": "Gaurav Tiwari",
              "runs": {
                "batter": 0,
                "extras": 0,
                "total": 0
              }
            },
            {
              "batter": "KD Kesuma",
              "bowler": "Rizwan Butt",
              "non_striker": "Gaurav Tiwari",
              "runs": {
                "batter": 0,
                "extras": 0,
                "total": 0
              }
            },
            {
              "batter": "KD Kesuma",
              "bowler": "Rizwan Butt",
              "non_striker": "Gaurav Tiwari",
              "runs": {
                "batter": 4,
                "extras": 0,
                "total": 4
              }
            }
          ]
        },
        {
          "over": 1,
          "deliveries": [
            {
              "batter": "Gaurav Tiwari",
              "bowler": "Imran Khan",
              "non_striker": "KD Kesuma",
              "runs": {
                "batter": 0,
                "extras": 0,
                "total": 0
              }
            },
            {
              "batter": "Gaurav Tiwari",
              "bowler": "Imran Khan",
              "non_striker": "KD Kesuma",
              "runs": {
                "batter": 0,
                "extras": 0,
                "total": 0
              }
            },
            {
              "batter": "Gaurav Tiwari",
              "bowler": "Imran Khan",
              "non_striker": "KD Kesuma",
              "runs": {
                "batter": 1,
                "extras": 0,
                "total": 1
              }
            },
            {
              "batter": "KD Kesuma",
              "bowler": "Imran Khan",
              "non_striker": "Gaurav Tiwari",
              "runs": {
                "batter": 1,
                "extras": 0,
                "total": 1
              }
            },
            {
              "batter": "Gaurav Tiwari",
              "bowler": "Imran Khan",
              "non_striker": "KD Kesuma",
              "runs": {
                "batter": 0,
                "extras": 0,
                "total": 0
              }
            },
            {
              "batter": "Gaurav Tiwari",
              "bowler": "Imran Khan",
              "non_striker": "KD Kesuma",
              "runs": {
                "batter": 0,
                "extras": 0,
                "total": 0
              }
            }
          ]
        },
        {
          "over": 2,
          "deliveries": [
            {
              "batter": "KD Kesuma",
              "bowler": "Rizwan Butt",
              "extras": {
                "wides": 2
              },
              "non_striker": "Gaurav Tiwari",
              "runs": {
                "batter": 0,
                "extras": 2,
                "total": 2
              }
            },
            {
              "batter": "Gaurav Tiwari",
              "bowler": "Rizwan Butt",
              "non_striker": "KD Kesuma",
              "runs": {
                "batter": 0,
                "extras": 0,
                "total": 0
              }
            },
            {
              "batter": "Gaurav Tiwari",
              "bowler": "Rizwan Butt",
              "non_striker": "KD Kesuma",
              "runs": {
                "batter": 0,
                "extras": 0,
                "total": 0
              }
            },
            {
              "batter": "Gaurav Tiwari",
              "bowler": "Rizwan Butt",
              "non_striker": "KD Kesuma",
              "runs": {
                "batter": 0,
                "extras": 0,
                "total": 0
              }
            },
            {
              "batter": "Gaurav Tiwari",
              "bowler": "Rizwan Butt",
              "non_striker": "KD Kesuma",
              "runs": {
                "batter": 4,
                "extras": 0,
                "total": 4
              }
            },
            {
              "batter": "Gaurav Tiwari",
              "bowler": "Rizwan Butt",
              "non_striker": "KD Kesuma",
              "runs": {
                "batter": 0,
                "extras": 0,
                "total": 0
              }
            },
            {
              "batter": "Gaurav Tiwari",
              "bowler": "Rizwan Butt",
              "non_striker": "KD Kesuma",
              "runs": {
                "batter": 0,
                "extras": 0,
                "total": 0
              }
            }
          ]
        },
        {
          "over": 3,
          "deliveries": [
            {
              "batter": "KD Kesuma",
              "bowler": "Imran Khan",
              "non_striker": "Gaurav Tiwari",
              "runs": {
                "batter": 6,
                "extras": 0,
                "total": 6
              }
            },
            {
              "batter": "KD Kesuma",
              "bowler": "Imran Khan",
              "non_striker": "Gaurav Tiwari",
              "runs": {
                "batter": 1,
                "extras": 0,
                "total": 1
              }
            },
            {
              "batter": "Gaurav Tiwari",
              "bowler": "Imran Khan",
              "non_striker": "KD Kesuma",
              "runs": {
                "batter": 0,
                "extras": 0,
                "total": 0
              }
            },
            {
              "batter": "Gaurav Tiwari",
              "bowler": "Imran Khan",
              "non_striker": "KD Kesuma",
              "runs": {
                "batter": 1,
                "extras": 0,
                "total": 1
              }
            },
            {
              "batter": "KD Kesuma",
              "bowler": "Imran Khan",
              "non_striker": "Gaurav Tiwari",
              "runs": {
                "batter": 0,
                "extras": 0,
                "total": 0
              }
            },
            {
              "batter": "KD Kesuma",
              "bowler": "Imran Khan",
              "non_striker": "Gaurav Tiwari",
              "runs": {
                "batter": 0,
                "extras": 0,
                "total": 0
              },
              "wickets": [
                {
                  "player_out": "KD Kesuma",
                  "fielders": [
                    {
                      "name": "Junaid Aziz"
                    }
                  ],
                  "kind": "caught"
                }
              ]
            }
          ]
        },
        {
          "over": 4,
          "deliveries": [
            {
              "batter": "Gaurav Tiwari",
              "bowler": "Rizwan Butt",
              "non_striker": "J Dzulfikar",
              "runs": {
                "batter": 0,
                "extras": 0,
                "total": 0
              }
            },
            {
              "batter": "Gaurav Tiwari",
              "bowler": "Rizwan Butt",
              "non_striker": "J Dzulfikar",
              "runs": {
                "batter": 0,
                "extras": 0,
                "total": 0
              }
            },
            {
              "batter": "Gaurav Tiwari",
              "bowler": "Rizwan Butt",
              "non_striker": "J Dzulfikar",
              "runs": {
                "batter": 0,
                "extras": 0,
                "total": 0
              }
            },
            {
              "batter": "Gaurav Tiwari",
              "bowler": "Rizwan Butt",
              "non_striker": "J Dzulfikar",
              "runs": {
                "batter": 1,
                "extras": 0,
                "total": 1
              }
            },
            {
              "batter": "J Dzulfikar",
              "bowler": "Rizwan Butt",
              "non_striker": "Gaurav Tiwari",
              "runs": {
                "batter": 0,
                "extras": 0,
                "total": 0
              }
            },
            {
              "batter": "J Dzulfikar",
              "bowler": "Rizwan Butt",
              "non_striker": "Gaurav Tiwari",
              "runs": {
                "batter": 0,
                "extras": 0,
                "total": 0
              }
            }
          ]
        },
        {
          "over": 5,
          "deliveries": [
            {
              "batter": "Gaurav Tiwari",
              "bowler": "Imran Khan",
              "non_striker": "J Dzulfikar",
              "runs": {
                "batter": 1,
                "extras": 0,
                "total": 1
              }
            },
            {
              "batter": "J Dzulfikar",
              "bowler": "Imran Khan",
              "non_striker": "Gaurav Tiwari",
              "runs": {
                "batter": 1,
                "extras": 0,
                "total": 1
              }
            },
            {
              "batter": "Gaurav Tiwari",
              "bowler": "Imran Khan",
              "non_striker": "J Dzulfikar",
              "runs": {
                "batter": 0,
                "extras": 0,
                "total": 0
              }
            },
            {
              "batter": "Gaurav Tiwari",
              "bowler": "Imran Khan",
              "non_striker": "J Dzulfikar",
              "runs": {
                "batter": 0,
                "extras": 0,
                "total": 0
              }
            },
            {
              "batter": "Gaurav Tiwari",
              "bowler": "Imran Khan",
              "non_striker": "J Dzulfikar",
              "runs": {
                "batter": 4,
                "extras": 0,
                "total": 4
              }
            },
            {
              "batter": "Gaurav Tiwari",
              "bowler": "Imran Khan",
              "non_striker": "J Dzulfikar",
              "runs": {
                "batter": 1,
                "extras": 0,
                "total": 1
              }
            }
          ]
        },
        {
          "over": 6,
          "deliveries": [
            {
              "batter": "Gaurav Tiwari",
              "bowler": "Abdul Majid Abbasi",
              "non_striker": "J Dzulfikar",
              "runs": {
                "batter": 0,
                "extras": 0,
                "total": 0
              }
            },
            {
              "batter": "Gaurav Tiwari",
              "bowler": "Abdul Majid Abbasi",
              "non_striker": "J Dzulfikar",
              "runs": {
                "batter": 0,
                "extras": 0,
                "total": 0
              }
            },
            {
              "batter": "Gaurav Tiwari",
              "bowler": "Abdul Majid Abbasi",
              "non_striker": "J Dzulfikar",
              "runs": {
                "batter": 1,
                "extras": 0,
                "total": 1
              }
            },
            {
              "batter": "J Dzulfikar",
              "bowler": "Abdul Majid Abbasi",
              "non_striker": "Gaurav Tiwari",
              "runs": {
                "batter": 0,
                "extras": 0,
                "total": 0
              }
            },
            {
              "batter": "J Dzulfikar",
              "bowler": "Abdul Majid Abbasi",
              "non_striker": "Gaurav Tiwari",
              "runs": {
                "batter": 0,
                "extras": 0,
                "total": 0
              }
            },
            {
              "batter": "J Dzulfikar",
              "bowler": "Abdul Majid Abbasi",
              "non_striker": "Gaurav Tiwari",
              "runs": {
                "batter": 0,
                "extras": 0,
                "total": 0
              }
            }
          ]
        },
        {
          "over": 7,
          "deliveries": [
            {
              "batter": "Gaurav Tiwari",
              "bowler": "Asif Shaikh",
              "non_striker": "J Dzulfikar",
              "runs": {
                "batter": 1,
                "extras": 0,
                "total": 1
              }
            },
            {
              "batter": "J Dzulfikar",
              "bowler": "Asif Shaikh",
              "non_striker": "Gaurav Tiwari",
              "runs": {
                "batter": 0,
                "extras": 0,
                "total": 0
              }
            },
            {
              "batter": "J Dzulfikar",
              "bowler": "Asif Shaikh",
              "non_striker": "Gaurav Tiwari",
              "runs": {
                "batter": 0,
                "extras": 0,
                "total": 0
              }
            },
            {
              "batter": "J Dzulfikar",
              "bowler": "Asif Shaikh",
              "non_striker": "Gaurav Tiwari",
              "runs": {
                "batter": 1,
                "extras": 0,
                "total": 1
              }
            },
            {
              "batter": "Gaurav Tiwari",
              "bowler": "Asif Shaikh",
              "non_striker": "J Dzulfikar",
              "runs": {
                "batter": 4,
                "extras": 0,
                "total": 4
              }
            },
            {
              "batter": "Gaurav Tiwari",
              "bowler": "Asif Shaikh",
              "non_striker": "J Dzulfikar",
              "runs": {
                "batter": 4,
                "extras": 0,
                "total": 4
              }
            }
          ]
        },
        {
          "over": 8,
          "deliveries": [
            {
              "batter": "J Dzulfikar",
              "bowler": "Abdul Majid Abbasi",
              "non_striker": "Gaurav Tiwari",
              "runs": {
                "batter": 0,
                "extras": 0,
                "total": 0
              }
            },
            {
              "batter": "J Dzulfikar",
              "bowler": "Abdul Majid Abbasi",
              "non_striker": "Gaurav Tiwari",
              "runs": {
                "batter": 0,
                "extras": 0,
                "total": 0
              }
            },
            {
              "batter": "J Dzulfikar",
              "bowler": "Abdul Majid Abbasi",
              "non_striker": "Gaurav Tiwari",
              "runs": {
                "batter": 2,
                "extras": 0,
                "total": 2
              }
            },
            {
              "batter": "J Dzulfikar",
              "bowler": "Abdul Majid Abbasi",
              "non_striker": "Gaurav Tiwari",
              "runs": {
                "batter": 0,
                "extras": 0,
                "total": 0
              }
            },
            {
              "batter": "J Dzulfikar",
              "bowler": "Abdul Majid Abbasi",
              "non_striker": "Gaurav Tiwari",
              "runs": {
                "batter": 0,
                "extras": 0,
                "total": 0
              }
            },
            {
              "batter": "J Dzulfikar",
              "bowler": "Abdul Majid Abbasi",
              "non_striker": "Gaurav Tiwari",
              "runs": {
                "batter": 0,
                "extras": 0,
                "total": 0
              }
            }
          ]
        },
        {
          "over": 9,
          "deliveries": [
            {
              "batter": "Gaurav Tiwari",
              "bowler": "Asif Shaikh",
              "non_striker": "J Dzulfikar",
              "runs": {
                "batter": 1,
                "extras": 0,
                "total": 1
              }
            },
            {
              "batter": "J Dzulfikar",
              "bowler": "Asif Shaikh",
              "non_striker": "Gaurav Tiwari",
              "runs": {
                "batter": 0,
                "extras": 0,
                "total": 0
              }
            },
            {
              "batter": "J Dzulfikar",
              "bowler": "Asif Shaikh",
              "non_striker": "Gaurav Tiwari",
              "runs": {
                "batter": 1,
                "extras": 0,
                "total": 1
              }
            },
            {
              "batter": "Gaurav Tiwari",
              "bowler": "Asif Shaikh",
              "non_striker": "J Dzulfikar",
              "runs": {
                "batter": 0,
                "extras": 0,
                "total": 0
              }
            },
            {
              "batter": "Gaurav Tiwari",
              "bowler": "Asif Shaikh",
              "non_striker": "J Dzulfikar",
              "runs": {
                "batter": 1,
                "extras": 0,
                "total": 1
              }
            },
            {
              "batter": "J Dzulfikar",
              "bowler": "Asif Shaikh",
              "non_striker": "Gaurav Tiwari",
              "runs": {
                "batter": 1,
                "extras": 0,
                "total": 1
              }
            }
          ]
        },
        {
          "over": 10,
          "deliveries": [
            {
              "batter": "J Dzulfikar",
              "bowler": "Abdul Majid Abbasi",
              "non_striker": "Gaurav Tiwari",
              "runs": {
                "batter": 1,
                "extras": 0,
                "total": 1
              }
            },
            {
              "batter": "Gaurav Tiwari",
              "bowler": "Abdul Majid Abbasi",
              "non_striker": "J Dzulfikar",
              "runs": {
                "batter": 0,
                "extras": 0,
                "total": 0
              }
            },
            {
              "batter": "Gaurav Tiwari",
              "bowler": "Abdul Majid Abbasi",
              "non_striker": "J Dzulfikar",
              "runs": {
                "batter": 1,
                "extras": 0,
                "total": 1
              }
            },
            {
              "batter": "J Dzulfikar",
              "bowler": "Abdul Majid Abbasi",
              "non_striker": "Gaurav Tiwari",
              "runs": {
                "batter": 0,
                "extras": 0,
                "total": 0
              }
            },
            {
              "batter": "J Dzulfikar",
              "bowler": "Abdul Majid Abbasi",
              "non_striker": "Gaurav Tiwari",
              "runs": {
                "batter": 0,
                "extras": 0,
                "total": 0
              },
              "wickets": [
                {
                  "player_out": "J Dzulfikar",
                  "fielders": [
                    {
                      "name": "P Kurup"
                    }
                  ],
                  "kind": "caught"
                }
              ]
            },
            {
              "batter": "PR Surve",
              "bowler": "Abdul Majid Abbasi",
              "non_striker": "Gaurav Tiwari",
              "runs": {
                "batter": 1,
                "extras": 0,
                "total": 1
              }
            }
          ]
        },
        {
          "over": 11,
          "deliveries": [
            {
              "batter": "PR Surve",
              "bowler": "Asif Shaikh",
              "non_striker": "Gaurav Tiwari",
              "runs": {
                "batter": 0,
                "extras": 0,
                "total": 0
              }
            },
            {
              "batter": "PR Surve",
              "bowler": "Asif Shaikh",
              "non_striker": "Gaurav Tiwari",
              "runs": {
                "batter": 0,
                "extras": 0,
                "total": 0
              }
            },
            {
              "batter": "PR Surve",
              "bowler": "Asif Shaikh",
              "non_striker": "Gaurav Tiwari",
              "runs": {
                "batter": 1,
                "extras": 0,
                "total": 1
              }
            },
            {
              "batter": "Gaurav Tiwari",
              "bowler": "Asif Shaikh",
              "non_striker": "PR Surve",
              "runs": {
                "batter": 1,
                "extras": 0,
                "total": 1
              }
            },
            {
              "batter": "PR Surve",
              "bowler": "Asif Shaikh",
              "non_striker": "Gaurav Tiwari",
              "runs": {
                "batter": 0,
                "extras": 0,
                "total": 0
              }
            },
            {
              "batter": "PR Surve",
              "bowler": "Asif Shaikh",
              "non_striker": "Gaurav Tiwari",
              "runs": {
                "batter": 0,
                "extras": 0,
                "total": 0
              }
            }
          ]
        },
        {
          "over": 12,
          "deliveries": [
            {
              "batter": "Gaurav Tiwari",
              "bowler": "S Sarthak",
              "non_striker": "PR Surve",
              "runs": {
                "batter": 6,
                "extras": 0,
                "total": 6
              }
            },
            {
              "batter": "Gaurav Tiwari",
              "bowler": "S Sarthak",
              "non_striker": "PR Surve",
              "runs": {
                "batter": 1,
                "extras": 0,
                "total": 1
              }
            },
            {
              "batter": "PR Surve",
              "bowler": "S Sarthak",
              "non_striker": "Gaurav Tiwari",
              "runs": {
                "batter": 1,
                "extras": 0,
                "total": 1
              }
            },
            {
              "batter": "Gaurav Tiwari",
              "bowler": "S Sarthak",
              "non_striker": "PR Surve",
              "runs": {
                "batter": 1,
                "extras": 0,
                "total": 1
              }
            },
            {
              "batter": "PR Surve",
              "bowler": "S Sarthak",
              "non_striker": "Gaurav Tiwari",
              "runs": {
                "batter": 4,
                "extras": 0,
                "total": 4
              }
            },
            {
              "batter": "PR Surve",
              "bowler": "S Sarthak",
              "non_striker": "Gaurav Tiwari",
              "runs": {
                "batter": 0,
                "extras": 0,
                "total": 0
              }
            }
          ]
        },
        {
          "over": 13,
          "deliveries": [
            {
              "batter": "Gaurav Tiwari",
              "bowler": "Asif Shaikh",
              "extras": {
                "wides": 2
              },
              "non_striker": "PR Surve",
              "runs": {
                "batter": 0,
                "extras": 2,
                "total": 2
              }
            },
            {
              "batter": "PR Surve",
              "bowler": "Asif Shaikh",
              "non_striker": "Gaurav Tiwari",
              "runs": {
                "batter": 0,
                "extras": 0,
                "total": 0
              }
            },
            {
              "batter": "PR Surve",
              "bowler": "Asif Shaikh",
              "non_striker": "Gaurav Tiwari",
              "runs": {
                "batter": 0,
                "extras": 0,
                "total": 0
              }
            },
            {
              "batter": "PR Surve",
              "bowler": "Asif Shaikh",
              "non_striker": "Gaurav Tiwari",
              "runs": {
                "batter": 1,
                "extras": 0,
                "total": 1
              }
            },
            {
              "batter": "Gaurav Tiwari",
              "bowler": "Asif Shaikh",
              "non_striker": "PR Surve",
              "runs": {
                "batter": 1,
                "extras": 0,
                "total": 1
              }
            },
            {
              "batter": "PR Surve",
              "bowler": "Asif Shaikh",
              "non_striker": "Gaurav Tiwari",
              "runs": {
                "batter": 0,
                "extras": 0,
                "total": 0
              }
            },
            {
              "batter": "PR Surve",
              "bowler": "Asif Shaikh",
              "non_striker": "Gaurav Tiwari",
              "runs": {
                "batter": 1,
                "extras": 0,
                "total": 1
              }
            }
          ]
        },
        {
          "over": 14,
          "deliveries": [
            {
              "batter": "PR Surve",
              "bowler": "Sohail Ahmed",
              "non_striker": "Gaurav Tiwari",
              "runs": {
                "batter": 0,
                "extras": 0,
                "total": 0
              }
            },
            {
              "batter": "PR Surve",
              "bowler": "Sohail Ahmed",
              "non_striker": "Gaurav Tiwari",
              "runs": {
                "batter": 2,
                "extras": 0,
                "total": 2
              }
            },
            {
              "batter": "PR Surve",
              "bowler": "Sohail Ahmed",
              "non_striker": "Gaurav Tiwari",
              "runs": {
                "batter": 1,
                "extras": 0,
                "total": 1
              }
            },
            {
              "batter": "Gaurav Tiwari",
              "bowler": "Sohail Ahmed",
              "non_striker": "PR Surve",
              "runs": {
                "batter": 1,
                "extras": 0,
                "total": 1
              }
            },
            {
              "batter": "PR Surve",
              "bowler": "Sohail Ahmed",
              "non_striker": "Gaurav Tiwari",
              "runs": {
                "batter": 1,
                "extras": 0,
                "total": 1
              }
            },
            {
              "batter": "Gaurav Tiwari",
              "bowler": "Sohail Ahmed",
              "non_striker": "PR Surve",
              "runs": {
                "batter": 6,
                "extras": 0,
                "total": 6
              }
            }
          ]
        },
        {
          "over": 15,
          "deliveries": [
            {
              "batter": "PR Surve",
              "bowler": "Abdul Majid Abbasi",
              "non_striker": "Gaurav Tiwari",
              "runs": {
                "batter": 1,
                "extras": 0,
                "total": 1
              }
            },
            {
              "batter": "Gaurav Tiwari",
              "bowler": "Abdul Majid Abbasi",
              "non_striker": "PR Surve",
              "runs": {
                "batter": 0,
                "extras": 0,
                "total": 0
              }
            },
            {
              "batter": "Gaurav Tiwari",
              "bowler": "Abdul Majid Abbasi",
              "non_striker": "PR Surve",
              "runs": {
                "batter": 1,
                "extras": 0,
                "total": 1
              }
            },
            {
              "batter": "PR Surve",
              "bowler": "Abdul Majid Abbasi",
              "non_striker": "Gaurav Tiwari",
              "runs": {
                "batter": 1,
                "extras": 0,
                "total": 1
              }
            },
            {
              "batter": "Gaurav Tiwari",
              "bowler": "Abdul Majid Abbasi",
              "non_striker": "PR Surve",
              "runs": {
                "batter": 1,
                "extras": 0,
                "total": 1
              }
            },
            {
              "batter": "PR Surve",
              "bowler": "Abdul Majid Abbasi",
              "non_striker": "Gaurav Tiwari",
              "runs": {
                "batter": 6,
                "extras": 0,
                "total": 6
              }
            }
          ]
        },
        {
          "over": 16,
          "deliveries": [
            {
              "batter": "Gaurav Tiwari",
              "bowler": "Rizwan Butt",
              "non_striker": "PR Surve",
              "runs": {
                "batter": 0,
                "extras": 0,
                "total": 0
              }
            },
            {
              "batter": "Gaurav Tiwari",
              "bowler": "Rizwan Butt",
              "non_striker": "PR Surve",
              "runs": {
                "batter": 1,
                "extras": 0,
                "total": 1
              }
            },
            {
              "batter": "PR Surve",
              "bowler": "Rizwan Butt",
              "non_striker": "Gaurav Tiwari",
              "runs": {
                "batter": 1,
                "extras": 0,
                "total": 1
              }
            },
            {
              "batter": "Gaurav Tiwari",
              "bowler": "Rizwan Butt",
              "non_striker": "PR Surve",
              "runs": {
                "batter": 2,
                "extras": 0,
                "total": 2
              }
            },
            {
              "batter": "Gaurav Tiwari",
              "bowler": "Rizwan Butt",
              "non_striker": "PR Surve",
              "runs": {
                "batter": 1,
                "extras": 0,
                "total": 1
              }
            },
            {
              "batter": "PR Surve",
              "bowler": "Rizwan Butt",
              "non_striker": "Gaurav Tiwari",
              "runs": {
                "batter": 1,
                "extras": 0,
                "total": 1
              }
            }
          ]
        },
        {
          "over": 17,
          "deliveries": [
            {
              "batter": "PR Surve",
              "bowler": "Sohail Ahmed",
              "non_striker": "Gaurav Tiwari",
              "runs": {
                "batter": 1,
                "extras": 0,
                "total": 1
              }
            },
            {
              "batter": "Gaurav Tiwari",
              "bowler": "Sohail Ahmed",
              "non_striker": "PR Surve",
              "runs": {
                "batter": 1,
                "extras": 0,
                "total": 1
              }
            },
            {
              "batter": "PR Surve",
              "bowler": "Sohail Ahmed",
              "non_striker": "Gaurav Tiwari",
              "runs": {
                "batter": 4,
                "extras": 0,
                "total": 4
              }
            },
            {
              "batter": "PR Surve",
              "bowler": "Sohail Ahmed",
              "non_striker": "Gaurav Tiwari",
              "runs": {
                "batter": 1,
                "extras": 0,
                "total": 1
              }
            },
            {
              "batter": "Gaurav Tiwari",
              "bowler": "Sohail Ahmed",
              "non_striker": "PR Surve",
              "runs": {
                "batter": 1,
                "extras": 0,
                "total": 1
              }
            },
            {
              "batter": "PR Surve",
              "bowler": "Sohail Ahmed",
              "non_striker": "Gaurav Tiwari",
              "runs": {
                "batter": 6,
                "extras": 0,
                "total": 6
              }
            }
          ]
        },
        {
          "over": 18,
          "deliveries": [
            {
              "batter": "Gaurav Tiwari",
              "bowler": "Imran Khan",
              "non_striker": "PR Surve",
              "runs": {
                "batter": 1,
                "extras": 0,
                "total": 1
              }
            },
            {
              "batter": "PR Surve",
              "bowler": "Imran Khan",
              "non_striker": "Gaurav Tiwari",
              "runs": {
                "batter": 6,
                "extras": 0,
                "total": 6
              }
            },
            {
              "batter": "PR Surve",
              "bowler": "Imran Khan",
              "non_striker": "Gaurav Tiwari",
              "runs": {
                "batter": 6,
                "extras": 0,
                "total": 6
              }
            },
            {
              "batter": "PR Surve",
              "bowler": "Imran Khan",
              "non_striker": "Gaurav Tiwari",
              "runs": {
                "batter": 1,
                "extras": 0,
                "total": 1
              }
            },
            {
              "batter": "Gaurav Tiwari",
              "bowler": "Imran Khan",
              "non_striker": "PR Surve",
              "runs": {
                "batter": 1,
                "extras": 0,
                "total": 1
              }
            },
            {
              "batter": "PR Surve",
              "bowler": "Imran Khan",
              "non_striker": "Gaurav Tiwari",
              "runs": {
                "batter": 1,
                "extras": 0,
                "total": 1
              }
            }
          ]
        },
        {
          "over": 19,
          "deliveries": [
            {
              "batter": "PR Surve",
              "bowler": "S Sarthak",
              "non_striker": "Gaurav Tiwari",
              "runs": {
                "batter": 1,
                "extras": 0,
                "total": 1
              }
            },
            {
              "batter": "Gaurav Tiwari",
              "bowler": "S Sarthak",
              "non_striker": "PR Surve",
              "runs": {
                "batter": 2,
                "extras": 0,
                "total": 2
              }
            },
            {
              "batter": "Gaurav Tiwari",
              "bowler": "S Sarthak",
              "non_striker": "PR Surve",
              "runs": {
                "batter": 0,
                "extras": 0,
                "total": 0
              }
            },
            {
              "batter": "Gaurav Tiwari",
              "bowler": "S Sarthak",
              "non_striker": "PR Surve",
              "runs": {
                "batter": 1,
                "extras": 0,
                "total": 1
              }
            }
          ]
        }
      ],
      "powerplays": [
        {
          "from": 0.1,
          "to": 5.6,
          "type": "mandatory"
        }
      ],
      "target": {
        "overs": 20,
        "runs": 129
      }
    }
  ]
}