{
  "meta": {
    "data_version": "1.1.0",
    "created": "2025-04-01",
    "revision": 1
  },
  "info": {
    "balls_per_over": 6,
    "city": "Mumbai",
    "dates": [
      "2025-03-31"
    ],
    "event": {
      "name": "Indian Premier League",
      "match_number": 12
    },
    "gender": "male",
    "match_type": "T20",
    "officials": {
      "match_referees": [
        "J Srinath"
      ],
      "reserve_umpires": [
        "Bhavesh Patel"
      ],
      "tv_umpires": [
        "Nitin Menon"
      ],
      "umpires": [
        "MV Saidharshan Kumar",
        "HAS Khalid"
      ]
    },
    "outcome": {
      "winner": "Mumbai Indians",
      "by": {
        "wickets": 8
      }
    },
    "overs": 20,
    "player_of_match": [
      "Ashwani Kumar"
    ],
    "players": {
      "Kolkata Knight Riders": [
        "Q de Kock",
        "SP Narine",
        "AM Rahane",
        "A Raghuvanshi",
        "VR Iyer",
        "RK Singh",
        "MK Pandey",
        "AD Russell",
        "Ramandeep Singh",
        "Harshit Rana",
        "SH Johnson",
        "CV Varun"
      ],
      "Mumbai Indians": [
        "V Puthur",
        "RG Sharma",
        "RD Rickelton",
        "WG Jacks",
        "SA Yadav",
        "Tilak Varma",
        "HH Pandya",
        "Naman Dhir",
        "MJ Santner",
        "DL Chahar",
        "TA Boult",
        "Ashwani Kumar"
      ]
    },
    "registry": {
      "people": {
        "A Raghuvanshi": "d7017798",
        "AD Russell": "bbd41817",
        "AM Rahane": "29e95537",
        "Ashwani Kumar": "d45c29b1",
        "Bhavesh Patel": "ee03dc30",
        "CV Varun": "5b7ab5a9",
        "DL Chahar": "23eeb873",
        "HAS Khalid": "291ded7c",
        "HH Pandya": "dbe50b21",
        "Harshit Rana": "77b1aa15",
        "J Srinath": "bad31fac",
        "MJ Santner": "e4a0deae",
        "MK Pandey": "93b4fc78",
        "MV Saidharshan Kumar": "54b6007b",
        "Naman Dhir": "fffa744b",
        "Nitin Menon": "e1d41d9e",
        "Q de Kock": "372455c4",
        "RD Rickelton": "e66732f8",
        "RG Sharma": "740742ef",
        "RK Singh": "0a509d6b",
        "Ramandeep Singh": "be24ead0",
        "SA Yadav": "271f83cd",
        "SH Johnson": "83c3e8e3",
        "SP Narine": "9d430b40",
        "TA Boult": "a818c1be",
        "Tilak Varma": "b0482a1d",
        "V Puthur": "1e030637",
        "VR Iyer": "a24be938",
        "WG Jacks": "9caf69a1"
      }
    },
    "season": "2025",
    "team_type": "club",
    "teams": [
      "Kolkata Knight Riders",
      "Mumbai Indians"
    ],
    "toss": {
      "decision": "field",
      "winner": "Mumbai Indians"
    },
    "venue": "Wankhede Stadium, Mumbai"
  },
  "innings": [
    {
      "team": "Kolkata Knight Riders",
      "overs": [
        {
          "over": 0,
          "deliveries": [
            {
              "batter": "Q de Kock",
              "bowler": "TA Boult",
              "non_striker": "SP Narine",
              "runs": {
                "batter": 0,
                "extras": 0,
                "total": 0
              }
            },
            {
              "batter": "Q de Kock",
              "bowler": "TA Boult",
              "non_striker": "SP Narine",
              "runs": {
                "batter": 1,
                "extras": 0,
                "total": 1
              }
            },
            {
              "batter": "SP Narine",
              "bowler": "TA Boult",
              "non_striker": "Q de Kock",
              "runs": {
                "batter": 0,
                "extras": 0,
                "total": 0
              }
            },
            {
              "batter": "SP Narine",
              "bowler": "TA Boult",
              "non_striker": "Q de Kock",
              "runs": {
                "batter": 0,
                "extras": 0,
                "total": 0
              },
              "wickets": [
                {
                  "player_out": "SP Narine",
                  "kind": "bowled"
                }
              ]
            },
            {
              "batter": "AM Rahane",
              "bowler": "TA Boult",
              "non_striker": "Q de Kock",
              "runs": {
                "batter": 0,
                "extras": 0,
                "total": 0
              }
            },
            {
              "batter": "AM Rahane",
              "bowler": "TA Boult",
              "non_striker": "Q de Kock",
              "runs": {
                "batter": 0,
                "extras": 0,
                "total": 0
              }
            }
          ]
        },
        {
          "over": 1,
          "deliveries": [
            {
              "batter": "Q de Kock",
              "bowler": "DL Chahar",
              "extras": {
                "wides": 1
              },
              "non_striker": "AM Rahane",
              "runs": {
                "batter": 0,
                "extras": 1,
                "total": 1
              }
            },
            {
              "batter": "Q de Kock",
              "bowler": "DL Chahar",
              "non_striker": "AM Rahane",
              "runs": {
                "batter": 0,
                "extras": 0,
                "total": 0
              },
              "wickets": [
                {
                  "player_out": "Q de Kock",
                  "fielders": [
                    {
                      "name": "Ashwani Kumar"
                    }
                  ],
                  "kind": "caught"
                }
              ]
            },
            {
              "batter": "A Raghuvanshi",
              "bowler": "DL Chahar",
              "non_striker": "AM Rahane",
              "runs": {
                "batter": 4,
                "extras": 0,
                "total": 4
              }
            },
            {
              "batter": "A Raghuvanshi",
              "bowler": "DL Chahar",
              "non_striker": "AM Rahane",
              "runs": {
                "batter": 4,
                "extras": 0,
                "total": 4
              }
            },
            {
              "batter": "A Raghuvanshi",
              "bowler": "DL Chahar",
              "non_striker": "AM Rahane",
              "runs": {
                "batter": 1,
                "extras": 0,
                "total": 1
              }
            },
            {
              "batter": "AM Rahane",
              "bowler": "DL Chahar",
              "non_striker": "A Raghuvanshi",
              "runs": {
                "batter": 0,
                "extras": 0,
                "total": 0
              }
            },
            {
              "batter": "AM Rahane",
              "bowler": "DL Chahar",
              "non_striker": "A Raghuvanshi",
              "runs": {
                "batter": 4,
                "extras": 0,
                "total": 4
              }
            }
          ]
        },
        {
          "over": 2,
          "deliveries": [
            {
              "batter": "A Raghuvanshi",
              "bowler": "TA Boult",
              "non_striker": "AM Rahane",
              "runs": {
                "batter": 1,
                "extras": 0,
                "total": 1
              }
            },
            {
              "batter": "AM Rahane",
              "bowler": "TA Boult",
              "non_striker": "A Raghuvanshi",
              "runs": {
                "batter": 6,
                "extras": 0,
                "total": 6
              }
            },
            {
              "batter": "AM Rahane",
              "bowler": "TA Boult",
              "non_striker": "A Raghuvanshi",
              "runs": {
                "batter": 1,
                "extras": 0,
                "total": 1
              }
            },
            {
              "batter": "A Raghuvanshi",
              "bowler": "TA Boult",
              "non_striker": "AM Rahane",
              "runs": {
                "batter": 2,
                "extras": 0,
                "total": 2
              }
            },
            {
              "batter": "A Raghuvanshi",
              "bowler": "TA Boult",
              "non_striker": "AM Rahane",
              "runs": {
                "batter": 0,
                "extras": 0,
                "total": 0
              }
            },
            {
              "batter": "A Raghuvanshi",
              "bowler": "TA Boult",
              "non_striker": "AM Rahane",
              "runs": {
                "batter": 0,
                "extras": 0,
                "total": 0
              }
            }
          ]
        },
        {
          "over": 3,
          "deliveries": [
            {
              "batter": "AM Rahane",
              "bowler": "Ashwani Kumar",
              "non_striker": "A Raghuvanshi",
              "runs": {
                "batter": 0,
                "extras": 0,
                "total": 0
              },
              "wickets": [
                {
                  "player_out": "AM Rahane",
                  "fielders": [
                    {
                      "name": "Tilak Varma"
                    }
                  ],
                  "kind": "caught"
                }
              ]
            },
            {
              "batter": "VR Iyer",
              "bowler": "Ashwani Kumar",
              "non_striker": "A Raghuvanshi",
              "runs": {
                "batter": 0,
                "extras": 0,
                "total": 0
              }
            },
            {
              "batter": "VR Iyer",
              "bowler": "Ashwani Kumar",
              "non_striker": "A Raghuvanshi",
              "runs": {
                "batter": 1,
                "extras": 0,
                "total": 1
              }
            },
            {
              "batter": "A Raghuvanshi",
              "bowler": "Ashwani Kumar",
              "non_striker": "VR Iyer",
              "runs": {
                "batter": 0,
                "extras": 0,
                "total": 0
              }
            },
            {
              "batter": "A Raghuvanshi",
              "bowler": "Ashwani Kumar",
              "non_striker": "VR Iyer",
              "runs": {
                "batter": 6,
                "extras": 0,
                "total": 6
              }
            },
            {
              "batter": "A Raghuvanshi",
              "bowler": "Ashwani Kumar",
              "non_striker": "VR Iyer",
              "runs": {
                "batter": 1,
                "extras": 0,
                "total": 1
              }
            }
          ]
        },
        {
          "over": 4,
          "deliveries": [
            {
              "batter": "A Raghuvanshi",
              "bowler": "TA Boult",
              "non_striker": "VR Iyer",
              "runs": {
                "batter": 1,
                "extras": 0,
                "total": 1
              }
            },
            {
              "batter": "VR Iyer",
              "bowler": "TA Boult",
              "non_striker": "A Raghuvanshi",
              "runs": {
                "batter": 0,
                "extras": 0,
                "total": 0
              }
            },
            {
              "batter": "VR Iyer",
              "bowler": "TA Boult",
              "non_striker": "A Raghuvanshi",
              "runs": {
                "batter": 0,
                "extras": 0,
                "total": 0
              }
            },
            {
              "batter": "VR Iyer",
              "bowler": "TA Boult",
              "non_striker": "A Raghuvanshi",
              "runs": {
                "batter": 0,
                "extras": 0,
                "total": 0
              }
            },
            {
              "batter": "VR Iyer",
              "bowler": "TA Boult",
              "non_striker": "A Raghuvanshi",
              "runs": {
                "batter": 2,
                "extras": 0,
                "total": 2
              }
            },
            {
              "batter": "VR Iyer",
              "bowler": "TA Boult",
              "non_striker": "A Raghuvanshi",
              "runs": {
                "batter": 0,
                "extras": 0,
                "total": 0
              }
            }
          ]
        },
        {
          "over": 5,
          "deliveries": [
            {
              "batter": "A Raghuvanshi",
              "bowler": "DL Chahar",
              "non_striker": "VR Iyer",
              "runs": {
                "batter": 4,
                "extras": 0,
                "total": 4
              }
            },
            {
              "batter": "A Raghuvanshi",
              "bowler": "DL Chahar",
              "non_striker": "VR Iyer",
              "runs": {
                "batter": 1,
                "extras": 0,
                "total": 1
              }
            },
            {
              "batter": "VR Iyer",
              "bowler": "DL Chahar",
              "non_striker": "A Raghuvanshi",
              "runs": {
                "batter": 0,
                "extras": 0,
                "total": 0
              }
            },
            {
              "batter": "VR Iyer",
              "bowler": "DL Chahar",
              "non_striker": "A Raghuvanshi",
              "runs": {
                "batter": 0,
                "extras": 0,
                "total": 0
              },
              "wickets": [
                {
                  "player_out": "VR Iyer",
                  "fielders": [
                    {
                      "name": "RD Rickelton"
                    }
                  ],
                  "kind": "caught"
                }
              ]
            },
            {
              "batter": "RK Singh",
              "bowler": "DL Chahar",
              "non_striker": "A Raghuvanshi",
              "runs": {
                "batter": 0,
                "extras": 0,
                "total": 0
              }
            },
            {
              "batter": "RK Singh",
              "bowler": "DL Chahar",
              "non_striker": "A Raghuvanshi",
              "runs": {
                "batter": 0,
                "extras": 0,
                "total": 0
              }
            }
          ]
        },
        {
          "over": 6,
          "deliveries": [
            {
              "batter": "A Raghuvanshi",
              "bowler": "HH Pandya",
              "non_striker": "RK Singh",
              "runs": {
                "batter": 0,
                "extras": 0,
                "total": 0
              }
            },
            {
              "batter": "A Raghuvanshi",
              "bowler": "HH Pandya",
              "non_striker": "RK Singh",
              "runs": {
                "batter": 1,
                "extras": 0,
                "total": 1
              }
            },
            {
              "batter": "RK Singh",
              "bowler": "HH Pandya",
              "non_striker": "A Raghuvanshi",
              "runs": {
                "batter": 0,
                "extras": 0,
                "total": 0
              }
            },
            {
              "batter": "RK Singh",
              "bowler": "HH Pandya",
              "non_striker": "A Raghuvanshi",
              "runs": {
                "batter": 2,
                "extras": 0,
                "total": 2
              }
            },
            {
              "batter": "RK Singh",
              "bowler": "HH Pandya",
              "non_striker": "A Raghuvanshi",
              "runs": {
                "batter": 1,
                "extras": 0,
                "total": 1
              }
            },
            {
              "batter": "A Raghuvanshi",
              "bowler": "HH Pandya",
              "non_striker": "RK Singh",
              "runs": {
                "batter": 0,
                "extras": 0,
                "total": 0
              },
              "wickets": [
                {
                  "player_out": "A Raghuvanshi",
                  "fielders": [
                    {
                      "name": "Naman Dhir"
                    }
                  ],
                  "kind": "caught"
                }
              ]
            }
          ]
        },
        {
          "over": 7,
          "deliveries": [
            {
              "batter": "RK Singh",
              "bowler": "V Puthur",
              "non_striker": "MK Pandey",
              "replacements": {
                "match": [
                  {
                    "in": "MK Pandey",
                    "out": "A Raghuvanshi",
                    "team": "Kolkata Knight Riders",
                    "reason": "impact_player"
                  }
                ]
              },
              "runs": {
                "batter": 1,
                "extras": 0,
                "total": 1
              }
            },
            {
              "batter": "MK Pandey",
              "bowler": "V Puthur",
              "non_striker": "RK Singh",
              "runs": {
                "batter": 0,
                "extras": 0,
                "total": 0
              }
            },
            {
              "batter": "MK Pandey",
              "bowler": "V Puthur",
              "non_striker": "RK Singh",
              "runs": {
                "batter": 6,
                "extras": 0,
                "total": 6
              }
            },
            {
              "batter": "MK Pandey",
              "bowler": "V Puthur",
              "non_striker": "RK Singh",
              "runs": {
                "batter": 1,
                "extras": 0,
                "total": 1
              }
            },
            {
              "batter": "RK Singh",
              "bowler": "V Puthur",
              "non_striker": "MK Pandey",
              "runs": {
                "batter": 0,
                "extras": 0,
                "total": 0
              }
            },
            {
              "batter": "RK Singh",
              "bowler": "V Puthur",
              "non_striker": "MK Pandey",
              "runs": {
                "batter": 6,
                "extras": 0,
                "total": 6
              }
            }
          ]
        },
        {
          "over": 8,
          "deliveries": [
            {
              "batter": "MK Pandey",
              "bowler": "HH Pandya",
              "non_striker": "RK Singh",
              "runs": {
                "batter": 1,
                "extras": 0,
                "total": 1
              }
            },
            {
              "batter": "RK Singh",
              "bowler": "HH Pandya",
              "non_striker": "MK Pandey",
              "runs": {
                "batter": 1,
                "extras": 0,
                "total": 1
              }
            },
            {
              "batter": "MK Pandey",
              "bowler": "HH Pandya",
              "non_striker": "RK Singh",
              "runs": {
                "batter": 0,
                "extras": 0,
                "total": 0
              }
            },
            {
              "batter": "MK Pandey",
              "bowler": "HH Pandya",
              "non_striker": "RK Singh",
              "runs": {
                "batter": 0,
                "extras": 0,
                "total": 0
              }
            },
            {
              "batter": "MK Pandey",
              "bowler": "HH Pandya",
              "non_striker": "RK Singh",
              "runs": {
                "batter": 4,
                "extras": 0,
                "total": 4
              }
            },
            {
              "batter": "MK Pandey",
              "bowler": "HH Pandya",
              "non_striker": "RK Singh",
              "runs": {
                "batter": 0,
                "extras": 0,
                "total": 0
              }
            }
          ]
        },
        {
          "over": 9,
          "deliveries": [
            {
              "batter": "RK Singh",
              "bowler": "MJ Santner",
              "non_striker": "MK Pandey",
              "runs": {
                "batter": 0,
                "extras": 0,
                "total": 0
              }
            },
            {
              "batter": "RK Singh",
              "bowler": "MJ Santner",
              "non_striker": "MK Pandey",
              "runs": {
                "batter": 1,
                "extras": 0,
                "total": 1
              }
            },
            {
              "batter": "MK Pandey",
              "bowler": "MJ Santner",
              "non_striker": "RK Singh",
              "runs": {
                "batter": 1,
                "extras": 0,
                "total": 1
              }
            },
            {
              "batter": "RK Singh",
              "bowler": "MJ Santner",
              "non_striker": "MK Pandey",
              "runs": {
                "batter": 1,
                "extras": 0,
                "total": 1
              }
            },
            {
              "batter": "MK Pandey",
              "bowler": "MJ Santner",
              "non_striker": "RK Singh",
              "runs": {
                "batter": 0,
                "extras": 0,
                "total": 0
              }
            },
            {
              "batter": "MK Pandey",
              "bowler": "MJ Santner",
              "non_striker": "RK Singh",
              "runs": {
                "batter": 1,
                "extras": 0,
                "total": 1
              }
            }
          ]
        },
        {
          "over": 10,
          "deliveries": [
            {
              "batter": "MK Pandey",
              "bowler": "Ashwani Kumar",
              "non_striker": "RK Singh",
              "runs": {
                "batter": 1,
                "extras": 0,
                "total": 1
              }
            },
            {
              "batter": "RK Singh",
              "bowler": "Ashwani Kumar",
              "non_striker": "MK Pandey",
              "runs": {
                "batter": 4,
                "extras": 0,
                "total": 4
              }
            },
            {
              "batter": "RK Singh",
              "bowler": "Ashwani Kumar",
              "non_striker": "MK Pandey",
              "runs": {
                "batter": 0,
                "extras": 0,
                "total": 0
              },
              "wickets": [
                {
                  "player_out": "RK Singh",
                  "fielders": [
                    {
                      "name": "Naman Dhir"
                    }
                  ],
                  "kind": "caught"
                }
              ]
            },
            {
              "batter": "AD Russell",
              "bowler": "Ashwani Kumar",
              "extras": {
                "wides": 1
              },
              "non_striker": "MK Pandey",
              "runs": {
                "batter": 0,
                "extras": 1,
                "total": 1
              }
            },
            {
              "batter": "AD Russell",
              "bowler": "Ashwani Kumar",
              "extras": {
                "legbyes": 1
              },
              "non_striker": "MK Pandey",
              "runs": {
                "batter": 0,
                "extras": 1,
                "total": 1
              }
            },
            {
              "batter": "MK Pandey",
              "bowler": "Ashwani Kumar",
              "non_striker": "AD Russell",
              "runs": {
                "batter": 4,
                "extras": 0,
                "total": 4
              }
            },
            {
              "batter": "MK Pandey",
              "bowler": "Ashwani Kumar",
              "non_striker": "AD Russell",
              "runs": {
                "batter": 0,
                "extras": 0,
                "total": 0
              },
              "wickets": [
                {
                  "player_out": "MK Pandey",
                  "kind": "bowled"
                }
              ]
            }
          ]
        },
        {
          "over": 11,
          "deliveries": [
            {
              "batter": "AD Russell",
              "bowler": "MJ Santner",
              "non_striker": "Ramandeep Singh",
              "review": {
                "by": "Kolkata Knight Riders",
                "umpire": "MV Saidharshan Kumar",
                "batter": "AD Russell",
                "decision": "upheld",
                "type": "wicket"
              },
              "runs": {
                "batter": 0,
                "extras": 0,
                "total": 0
              }
            },
            {
              "batter": "AD Russell",
              "bowler": "MJ Santner",
              "extras": {
                "legbyes": 1
              },
              "non_striker": "Ramandeep Singh",
              "runs": {
                "batter": 0,
                "extras": 1,
                "total": 1
              }
            },
            {
              "batter": "Ramandeep Singh",
              "bowler": "MJ Santner",
              "extras": {
                "wides": 2
              },
              "non_striker": "AD Russell",
              "runs": {
                "batter": 0,
                "extras": 2,
                "total": 2
              }
            },
            {
              "batter": "AD Russell",
              "bowler": "MJ Santner",
              "non_striker": "Ramandeep Singh",
              "runs": {
                "batter": 0,
                "extras": 0,
                "total": 0
              }
            },
            {
              "batter": "AD Russell",
              "bowler": "MJ Santner",
              "non_striker": "Ramandeep Singh",
              "runs": {
                "batter": 0,
                "extras": 0,
                "total": 0
              }
            },
            {
              "batter": "AD Russell",
              "bowler": "MJ Santner",
              "non_striker": "Ramandeep Singh",
              "runs": {
                "batter": 0,
                "extras": 0,
                "total": 0
              }
            },
            {
              "batter": "AD Russell",
              "bowler": "MJ Santner",
              "non_striker": "Ramandeep Singh",
              "runs": {
                "batter": 1,
                "extras": 0,
                "total": 1
              }
            }
          ]
        },
        {
          "over": 12,
          "deliveries": [
            {
              "batter": "AD Russell",
              "bowler": "Ashwani Kumar",
              "non_striker": "Ramandeep Singh",
              "runs": {
                "batter": 4,
                "extras": 0,
                "total": 4
              }
            },
            {
              "batter": "AD Russell",
              "bowler": "Ashwani Kumar",
              "non_striker": "Ramandeep Singh",
              "runs": {
                "batter": 0,
                "extras": 0,
                "total": 0
              }
            },
            {
              "batter": "AD Russell",
              "bowler": "Ashwani Kumar",
              "non_striker": "Ramandeep Singh",
              "runs": {
                "batter": 0,
                "extras": 0,
                "total": 0
              }
            },
            {
              "batter": "AD Russell",
              "bowler": "Ashwani Kumar",
              "non_striker": "Ramandeep Singh",
              "runs": {
                "batter": 0,
                "extras": 0,
                "total": 0
              },
              "wickets": [
                {
                  "player_out": "AD Russell",
                  "kind": "bowled"
                }
              ]
            },
            {
              "batter": "Harshit Rana",
              "bowler": "Ashwani Kumar",
              "extras": {
                "noballs": 1
              },
              "non_striker": "Ramandeep Singh",
              "runs": {
                "batter": 0,
                "extras": 1,
                "total": 1
              }
            },
            {
              "batter": "Harshit Rana",
              "bowler": "Ashwani Kumar",
              "non_striker": "Ramandeep Singh",
              "runs": {
                "batter": 0,
                "extras": 0,
                "total": 0
              }
            },
            {
              "batter": "Harshit Rana",
              "bowler": "Ashwani Kumar",
              "non_striker": "Ramandeep Singh",
              "runs": {
                "batter": 1,
                "extras": 0,
                "total": 1
              }
            }
          ]
        },
        {
          "over": 13,
          "deliveries": [
            {
              "batter": "Harshit Rana",
              "bowler": "MJ Santner",
              "non_striker": "Ramandeep Singh",
              "runs": {
                "batter": 0,
                "extras": 0,
                "total": 0
              }
            },
            {
              "batter": "Harshit Rana",
              "bowler": "MJ Santner",
              "non_striker": "Ramandeep Singh",
              "runs": {
                "batter": 3,
                "extras": 0,
                "total": 3
              }
            },
            {
              "batter": "Ramandeep Singh",
              "bowler": "MJ Santner",
              "non_striker": "Harshit Rana",
              "runs": {
                "batter": 0,
                "extras": 0,
                "total": 0
              }
            },
            {
              "batter": "Ramandeep Singh",
              "bowler": "MJ Santner",
              "non_striker": "Harshit Rana",
              "runs": {
                "batter": 1,
                "extras": 0,
                "total": 1
              }
            },
            {
              "batter": "Harshit Rana",
              "bowler": "MJ Santner",
              "non_striker": "Ramandeep Singh",
              "runs": {
                "batter": 0,
                "extras": 0,
                "total": 0
              }
            },
            {
              "batter": "Harshit Rana",
              "bowler": "MJ Santner",
              "non_striker": "Ramandeep Singh",
              "runs": {
                "batter": 0,
                "extras": 0,
                "total": 0
              }
            }
          ]
        },
        {
          "over": 14,
          "deliveries": [
            {
              "batter": "Ramandeep Singh",
              "bowler": "V Puthur",
              "non_striker": "Harshit Rana",
              "runs": {
                "batter": 4,
                "extras": 0,
                "total": 4
              }
            },
            {
              "batter": "Ramandeep Singh",
              "bowler": "V Puthur",
              "non_striker": "Harshit Rana",
              "runs": {
                "batter": 1,
                "extras": 0,
                "total": 1
              }
            },
            {
              "batter": "Harshit Rana",
              "bowler": "V Puthur",
              "non_striker": "Ramandeep Singh",
              "runs": {
                "batter": 0,
                "extras": 0,
                "total": 0
              },
              "wickets": [
                {
                  "player_out": "Harshit Rana",
                  "fielders": [
                    {
                      "name": "Naman Dhir"
                    }
                  ],
                  "kind": "caught"
                }
              ]
            },
            {
              "batter": "SH Johnson",
              "bowler": "V Puthur",
              "non_striker": "Ramandeep Singh",
              "runs": {
                "batter": 1,
                "extras": 0,
                "total": 1
              }
            },
            {
              "batter": "Ramandeep Singh",
              "bowler": "V Puthur",
              "non_striker": "SH Johnson",
              "runs": {
                "batter": 1,
                "extras": 0,
                "total": 1
              }
            },
            {
              "batter": "SH Johnson",
              "bowler": "V Puthur",
              "non_striker": "Ramandeep Singh",
              "runs": {
                "batter": 0,
                "extras": 0,
                "total": 0
              }
            }
          ]
        },
        {
          "over": 15,
          "deliveries": [
            {
              "batter": "Ramandeep Singh",
              "bowler": "TA Boult",
              "non_striker": "SH Johnson",
              "replacements": {
                "match": [
                  {
                    "in": "RG Sharma",
                    "out": "V Puthur",
                    "team": "Mumbai Indians",
                    "reason": "impact_player"
                  }
                ]
              },
              "runs": {
                "batter": 2,
                "extras": 0,
                "total": 2
              }
            },
            {
              "batter": "Ramandeep Singh",
              "bowler": "TA Boult",
              "non_striker": "SH Johnson",
              "runs": {
                "batter": 6,
                "extras": 0,
                "total": 6
              }
            },
            {
              "batter": "Ramandeep Singh",
              "bowler": "TA Boult",
              "non_striker": "SH Johnson",
              "runs": {
                "batter": 0,
                "extras": 0,
                "total": 0
              }
            },
            {
              "batter": "Ramandeep Singh",
              "bowler": "TA Boult",
              "non_striker": "SH Johnson",
              "runs": {
                "batter": 0,
                "extras": 0,
                "total": 0
              }
            },
            {
              "batter": "Ramandeep Singh",
              "bowler": "TA Boult",
              "non_striker": "SH Johnson",
              "runs": {
                "batter": 1,
                "extras": 0,
                "total": 1
              }
            },
            {
              "batter": "SH Johnson",
              "bowler": "TA Boult",
              "non_striker": "Ramandeep Singh",
              "runs": {
                "batter": 0,
                "extras": 0,
                "total": 0
              }
            }
          ]
        },
        {
          "over": 16,
          "deliveries": [
            {
              "batter": "Ramandeep Singh",
              "bowler": "MJ Santner",
              "non_striker": "SH Johnson",
              "runs": {
                "batter": 6,
                "extras": 0,
                "total": 6
              }
            },
            {
              "batter": "Ramandeep Singh",
              "bowler": "MJ Santner",
              "non_striker": "SH Johnson",
              "runs": {
                "batter": 0,
                "extras": 0,
                "total": 0
              },
              "wickets": [
                {
                  "player_out": "Ramandeep Singh",
                  "fielders": [
                    {
                      "name": "HH Pandya"
                    }
                  ],
                  "kind": "caught"
                }
              ]
            }
          ]
        }
      ],
      "powerplays": [
        {
          "from": 0.1,
          "to": 5.6,
          "type": "mandatory"
        }
      ]
    },
    {
      "team": "Mumbai Indians",
      "overs": [
        {
          "over": 0,
          "deliveries": [
            {
              "batter": "RG Sharma",
              "bowler": "SH Johnson",
              "non_striker": "RD Rickelton",
              "runs": {
                "batter": 1,
                "extras": 0,
                "total": 1
              }
            },
            {
              "batter": "RD Rickelton",
              "bowler": "SH Johnson",
              "non_striker": "RG Sharma",
              "runs": {
                "batter": 0,
                "extras": 0,
                "total": 0
              }
            },
            {
              "batter": "RD Rickelton",
              "bowler": "SH Johnson",
              "non_striker": "RG Sharma",
              "runs": {
                "batter": 0,
                "extras": 0,
                "total": 0
              }
            },
            {
              "batter": "RD Rickelton",
              "bowler": "SH Johnson",
              "non_striker": "RG Sharma",
              "runs": {
                "batter": 0,
                "extras": 0,
                "total": 0
              }
            },
            {
              "batter": "RD Rickelton",
              "bowler": "SH Johnson",
              "non_striker": "RG Sharma",
              "runs": {
                "batter": 0,
                "extras": 0,
                "total": 0
              }
            },
            {
              "batter": "RD Rickelton",
              "bowler": "SH Johnson",
              "non_striker": "RG Sharma",
              "runs": {
                "batter": 0,
                "extras": 0,
                "total": 0
              }
            }
          ]
        },
        {
          "over": 1,
          "deliveries": [
            {
              "batter": "RG Sharma",
              "bowler": "Harshit Rana",
              "non_striker": "RD Rickelton",
              "runs": {
                "batter": 0,
                "extras": 0,
                "total": 0
              }
            },
            {
              "batter": "RG Sharma",
              "bowler": "Harshit Rana",
              "non_striker": "RD Rickelton",
              "runs": {
                "batter": 0,
                "extras": 0,
                "total": 0
              }
            },
            {
              "batter": "RG Sharma",
              "bowler": "Harshit Rana",
              "non_striker": "RD Rickelton",
              "runs": {
                "batter": 1,
                "extras": 0,
                "total": 1
              }
            },
            {
              "batter": "RD Rickelton",
              "bowler": "Harshit Rana",
              "extras": {
                "wides": 1
              },
              "non_striker": "RG Sharma",
              "runs": {
                "batter": 0,
                "extras": 1,
                "total": 1
              }
            },
            {
              "batter": "RD Rickelton",
              "bowler": "Harshit Rana",
              "non_striker": "RG Sharma",
              "runs": {
                "batter": 1,
                "extras": 0,
                "total": 1
              }
            },
            {
              "batter": "RG Sharma",
              "bowler": "Harshit Rana",
              "extras": {
                "noballs": 1
              },
              "non_striker": "RD Rickelton",
              "runs": {
                "batter": 2,
                "extras": 1,
                "total": 3
              }
            },
            {
              "batter": "RG Sharma",
              "bowler": "Harshit Rana",
              "non_striker": "RD Rickelton",
              "runs": {
                "batter": 6,
                "extras": 0,
                "total": 6
              }
            },
            {
              "batter": "RG Sharma",
              "bowler": "Harshit Rana",
              "non_striker": "RD Rickelton",
              "runs": {
                "batter": 2,
                "extras": 0,
                "total": 2
              }
            }
          ]
        },
        {
          "over": 2,
          "deliveries": [
            {
              "batter": "RD Rickelton",
              "bowler": "SH Johnson",
              "non_striker": "RG Sharma",
              "runs": {
                "batter": 2,
                "extras": 0,
                "total": 2
              }
            },
            {
              "batter": "RD Rickelton",
              "bowler": "SH Johnson",
              "non_striker": "RG Sharma",
              "runs": {
                "batter": 4,
                "extras": 0,
                "total": 4
              }
            },
            {
              "batter": "RD Rickelton",
              "bowler": "SH Johnson",
              "non_striker": "RG Sharma",
              "runs": {
                "batter": 6,
                "extras": 0,
                "total": 6
              }
            },
            {
              "batter": "RD Rickelton",
              "bowler": "SH Johnson",
              "non_striker": "RG Sharma",
              "runs": {
                "batter": 0,
                "extras": 0,
                "total": 0
              }
            },
            {
              "batter": "RD Rickelton",
              "bowler": "SH Johnson",
              "non_striker": "RG Sharma",
              "runs": {
                "batter": 0,
                "extras": 0,
                "total": 0
              }
            },
            {
              "batter": "RD Rickelton",
              "bowler": "SH Johnson",
              "non_striker": "RG Sharma",
              "runs": {
                "batter": 1,
                "extras": 0,
                "total": 1
              }
            }
          ]
        },
        {
          "over": 3,
          "deliveries": [
            {
              "batter": "RD Rickelton",
              "bowler": "Harshit Rana",
              "non_striker": "RG Sharma",
              "runs": {
                "batter": 0,
                "extras": 0,
                "total": 0
              }
            },
            {
              "batter": "RD Rickelton",
              "bowler": "Harshit Rana",
              "non_striker": "RG Sharma",
              "runs": {
                "batter": 4,
                "extras": 0,
                "total": 4
              }
            },
            {
              "batter": "RD Rickelton",
              "bowler": "Harshit Rana",
              "non_striker": "RG Sharma",
              "runs": {
                "batter": 6,
                "extras": 0,
                "total": 6
              }
            },
            {
              "batter": "RD Rickelton",
              "bowler": "Harshit Rana",
              "non_striker": "RG Sharma",
              "runs": {
                "batter": 0,
                "extras": 0,
                "total": 0
              }
            },
            {
              "batter": "RD Rickelton",
              "bowler": "Harshit Rana",
              "non_striker": "RG Sharma",
              "runs": {
                "batter": 0,
                "extras": 0,
                "total": 0
              }
            },
            {
              "batter": "RD Rickelton",
              "bowler": "Harshit Rana",
              "non_striker": "RG Sharma",
              "runs": {
                "batter": 4,
                "extras": 0,
                "total": 4
              }
            }
          ]
        },
        {
          "over": 4,
          "deliveries": [
            {
              "batter": "RG Sharma",
              "bowler": "CV Varun",
              "non_striker": "RD Rickelton",
              "runs": {
                "batter": 0,
                "extras": 0,
                "total": 0
              }
            },
            {
              "batter": "RG Sharma",
              "bowler": "CV Varun",
              "non_striker": "RD Rickelton",
              "runs": {
                "batter": 0,
                "extras": 0,
                "total": 0
              }
            },
            {
              "batter": "RG Sharma",
              "bowler": "CV Varun",
              "non_striker": "RD Rickelton",
              "runs": {
                "batter": 1,
                "extras": 0,
                "total": 1
              }
            },
            {
              "batter": "RD Rickelton",
              "bowler": "CV Varun",
              "non_striker": "RG Sharma",
              "runs": {
                "batter": 0,
                "extras": 0,
                "total": 0
              }
            },
            {
              "batter": "RD Rickelton",
              "bowler": "CV Varun",
              "non_striker": "RG Sharma",
              "runs": {
                "batter": 1,
                "extras": 0,
                "total": 1
              }
            },
            {
              "batter": "RG Sharma",
              "bowler": "CV Varun",
              "non_striker": "RD Rickelton",
              "runs": {
                "batter": 0,
                "extras": 0,
                "total": 0
              }
            }
          ]
        },
        {
          "over": 5,
          "deliveries": [
            {
              "batter": "RD Rickelton",
              "bowler": "AD Russell",
              "extras": {
                "noballs": 1
              },
              "non_striker": "RG Sharma",
              "runs": {
                "batter": 0,
                "extras": 1,
                "total": 1
              }
            },
            {
              "batter": "RD Rickelton",
              "bowler": "AD Russell",
              "non_striker": "RG Sharma",
              "runs": {
                "batter": 1,
                "extras": 0,
                "total": 1
              }
            },
            {
              "batter": "RG Sharma",
              "bowler": "AD Russell",
              "non_striker": "RD Rickelton",
              "runs": {
                "batter": 0,
                "extras": 0,
                "total": 0
              },
              "wickets": [
                {
                  "player_out": "RG Sharma",
                  "fielders": [
                    {
                      "name": "Harshit Rana"
                    }
                  ],
                  "kind": "caught"
                }
              ]
            },
            {
              "batter": "WG Jacks",
              "bowler": "AD Russell",
              "non_striker": "RD Rickelton",
              "runs": {
                "batter": 1,
                "extras": 0,
                "total": 1
              }
            },
            {
              "batter": "RD Rickelton",
              "bowler": "AD Russell",
              "non_striker": "WG Jacks",
              "runs": {
                "batter": 1,
                "extras": 0,
                "total": 1
              }
            },
            {
              "batter": "WG Jacks",
              "bowler": "AD Russell",
              "non_striker": "RD Rickelton",
              "runs": {
                "batter": 6,
                "extras": 0,
                "total": 6
              }
            },
            {
              "batter": "WG Jacks",
              "bowler": "AD Russell",
              "non_striker": "RD Rickelton",
              "runs": {
                "batter": 1,
                "extras": 0,
                "total": 1
              }
            }
          ]
        },
        {
          "over": 6,
          "deliveries": [
            {
              "batter": "WG Jacks",
              "bowler": "CV Varun",
              "non_striker": "RD Rickelton",
              "runs": {
                "batter": 0,
                "extras": 0,
                "total": 0
              }
            },
            {
              "batter": "WG Jacks",
              "bowler": "CV Varun",
              "non_striker": "RD Rickelton",
              "runs": {
                "batter": 0,
                "extras": 0,
                "total": 0
              }
            },
            {
              "batter": "WG Jacks",
              "bowler": "CV Varun",
              "non_striker": "RD Rickelton",
              "runs": {
                "batter": 1,
                "extras": 0,
                "total": 1
              }
            },
            {
              "batter": "RD Rickelton",
              "bowler": "CV Varun",
              "non_striker": "WG Jacks",
              "runs": {
                "batter": 1,
                "extras": 0,
                "total": 1
              }
            },
            {
              "batter": "WG Jacks",
              "bowler": "CV Varun",
              "non_striker": "RD Rickelton",
              "runs": {
                "batter": 1,
                "extras": 0,
                "total": 1
              }
            },
            {
              "batter": "RD Rickelton",
              "bowler": "CV Varun",
              "non_striker": "WG Jacks",
              "runs": {
                "batter": 4,
                "extras": 0,
                "total": 4
              }
            }
          ]
        },
        {
          "over": 7,
          "deliveries": [
            {
              "batter": "WG Jacks",
              "bowler": "SP Narine",
              "non_striker": "RD Rickelton",
              "runs": {
                "batter": 1,
                "extras": 0,
                "total": 1
              }
            },
            {
              "batter": "RD Rickelton",
              "bowler": "SP Narine",
              "non_striker": "WG Jacks",
              "runs": {
                "batter": 0,
                "extras": 0,
                "total": 0
              }
            },
            {
              "batter": "RD Rickelton",
              "bowler": "SP Narine",
              "non_striker": "WG Jacks",
              "runs": {
                "batter": 6,
                "extras": 0,
                "total": 6
              }
            },
            {
              "batter": "RD Rickelton",
              "bowler": "SP Narine",
              "non_striker": "WG Jacks",
              "runs": {
                "batter": 1,
                "extras": 0,
                "total": 1
              }
            },
            {
              "batter": "WG Jacks",
              "bowler": "SP Narine",
              "non_striker": "RD Rickelton",
              "review": {
                "by": "Kolkata Knight Riders",
                "umpire": "HAS Khalid",
                "batter": "WG Jacks",
                "decision": "struck down",
                "type": "wicket",
                "umpires_call": true
              },
              "runs": {
                "batter": 0,
                "extras": 0,
                "total": 0
              }
            },
            {
              "batter": "WG Jacks",
              "bowler": "SP Narine",
              "non_striker": "RD Rickelton",
              "runs": {
                "batter": 0,
                "extras": 0,
                "total": 0
              }
            }
          ]
        },
        {
          "over": 8,
          "deliveries": [
            {
              "batter": "RD Rickelton",
              "bowler": "CV Varun",
              "non_striker": "WG Jacks",
              "runs": {
                "batter": 0,
                "extras": 0,
                "total": 0
              }
            },
            {
              "batter": "RD Rickelton",
              "bowler": "CV Varun",
              "non_striker": "WG Jacks",
              "runs": {
                "batter": 1,
                "extras": 0,
                "total": 1
              }
            },
            {
              "batter": "WG Jacks",
              "bowler": "CV Varun",
              "non_striker": "RD Rickelton",
              "runs": {
                "batter": 1,
                "extras": 0,
                "total": 1
              }
            },
            {
              "batter": "RD Rickelton",
              "bowler": "CV Varun",
              "non_striker": "WG Jacks",
              "runs": {
                "batter": 0,
                "extras": 0,
                "total": 0
              }
            },
            {
              "batter": "RD Rickelton",
              "bowler": "CV Varun",
              "non_striker": "WG Jacks",
              "runs": {
                "batter": 1,
                "extras": 0,
                "total": 1
              }
            },
            {
              "batter": "WG Jacks",
              "bowler": "CV Varun",
              "non_striker": "RD Rickelton",
              "runs": {
                "batter": 0,
                "extras": 0,
                "total": 0
              }
            }
          ]
        },
        {
          "over": 9,
          "deliveries": [
            {
              "batter": "RD Rickelton",
              "bowler": "SP Narine",
              "non_striker": "WG Jacks",
              "runs": {
                "batter": 6,
                "extras": 0,
                "total": 6
              }
            },
            {
              "batter": "RD Rickelton",
              "bowler": "SP Narine",
              "non_striker": "WG Jacks",
              "runs": {
                "batter": 0,
                "extras": 0,
                "total": 0
              }
            },
            {
              "batter": "RD Rickelton",
              "bowler": "SP Narine",
              "non_striker": "WG Jacks",
              "runs": {
                "batter": 6,
                "extras": 0,
                "total": 6
              }
            },
            {
              "batter": "RD Rickelton",
              "bowler": "SP Narine",
              "non_striker": "WG Jacks",
              "runs": {
                "batter": 1,
                "extras": 0,
                "total": 1
              }
            },
            {
              "batter": "WG Jacks",
              "bowler": "SP Narine",
              "non_striker": "RD Rickelton",
              "runs": {
                "batter": 2,
                "extras": 0,
                "total": 2
              }
            },
            {
              "batter": "WG Jacks",
              "bowler": "SP Narine",
              "non_striker": "RD Rickelton",
              "runs": {
                "batter": 1,
                "extras": 0,
                "total": 1
              }
            }
          ]
        },
        {
          "over": 10,
          "deliveries": [
            {
              "batter": "WG Jacks",
              "bowler": "AD Russell",
              "non_striker": "RD Rickelton",
              "runs": {
                "batter": 1,
                "extras": 0,
                "total": 1
              }
            },
            {
              "batter": "RD Rickelton",
              "bowler": "AD Russell",
              "non_striker": "WG Jacks",
              "runs": {
                "batter": 1,
                "extras": 0,
                "total": 1
              }
            },
            {
              "batter": "WG Jacks",
              "bowler": "AD Russell",
              "non_striker": "RD Rickelton",
              "runs": {
                "batter": 0,
                "extras": 0,
                "total": 0
              }
            },
            {
              "batter": "WG Jacks",
              "bowler": "AD Russell",
              "non_striker": "RD Rickelton",
              "runs": {
                "batter": 0,
                "extras": 0,
                "total": 0
              },
              "wickets": [
                {
                  "player_out": "WG Jacks",
                  "fielders": [
                    {
                      "name": "AM Rahane"
                    }
                  ],
                  "kind": "caught"
                }
              ]
            },
            {
              "batter": "SA Yadav",
              "bowler": "AD Russell",
              "non_striker": "RD Rickelton",
              "runs": {
                "batter": 0,
                "extras": 0,
                "total": 0
              }
            },
            {
              "batter": "SA Yadav",
              "bowler": "AD Russell",
              "non_striker": "RD Rickelton",
              "runs": {
                "batter": 6,
                "extras": 0,
                "total": 6
              }
            }
          ]
        },
        {
          "over": 11,
          "deliveries": [
            {
              "batter": "RD Rickelton",
              "bowler": "SP Narine",
              "non_striker": "SA Yadav",
              "runs": {
                "batter": 1,
                "extras": 0,
                "total": 1
              }
            },
            {
              "batter": "SA Yadav",
              "bowler": "SP Narine",
              "non_striker": "RD Rickelton",
              "runs": {
                "batter": 4,
                "extras": 0,
                "total": 4
              }
            },
            {
              "batter": "SA Yadav",
              "bowler": "SP Narine",
              "non_striker": "RD Rickelton",
              "runs": {
                "batter": 1,
                "extras": 0,
                "total": 1
              }
            },
            {
              "batter": "RD Rickelton",
              "bowler": "SP Narine",
              "non_striker": "SA Yadav",
              "runs": {
                "batter": 0,
                "extras": 0,
                "total": 0
              }
            },
            {
              "batter": "RD Rickelton",
              "bowler": "SP Narine",
              "non_striker": "SA Yadav",
              "runs": {
                "batter": 1,
                "extras": 0,
                "total": 1
              }
            },
            {
              "batter": "SA Yadav",
              "bowler": "SP Narine",
              "non_striker": "RD Rickelton",
              "runs": {
                "batter": 1,
                "extras": 0,
                "total": 1
              }
            }
          ]
        },
        {
          "over": 12,
          "deliveries": [
            {
              "batter": "SA Yadav",
              "bowler": "AD Russell",
              "non_striker": "RD Rickelton",
              "runs": {
                "batter": 4,
                "extras": 0,
                "total": 4
              }
            },
            {
              "batter": "SA Yadav",
              "bowler": "AD Russell",
              "non_striker": "RD Rickelton",
              "runs": {
                "batter": 4,
                "extras": 0,
                "total": 4
              }
            },
            {
              "batter": "SA Yadav",
              "bowler": "AD Russell",
              "non_striker": "RD Rickelton",
              "runs": {
                "batter": 1,
                "extras": 0,
                "total": 1
              }
            },
            {
              "batter": "RD Rickelton",
              "bowler": "AD Russell",
              "non_striker": "SA Yadav",
              "runs": {
                "batter": 1,
                "extras": 0,
                "total": 1
              }
            },
            {
              "batter": "SA Yadav",
              "bowler": "AD Russell",
              "non_striker": "RD Rickelton",
              "runs": {
                "batter": 6,
                "extras": 0,
                "total": 6
              }
            }
          ]
        }
      ],
      "powerplays": [
        {
          "from": 0.1,
          "to": 5.7,
          "type": "mandatory"
        }
      ],
      "target": {
        "overs": 20,
        "runs": 117
      }
    }
  ]
}