{
  "meta": {
    "data_version": "1.1.0",
    "created": "2025-03-27",
    "revision": 1
  },
  "info": {
    "balls_per_over": 6,
    "city": "Guwahati",
    "dates": [
      "2025-03-26"
    ],
    "event": {
      "name": "Indian Premier League",
      "match_number": 6
    },
    "gender": "male",
    "match_type": "T20",
    "officials": {
      "match_referees": [
        "Shakti Singh"
      ],
      "reserve_umpires": [
        "K Kelkar"
      ],
      "tv_umpires": [
        "AT Holdstock"
      ],
      "umpires": [
        "A Totre",
        "R Pandit"
      ]
    },
    "outcome": {
      "winner": "Kolkata Knight Riders",
      "by": {
        "wickets": 8
      }
    },
    "overs": 20,
    "player_of_match": [
      "Q de Kock"
    ],
    "players": {
      "Rajasthan Royals": [
        "YBK Jaiswal",
        "SV Samson",
        "R Parag",
        "N Rana",
        "PWH de Silva",
        "Dhruv Jurel",
        "SB Dubey",
        "SO Hetmyer",
        "JC Archer",
        "M Theekshana",
        "TU Deshpande",
        "Sandeep Sharma"
      ],
      "Kolkata Knight Riders": [
        "CV Varun",
        "MM Ali",
        "Q de Kock",
        "AM Rahane",
        "A Raghuvanshi",
        "VR Iyer",
        "RK Singh",
        "AD Russell",
        "Ramandeep Singh",
        "SH Johnson",
        "VG Arora",
        "Harshit Rana"
      ]
    },
    "registry": {
      "people": {
        "A Raghuvanshi": "d7017798",
        "A Totre": "b1d7d7bc",
        "AD Russell": "bbd41817",
        "AM Rahane": "29e95537",
        "AT Holdstock": "6fa3258c",
        "CV Varun": "5b7ab5a9",
        "Dhruv Jurel": "bcf325d2",
        "Harshit Rana": "77b1aa15",
        "JC Archer": "5574750c",
        "K Kelkar": "1d88908d",
        "M Theekshana": "f24c6701",
        "MM Ali": "bb351c23",
        "N Rana": "fb2d1dda",
        "PWH de Silva": "a97c8ec2",
        "Q de Kock": "372455c4",
        "R Pandit": "8a604384",
        "R Parag": "04a418e8",
        "RK Singh": "0a509d6b",
        "Ramandeep Singh": "be24ead0",
        "SB Dubey": "6b2ff18f",
        "SH Johnson": "83c3e8e3",
        "SO Hetmyer": "48a1d7b7",
        "SV Samson": "a4cc73aa",
        "Sandeep Sharma": "ce820073",
        "Shakti Singh": "eb90d319",
        "TU Deshpande": "46a9bea1",
        "VG Arora": "7c3b3b78",
        "VR Iyer": "a24be938",
        "YBK Jaiswal": "6c19c6e5"
      }
    },
    "season": "2025",
    "team_type": "club",
    "teams": [
      "Rajasthan Royals",
      "Kolkata Knight Riders"
    ],
    "toss": {
      "decision": "field",
      "winner": "Kolkata Knight Riders"
    },
    "venue": "Barsapara Cricket Stadium, Guwahati"
  },
  "innings": [
    {
      "team": "Rajasthan Royals",
      "overs": [
        {
          "over": 0,
          "deliveries": [
            {
              "batter": "YBK Jaiswal",
              "bowler": "SH Johnson",
              "non_striker": "SV Samson",
              "runs": {
                "batter": 4,
                "extras": 0,
                "total": 4
              }
            },
            {
              "batter": "YBK Jaiswal",
              "bowler": "SH Johnson",
              "non_striker": "SV Samson",
              "runs": {
                "batter": 0,
                "extras": 0,
                "total": 0
              }
            },
            {
              "batter": "YBK Jaiswal",
              "bowler": "SH Johnson",
              "non_striker": "SV Samson",
              "runs": {
                "batter": 1,
                "extras": 0,
                "total": 1
              }
            },
            {
              "batter": "SV Samson",
              "bowler": "SH Johnson",
              "non_striker": "YBK Jaiswal",
              "runs": {
                "batter": 0,
                "extras": 0,
                "total": 0
              }
            },
            {
              "batter": "SV Samson",
              "bowler": "SH Johnson",
              "non_striker": "YBK Jaiswal",
              "runs": {
                "batter": 0,
                "extras": 0,
                "total": 0
              }
            },
            {
              "batter": "SV Samson",
              "bowler": "SH Johnson",
              "non_striker": "YBK Jaiswal",
              "runs": {
                "batter": 4,
                "extras": 0,
                "total": 4
              }
            }
          ]
        },
        {
          "over": 1,
          "deliveries": [
            {
              "batter": "YBK Jaiswal",
              "bowler": "VG Arora",
              "non_striker": "SV Samson",
              "runs": {
                "batter": 1,
                "extras": 0,
                "total": 1
              }
            },
            {
              "batter": "SV Samson",
              "bowler": "VG Arora",
              "non_striker": "YBK Jaiswal",
              "runs": {
                "batter": 0,
                "extras": 0,
                "total": 0
              }
            },
            {
              "batter": "SV Samson",
              "bowler": "VG Arora",
              "non_striker": "YBK Jaiswal",
              "runs": {
                "batter": 0,
                "extras": 0,
                "total": 0
              }
            },
            {
              "batter": "SV Samson",
              "bowler": "VG Arora",
              "non_striker": "YBK Jaiswal",
              "runs": {
                "batter": 2,
                "extras": 0,
                "total": 2
              }
            },
            {
              "batter": "SV Samson",
              "bowler": "VG Arora",
              "non_striker": "YBK Jaiswal",
              "runs": {
                "batter": 1,
                "extras": 0,
                "total": 1
              }
            },
            {
              "batter": "YBK Jaiswal",
              "bowler": "VG Arora",
              "non_striker": "SV Samson",
              "runs": {
                "batter": 1,
                "extras": 0,
                "total": 1
              }
            }
          ]
        },
        {
          "over": 2,
          "deliveries": [
            {
              "batter": "YBK Jaiswal",
              "bowler": "SH Johnson",
              "non_striker": "SV Samson",
              "runs": {
                "batter": 4,
                "extras": 0,
                "total": 4
              }
            },
            {
              "batter": "YBK Jaiswal",
              "bowler": "SH Johnson",
              "non_striker": "SV Samson",
              "runs": {
                "batter": 1,
                "extras": 0,
                "total": 1
              }
            },
            {
              "batter": "SV Samson",
              "bowler": "SH Johnson",
              "non_striker": "YBK Jaiswal",
              "runs": {
                "batter": 1,
                "extras": 0,
                "total": 1
              }
            },
            {
              "batter": "YBK Jaiswal",
              "bowler": "SH Johnson",
              "non_striker": "SV Samson",
              "runs": {
                "batter": 0,
                "extras": 0,
                "total": 0
              }
            },
            {
              "batter": "YBK Jaiswal",
              "bowler": "SH Johnson",
              "non_striker": "SV Samson",
              "runs": {
                "batter": 6,
                "extras": 0,
                "total": 6
              }
            },
            {
              "batter": "YBK Jaiswal",
              "bowler": "SH Johnson",
              "non_striker": "SV Samson",
              "runs": {
                "batter": 0,
                "extras": 0,
                "total": 0
              }
            }
          ]
        },
        {
          "over": 3,
          "deliveries": [
            {
              "batter": "SV Samson",
              "bowler": "VG Arora",
              "non_striker": "YBK Jaiswal",
              "runs": {
                "batter": 4,
                "extras": 0,
                "total": 4
              }
            },
            {
              "batter": "SV Samson",
              "bowler": "VG Arora",
              "extras": {
                "wides": 1
              },
              "non_striker": "YBK Jaiswal",
              "runs": {
                "batter": 0,
                "extras": 1,
                "total": 1
              }
            },
            {
              "batter": "SV Samson",
              "bowler": "VG Arora",
              "non_striker": "YBK Jaiswal",
              "runs": {
                "batter": 1,
                "extras": 0,
                "total": 1
              }
            },
            {
              "batter": "YBK Jaiswal",
              "bowler": "VG Arora",
              "non_striker": "SV Samson",
              "runs": {
                "batter": 0,
                "extras": 0,
                "total": 0
              }
            },
            {
              "batter": "YBK Jaiswal",
              "bowler": "VG Arora",
              "non_striker": "SV Samson",
              "runs": {
                "batter": 1,
                "extras": 0,
                "total": 1
              }
            },
            {
              "batter": "SV Samson",
              "bowler": "VG Arora",
              "non_striker": "YBK Jaiswal",
              "runs": {
                "batter": 0,
                "extras": 0,
                "total": 0
              },
              "wickets": [
                {
                  "player_out": "SV Samson",
                  "kind": "bowled"
                }
              ]
            },
            {
              "batter": "R Parag",
              "bowler": "VG Arora",
              "non_striker": "YBK Jaiswal",
              "runs": {
                "batter": 1,
                "extras": 0,
                "total": 1
              }
            }
          ]
        },
        {
          "over": 4,
          "deliveries": [
            {
              "batter": "R Parag",
              "bowler": "Harshit Rana",
              "non_striker": "YBK Jaiswal",
              "runs": {
                "batter": 0,
                "extras": 0,
                "total": 0
              }
            },
            {
              "batter": "R Parag",
              "bowler": "Harshit Rana",
              "non_striker": "YBK Jaiswal",
              "runs": {
                "batter": 6,
                "extras": 0,
                "total": 6
              }
            },
            {
              "batter": "R Parag",
              "bowler": "Harshit Rana",
              "non_striker": "YBK Jaiswal",
              "runs": {
                "batter": 0,
                "extras": 0,
                "total": 0
              }
            },
            {
              "batter": "R Parag",
              "bowler": "Harshit Rana",
              "non_striker": "YBK Jaiswal",
              "runs": {
                "batter": 1,
                "extras": 0,
                "total": 1
              }
            },
            {
              "batter": "YBK Jaiswal",
              "bowler": "Harshit Rana",
              "non_striker": "R Parag",
              "runs": {
                "batter": 0,
                "extras": 0,
                "total": 0
              }
            },
            {
              "batter": "YBK Jaiswal",
              "bowler": "Harshit Rana",
              "non_striker": "R Parag",
              "runs": {
                "batter": 0,
                "extras": 0,
                "total": 0
              }
            }
          ]
        },
        {
          "over": 5,
          "deliveries": [
            {
              "batter": "R Parag",
              "bowler": "VG Arora",
              "non_striker": "YBK Jaiswal",
              "runs": {
                "batter": 0,
                "extras": 0,
                "total": 0
              }
            },
            {
              "batter": "R Parag",
              "bowler": "VG Arora",
              "non_striker": "YBK Jaiswal",
              "runs": {
                "batter": 6,
                "extras": 0,
                "total": 6
              }
            },
            {
              "batter": "R Parag",
              "bowler": "VG Arora",
              "non_striker": "YBK Jaiswal",
              "runs": {
                "batter": 1,
                "extras": 0,
                "total": 1
              }
            },
            {
              "batter": "YBK Jaiswal",
              "bowler": "VG Arora",
              "non_striker": "R Parag",
              "runs": {
                "batter": 0,
                "extras": 0,
                "total": 0
              }
            },
            {
              "batter": "YBK Jaiswal",
              "bowler": "VG Arora",
              "non_striker": "R Parag",
              "runs": {
                "batter": 0,
                "extras": 0,
                "total": 0
              }
            },
            {
              "batter": "YBK Jaiswal",
              "bowler": "VG Arora",
              "non_striker": "R Parag",
              "runs": {
                "batter": 6,
                "extras": 0,
                "total": 6
              }
            }
          ]
        },
        {
          "over": 6,
          "deliveries": [
            {
              "batter": "R Parag",
              "bowler": "MM Ali",
              "non_striker": "YBK Jaiswal",
              "runs": {
                "batter": 1,
                "extras": 0,
                "total": 1
              }
            },
            {
              "batter": "YBK Jaiswal",
              "bowler": "MM Ali",
              "non_striker": "R Parag",
              "runs": {
                "batter": 0,
                "extras": 0,
                "total": 0
              }
            },
            {
              "batter": "YBK Jaiswal",
              "bowler": "MM Ali",
              "non_striker": "R Parag",
              "runs": {
                "batter": 1,
                "extras": 0,
                "total": 1
              }
            },
            {
              "batter": "R Parag",
              "bowler": "MM Ali",
              "non_striker": "YBK Jaiswal",
              "runs": {
                "batter": 1,
                "extras": 0,
                "total": 1
              }
            },
            {
              "batter": "YBK Jaiswal",
              "bowler": "MM Ali",
              "non_striker": "R Parag",
              "runs": {
                "batter": 1,
                "extras": 0,
                "total": 1
              }
            },
            {
              "batter": "R Parag",
              "bowler": "MM Ali",
              "non_striker": "YBK Jaiswal",
              "runs": {
                "batter": 1,
                "extras": 0,
                "total": 1
              }
            }
          ]
        },
        {
          "over": 7,
          "deliveries": [
            {
              "batter": "R Parag",
              "bowler": "CV Varun",
              "non_striker": "YBK Jaiswal",
              "runs": {
                "batter": 1,
                "extras": 0,
                "total": 1
              }
            },
            {
              "batter": "YBK Jaiswal",
              "bowler": "CV Varun",
              "non_striker": "R Parag",
              "runs": {
                "batter": 1,
                "extras": 0,
                "total": 1
              }
            },
            {
              "batter": "R Parag",
              "bowler": "CV Varun",
              "non_striker": "YBK Jaiswal",
              "runs": {
                "batter": 6,
                "extras": 0,
                "total": 6
              }
            },
            {
              "batter": "R Parag",
              "bowler": "CV Varun",
              "non_striker": "YBK Jaiswal",
              "runs": {
                "batter": 0,
                "extras": 0,
                "total": 0
              }
            },
            {
              "batter": "R Parag",
              "bowler": "CV Varun",
              "non_striker": "YBK Jaiswal",
              "runs": {
                "batter": 0,
                "extras": 0,
                "total": 0
              },
              "wickets": [
                {
                  "player_out": "R Parag",
                  "fielders": [
                    {
                      "name": "Q de Kock"
                    }
                  ],
                  "kind": "caught"
                }
              ]
            },
            {
              "batter": "N Rana",
              "bowler": "CV Varun",
              "non_striker": "YBK Jaiswal",
              "runs": {
                "batter": 0,
                "extras": 0,
                "total": 0
              }
            }
          ]
        },
        {
          "over": 8,
          "deliveries": [
            {
              "batter": "YBK Jaiswal",
              "bowler": "MM Ali",
              "non_striker": "N Rana",
              "runs": {
                "batter": 0,
                "extras": 0,
                "total": 0
              }
            },
            {
              "batter": "YBK Jaiswal",
              "bowler": "MM Ali",
              "non_striker": "N Rana",
              "runs": {
                "batter": 1,
                "extras": 0,
                "total": 1
              }
            },
            {
              "batter": "N Rana",
              "bowler": "MM Ali",
              "non_striker": "YBK Jaiswal",
              "runs": {
                "batter": 1,
                "extras": 0,
                "total": 1
              }
            },
            {
              "batter": "YBK Jaiswal",
              "bowler": "MM Ali",
              "non_striker": "N Rana",
              "runs": {
                "batter": 0,
                "extras": 0,
                "total": 0
              },
              "wickets": [
                {
                  "player_out": "YBK Jaiswal",
                  "fielders": [
                    {
                      "name": "Harshit Rana"
                    }
                  ],
                  "kind": "caught"
                }
              ]
            },
            {
              "batter": "PWH de Silva",
              "bowler": "MM Ali",
              "non_striker": "N Rana",
              "runs": {
                "batter": 1,
                "extras": 0,
                "total": 1
              }
            },
            {
              "batter": "N Rana",
              "bowler": "MM Ali",
              "non_striker": "PWH de Silva",
              "runs": {
                "batter": 1,
                "extras": 0,
                "total": 1
              }
            }
          ]
        },
        {
          "over": 9,
          "deliveries": [
            {
              "batter": "N Rana",
              "bowler": "CV Varun",
              "non_striker": "PWH de Silva",
              "runs": {
                "batter": 1,
                "extras": 0,
                "total": 1
              }
            },
            {
              "batter": "PWH de Silva",
              "bowler": "CV Varun",
              "non_striker": "N Rana",
              "runs": {
                "batter": 2,
                "extras": 0,
                "total": 2
              }
            },
            {
              "batter": "PWH de Silva",
              "bowler": "CV Varun",
              "non_striker": "N Rana",
              "runs": {
                "batter": 1,
                "extras": 0,
                "total": 1
              }
            },
            {
              "batter": "N Rana",
              "bowler": "CV Varun",
              "non_striker": "PWH de Silva",
              "runs": {
                "batter": 1,
                "extras": 0,
                "total": 1
              }
            },
            {
              "batter": "PWH de Silva",
              "bowler": "CV Varun",
              "non_striker": "N Rana",
              "runs": {
                "batter": 0,
                "extras": 0,
                "total": 0
              },
              "wickets": [
                {
                  "player_out": "PWH de Silva",
                  "fielders": [
                    {
                      "name": "AM Rahane"
                    }
                  ],
                  "kind": "caught"
                }
              ]
            },
            {
              "batter": "Dhruv Jurel",
              "bowler": "CV Varun",
              "non_striker": "N Rana",
              "runs": {
                "batter": 0,
                "extras": 0,
                "total": 0
              }
            }
          ]
        },
        {
          "over": 10,
          "deliveries": [
            {
              "batter": "N Rana",
              "bowler": "MM Ali",
              "non_striker": "Dhruv Jurel",
              "runs": {
                "batter": 1,
                "extras": 0,
                "total": 1
              }
            },
            {
              "batter": "Dhruv Jurel",
              "bowler": "MM Ali",
              "non_striker": "N Rana",
              "runs": {
                "batter": 1,
                "extras": 0,
                "total": 1
              }
            },
            {
              "batter": "N Rana",
              "bowler": "MM Ali",
              "non_striker": "Dhruv Jurel",
              "runs": {
                "batter": 1,
                "extras": 0,
                "total": 1
              }
            },
            {
              "batter": "Dhruv Jurel",
              "bowler": "MM Ali",
              "non_striker": "N Rana",
              "runs": {
                "batter": 1,
                "extras": 0,
                "total": 1
              }
            },
            {
              "batter": "N Rana",
              "bowler": "MM Ali",
              "non_striker": "Dhruv Jurel",
              "runs": {
                "batter": 2,
                "extras": 0,
                "total": 2
              }
            },
            {
              "batter": "N Rana",
              "bowler": "MM Ali",
              "non_striker": "Dhruv Jurel",
              "runs": {
                "batter": 0,
                "extras": 0,
                "total": 0
              },
              "wickets": [
                {
                  "player_out": "N Rana",
                  "kind": "bowled"
                }
              ]
            }
          ]
        },
        {
          "over": 11,
          "deliveries": [
            {
              "batter": "Dhruv Jurel",
              "bowler": "CV Varun",
              "non_striker": "SB Dubey",
              "replacements": {
                "match": [
                  {
                    "in": "SB Dubey",
                    "out": "SV Samson",
                    "team": "Rajasthan Royals",
                    "reason": "impact_player"
                  }
                ]
              },
              "runs": {
                "batter": 1,
                "extras": 0,
                "total": 1
              }
            },
            {
              "batter": "SB Dubey",
              "bowler": "CV Varun",
              "non_striker": "Dhruv Jurel",
              "runs": {
                "batter": 0,
                "extras": 0,
                "total": 0
              }
            },
            {
              "batter": "SB Dubey",
              "bowler": "CV Varun",
              "non_striker": "Dhruv Jurel",
              "runs": {
                "batter": 0,
                "extras": 0,
                "total": 0
              }
            },
            {
              "batter": "SB Dubey",
              "bowler": "CV Varun",
              "non_striker": "Dhruv Jurel",
              "runs": {
                "batter": 1,
                "extras": 0,
                "total": 1
              }
            },
            {
              "batter": "Dhruv Jurel",
              "bowler": "CV Varun",
              "non_striker": "SB Dubey",
              "runs": {
                "batter": 0,
                "extras": 0,
                "total": 0
              }
            },
            {
              "batter": "Dhruv Jurel",
              "bowler": "CV Varun",
              "non_striker": "SB Dubey",
              "runs": {
                "batter": 0,
                "extras": 0,
                "total": 0
              }
            }
          ]
        },
        {
          "over": 12,
          "deliveries": [
            {
              "batter": "SB Dubey",
              "bowler": "MM Ali",
              "non_striker": "Dhruv Jurel",
              "runs": {
                "batter": 1,
                "extras": 0,
                "total": 1
              }
            },
            {
              "batter": "Dhruv Jurel",
              "bowler": "MM Ali",
              "non_striker": "SB Dubey",
              "runs": {
                "batter": 1,
                "extras": 0,
                "total": 1
              }
            },
            {
              "batter": "SB Dubey",
              "bowler": "MM Ali",
              "non_striker": "Dhruv Jurel",
              "runs": {
                "batter": 0,
                "extras": 0,
                "total": 0
              }
            },
            {
              "batter": "SB Dubey",
              "bowler": "MM Ali",
              "non_striker": "Dhruv Jurel",
              "runs": {
                "batter": 1,
                "extras": 0,
                "total": 1
              }
            },
            {
              "batter": "Dhruv Jurel",
              "bowler": "MM Ali",
              "non_striker": "SB Dubey",
              "runs": {
                "batter": 4,
                "extras": 0,
                "total": 4
              }
            },
            {
              "batter": "Dhruv Jurel",
              "bowler": "MM Ali",
              "non_striker": "SB Dubey",
              "runs": {
                "batter": 1,
                "extras": 0,
                "total": 1
              }
            }
          ]
        },
        {
          "over": 13,
          "deliveries": [
            {
              "batter": "Dhruv Jurel",
              "bowler": "Harshit Rana",
              "non_striker": "SB Dubey",
              "runs": {
                "batter": 4,
                "extras": 0,
                "total": 4
              }
            },
            {
              "batter": "Dhruv Jurel",
              "bowler": "Harshit Rana",
              "non_striker": "SB Dubey",
              "runs": {
                "batter": 4,
                "extras": 0,
                "total": 4
              }
            },
            {
              "batter": "Dhruv Jurel",
              "bowler": "Harshit Rana",
              "non_striker": "SB Dubey",
              "runs": {
                "batter": 1,
                "extras": 0,
                "total": 1
              }
            },
            {
              "batter": "SB Dubey",
              "bowler": "Harshit Rana",
              "non_striker": "Dhruv Jurel",
              "runs": {
                "batter": 0,
                "extras": 0,
                "total": 0
              }
            },
            {
              "batter": "SB Dubey",
              "bowler": "Harshit Rana",
              "non_striker": "Dhruv Jurel",
              "runs": {
                "batter": 1,
                "extras": 0,
                "total": 1
              }
            },
            {
              "batter": "Dhruv Jurel",
              "bowler": "Harshit Rana",
              "non_striker": "SB Dubey",
              "runs": {
                "batter": 1,
                "extras": 0,
                "total": 1
              }
            }
          ]
        },
        {
          "over": 14,
          "deliveries": [
            {
              "batter": "Dhruv Jurel",
              "bowler": "VG Arora",
              "non_striker": "SB Dubey",
              "runs": {
                "batter": 1,
                "extras": 0,
                "total": 1
              }
            },
            {
              "batter": "SB Dubey",
              "bowler": "VG Arora",
              "non_striker": "Dhruv Jurel",
              "runs": {
                "batter": 0,
                "extras": 0,
                "total": 0
              }
            },
            {
              "batter": "SB Dubey",
              "bowler": "VG Arora",
              "non_striker": "Dhruv Jurel",
              "runs": {
                "batter": 1,
                "extras": 0,
                "total": 1
              }
            },
            {
              "batter": "Dhruv Jurel",
              "bowler": "VG Arora",
              "non_striker": "SB Dubey",
              "runs": {
                "batter": 1,
                "extras": 0,
                "total": 1
              }
            },
            {
              "batter": "SB Dubey",
              "bowler": "VG Arora",
              "non_striker": "Dhruv Jurel",
              "runs": {
                "batter": 4,
                "extras": 0,
                "total": 4
              }
            },
            {
              "batter": "SB Dubey",
              "bowler": "VG Arora",
              "non_striker": "Dhruv Jurel",
              "runs": {
                "batter": 0,
                "extras": 0,
                "total": 0
              },
              "wickets": [
                {
                  "player_out": "SB Dubey",
                  "fielders": [
                    {
                      "name": "AD Russell"
                    }
                  ],
                  "kind": "caught"
                }
              ]
            }
          ]
        },
        {
          "over": 15,
          "deliveries": [
            {
              "batter": "Dhruv Jurel",
              "bowler": "CV Varun",
              "non_striker": "SO Hetmyer",
              "runs": {
                "batter": 0,
                "extras": 0,
                "total": 0
              }
            },
            {
              "batter": "Dhruv Jurel",
              "bowler": "CV Varun",
              "non_striker": "SO Hetmyer",
              "runs": {
                "batter": 0,
                "extras": 0,
                "total": 0
              }
            },
            {
              "batter": "Dhruv Jurel",
              "bowler": "CV Varun",
              "non_striker": "SO Hetmyer",
              "runs": {
                "batter": 1,
                "extras": 0,
                "total": 1
              }
            },
            {
              "batter": "SO Hetmyer",
              "bowler": "CV Varun",
              "non_striker": "Dhruv Jurel",
              "runs": {
                "batter": 0,
                "extras": 0,
                "total": 0
              }
            },
            {
              "batter": "SO Hetmyer",
              "bowler": "CV Varun",
              "non_striker": "Dhruv Jurel",
              "runs": {
                "batter": 0,
                "extras": 0,
                "total": 0
              }
            },
            {
              "batter": "SO Hetmyer",
              "bowler": "CV Varun",
              "non_striker": "Dhruv Jurel",
              "runs": {
                "batter": 1,
                "extras": 0,
                "total": 1
              }
            }
          ]
        },
        {
          "over": 16,
          "deliveries": [
            {
              "batter": "SO Hetmyer",
              "bowler": "Harshit Rana",
              "non_striker": "Dhruv Jurel",
              "replacements": {
                "match": [
                  {
                    "in": "A Raghuvanshi",
                    "out": "CV Varun",
                    "team": "Kolkata Knight Riders",
                    "reason": "impact_player"
                  }
                ]
              },
              "runs": {
                "batter": 1,
                "extras": 0,
                "total": 1
              }
            },
            {
              "batter": "Dhruv Jurel",
              "bowler": "Harshit Rana",
              "non_striker": "SO Hetmyer",
              "runs": {
                "batter": 4,
                "extras": 0,
                "total": 4
              }
            },
            {
              "batter": "Dhruv Jurel",
              "bowler": "Harshit Rana",
              "non_striker": "SO Hetmyer",
              "runs": {
                "batter": 0,
                "extras": 0,
                "total": 0
              }
            },
            {
              "batter": "Dhruv Jurel",
              "bowler": "Harshit Rana",
              "non_striker": "SO Hetmyer",
              "runs": {
                "batter": 0,
                "extras": 0,
                "total": 0
              }
            },
            {
              "batter": "Dhruv Jurel",
              "bowler": "Harshit Rana",
              "non_striker": "SO Hetmyer",
              "runs": {
                "batter": 2,
                "extras": 0,
                "total": 2
              }
            },
            {
              "batter": "Dhruv Jurel",
              "bowler": "Harshit Rana",
              "non_striker": "SO Hetmyer",
              "runs": {
                "batter": 4,
                "extras": 0,
                "total": 4
              }
            }
          ]
        },
        {
          "over": 17,
          "deliveries": [
            {
              "batter": "SO Hetmyer",
              "bowler": "SH Johnson",
              "extras": {
                "wides": 1
              },
              "non_striker": "Dhruv Jurel",
              "runs": {
                "batter": 0,
                "extras": 1,
                "total": 1
              }
            },
            {
              "batter": "SO Hetmyer",
              "bowler": "SH Johnson",
              "extras": {
                "wides": 1
              },
              "non_striker": "Dhruv Jurel",
              "runs": {
                "batter": 0,
                "extras": 1,
                "total": 1
              }
            },
            {
              "batter": "SO Hetmyer",
              "bowler": "SH Johnson",
              "non_striker": "Dhruv Jurel",
              "runs": {
                "batter": 4,
                "extras": 0,
                "total": 4
              }
            },
            {
              "batter": "SO Hetmyer",
              "bowler": "SH Johnson",
              "non_striker": "Dhruv Jurel",
              "runs": {
                "batter": 1,
                "extras": 0,
                "total": 1
              }
            },
            {
              "batter": "Dhruv Jurel",
              "bowler": "SH Johnson",
              "non_striker": "SO Hetmyer",
              "runs": {
                "batter": 0,
                "extras": 0,
                "total": 0
              }
            },
            {
              "batter": "Dhruv Jurel",
              "bowler": "SH Johnson",
              "non_striker": "SO Hetmyer",
              "runs": {
                "batter": 0,
                "extras": 0,
                "total": 0
              }
            },
            {
              "batter": "Dhruv Jurel",
              "bowler": "SH Johnson",
              "non_striker": "SO Hetmyer",
              "runs": {
                "batter": 0,
                "extras": 0,
                "total": 0
              }
            },
            {
              "batter": "Dhruv Jurel",
              "bowler": "SH Johnson",
              "non_striker": "SO Hetmyer",
              "runs": {
                "batter": 1,
                "extras": 0,
                "total": 1
              }
            }
          ]
        },
        {
          "over": 18,
          "deliveries": [
            {
              "batter": "Dhruv Jurel",
              "bowler": "Harshit Rana",
              "non_striker": "SO Hetmyer",
              "runs": {
                "batter": 0,
                "extras": 0,
                "total": 0
              },
              "wickets": [
                {
                  "player_out": "Dhruv Jurel",
                  "kind": "bowled"
                }
              ]
            },
            {
              "batter": "JC Archer",
              "bowler": "Harshit Rana",
              "non_striker": "SO Hetmyer",
              "runs": {
                "batter": 6,
                "extras": 0,
                "total": 6
              }
            },
            {
              "batter": "JC Archer",
              "bowler": "Harshit Rana",
              "non_striker": "SO Hetmyer",
              "runs": {
                "batter": 0,
                "extras": 0,
                "total": 0
              }
            },
            {
              "batter": "JC Archer",
              "bowler": "Harshit Rana",
              "non_striker": "SO Hetmyer",
              "runs": {
                "batter": 1,
                "extras": 0,
                "total": 1
              }
            },
            {
              "batter": "SO Hetmyer",
              "bowler": "Harshit Rana",
              "non_striker": "JC Archer",
              "runs": {
                "batter": 0,
                "extras": 0,
                "total": 0
              }
            },
            {
              "batter": "SO Hetmyer",
              "bowler": "Harshit Rana",
              "non_striker": "JC Archer",
              "runs": {
                "batter": 0,
                "extras": 0,
                "total": 0
              },
              "wickets": [
                {
                  "player_out": "SO Hetmyer",
                  "fielders": [
                    {
                      "name": "A Raghuvanshi"
                    }
                  ],
                  "kind": "caught"
                }
              ]
            }
          ]
        },
        {
          "over": 19,
          "deliveries": [
            {
              "batter": "JC Archer",
              "bowler": "SH Johnson",
              "extras": {
                "wides": 1
              },
              "non_striker": "M Theekshana",
              "runs": {
                "batter": 0,
                "extras": 1,
                "total": 1
              }
            },
            {
              "batter": "JC Archer",
              "bowler": "SH Johnson",
              "non_striker": "M Theekshana",
              "runs": {
                "batter": 6,
                "extras": 0,
                "total": 6
              }
            },
            {
              "batter": "JC Archer",
              "bowler": "SH Johnson",
              "non_striker": "M Theekshana",
              "runs": {
                "batter": 2,
                "extras": 0,
                "total": 2
              }
            },
            {
              "batter": "JC Archer",
              "bowler": "SH Johnson",
              "non_striker": "M Theekshana",
              "runs": {
                "batter": 1,
                "extras": 0,
                "total": 1
              }
            },
            {
              "batter": "M Theekshana",
              "bowler": "SH Johnson",
              "non_striker": "JC Archer",
              "runs": {
                "batter": 1,
                "extras": 0,
                "total": 1
              }
            },
            {
              "batter": "JC Archer",
              "bowler": "SH Johnson",
              "non_striker": "M Theekshana",
              "runs": {
                "batter": 0,
                "extras": 0,
                "total": 0
              },
              "wickets": [
                {
                  "player_out": "JC Archer",
                  "kind": "bowled"
                }
              ]
            },
            {
              "batter": "TU Deshpande",
              "bowler": "SH Johnson",
              "non_striker": "M Theekshana",
              "runs": {
                "batter": 2,
                "extras": 0,
                "total": 2
              }
            }
          ]
        }
      ],
      "powerplays": [
        {
          "from": 0.1,
          "to": 5.6,
          "type": "mandatory"
        }
      ]
    },
    {
      "team": "Kolkata Knight Riders",
      "overs": [
        {
          "over": 0,
          "deliveries": [
            {
              "batter": "MM Ali",
              "bowler": "JC Archer",
              "non_striker": "Q de Kock",
              "runs": {
                "batter": 0,
                "extras": 0,
                "total": 0
              }
            },
            {
              "batter": "MM Ali",
              "bowler": "JC Archer",
              "non_striker": "Q de Kock",
              "runs": {
                "batter": 0,
                "extras": 0,
                "total": 0
              }
            },
            {
              "batter": "MM Ali",
              "bowler": "JC Archer",
              "non_striker": "Q de Kock",
              "runs": {
                "batter": 0,
                "extras": 0,
                "total": 0
              }
            },
            {
              "batter": "MM Ali",
              "bowler": "JC Archer",
              "non_striker": "Q de Kock",
              "runs": {
                "batter": 0,
                "extras": 0,
                "total": 0
              }
            },
            {
              "batter": "MM Ali",
              "bowler": "JC Archer",
              "extras": {
                "wides": 1
              },
              "non_striker": "Q de Kock",
              "runs": {
                "batter": 0,
                "extras": 1,
                "total": 1
              }
            },
            {
              "batter": "MM Ali",
              "bowler": "JC Archer",
              "non_striker": "Q de Kock",
              "runs": {
                "batter": 0,
                "extras": 0,
                "total": 0
              }
            },
            {
              "batter": "MM Ali",
              "bowler": "JC Archer",
              "extras": {
                "wides": 1
              },
              "non_striker": "Q de Kock",
              "runs": {
                "batter": 0,
                "extras": 1,
                "total": 1
              }
            },
            {
              "batter": "MM Ali",
              "bowler": "JC Archer",
              "non_striker": "Q de Kock",
              "runs": {
                "batter": 0,
                "extras": 0,
                "total": 0
              }
            }
          ]
        },
        {
          "over": 1,
          "deliveries": [
            {
              "batter": "Q de Kock",
              "bowler": "M Theekshana",
              "non_striker": "MM Ali",
              "runs": {
                "batter": 0,
                "extras": 0,
                "total": 0
              }
            },
            {
              "batter": "Q de Kock",
              "bowler": "M Theekshana",
              "non_striker": "MM Ali",
              "runs": {
                "batter": 4,
                "extras": 0,
                "total": 4
              }
            },
            {
              "batter": "Q de Kock",
              "bowler": "M Theekshana",
              "non_striker": "MM Ali",
              "runs": {
                "batter": 0,
                "extras": 0,
                "total": 0
              }
            },
            {
              "batter": "Q de Kock",
              "bowler": "M Theekshana",
              "non_striker": "MM Ali",
              "runs": {
                "batter": 0,
                "extras": 0,
                "total": 0
              }
            },
            {
              "batter": "Q de Kock",
              "bowler": "M Theekshana",
              "non_striker": "MM Ali",
              "runs": {
                "batter": 1,
                "extras": 0,
                "total": 1
              }
            },
            {
              "batter": "MM Ali",
              "bowler": "M Theekshana",
              "non_striker": "Q de Kock",
              "runs": {
                "batter": 0,
                "extras": 0,
                "total": 0
              }
            }
          ]
        },
        {
          "over": 2,
          "deliveries": [
            {
              "batter": "Q de Kock",
              "bowler": "JC Archer",
              "non_striker": "MM Ali",
              "runs": {
                "batter": 4,
                "extras": 0,
                "total": 4
              }
            },
            {
              "batter": "Q de Kock",
              "bowler": "JC Archer",
              "non_striker": "MM Ali",
              "runs": {
                "batter": 1,
                "extras": 0,
                "total": 1
              }
            },
            {
              "batter": "MM Ali",
              "bowler": "JC Archer",
              "non_striker": "Q de Kock",
              "runs": {
                "batter": 1,
                "extras": 0,
                "total": 1
              }
            },
            {
              "batter": "Q de Kock",
              "bowler": "JC Archer",
              "non_striker": "MM Ali",
              "runs": {
                "batter": 0,
                "extras": 0,
                "total": 0
              }
            },
            {
              "batter": "Q de Kock",
              "bowler": "JC Archer",
              "non_striker": "MM Ali",
              "runs": {
                "batter": 6,
                "extras": 0,
                "total": 6
              }
            },
            {
              "batter": "Q de Kock",
              "bowler": "JC Archer",
              "non_striker": "MM Ali",
              "runs": {
                "batter": 1,
                "extras": 0,
                "total": 1
              }
            }
          ]
        },
        {
          "over": 3,
          "deliveries": [
            {
              "batter": "Q de Kock",
              "bowler": "M Theekshana",
              "non_striker": "MM Ali",
              "runs": {
                "batter": 0,
                "extras": 0,
                "total": 0
              }
            },
            {
              "batter": "Q de Kock",
              "bowler": "M Theekshana",
              "non_striker": "MM Ali",
              "runs": {
                "batter": 6,
                "extras": 0,
                "total": 6
              }
            },
            {
              "batter": "Q de Kock",
              "bowler": "M Theekshana",
              "non_striker": "MM Ali",
              "runs": {
                "batter": 0,
                "extras": 0,
                "total": 0
              }
            },
            {
              "batter": "Q de Kock",
              "bowler": "M Theekshana",
              "non_striker": "MM Ali",
              "runs": {
                "batter": 1,
                "extras": 0,
                "total": 1
              }
            },
            {
              "batter": "MM Ali",
              "bowler": "M Theekshana",
              "non_striker": "Q de Kock",
              "runs": {
                "batter": 1,
                "extras": 0,
                "total": 1
              }
            },
            {
              "batter": "Q de Kock",
              "bowler": "M Theekshana",
              "non_striker": "MM Ali",
              "runs": {
                "batter": 1,
                "extras": 0,
                "total": 1
              }
            }
          ]
        },
        {
          "over": 4,
          "deliveries": [
            {
              "batter": "Q de Kock",
              "bowler": "R Parag",
              "non_striker": "MM Ali",
              "runs": {
                "batter": 0,
                "extras": 0,
                "total": 0
              }
            },
            {
              "batter": "Q de Kock",
              "bowler": "R Parag",
              "non_striker": "MM Ali",
              "runs": {
                "batter": 0,
                "extras": 0,
                "total": 0
              }
            },
            {
              "batter": "Q de Kock",
              "bowler": "R Parag",
              "non_striker": "MM Ali",
              "runs": {
                "batter": 4,
                "extras": 0,
                "total": 4
              }
            },
            {
              "batter": "Q de Kock",
              "bowler": "R Parag",
              "non_striker": "MM Ali",
              "runs": {
                "batter": 0,
                "extras": 0,
                "total": 0
              }
            },
            {
              "batter": "Q de Kock",
              "bowler": "R Parag",
              "non_striker": "MM Ali",
              "runs": {
                "batter": 1,
                "extras": 0,
                "total": 1
              }
            },
            {
              "batter": "MM Ali",
              "bowler": "R Parag",
              "non_striker": "Q de Kock",
              "runs": {
                "batter": 1,
                "extras": 0,
                "total": 1
              }
            }
          ]
        },
        {
          "over": 5,
          "deliveries": [
            {
              "batter": "MM Ali",
              "bowler": "Sandeep Sharma",
              "non_striker": "Q de Kock",
              "runs": {
                "batter": 1,
                "extras": 0,
                "total": 1
              }
            },
            {
              "batter": "Q de Kock",
              "bowler": "Sandeep Sharma",
              "non_striker": "MM Ali",
              "runs": {
                "batter": 0,
                "extras": 0,
                "total": 0
              }
            },
            {
              "batter": "Q de Kock",
              "bowler": "Sandeep Sharma",
              "non_striker": "MM Ali",
              "runs": {
                "batter": 0,
                "extras": 0,
                "total": 0
              }
            },
            {
              "batter": "Q de Kock",
              "bowler": "Sandeep Sharma",
              "non_striker": "MM Ali",
              "runs": {
                "batter": 4,
                "extras": 0,
                "total": 4
              }
            },
            {
              "batter": "Q de Kock",
              "bowler": "Sandeep Sharma",
              "non_striker": "MM Ali",
              "runs": {
                "batter": 0,
                "extras": 0,
                "total": 0
              }
            },
            {
              "batter": "Q de Kock",
              "bowler": "Sandeep Sharma",
              "non_striker": "MM Ali",
              "runs": {
                "batter": 0,
                "extras": 0,
                "total": 0
              }
            }
          ]
        },
        {
          "over": 6,
          "deliveries": [
            {
              "batter": "MM Ali",
              "bowler": "R Parag",
              "non_striker": "Q de Kock",
              "runs": {
                "batter": 1,
                "extras": 0,
                "total": 1
              },
              "wickets": [
                {
                  "player_out": "MM Ali",
                  "fielders": [
                    {
                      "name": "R Parag"
                    },
                    {
                      "name": "M Theekshana"
                    }
                  ],
                  "kind": "run out"
                }
              ]
            },
            {
              "batter": "Q de Kock",
              "bowler": "R Parag",
              "non_striker": "AM Rahane",
              "runs": {
                "batter": 1,
                "extras": 0,
                "total": 1
              }
            },
            {
              "batter": "AM Rahane",
              "bowler": "R Parag",
              "non_striker": "Q de Kock",
              "runs": {
                "batter": 0,
                "extras": 0,
                "total": 0
              }
            },
            {
              "batter": "AM Rahane",
              "bowler": "R Parag",
              "non_striker": "Q de Kock",
              "runs": {
                "batter": 0,
                "extras": 0,
                "total": 0
              }
            },
            {
              "batter": "AM Rahane",
              "bowler": "R Parag",
              "non_striker": "Q de Kock",
              "runs": {
                "batter": 1,
                "extras": 0,
                "total": 1
              }
            },
            {
              "batter": "Q de Kock",
              "bowler": "R Parag",
              "non_striker": "AM Rahane",
              "runs": {
                "batter": 1,
                "extras": 0,
                "total": 1
              }
            }
          ]
        },
        {
          "over": 7,
          "deliveries": [
            {
              "batter": "Q de Kock",
              "bowler": "PWH de Silva",
              "non_striker": "AM Rahane",
              "runs": {
                "batter": 4,
                "extras": 0,
                "total": 4
              }
            },
            {
              "batter": "Q de Kock",
              "bowler": "PWH de Silva",
              "non_striker": "AM Rahane",
              "runs": {
                "batter": 1,
                "extras": 0,
                "total": 1
              }
            },
            {
              "batter": "AM Rahane",
              "bowler": "PWH de Silva",
              "non_striker": "Q de Kock",
              "runs": {
                "batter": 0,
                "extras": 0,
                "total": 0
              }
            },
            {
              "batter": "AM Rahane",
              "bowler": "PWH de Silva",
              "non_striker": "Q de Kock",
              "runs": {
                "batter": 1,
                "extras": 0,
                "total": 1
              }
            },
            {
              "batter": "Q de Kock",
              "bowler": "PWH de Silva",
              "non_striker": "AM Rahane",
              "runs": {
                "batter": 1,
                "extras": 0,
                "total": 1
              }
            },
            {
              "batter": "AM Rahane",
              "bowler": "PWH de Silva",
              "non_striker": "Q de Kock",
              "runs": {
                "batter": 4,
                "extras": 0,
                "total": 4
              }
            }
          ]
        },
        {
          "over": 8,
          "deliveries": [
            {
              "batter": "Q de Kock",
              "bowler": "R Parag",
              "non_striker": "AM Rahane",
              "runs": {
                "batter": 1,
                "extras": 0,
                "total": 1
              }
            },
            {
              "batter": "AM Rahane",
              "bowler": "R Parag",
              "non_striker": "Q de Kock",
              "runs": {
                "batter": 1,
                "extras": 0,
                "total": 1
              }
            },
            {
              "batter": "Q de Kock",
              "bowler": "R Parag",
              "non_striker": "AM Rahane",
              "runs": {
                "batter": 1,
                "extras": 0,
                "total": 1
              }
            },
            {
              "batter": "AM Rahane",
              "bowler": "R Parag",
              "non_striker": "Q de Kock",
              "runs": {
                "batter": 1,
                "extras": 0,
                "total": 1
              }
            },
            {
              "batter": "Q de Kock",
              "bowler": "R Parag",
              "non_striker": "AM Rahane",
              "runs": {
                "batter": 1,
                "extras": 0,
                "total": 1
              }
            },
            {
              "batter": "AM Rahane",
              "bowler": "R Parag",
              "non_striker": "Q de Kock",
              "runs": {
                "batter": 1,
                "extras": 0,
                "total": 1
              }
            }
          ]
        },
        {
          "over": 9,
          "deliveries": [
            {
              "batter": "AM Rahane",
              "bowler": "M Theekshana",
              "non_striker": "Q de Kock",
              "review": {
                "by": "Rajasthan Royals",
                "umpire": "R Pandit",
                "batter": "AM Rahane",
                "decision": "struck down",
                "type": "wicket"
              },
              "runs": {
                "batter": 0,
                "extras": 0,
                "total": 0
              }
            },
            {
              "batter": "AM Rahane",
              "bowler": "M Theekshana",
              "non_striker": "Q de Kock",
              "runs": {
                "batter": 0,
                "extras": 0,
                "total": 0
              }
            },
            {
              "batter": "AM Rahane",
              "bowler": "M Theekshana",
              "non_striker": "Q de Kock",
              "runs": {
                "batter": 6,
                "extras": 0,
                "total": 6
              }
            },
            {
              "batter": "AM Rahane",
              "bowler": "M Theekshana",
              "non_striker": "Q de Kock",
              "runs": {
                "batter": 2,
                "extras": 0,
                "total": 2
              }
            },
            {
              "batter": "AM Rahane",
              "bowler": "M Theekshana",
              "non_striker": "Q de Kock",
              "runs": {
                "batter": 1,
                "extras": 0,
                "total": 1
              }
            },
            {
              "batter": "Q de Kock",
              "bowler": "M Theekshana",
              "non_striker": "AM Rahane",
              "review": {
                "by": "Kolkata Knight Riders",
                "umpire": "R Pandit",
                "batter": "Q de Kock",
                "decision": "upheld",
                "type": "wicket"
              },
              "runs": {
                "batter": 0,
                "extras": 0,
                "total": 0
              }
            }
          ]
        },
        {
          "over": 10,
          "deliveries": [
            {
              "batter": "AM Rahane",
              "bowler": "PWH de Silva",
              "non_striker": "Q de Kock",
              "runs": {
                "batter": 0,
                "extras": 0,
                "total": 0
              },
              "wickets": [
                {
                  "player_out": "AM Rahane",
                  "fielders": [
                    {
                      "name": "TU Deshpande"
                    }
                  ],
                  "kind": "caught"
                }
              ]
            },
            {
              "batter": "A Raghuvanshi",
              "bowler": "PWH de Silva",
              "non_striker": "Q de Kock",
              "runs": {
                "batter": 1,
                "extras": 0,
                "total": 1
              }
            },
            {
              "batter": "Q de Kock",
              "bowler": "PWH de Silva",
              "non_striker": "A Raghuvanshi",
              "runs": {
                "batter": 1,
                "extras": 0,
                "total": 1
              }
            },
            {
              "batter": "A Raghuvanshi",
              "bowler": "PWH de Silva",
              "non_striker": "Q de Kock",
              "runs": {
                "batter": 1,
                "extras": 0,
                "total": 1
              }
            },
            {
              "batter": "Q de Kock",
              "bowler": "PWH de Silva",
              "non_striker": "A Raghuvanshi",
              "runs": {
                "batter": 6,
                "extras": 0,
                "total": 6
              }
            },
            {
              "batter": "Q de Kock",
              "bowler": "PWH de Silva",
              "non_striker": "A Raghuvanshi",
              "runs": {
                "batter": 1,
                "extras": 0,
                "total": 1
              }
            }
          ]
        },
        {
          "over": 11,
          "deliveries": [
            {
              "batter": "Q de Kock",
              "bowler": "R Parag",
              "non_striker": "A Raghuvanshi",
              "runs": {
                "batter": 6,
                "extras": 0,
                "total": 6
              }
            },
            {
              "batter": "Q de Kock",
              "bowler": "R Parag",
              "extras": {
                "legbyes": 1
              },
              "non_striker": "A Raghuvanshi",
              "runs": {
                "batter": 0,
                "extras": 1,
                "total": 1
              }
            },
            {
              "batter": "A Raghuvanshi",
              "bowler": "R Parag",
              "non_striker": "Q de Kock",
              "runs": {
                "batter": 1,
                "extras": 0,
                "total": 1
              }
            },
            {
              "batter": "Q de Kock",
              "bowler": "R Parag",
              "non_striker": "A Raghuvanshi",
              "runs": {
                "batter": 0,
                "extras": 0,
                "total": 0
              }
            },
            {
              "batter": "Q de Kock",
              "bowler": "R Parag",
              "non_striker": "A Raghuvanshi",
              "runs": {
                "batter": 1,
                "extras": 0,
                "total": 1
              }
            },
            {
              "batter": "A Raghuvanshi",
              "bowler": "R Parag",
              "non_striker": "Q de Kock",
              "runs": {
                "batter": 1,
                "extras": 0,
                "total": 1
              }
            }
          ]
        },
        {
          "over": 12,
          "deliveries": [
            {
              "batter": "A Raghuvanshi",
              "bowler": "PWH de Silva",
              "non_striker": "Q de Kock",
              "runs": {
                "batter": 4,
                "extras": 0,
                "total": 4
              }
            },
            {
              "batter": "A Raghuvanshi",
              "bowler": "PWH de Silva",
              "non_striker": "Q de Kock",
              "runs": {
                "batter": 1,
                "extras": 0,
                "total": 1
              }
            },
            {
              "batter": "Q de Kock",
              "bowler": "PWH de Silva",
              "non_striker": "A Raghuvanshi",
              "runs": {
                "batter": 4,
                "extras": 0,
                "total": 4
              }
            },
            {
              "batter": "Q de Kock",
              "bowler": "PWH de Silva",
              "non_striker": "A Raghuvanshi",
              "runs": {
                "batter": 1,
                "extras": 0,
                "total": 1
              }
            },
            {
              "batter": "A Raghuvanshi",
              "bowler": "PWH de Silva",
              "non_striker": "Q de Kock",
              "runs": {
                "batter": 1,
                "extras": 0,
                "total": 1
              }
            },
            {
              "batter": "Q de Kock",
              "bowler": "PWH de Silva",
              "non_striker": "A Raghuvanshi",
              "runs": {
                "batter": 2,
                "extras": 0,
                "total": 2
              }
            }
          ]
        },
        {
          "over": 13,
          "deliveries": [
            {
              "batter": "A Raghuvanshi",
              "bowler": "Sandeep Sharma",
              "non_striker": "Q de Kock",
              "runs": {
                "batter": 1,
                "extras": 0,
                "total": 1
              }
            },
            {
              "batter": "Q de Kock",
              "bowler": "Sandeep Sharma",
              "non_striker": "A Raghuvanshi",
              "runs": {
                "batter": 1,
                "extras": 0,
                "total": 1
              }
            },
            {
              "batter": "A Raghuvanshi",
              "bowler": "Sandeep Sharma",
              "non_striker": "Q de Kock",
              "runs": {
                "batter": 1,
                "extras": 0,
                "total": 1
              }
            },
            {
              "batter": "Q de Kock",
              "bowler": "Sandeep Sharma",
              "non_striker": "A Raghuvanshi",
              "runs": {
                "batter": 1,
                "extras": 0,
                "total": 1
              }
            },
            {
              "batter": "A Raghuvanshi",
              "bowler": "Sandeep Sharma",
              "non_striker": "Q de Kock",
              "runs": {
                "batter": 1,
                "extras": 0,
                "total": 1
              }
            },
            {
              "batter": "Q de Kock",
              "bowler": "Sandeep Sharma",
              "non_striker": "A Raghuvanshi",
              "runs": {
                "batter": 1,
                "extras": 0,
                "total": 1
              }
            }
          ]
        },
        {
          "over": 14,
          "deliveries": [
            {
              "batter": "Q de Kock",
              "bowler": "N Rana",
              "non_striker": "A Raghuvanshi",
              "runs": {
                "batter": 1,
                "extras": 0,
                "total": 1
              }
            },
            {
              "batter": "A Raghuvanshi",
              "bowler": "N Rana",
              "non_striker": "Q de Kock",
              "runs": {
                "batter": 1,
                "extras": 0,
                "total": 1
              }
            },
            {
              "batter": "Q de Kock",
              "bowler": "N Rana",
              "non_striker": "A Raghuvanshi",
              "runs": {
                "batter": 1,
                "extras": 0,
                "total": 1
              }
            },
            {
              "batter": "A Raghuvanshi",
              "bowler": "N Rana",
              "non_striker": "Q de Kock",
              "runs": {
                "batter": 1,
                "extras": 0,
                "total": 1
              }
            },
            {
              "batter": "Q de Kock",
              "bowler": "N Rana",
              "non_striker": "A Raghuvanshi",
              "runs": {
                "batter": 1,
                "extras": 0,
                "total": 1
              }
            },
            {
              "batter": "A Raghuvanshi",
              "bowler": "N Rana",
              "non_striker": "Q de Kock",
              "runs": {
                "batter": 4,
                "extras": 0,
                "total": 4
              }
            }
          ]
        },
        {
          "over": 15,
          "deliveries": [
            {
              "batter": "Q de Kock",
              "bowler": "TU Deshpande",
              "non_striker": "A Raghuvanshi",
              "runs": {
                "batter": 4,
                "extras": 0,
                "total": 4
              }
            },
            {
              "batter": "Q de Kock",
              "bowler": "TU Deshpande",
              "non_striker": "A Raghuvanshi",
              "runs": {
                "batter": 0,
                "extras": 0,
                "total": 0
              }
            },
            {
              "batter": "Q de Kock",
              "bowler": "TU Deshpande",
              "non_striker": "A Raghuvanshi",
              "runs": {
                "batter": 1,
                "extras": 0,
                "total": 1
              }
            },
            {
              "batter": "A Raghuvanshi",
              "bowler": "TU Deshpande",
              "non_striker": "Q de Kock",
              "runs": {
                "batter": 0,
                "extras": 0,
                "total": 0
              }
            },
            {
              "batter": "A Raghuvanshi",
              "bowler": "TU Deshpande",
              "non_striker": "Q de Kock",
              "runs": {
                "batter": 1,
                "extras": 0,
                "total": 1
              }
            },
            {
              "batter": "Q de Kock",
              "bowler": "TU Deshpande",
              "non_striker": "A Raghuvanshi",
              "runs": {
                "batter": 1,
                "extras": 0,
                "total": 1
              }
            }
          ]
        },
        {
          "over": 16,
          "deliveries": [
            {
              "batter": "Q de Kock",
              "bowler": "M Theekshana",
              "extras": {
                "legbyes": 1
              },
              "non_striker": "A Raghuvanshi",
              "runs": {
                "batter": 0,
                "extras": 1,
                "total": 1
              }
            },
            {
              "batter": "A Raghuvanshi",
              "bowler": "M Theekshana",
              "non_striker": "Q de Kock",
              "runs": {
                "batter": 1,
                "extras": 0,
                "total": 1
              }
            },
            {
              "batter": "Q de Kock",
              "bowler": "M Theekshana",
              "non_striker": "A Raghuvanshi",
              "review": {
                "by": "Rajasthan Royals",
                "umpire": "A Totre",
                "batter": "Q de Kock",
                "decision": "struck down",
                "type": "wicket"
              },
              "runs": {
                "batter": 0,
                "extras": 0,
                "total": 0
              }
            },
            {
              "batter": "Q de Kock",
              "bowler": "M Theekshana",
              "non_striker": "A Raghuvanshi",
              "runs": {
                "batter": 1,
                "extras": 0,
                "total": 1
              }
            },
            {
              "batter": "A Raghuvanshi",
              "bowler": "M Theekshana",
              "non_striker": "Q de Kock",
              "runs": {
                "batter": 1,
                "extras": 0,
                "total": 1
              }
            },
            {
              "batter": "Q de Kock",
              "bowler": "M Theekshana",
              "extras": {
                "wides": 5
              },
              "non_striker": "A Raghuvanshi",
              "runs": {
                "batter": 0,
                "extras": 5,
                "total": 5
              }
            },
            {
              "batter": "Q de Kock",
              "bowler": "M Theekshana",
              "non_striker": "A Raghuvanshi",
              "runs": {
                "batter": 1,
                "extras": 0,
                "total": 1
              }
            }
          ]
        },
        {
          "over": 17,
          "deliveries": [
            {
              "batter": "Q de Kock",
              "bowler": "JC Archer",
              "non_striker": "A Raghuvanshi",
              "runs": {
                "batter": 4,
                "extras": 0,
                "total": 4
              }
            },
            {
              "batter": "Q de Kock",
              "bowler": "JC Archer",
              "non_striker": "A Raghuvanshi",
              "runs": {
                "batter": 6,
                "extras": 0,
                "total": 6
              }
            },
            {
              "batter": "Q de Kock",
              "bowler": "JC Archer",
              "extras": {
                "wides": 1
              },
              "non_striker": "A Raghuvanshi",
              "runs": {
                "batter": 0,
                "extras": 1,
                "total": 1
              }
            },
            {
              "batter": "Q de Kock",
              "bowler": "JC Archer",
              "extras": {
                "wides": 1
              },
              "non_striker": "A Raghuvanshi",
              "runs": {
                "batter": 0,
                "extras": 1,
                "total": 1
              }
            },
            {
              "batter": "Q de Kock",
              "bowler": "JC Archer",
              "non_striker": "A Raghuvanshi",
              "runs": {
                "batter": 6,
                "extras": 0,
                "total": 6
              }
            }
          ]
        }
      ],
      "powerplays": [
        {
          "from": 0.1,
          "to": 5.6,
          "type": "mandatory"
        }
      ],
      "target": {
        "overs": 20,
        "runs": 152
      }
    }
  ]
}