{
  "meta": {
    "data_version": "1.1.0",
    "created": "2025-04-10",
    "revision": 1
  },
  "info": {
    "balls_per_over": 6,
    "city": "Ahmedabad",
    "dates": [
      "2025-04-09"
    ],
    "event": {
      "name": "Indian Premier League",
      "match_number": 23
    },
    "gender": "male",
    "match_type": "T20",
    "officials": {
      "match_referees": [
        "Shakti Singh"
      ],
      "reserve_umpires": [
        "Anish Sahasrabudhe"
      ],
      "tv_umpires": [
        "AT Holdstock"
      ],
      "umpires": [
        "A Totre",
        "R Pandit"
      ]
    },
    "outcome": {
      "winner": "Gujarat Titans",
      "by": {
        "runs": 58
      }
    },
    "overs": 20,
    "player_of_match": [
      "B Sai Sudharsan"
    ],
    "players": {
      "Gujarat Titans": [
        "K Khejroliya",
        "B Sai Sudharsan",
        "Shubman Gill",
        "JC Buttler",
        "M Shahrukh Khan",
        "SE Rutherford",
        "R Tewatia",
        "Rashid Khan",
        "Arshad Khan",
        "R Sai Kishore",
        "Mohammed Siraj",
        "M Prasidh Krishna"
      ],
      "Rajasthan Royals": [
        "Fazalhaq Farooqi",
        "YBK Jaiswal",
        "SV Samson",
        "N Rana",
        "R Parag",
        "Dhruv Jurel",
        "SO Hetmyer",
        "SB Dubey",
        "JC Archer",
        "M Theekshana",
        "TU Deshpande",
        "Sandeep Sharma"
      ]
    },
    "registry": {
      "people": {
        "A Totre": "b1d7d7bc",
        "AT Holdstock": "6fa3258c",
        "Anish Sahasrabudhe": "2892df67",
        "Arshad Khan": "12314277",
        "B Sai Sudharsan": "d5130a30",
        "Dhruv Jurel": "bcf325d2",
        "Fazalhaq Farooqi": "e9c7f0d0",
        "JC Archer": "5574750c",
        "JC Buttler": "99b75528",
        "K Khejroliya": "fa2f1dde",
        "M Prasidh Krishna": "85e0cf10",
        "M Shahrukh Khan": "7dcb9bc9",
        "M Theekshana": "f24c6701",
        "Mohammed Siraj": "2f49c897",
        "N Rana": "fb2d1dda",
        "R Pandit": "8a604384",
        "R Parag": "04a418e8",
        "R Sai Kishore": "c7a995d3",
        "R Tewatia": "39a2dfa8",
        "Rashid Khan": "5f547c8b",
        "SB Dubey": "6b2ff18f",
        "SE Rutherford": "d014d5ac",
        "SO Hetmyer": "48a1d7b7",
        "SV Samson": "a4cc73aa",
        "Sandeep Sharma": "ce820073",
        "Shakti Singh": "eb90d319",
        "Shubman Gill": "b4b99816",
        "TU Deshpande": "46a9bea1",
        "YBK Jaiswal": "6c19c6e5"
      }
    },
    "season": "2025",
    "team_type": "club",
    "teams": [
      "Gujarat Titans",
      "Rajasthan Royals"
    ],
    "toss": {
      "decision": "field",
      "winner": "Rajasthan Royals"
    },
    "venue": "Narendra Modi Stadium, Ahmedabad"
  },
  "innings": [
    {
      "team": "Gujarat Titans",
      "overs": [
        {
          "over": 0,
          "deliveries": [
            {
              "batter": "B Sai Sudharsan",
              "bowler": "JC Archer",
              "non_striker": "Shubman Gill",
              "runs": {
                "batter": 0,
                "extras": 0,
                "total": 0
              }
            },
            {
              "batter": "B Sai Sudharsan",
              "bowler": "JC Archer",
              "non_striker": "Shubman Gill",
              "runs": {
                "batter": 0,
                "extras": 0,
                "total": 0
              }
            },
            {
              "batter": "B Sai Sudharsan",
              "bowler": "JC Archer",
              "non_striker": "Shubman Gill",
              "runs": {
                "batter": 1,
                "extras": 0,
                "total": 1
              }
            },
            {
              "batter": "Shubman Gill",
              "bowler": "JC Archer",
              "extras": {
                "wides": 1
              },
              "non_striker": "B Sai Sudharsan",
              "runs": {
                "batter": 0,
                "extras": 1,
                "total": 1
              }
            },
            {
              "batter": "Shubman Gill",
              "bowler": "JC Archer",
              "non_striker": "B Sai Sudharsan",
              "runs": {
                "batter": 1,
                "extras": 0,
                "total": 1
              }
            },
            {
              "batter": "B Sai Sudharsan",
              "bowler": "JC Archer",
              "non_striker": "Shubman Gill",
              "runs": {
                "batter": 0,
                "extras": 0,
                "total": 0
              }
            },
            {
              "batter": "B Sai Sudharsan",
              "bowler": "JC Archer",
              "non_striker": "Shubman Gill",
              "runs": {
                "batter": 4,
                "extras": 0,
                "total": 4
              }
            }
          ]
        },
        {
          "over": 1,
          "deliveries": [
            {
              "batter": "Shubman Gill",
              "bowler": "Fazalhaq Farooqi",
              "non_striker": "B Sai Sudharsan",
              "runs": {
                "batter": 1,
                "extras": 0,
                "total": 1
              }
            },
            {
              "batter": "B Sai Sudharsan",
              "bowler": "Fazalhaq Farooqi",
              "non_striker": "Shubman Gill",
              "runs": {
                "batter": 0,
                "extras": 0,
                "total": 0
              }
            },
            {
              "batter": "B Sai Sudharsan",
              "bowler": "Fazalhaq Farooqi",
              "non_striker": "Shubman Gill",
              "runs": {
                "batter": 0,
                "extras": 0,
                "total": 0
              }
            },
            {
              "batter": "B Sai Sudharsan",
              "bowler": "Fazalhaq Farooqi",
              "non_striker": "Shubman Gill",
              "runs": {
                "batter": 4,
                "extras": 0,
                "total": 4
              }
            },
            {
              "batter": "B Sai Sudharsan",
              "bowler": "Fazalhaq Farooqi",
              "non_striker": "Shubman Gill",
              "runs": {
                "batter": 2,
                "extras": 0,
                "total": 2
              }
            },
            {
              "batter": "B Sai Sudharsan",
              "bowler": "Fazalhaq Farooqi",
              "non_striker": "Shubman Gill",
              "runs": {
                "batter": 0,
                "extras": 0,
                "total": 0
              }
            }
          ]
        },
        {
          "over": 2,
          "deliveries": [
            {
              "batter": "Shubman Gill",
              "bowler": "JC Archer",
              "non_striker": "B Sai Sudharsan",
              "runs": {
                "batter": 0,
                "extras": 0,
                "total": 0
              },
              "wickets": [
                {
                  "player_out": "Shubman Gill",
                  "kind": "bowled"
                }
              ]
            },
            {
              "batter": "JC Buttler",
              "bowler": "JC Archer",
              "non_striker": "B Sai Sudharsan",
              "runs": {
                "batter": 0,
                "extras": 0,
                "total": 0
              }
            },
            {
              "batter": "JC Buttler",
              "bowler": "JC Archer",
              "non_striker": "B Sai Sudharsan",
              "runs": {
                "batter": 2,
                "extras": 0,
                "total": 2
              }
            },
            {
              "batter": "JC Buttler",
              "bowler": "JC Archer",
              "non_striker": "B Sai Sudharsan",
              "runs": {
                "batter": 4,
                "extras": 0,
                "total": 4
              }
            },
            {
              "batter": "JC Buttler",
              "bowler": "JC Archer",
              "non_striker": "B Sai Sudharsan",
              "runs": {
                "batter": 1,
                "extras": 0,
                "total": 1
              }
            },
            {
              "batter": "B Sai Sudharsan",
              "bowler": "JC Archer",
              "non_striker": "JC Buttler",
              "runs": {
                "batter": 0,
                "extras": 0,
                "total": 0
              }
            }
          ]
        },
        {
          "over": 3,
          "deliveries": [
            {
              "batter": "JC Buttler",
              "bowler": "Fazalhaq Farooqi",
              "non_striker": "B Sai Sudharsan",
              "runs": {
                "batter": 0,
                "extras": 0,
                "total": 0
              }
            },
            {
              "batter": "JC Buttler",
              "bowler": "Fazalhaq Farooqi",
              "non_striker": "B Sai Sudharsan",
              "runs": {
                "batter": 1,
                "extras": 0,
                "total": 1
              }
            },
            {
              "batter": "B Sai Sudharsan",
              "bowler": "Fazalhaq Farooqi",
              "non_striker": "JC Buttler",
              "runs": {
                "batter": 6,
                "extras": 0,
                "total": 6
              }
            },
            {
              "batter": "B Sai Sudharsan",
              "bowler": "Fazalhaq Farooqi",
              "non_striker": "JC Buttler",
              "runs": {
                "batter": 2,
                "extras": 0,
                "total": 2
              }
            },
            {
              "batter": "B Sai Sudharsan",
              "bowler": "Fazalhaq Farooqi",
              "non_striker": "JC Buttler",
              "runs": {
                "batter": 1,
                "extras": 0,
                "total": 1
              }
            },
            {
              "batter": "JC Buttler",
              "bowler": "Fazalhaq Farooqi",
              "non_striker": "B Sai Sudharsan",
              "runs": {
                "batter": 0,
                "extras": 0,
                "total": 0
              }
            }
          ]
        },
        {
          "over": 4,
          "deliveries": [
            {
              "batter": "B Sai Sudharsan",
              "bowler": "TU Deshpande",
              "extras": {
                "wides": 1
              },
              "non_striker": "JC Buttler",
              "runs": {
                "batter": 0,
                "extras": 1,
                "total": 1
              }
            },
            {
              "batter": "B Sai Sudharsan",
              "bowler": "TU Deshpande",
              "non_striker": "JC Buttler",
              "runs": {
                "batter": 0,
                "extras": 0,
                "total": 0
              }
            },
            {
              "batter": "B Sai Sudharsan",
              "bowler": "TU Deshpande",
              "non_striker": "JC Buttler",
              "runs": {
                "batter": 6,
                "extras": 0,
                "total": 6
              }
            },
            {
              "batter": "B Sai Sudharsan",
              "bowler": "TU Deshpande",
              "extras": {
                "wides": 1
              },
              "non_striker": "JC Buttler",
              "runs": {
                "batter": 0,
                "extras": 1,
                "total": 1
              }
            },
            {
              "batter": "B Sai Sudharsan",
              "bowler": "TU Deshpande",
              "non_striker": "JC Buttler",
              "runs": {
                "batter": 4,
                "extras": 0,
                "total": 4
              }
            },
            {
              "batter": "B Sai Sudharsan",
              "bowler": "TU Deshpande",
              "non_striker": "JC Buttler",
              "runs": {
                "batter": 1,
                "extras": 0,
                "total": 1
              }
            },
            {
              "batter": "JC Buttler",
              "bowler": "TU Deshpande",
              "non_striker": "B Sai Sudharsan",
              "runs": {
                "batter": 1,
                "extras": 0,
                "total": 1
              }
            },
            {
              "batter": "B Sai Sudharsan",
              "bowler": "TU Deshpande",
              "non_striker": "JC Buttler",
              "runs": {
                "batter": 4,
                "extras": 0,
                "total": 4
              }
            }
          ]
        },
        {
          "over": 5,
          "deliveries": [
            {
              "batter": "JC Buttler",
              "bowler": "Sandeep Sharma",
              "non_striker": "B Sai Sudharsan",
              "runs": {
                "batter": 0,
                "extras": 0,
                "total": 0
              }
            },
            {
              "batter": "JC Buttler",
              "bowler": "Sandeep Sharma",
              "extras": {
                "wides": 1
              },
              "non_striker": "B Sai Sudharsan",
              "runs": {
                "batter": 0,
                "extras": 1,
                "total": 1
              }
            },
            {
              "batter": "JC Buttler",
              "bowler": "Sandeep Sharma",
              "non_striker": "B Sai Sudharsan",
              "runs": {
                "batter": 1,
                "extras": 0,
                "total": 1
              }
            },
            {
              "batter": "B Sai Sudharsan",
              "bowler": "Sandeep Sharma",
              "non_striker": "JC Buttler",
              "runs": {
                "batter": 1,
                "extras": 0,
                "total": 1
              }
            },
            {
              "batter": "JC Buttler",
              "bowler": "Sandeep Sharma",
              "non_striker": "B Sai Sudharsan",
              "runs": {
                "batter": 1,
                "extras": 0,
                "total": 1
              }
            },
            {
              "batter": "B Sai Sudharsan",
              "bowler": "Sandeep Sharma",
              "non_striker": "JC Buttler",
              "runs": {
                "batter": 2,
                "extras": 0,
                "total": 2
              }
            },
            {
              "batter": "B Sai Sudharsan",
              "bowler": "Sandeep Sharma",
              "non_striker": "JC Buttler",
              "runs": {
                "batter": 1,
                "extras": 0,
                "total": 1
              }
            }
          ]
        },
        {
          "over": 6,
          "deliveries": [
            {
              "batter": "B Sai Sudharsan",
              "bowler": "Fazalhaq Farooqi",
              "non_striker": "JC Buttler",
              "runs": {
                "batter": 1,
                "extras": 0,
                "total": 1
              }
            },
            {
              "batter": "JC Buttler",
              "bowler": "Fazalhaq Farooqi",
              "non_striker": "B Sai Sudharsan",
              "runs": {
                "batter": 1,
                "extras": 0,
                "total": 1
              }
            },
            {
              "batter": "B Sai Sudharsan",
              "bowler": "Fazalhaq Farooqi",
              "non_striker": "JC Buttler",
              "runs": {
                "batter": 1,
                "extras": 0,
                "total": 1
              }
            },
            {
              "batter": "JC Buttler",
              "bowler": "Fazalhaq Farooqi",
              "non_striker": "B Sai Sudharsan",
              "runs": {
                "batter": 0,
                "extras": 0,
                "total": 0
              }
            },
            {
              "batter": "JC Buttler",
              "bowler": "Fazalhaq Farooqi",
              "non_striker": "B Sai Sudharsan",
              "runs": {
                "batter": 4,
                "extras": 0,
                "total": 4
              }
            },
            {
              "batter": "JC Buttler",
              "bowler": "Fazalhaq Farooqi",
              "non_striker": "B Sai Sudharsan",
              "runs": {
                "batter": 4,
                "extras": 0,
                "total": 4
              }
            }
          ]
        },
        {
          "over": 7,
          "deliveries": [
            {
              "batter": "B Sai Sudharsan",
              "bowler": "M Theekshana",
              "extras": {
                "wides": 1
              },
              "non_striker": "JC Buttler",
              "runs": {
                "batter": 0,
                "extras": 1,
                "total": 1
              }
            },
            {
              "batter": "B Sai Sudharsan",
              "bowler": "M Theekshana",
              "non_striker": "JC Buttler",
              "runs": {
                "batter": 1,
                "extras": 0,
                "total": 1
              }
            },
            {
              "batter": "JC Buttler",
              "bowler": "M Theekshana",
              "non_striker": "B Sai Sudharsan",
              "runs": {
                "batter": 1,
                "extras": 0,
                "total": 1
              }
            },
            {
              "batter": "B Sai Sudharsan",
              "bowler": "M Theekshana",
              "non_striker": "JC Buttler",
              "runs": {
                "batter": 1,
                "extras": 0,
                "total": 1
              }
            },
            {
              "batter": "JC Buttler",
              "bowler": "M Theekshana",
              "non_striker": "B Sai Sudharsan",
              "runs": {
                "batter": 4,
                "extras": 0,
                "total": 4
              }
            },
            {
              "batter": "JC Buttler",
              "bowler": "M Theekshana",
              "non_striker": "B Sai Sudharsan",
              "runs": {
                "batter": 2,
                "extras": 0,
                "total": 2
              }
            },
            {
              "batter": "JC Buttler",
              "bowler": "M Theekshana",
              "non_striker": "B Sai Sudharsan",
              "runs": {
                "batter": 4,
                "extras": 0,
                "total": 4
              }
            }
          ]
        },
        {
          "over": 8,
          "deliveries": [
            {
              "batter": "B Sai Sudharsan",
              "bowler": "TU Deshpande",
              "non_striker": "JC Buttler",
              "runs": {
                "batter": 1,
                "extras": 0,
                "total": 1
              }
            },
            {
              "batter": "JC Buttler",
              "bowler": "TU Deshpande",
              "non_striker": "B Sai Sudharsan",
              "runs": {
                "batter": 2,
                "extras": 0,
                "total": 2
              }
            },
            {
              "batter": "JC Buttler",
              "bowler": "TU Deshpande",
              "non_striker": "B Sai Sudharsan",
              "runs": {
                "batter": 1,
                "extras": 0,
                "total": 1
              }
            },
            {
              "batter": "B Sai Sudharsan",
              "bowler": "TU Deshpande",
              "extras": {
                "wides": 1
              },
              "non_striker": "JC Buttler",
              "runs": {
                "batter": 0,
                "extras": 1,
                "total": 1
              }
            },
            {
              "batter": "B Sai Sudharsan",
              "bowler": "TU Deshpande",
              "non_striker": "JC Buttler",
              "runs": {
                "batter": 1,
                "extras": 0,
                "total": 1
              }
            },
            {
              "batter": "JC Buttler",
              "bowler": "TU Deshpande",
              "non_striker": "B Sai Sudharsan",
              "runs": {
                "batter": 1,
                "extras": 0,
                "total": 1
              }
            },
            {
              "batter": "B Sai Sudharsan",
              "bowler": "TU Deshpande",
              "non_striker": "JC Buttler",
              "runs": {
                "batter": 0,
                "extras": 0,
                "total": 0
              }
            }
          ]
        },
        {
          "over": 9,
          "deliveries": [
            {
              "batter": "JC Buttler",
              "bowler": "M Theekshana",
              "non_striker": "B Sai Sudharsan",
              "runs": {
                "batter": 1,
                "extras": 0,
                "total": 1
              }
            },
            {
              "batter": "B Sai Sudharsan",
              "bowler": "M Theekshana",
              "non_striker": "JC Buttler",
              "runs": {
                "batter": 0,
                "extras": 0,
                "total": 0
              }
            },
            {
              "batter": "B Sai Sudharsan",
              "bowler": "M Theekshana",
              "non_striker": "JC Buttler",
              "runs": {
                "batter": 4,
                "extras": 0,
                "total": 4
              }
            },
            {
              "batter": "B Sai Sudharsan",
              "bowler": "M Theekshana",
              "non_striker": "JC Buttler",
              "runs": {
                "batter": 1,
                "extras": 0,
                "total": 1
              }
            },
            {
              "batter": "JC Buttler",
              "bowler": "M Theekshana",
              "non_striker": "B Sai Sudharsan",
              "runs": {
                "batter": 0,
                "extras": 0,
                "total": 0
              }
            },
            {
              "batter": "JC Buttler",
              "bowler": "M Theekshana",
              "non_striker": "B Sai Sudharsan",
              "review": {
                "by": "Rajasthan Royals",
                "umpire": "A Totre",
                "batter": "JC Buttler",
                "decision": "upheld",
                "type": "wicket"
              },
              "runs": {
                "batter": 0,
                "extras": 0,
                "total": 0
              },
              "wickets": [
                {
                  "player_out": "JC Buttler",
                  "kind": "lbw"
                }
              ]
            }
          ]
        },
        {
          "over": 10,
          "deliveries": [
            {
              "batter": "B Sai Sudharsan",
              "bowler": "JC Archer",
              "non_striker": "M Shahrukh Khan",
              "runs": {
                "batter": 1,
                "extras": 0,
                "total": 1
              }
            },
            {
              "batter": "M Shahrukh Khan",
              "bowler": "JC Archer",
              "non_striker": "B Sai Sudharsan",
              "runs": {
                "batter": 2,
                "extras": 0,
                "total": 2
              }
            },
            {
              "batter": "M Shahrukh Khan",
              "bowler": "JC Archer",
              "non_striker": "B Sai Sudharsan",
              "runs": {
                "batter": 0,
                "extras": 0,
                "total": 0
              }
            },
            {
              "batter": "M Shahrukh Khan",
              "bowler": "JC Archer",
              "extras": {
                "byes": 1
              },
              "non_striker": "B Sai Sudharsan",
              "runs": {
                "batter": 0,
                "extras": 1,
                "total": 1
              }
            },
            {
              "batter": "B Sai Sudharsan",
              "bowler": "JC Archer",
              "non_striker": "M Shahrukh Khan",
              "runs": {
                "batter": 0,
                "extras": 0,
                "total": 0
              }
            },
            {
              "batter": "B Sai Sudharsan",
              "bowler": "JC Archer",
              "non_striker": "M Shahrukh Khan",
              "runs": {
                "batter": 2,
                "extras": 0,
                "total": 2
              }
            }
          ]
        },
        {
          "over": 11,
          "deliveries": [
            {
              "batter": "M Shahrukh Khan",
              "bowler": "Fazalhaq Farooqi",
              "non_striker": "B Sai Sudharsan",
              "runs": {
                "batter": 4,
                "extras": 0,
                "total": 4
              }
            },
            {
              "batter": "M Shahrukh Khan",
              "bowler": "Fazalhaq Farooqi",
              "non_striker": "B Sai Sudharsan",
              "runs": {
                "batter": 4,
                "extras": 0,
                "total": 4
              }
            },
            {
              "batter": "M Shahrukh Khan",
              "bowler": "Fazalhaq Farooqi",
              "non_striker": "B Sai Sudharsan",
              "runs": {
                "batter": 0,
                "extras": 0,
                "total": 0
              }
            },
            {
              "batter": "M Shahrukh Khan",
              "bowler": "Fazalhaq Farooqi",
              "non_striker": "B Sai Sudharsan",
              "runs": {
                "batter": 0,
                "extras": 0,
                "total": 0
              }
            },
            {
              "batter": "M Shahrukh Khan",
              "bowler": "Fazalhaq Farooqi",
              "non_striker": "B Sai Sudharsan",
              "runs": {
                "batter": 1,
                "extras": 0,
                "total": 1
              }
            },
            {
              "batter": "B Sai Sudharsan",
              "bowler": "Fazalhaq Farooqi",
              "non_striker": "M Shahrukh Khan",
              "runs": {
                "batter": 1,
                "extras": 0,
                "total": 1
              }
            }
          ]
        },
        {
          "over": 12,
          "deliveries": [
            {
              "batter": "B Sai Sudharsan",
              "bowler": "TU Deshpande",
              "non_striker": "M Shahrukh Khan",
              "runs": {
                "batter": 4,
                "extras": 0,
                "total": 4
              }
            },
            {
              "batter": "B Sai Sudharsan",
              "bowler": "TU Deshpande",
              "non_striker": "M Shahrukh Khan",
              "runs": {
                "batter": 0,
                "extras": 0,
                "total": 0
              }
            },
            {
              "batter": "B Sai Sudharsan",
              "bowler": "TU Deshpande",
              "non_striker": "M Shahrukh Khan",
              "runs": {
                "batter": 1,
                "extras": 0,
                "total": 1
              }
            },
            {
              "batter": "M Shahrukh Khan",
              "bowler": "TU Deshpande",
              "non_striker": "B Sai Sudharsan",
              "runs": {
                "batter": 0,
                "extras": 0,
                "total": 0
              }
            },
            {
              "batter": "M Shahrukh Khan",
              "bowler": "TU Deshpande",
              "extras": {
                "wides": 1
              },
              "non_striker": "B Sai Sudharsan",
              "runs": {
                "batter": 0,
                "extras": 1,
                "total": 1
              }
            },
            {
              "batter": "M Shahrukh Khan",
              "bowler": "TU Deshpande",
              "non_striker": "B Sai Sudharsan",
              "runs": {
                "batter": 6,
                "extras": 0,
                "total": 6
              }
            },
            {
              "batter": "M Shahrukh Khan",
              "bowler": "TU Deshpande",
              "extras": {
                "wides": 1
              },
              "non_striker": "B Sai Sudharsan",
              "runs": {
                "batter": 0,
                "extras": 1,
                "total": 1
              }
            },
            {
              "batter": "M Shahrukh Khan",
              "bowler": "TU Deshpande",
              "non_striker": "B Sai Sudharsan",
              "runs": {
                "batter": 1,
                "extras": 0,
                "total": 1
              }
            }
          ]
        },
        {
          "over": 13,
          "deliveries": [
            {
              "batter": "M Shahrukh Khan",
              "bowler": "M Theekshana",
              "non_striker": "B Sai Sudharsan",
              "replacements": {
                "match": [
                  {
                    "in": "SB Dubey",
                    "out": "Fazalhaq Farooqi",
                    "team": "Rajasthan Royals",
                    "reason": "impact_player"
                  }
                ]
              },
              "runs": {
                "batter": 1,
                "extras": 0,
                "total": 1
              }
            },
            {
              "batter": "B Sai Sudharsan",
              "bowler": "M Theekshana",
              "non_striker": "M Shahrukh Khan",
              "runs": {
                "batter": 1,
                "extras": 0,
                "total": 1
              }
            },
            {
              "batter": "M Shahrukh Khan",
              "bowler": "M Theekshana",
              "non_striker": "B Sai Sudharsan",
              "runs": {
                "batter": 6,
                "extras": 0,
                "total": 6
              }
            },
            {
              "batter": "M Shahrukh Khan",
              "bowler": "M Theekshana",
              "non_striker": "B Sai Sudharsan",
              "runs": {
                "batter": 4,
                "extras": 0,
                "total": 4
              }
            },
            {
              "batter": "M Shahrukh Khan",
              "bowler": "M Theekshana",
              "non_striker": "B Sai Sudharsan",
              "runs": {
                "batter": 4,
                "extras": 0,
                "total": 4
              }
            },
            {
              "batter": "M Shahrukh Khan",
              "bowler": "M Theekshana",
              "non_striker": "B Sai Sudharsan",
              "runs": {
                "batter": 0,
                "extras": 0,
                "total": 0
              }
            }
          ]
        },
        {
          "over": 14,
          "deliveries": [
            {
              "batter": "B Sai Sudharsan",
              "bowler": "Sandeep Sharma",
              "non_striker": "M Shahrukh Khan",
              "runs": {
                "batter": 1,
                "extras": 0,
                "total": 1
              }
            },
            {
              "batter": "M Shahrukh Khan",
              "bowler": "Sandeep Sharma",
              "non_striker": "B Sai Sudharsan",
              "runs": {
                "batter": 1,
                "extras": 0,
                "total": 1
              }
            },
            {
              "batter": "B Sai Sudharsan",
              "bowler": "Sandeep Sharma",
              "non_striker": "M Shahrukh Khan",
              "runs": {
                "batter": 1,
                "extras": 0,
                "total": 1
              }
            },
            {
              "batter": "M Shahrukh Khan",
              "bowler": "Sandeep Sharma",
              "non_striker": "B Sai Sudharsan",
              "runs": {
                "batter": 1,
                "extras": 0,
                "total": 1
              }
            },
            {
              "batter": "B Sai Sudharsan",
              "bowler": "Sandeep Sharma",
              "non_striker": "M Shahrukh Khan",
              "runs": {
                "batter": 0,
                "extras": 0,
                "total": 0
              }
            },
            {
              "batter": "B Sai Sudharsan",
              "bowler": "Sandeep Sharma",
              "non_striker": "M Shahrukh Khan",
              "runs": {
                "batter": 1,
                "extras": 0,
                "total": 1
              }
            }
          ]
        },
        {
          "over": 15,
          "deliveries": [
            {
              "batter": "B Sai Sudharsan",
              "bowler": "M Theekshana",
              "non_striker": "M Shahrukh Khan",
              "runs": {
                "batter": 4,
                "extras": 0,
                "total": 4
              }
            },
            {
              "batter": "B Sai Sudharsan",
              "bowler": "M Theekshana",
              "extras": {
                "wides": 2
              },
              "non_striker": "M Shahrukh Khan",
              "runs": {
                "batter": 0,
                "extras": 2,
                "total": 2
              }
            },
            {
              "batter": "M Shahrukh Khan",
              "bowler": "M Theekshana",
              "non_striker": "B Sai Sudharsan",
              "runs": {
                "batter": 1,
                "extras": 0,
                "total": 1
              }
            },
            {
              "batter": "B Sai Sudharsan",
              "bowler": "M Theekshana",
              "non_striker": "M Shahrukh Khan",
              "runs": {
                "batter": 2,
                "extras": 0,
                "total": 2
              }
            },
            {
              "batter": "B Sai Sudharsan",
              "bowler": "M Theekshana",
              "extras": {
                "wides": 2
              },
              "non_striker": "M Shahrukh Khan",
              "runs": {
                "batter": 0,
                "extras": 2,
                "total": 2
              }
            },
            {
              "batter": "M Shahrukh Khan",
              "bowler": "M Theekshana",
              "non_striker": "B Sai Sudharsan",
              "runs": {
                "batter": 0,
                "extras": 0,
                "total": 0
              },
              "wickets": [
                {
                  "player_out": "M Shahrukh Khan",
                  "fielders": [
                    {
                      "name": "SV Samson"
                    }
                  ],
                  "kind": "stumped"
                }
              ]
            },
            {
              "batter": "SE Rutherford",
              "bowler": "M Theekshana",
              "non_striker": "B Sai Sudharsan",
              "runs": {
                "batter": 6,
                "extras": 0,
                "total": 6
              }
            },
            {
              "batter": "SE Rutherford",
              "bowler": "M Theekshana",
              "non_striker": "B Sai Sudharsan",
              "runs": {
                "batter": 1,
                "extras": 0,
                "total": 1
              }
            }
          ]
        },
        {
          "over": 16,
          "deliveries": [
            {
              "batter": "SE Rutherford",
              "bowler": "Sandeep Sharma",
              "non_striker": "B Sai Sudharsan",
              "runs": {
                "batter": 0,
                "extras": 0,
                "total": 0
              },
              "wickets": [
                {
                  "player_out": "SE Rutherford",
                  "fielders": [
                    {
                      "name": "SV Samson"
                    }
                  ],
                  "kind": "caught"
                }
              ]
            },
            {
              "batter": "R Tewatia",
              "bowler": "Sandeep Sharma",
              "non_striker": "B Sai Sudharsan",
              "runs": {
                "batter": 1,
                "extras": 0,
                "total": 1
              }
            },
            {
              "batter": "B Sai Sudharsan",
              "bowler": "Sandeep Sharma",
              "non_striker": "R Tewatia",
              "runs": {
                "batter": 6,
                "extras": 0,
                "total": 6
              }
            },
            {
              "batter": "B Sai Sudharsan",
              "bowler": "Sandeep Sharma",
              "non_striker": "R Tewatia",
              "runs": {
                "batter": 4,
                "extras": 0,
                "total": 4
              }
            },
            {
              "batter": "B Sai Sudharsan",
              "bowler": "Sandeep Sharma",
              "non_striker": "R Tewatia",
              "runs": {
                "batter": 1,
                "extras": 0,
                "total": 1
              }
            },
            {
              "batter": "R Tewatia",
              "bowler": "Sandeep Sharma",
              "non_striker": "B Sai Sudharsan",
              "runs": {
                "batter": 1,
                "extras": 0,
                "total": 1
              }
            }
          ]
        },
        {
          "over": 17,
          "deliveries": [
            {
              "batter": "R Tewatia",
              "bowler": "JC Archer",
              "non_striker": "B Sai Sudharsan",
              "runs": {
                "batter": 6,
                "extras": 0,
                "total": 6
              }
            },
            {
              "batter": "R Tewatia",
              "bowler": "JC Archer",
              "extras": {
                "wides": 1
              },
              "non_striker": "B Sai Sudharsan",
              "runs": {
                "batter": 0,
                "extras": 1,
                "total": 1
              }
            },
            {
              "batter": "R Tewatia",
              "bowler": "JC Archer",
              "non_striker": "B Sai Sudharsan",
              "runs": {
                "batter": 1,
                "extras": 0,
                "total": 1
              }
            },
            {
              "batter": "B Sai Sudharsan",
              "bowler": "JC Archer",
              "non_striker": "R Tewatia",
              "runs": {
                "batter": 1,
                "extras": 0,
                "total": 1
              }
            },
            {
              "batter": "R Tewatia",
              "bowler": "JC Archer",
              "non_striker": "B Sai Sudharsan",
              "runs": {
                "batter": 0,
                "extras": 0,
                "total": 0
              }
            },
            {
              "batter": "R Tewatia",
              "bowler": "JC Archer",
              "non_striker": "B Sai Sudharsan",
              "runs": {
                "batter": 1,
                "extras": 0,
                "total": 1
              }
            },
            {
              "batter": "B Sai Sudharsan",
              "bowler": "JC Archer",
              "non_striker": "R Tewatia",
              "runs": {
                "batter": 1,
                "extras": 0,
                "total": 1
              }
            }
          ]
        },
        {
          "over": 18,
          "deliveries": [
            {
              "batter": "B Sai Sudharsan",
              "bowler": "TU Deshpande",
              "non_striker": "R Tewatia",
              "runs": {
                "batter": 0,
                "extras": 0,
                "total": 0
              }
            },
            {
              "batter": "B Sai Sudharsan",
              "bowler": "TU Deshpande",
              "non_striker": "R Tewatia",
              "runs": {
                "batter": 0,
                "extras": 0,
                "total": 0
              },
              "wickets": [
                {
                  "player_out": "B Sai Sudharsan",
                  "fielders": [
                    {
                      "name": "SV Samson"
                    }
                  ],
                  "kind": "caught"
                }
              ]
            },
            {
              "batter": "Rashid Khan",
              "bowler": "TU Deshpande",
              "extras": {
                "wides": 1
              },
              "non_striker": "R Tewatia",
              "runs": {
                "batter": 0,
                "extras": 1,
                "total": 1
              }
            },
            {
              "batter": "Rashid Khan",
              "bowler": "TU Deshpande",
              "non_striker": "R Tewatia",
              "runs": {
                "batter": 6,
                "extras": 0,
                "total": 6
              }
            },
            {
              "batter": "Rashid Khan",
              "bowler": "TU Deshpande",
              "non_striker": "R Tewatia",
              "runs": {
                "batter": 4,
                "extras": 0,
                "total": 4
              }
            },
            {
              "batter": "Rashid Khan",
              "bowler": "TU Deshpande",
              "extras": {
                "wides": 1
              },
              "non_striker": "R Tewatia",
              "runs": {
                "batter": 0,
                "extras": 1,
                "total": 1
              }
            },
            {
              "batter": "Rashid Khan",
              "bowler": "TU Deshpande",
              "non_striker": "R Tewatia",
              "runs": {
                "batter": 2,
                "extras": 0,
                "total": 2
              }
            },
            {
              "batter": "Rashid Khan",
              "bowler": "TU Deshpande",
              "non_striker": "R Tewatia",
              "runs": {
                "batter": 0,
                "extras": 0,
                "total": 0
              },
              "wickets": [
                {
                  "player_out": "Rashid Khan",
                  "fielders": [
                    {
                      "name": "YBK Jaiswal"
                    }
                  ],
                  "kind": "caught"
                }
              ]
            }
          ]
        },
        {
          "over": 19,
          "deliveries": [
            {
              "batter": "R Tewatia",
              "bowler": "Sandeep Sharma",
              "non_striker": "Arshad Khan",
              "runs": {
                "batter": 4,
                "extras": 0,
                "total": 4
              }
            },
            {
              "batter": "R Tewatia",
              "bowler": "Sandeep Sharma",
              "non_striker": "Arshad Khan",
              "runs": {
                "batter": 0,
                "extras": 0,
                "total": 0
              }
            },
            {
              "batter": "R Tewatia",
              "bowler": "Sandeep Sharma",
              "extras": {
                "wides": 1
              },
              "non_striker": "Arshad Khan",
              "runs": {
                "batter": 0,
                "extras": 1,
                "total": 1
              }
            },
            {
              "batter": "R Tewatia",
              "bowler": "Sandeep Sharma",
              "non_striker": "Arshad Khan",
              "runs": {
                "batter": 6,
                "extras": 0,
                "total": 6
              }
            },
            {
              "batter": "R Tewatia",
              "bowler": "Sandeep Sharma",
              "non_striker": "Arshad Khan",
              "runs": {
                "batter": 0,
                "extras": 0,
                "total": 0
              }
            },
            {
              "batter": "R Tewatia",
              "bowler": "Sandeep Sharma",
              "extras": {
                "wides": 1
              },
              "non_striker": "Arshad Khan",
              "runs": {
                "batter": 0,
                "extras": 1,
                "total": 1
              }
            },
            {
              "batter": "R Tewatia",
              "bowler": "Sandeep Sharma",
              "non_striker": "Arshad Khan",
              "runs": {
                "batter": 0,
                "extras": 0,
                "total": 0
              }
            },
            {
              "batter": "R Tewatia",
              "bowler": "Sandeep Sharma",
              "non_striker": "Arshad Khan",
              "runs": {
                "batter": 4,
                "extras": 0,
                "total": 4
              }
            }
          ]
        }
      ],
      "powerplays": [
        {
          "from": 0.1,
          "to": 5.7,
          "type": "mandatory"
        }
      ]
    },
    {
      "team": "Rajasthan Royals",
      "overs": [
        {
          "over": 0,
          "deliveries": [
            {
              "batter": "YBK Jaiswal",
              "bowler": "Mohammed Siraj",
              "extras": {
                "wides": 1
              },
              "non_striker": "SV Samson",
              "replacements": {
                "match": [
                  {
                    "in": "K Khejroliya",
                    "out": "SE Rutherford",
                    "team": "Gujarat Titans",
                    "reason": "impact_player"
                  }
                ]
              },
              "runs": {
                "batter": 0,
                "extras": 1,
                "total": 1
              }
            },
            {
              "batter": "YBK Jaiswal",
              "bowler": "Mohammed Siraj",
              "non_striker": "SV Samson",
              "runs": {
                "batter": 0,
                "extras": 0,
                "total": 0
              }
            },
            {
              "batter": "YBK Jaiswal",
              "bowler": "Mohammed Siraj",
              "non_striker": "SV Samson",
              "runs": {
                "batter": 4,
                "extras": 0,
                "total": 4
              }
            },
            {
              "batter": "YBK Jaiswal",
              "bowler": "Mohammed Siraj",
              "non_striker": "SV Samson",
              "runs": {
                "batter": 0,
                "extras": 0,
                "total": 0
              }
            },
            {
              "batter": "YBK Jaiswal",
              "bowler": "Mohammed Siraj",
              "extras": {
                "wides": 1
              },
              "non_striker": "SV Samson",
              "runs": {
                "batter": 0,
                "extras": 1,
                "total": 1
              }
            },
            {
              "batter": "YBK Jaiswal",
              "bowler": "Mohammed Siraj",
              "extras": {
                "wides": 1
              },
              "non_striker": "SV Samson",
              "runs": {
                "batter": 0,
                "extras": 1,
                "total": 1
              }
            },
            {
              "batter": "YBK Jaiswal",
              "bowler": "Mohammed Siraj",
              "non_striker": "SV Samson",
              "runs": {
                "batter": 0,
                "extras": 0,
                "total": 0
              }
            },
            {
              "batter": "YBK Jaiswal",
              "bowler": "Mohammed Siraj",
              "non_striker": "SV Samson",
              "runs": {
                "batter": 0,
                "extras": 0,
                "total": 0
              }
            },
            {
              "batter": "YBK Jaiswal",
              "bowler": "Mohammed Siraj",
              "non_striker": "SV Samson",
              "runs": {
                "batter": 2,
                "extras": 0,
                "total": 2
              }
            }
          ]
        },
        {
          "over": 1,
          "deliveries": [
            {
              "batter": "SV Samson",
              "bowler": "Arshad Khan",
              "non_striker": "YBK Jaiswal",
              "runs": {
                "batter": 1,
                "extras": 0,
                "total": 1
              }
            },
            {
              "batter": "YBK Jaiswal",
              "bowler": "Arshad Khan",
              "non_striker": "SV Samson",
              "runs": {
                "batter": 0,
                "extras": 0,
                "total": 0
              },
              "wickets": [
                {
                  "player_out": "YBK Jaiswal",
                  "fielders": [
                    {
                      "name": "Rashid Khan"
                    }
                  ],
                  "kind": "caught"
                }
              ]
            },
            {
              "batter": "N Rana",
              "bowler": "Arshad Khan",
              "extras": {
                "wides": 1
              },
              "non_striker": "SV Samson",
              "runs": {
                "batter": 0,
                "extras": 1,
                "total": 1
              }
            },
            {
              "batter": "N Rana",
              "bowler": "Arshad Khan",
              "non_striker": "SV Samson",
              "runs": {
                "batter": 1,
                "extras": 0,
                "total": 1
              }
            },
            {
              "batter": "SV Samson",
              "bowler": "Arshad Khan",
              "non_striker": "N Rana",
              "runs": {
                "batter": 0,
                "extras": 0,
                "total": 0
              }
            },
            {
              "batter": "SV Samson",
              "bowler": "Arshad Khan",
              "non_striker": "N Rana",
              "runs": {
                "batter": 0,
                "extras": 0,
                "total": 0
              }
            },
            {
              "batter": "SV Samson",
              "bowler": "Arshad Khan",
              "non_striker": "N Rana",
              "runs": {
                "batter": 0,
                "extras": 0,
                "total": 0
              }
            }
          ]
        },
        {
          "over": 2,
          "deliveries": [
            {
              "batter": "N Rana",
              "bowler": "Mohammed Siraj",
              "non_striker": "SV Samson",
              "runs": {
                "batter": 0,
                "extras": 0,
                "total": 0
              }
            },
            {
              "batter": "N Rana",
              "bowler": "Mohammed Siraj",
              "non_striker": "SV Samson",
              "runs": {
                "batter": 0,
                "extras": 0,
                "total": 0
              },
              "wickets": [
                {
                  "player_out": "N Rana",
                  "fielders": [
                    {
                      "name": "K Khejroliya"
                    }
                  ],
                  "kind": "caught"
                }
              ]
            },
            {
              "batter": "R Parag",
              "bowler": "Mohammed Siraj",
              "non_striker": "SV Samson",
              "runs": {
                "batter": 0,
                "extras": 0,
                "total": 0
              }
            },
            {
              "batter": "R Parag",
              "bowler": "Mohammed Siraj",
              "non_striker": "SV Samson",
              "runs": {
                "batter": 0,
                "extras": 0,
                "total": 0
              }
            },
            {
              "batter": "R Parag",
              "bowler": "Mohammed Siraj",
              "non_striker": "SV Samson",
              "runs": {
                "batter": 6,
                "extras": 0,
                "total": 6
              }
            },
            {
              "batter": "R Parag",
              "bowler": "Mohammed Siraj",
              "non_striker": "SV Samson",
              "runs": {
                "batter": 0,
                "extras": 0,
                "total": 0
              }
            }
          ]
        },
        {
          "over": 3,
          "deliveries": [
            {
              "batter": "SV Samson",
              "bowler": "Arshad Khan",
              "non_striker": "R Parag",
              "runs": {
                "batter": 0,
                "extras": 0,
                "total": 0
              }
            },
            {
              "batter": "SV Samson",
              "bowler": "Arshad Khan",
              "non_striker": "R Parag",
              "runs": {
                "batter": 4,
                "extras": 0,
                "total": 4
              }
            },
            {
              "batter": "SV Samson",
              "bowler": "Arshad Khan",
              "non_striker": "R Parag",
              "runs": {
                "batter": 6,
                "extras": 0,
                "total": 6
              }
            },
            {
              "batter": "SV Samson",
              "bowler": "Arshad Khan",
              "non_striker": "R Parag",
              "runs": {
                "batter": 1,
                "extras": 0,
                "total": 1
              }
            },
            {
              "batter": "R Parag",
              "bowler": "Arshad Khan",
              "non_striker": "SV Samson",
              "runs": {
                "batter": 1,
                "extras": 0,
                "total": 1
              }
            },
            {
              "batter": "SV Samson",
              "bowler": "Arshad Khan",
              "non_striker": "R Parag",
              "runs": {
                "batter": 4,
                "extras": 0,
                "total": 4
              }
            }
          ]
        },
        {
          "over": 4,
          "deliveries": [
            {
              "batter": "R Parag",
              "bowler": "Mohammed Siraj",
              "non_striker": "SV Samson",
              "runs": {
                "batter": 6,
                "extras": 0,
                "total": 6
              }
            },
            {
              "batter": "R Parag",
              "bowler": "Mohammed Siraj",
              "non_striker": "SV Samson",
              "runs": {
                "batter": 1,
                "extras": 0,
                "total": 1
              }
            },
            {
              "batter": "SV Samson",
              "bowler": "Mohammed Siraj",
              "non_striker": "R Parag",
              "runs": {
                "batter": 0,
                "extras": 0,
                "total": 0
              }
            },
            {
              "batter": "SV Samson",
              "bowler": "Mohammed Siraj",
              "non_striker": "R Parag",
              "runs": {
                "batter": 0,
                "extras": 0,
                "total": 0
              }
            },
            {
              "batter": "SV Samson",
              "bowler": "Mohammed Siraj",
              "non_striker": "R Parag",
              "runs": {
                "batter": 4,
                "extras": 0,
                "total": 4
              }
            },
            {
              "batter": "SV Samson",
              "bowler": "Mohammed Siraj",
              "non_striker": "R Parag",
              "runs": {
                "batter": 0,
                "extras": 0,
                "total": 0
              }
            }
          ]
        },
        {
          "over": 5,
          "deliveries": [
            {
              "batter": "R Parag",
              "bowler": "M Prasidh Krishna",
              "non_striker": "SV Samson",
              "runs": {
                "batter": 6,
                "extras": 0,
                "total": 6
              }
            },
            {
              "batter": "R Parag",
              "bowler": "M Prasidh Krishna",
              "non_striker": "SV Samson",
              "runs": {
                "batter": 1,
                "extras": 0,
                "total": 1
              }
            },
            {
              "batter": "SV Samson",
              "bowler": "M Prasidh Krishna",
              "non_striker": "R Parag",
              "runs": {
                "batter": 1,
                "extras": 0,
                "total": 1
              }
            },
            {
              "batter": "R Parag",
              "bowler": "M Prasidh Krishna",
              "non_striker": "SV Samson",
              "runs": {
                "batter": 0,
                "extras": 0,
                "total": 0
              }
            },
            {
              "batter": "R Parag",
              "bowler": "M Prasidh Krishna",
              "non_striker": "SV Samson",
              "runs": {
                "batter": 0,
                "extras": 0,
                "total": 0
              }
            },
            {
              "batter": "R Parag",
              "bowler": "M Prasidh Krishna",
              "non_striker": "SV Samson",
              "runs": {
                "batter": 4,
                "extras": 0,
                "total": 4
              }
            }
          ]
        },
        {
          "over": 6,
          "deliveries": [
            {
              "batter": "SV Samson",
              "bowler": "K Khejroliya",
              "non_striker": "R Parag",
              "runs": {
                "batter": 1,
                "extras": 0,
                "total": 1
              }
            },
            {
              "batter": "R Parag",
              "bowler": "K Khejroliya",
              "non_striker": "SV Samson",
              "runs": {
                "batter": 1,
                "extras": 0,
                "total": 1
              }
            },
            {
              "batter": "SV Samson",
              "bowler": "K Khejroliya",
              "non_striker": "R Parag",
              "runs": {
                "batter": 1,
                "extras": 0,
                "total": 1
              }
            },
            {
              "batter": "R Parag",
              "bowler": "K Khejroliya",
              "non_striker": "SV Samson",
              "review": {
                "by": "Rajasthan Royals",
                "umpire": "R Pandit",
                "batter": "R Parag",
                "decision": "struck down",
                "type": "wicket"
              },
              "runs": {
                "batter": 0,
                "extras": 0,
                "total": 0
              },
              "wickets": [
                {
                  "player_out": "R Parag",
                  "fielders": [
                    {
                      "name": "JC Buttler"
                    }
                  ],
                  "kind": "caught"
                }
              ]
            },
            {
              "batter": "Dhruv Jurel",
              "bowler": "K Khejroliya",
              "non_striker": "SV Samson",
              "runs": {
                "batter": 0,
                "extras": 0,
                "total": 0
              }
            },
            {
              "batter": "Dhruv Jurel",
              "bowler": "K Khejroliya",
              "extras": {
                "wides": 1
              },
              "non_striker": "SV Samson",
              "runs": {
                "batter": 0,
                "extras": 1,
                "total": 1
              }
            },
            {
              "batter": "Dhruv Jurel",
              "bowler": "K Khejroliya",
              "non_striker": "SV Samson",
              "runs": {
                "batter": 4,
                "extras": 0,
                "total": 4
              }
            }
          ]
        },
        {
          "over": 7,
          "deliveries": [
            {
              "batter": "SV Samson",
              "bowler": "Rashid Khan",
              "non_striker": "Dhruv Jurel",
              "runs": {
                "batter": 1,
                "extras": 0,
                "total": 1
              }
            },
            {
              "batter": "Dhruv Jurel",
              "bowler": "Rashid Khan",
              "non_striker": "SV Samson",
              "runs": {
                "batter": 1,
                "extras": 0,
                "total": 1
              }
            },
            {
              "batter": "SV Samson",
              "bowler": "Rashid Khan",
              "non_striker": "Dhruv Jurel",
              "runs": {
                "batter": 1,
                "extras": 0,
                "total": 1
              }
            },
            {
              "batter": "Dhruv Jurel",
              "bowler": "Rashid Khan",
              "non_striker": "SV Samson",
              "runs": {
                "batter": 0,
                "extras": 0,
                "total": 0
              },
              "wickets": [
                {
                  "player_out": "Dhruv Jurel",
                  "fielders": [
                    {
                      "name": "B Sai Sudharsan"
                    }
                  ],
                  "kind": "caught"
                }
              ]
            },
            {
              "batter": "SO Hetmyer",
              "bowler": "Rashid Khan",
              "non_striker": "SV Samson",
              "review": {
                "by": "Gujarat Titans",
                "umpire": "A Totre",
                "batter": "SO Hetmyer",
                "decision": "struck down",
                "type": "wicket"
              },
              "runs": {
                "batter": 0,
                "extras": 0,
                "total": 0
              }
            },
            {
              "batter": "SO Hetmyer",
              "bowler": "Rashid Khan",
              "non_striker": "SV Samson",
              "runs": {
                "batter": 1,
                "extras": 0,
                "total": 1
              }
            }
          ]
        },
        {
          "over": 8,
          "deliveries": [
            {
              "batter": "SO Hetmyer",
              "bowler": "K Khejroliya",
              "non_striker": "SV Samson",
              "runs": {
                "batter": 1,
                "extras": 0,
                "total": 1
              }
            },
            {
              "batter": "SV Samson",
              "bowler": "K Khejroliya",
              "non_striker": "SO Hetmyer",
              "runs": {
                "batter": 1,
                "extras": 0,
                "total": 1
              }
            },
            {
              "batter": "SO Hetmyer",
              "bowler": "K Khejroliya",
              "non_striker": "SV Samson",
              "runs": {
                "batter": 1,
                "extras": 0,
                "total": 1
              }
            },
            {
              "batter": "SV Samson",
              "bowler": "K Khejroliya",
              "non_striker": "SO Hetmyer",
              "runs": {
                "batter": 1,
                "extras": 0,
                "total": 1
              }
            },
            {
              "batter": "SO Hetmyer",
              "bowler": "K Khejroliya",
              "non_striker": "SV Samson",
              "runs": {
                "batter": 0,
                "extras": 0,
                "total": 0
              }
            },
            {
              "batter": "SO Hetmyer",
              "bowler": "K Khejroliya",
              "non_striker": "SV Samson",
              "runs": {
                "batter": 1,
                "extras": 0,
                "total": 1
              }
            }
          ]
        },
        {
          "over": 9,
          "deliveries": [
            {
              "batter": "SO Hetmyer",
              "bowler": "Rashid Khan",
              "non_striker": "SV Samson",
              "runs": {
                "batter": 6,
                "extras": 0,
                "total": 6
              }
            },
            {
              "batter": "SO Hetmyer",
              "bowler": "Rashid Khan",
              "non_striker": "SV Samson",
              "runs": {
                "batter": 1,
                "extras": 0,
                "total": 1
              }
            },
            {
              "batter": "SV Samson",
              "bowler": "Rashid Khan",
              "non_striker": "SO Hetmyer",
              "runs": {
                "batter": 0,
                "extras": 0,
                "total": 0
              }
            },
            {
              "batter": "SV Samson",
              "bowler": "Rashid Khan",
              "non_striker": "SO Hetmyer",
              "runs": {
                "batter": 1,
                "extras": 0,
                "total": 1
              }
            },
            {
              "batter": "SO Hetmyer",
              "bowler": "Rashid Khan",
              "extras": {
                "wides": 1
              },
              "non_striker": "SV Samson",
              "runs": {
                "batter": 0,
                "extras": 1,
                "total": 1
              }
            },
            {
              "batter": "SO Hetmyer",
              "bowler": "Rashid Khan",
              "non_striker": "SV Samson",
              "runs": {
                "batter": 1,
                "extras": 0,
                "total": 1
              }
            },
            {
              "batter": "SV Samson",
              "bowler": "Rashid Khan",
              "non_striker": "SO Hetmyer",
              "runs": {
                "batter": 1,
                "extras": 0,
                "total": 1
              }
            }
          ]
        },
        {
          "over": 10,
          "deliveries": [
            {
              "batter": "SV Samson",
              "bowler": "K Khejroliya",
              "non_striker": "SO Hetmyer",
              "runs": {
                "batter": 1,
                "extras": 0,
                "total": 1
              }
            },
            {
              "batter": "SO Hetmyer",
              "bowler": "K Khejroliya",
              "non_striker": "SV Samson",
              "runs": {
                "batter": 0,
                "extras": 0,
                "total": 0
              }
            },
            {
              "batter": "SO Hetmyer",
              "bowler": "K Khejroliya",
              "non_striker": "SV Samson",
              "runs": {
                "batter": 4,
                "extras": 0,
                "total": 4
              }
            },
            {
              "batter": "SO Hetmyer",
              "bowler": "K Khejroliya",
              "non_striker": "SV Samson",
              "runs": {
                "batter": 1,
                "extras": 0,
                "total": 1
              }
            },
            {
              "batter": "SV Samson",
              "bowler": "K Khejroliya",
              "non_striker": "SO Hetmyer",
              "runs": {
                "batter": 6,
                "extras": 0,
                "total": 6
              }
            },
            {
              "batter": "SV Samson",
              "bowler": "K Khejroliya",
              "non_striker": "SO Hetmyer",
              "runs": {
                "batter": 4,
                "extras": 0,
                "total": 4
              }
            }
          ]
        },
        {
          "over": 11,
          "deliveries": [
            {
              "batter": "SO Hetmyer",
              "bowler": "Rashid Khan",
              "non_striker": "SV Samson",
              "runs": {
                "batter": 1,
                "extras": 0,
                "total": 1
              }
            },
            {
              "batter": "SV Samson",
              "bowler": "Rashid Khan",
              "non_striker": "SO Hetmyer",
              "runs": {
                "batter": 1,
                "extras": 0,
                "total": 1
              }
            },
            {
              "batter": "SO Hetmyer",
              "bowler": "Rashid Khan",
              "non_striker": "SV Samson",
              "runs": {
                "batter": 6,
                "extras": 0,
                "total": 6
              }
            },
            {
              "batter": "SO Hetmyer",
              "bowler": "Rashid Khan",
              "non_striker": "SV Samson",
              "runs": {
                "batter": 4,
                "extras": 0,
                "total": 4
              }
            },
            {
              "batter": "SO Hetmyer",
              "bowler": "Rashid Khan",
              "non_striker": "SV Samson",
              "runs": {
                "batter": 0,
                "extras": 0,
                "total": 0
              }
            },
            {
              "batter": "SO Hetmyer",
              "bowler": "Rashid Khan",
              "extras": {
                "wides": 1
              },
              "non_striker": "SV Samson",
              "runs": {
                "batter": 0,
                "extras": 1,
                "total": 1
              }
            },
            {
              "batter": "SO Hetmyer",
              "bowler": "Rashid Khan",
              "non_striker": "SV Samson",
              "runs": {
                "batter": 1,
                "extras": 0,
                "total": 1
              }
            }
          ]
        },
        {
          "over": 12,
          "deliveries": [
            {
              "batter": "SO Hetmyer",
              "bowler": "M Prasidh Krishna",
              "non_striker": "SV Samson",
              "runs": {
                "batter": 1,
                "extras": 0,
                "total": 1
              }
            },
            {
              "batter": "SV Samson",
              "bowler": "M Prasidh Krishna",
              "non_striker": "SO Hetmyer",
              "runs": {
                "batter": 0,
                "extras": 0,
                "total": 0
              },
              "wickets": [
                {
                  "player_out": "SV Samson",
                  "fielders": [
                    {
                      "name": "R Sai Kishore"
                    }
                  ],
                  "kind": "caught"
                }
              ]
            },
            {
              "batter": "SB Dubey",
              "bowler": "M Prasidh Krishna",
              "non_striker": "SO Hetmyer",
              "runs": {
                "batter": 1,
                "extras": 0,
                "total": 1
              }
            },
            {
              "batter": "SO Hetmyer",
              "bowler": "M Prasidh Krishna",
              "non_striker": "SB Dubey",
              "runs": {
                "batter": 0,
                "extras": 0,
                "total": 0
              }
            },
            {
              "batter": "SO Hetmyer",
              "bowler": "M Prasidh Krishna",
              "non_striker": "SB Dubey",
              "runs": {
                "batter": 2,
                "extras": 0,
                "total": 2
              }
            },
            {
              "batter": "SO Hetmyer",
              "bowler": "M Prasidh Krishna",
              "non_striker": "SB Dubey",
              "runs": {
                "batter": 0,
                "extras": 0,
                "total": 0
              }
            }
          ]
        },
        {
          "over": 13,
          "deliveries": [
            {
              "batter": "SB Dubey",
              "bowler": "Rashid Khan",
              "non_striker": "SO Hetmyer",
              "runs": {
                "batter": 0,
                "extras": 0,
                "total": 0
              }
            },
            {
              "batter": "SB Dubey",
              "bowler": "Rashid Khan",
              "non_striker": "SO Hetmyer",
              "review": {
                "by": "Rajasthan Royals",
                "umpire": "A Totre",
                "batter": "SB Dubey",
                "decision": "struck down",
                "type": "wicket"
              },
              "runs": {
                "batter": 0,
                "extras": 0,
                "total": 0
              },
              "wickets": [
                {
                  "player_out": "SB Dubey",
                  "kind": "lbw"
                }
              ]
            },
            {
              "batter": "JC Archer",
              "bowler": "Rashid Khan",
              "non_striker": "SO Hetmyer",
              "runs": {
                "batter": 1,
                "extras": 0,
                "total": 1
              }
            },
            {
              "batter": "SO Hetmyer",
              "bowler": "Rashid Khan",
              "non_striker": "JC Archer",
              "runs": {
                "batter": 4,
                "extras": 0,
                "total": 4
              }
            },
            {
              "batter": "SO Hetmyer",
              "bowler": "Rashid Khan",
              "non_striker": "JC Archer",
              "runs": {
                "batter": 1,
                "extras": 0,
                "total": 1
              }
            },
            {
              "batter": "JC Archer",
              "bowler": "Rashid Khan",
              "non_striker": "SO Hetmyer",
              "runs": {
                "batter": 2,
                "extras": 0,
                "total": 2
              }
            }
          ]
        },
        {
          "over": 14,
          "deliveries": [
            {
              "batter": "SO Hetmyer",
              "bowler": "R Sai Kishore",
              "extras": {
                "wides": 1
              },
              "non_striker": "JC Archer",
              "runs": {
                "batter": 0,
                "extras": 1,
                "total": 1
              }
            },
            {
              "batter": "SO Hetmyer",
              "bowler": "R Sai Kishore",
              "non_striker": "JC Archer",
              "runs": {
                "batter": 2,
                "extras": 0,
                "total": 2
              }
            },
            {
              "batter": "SO Hetmyer",
              "bowler": "R Sai Kishore",
              "non_striker": "JC Archer",
              "runs": {
                "batter": 0,
                "extras": 0,
                "total": 0
              }
            },
            {
              "batter": "SO Hetmyer",
              "bowler": "R Sai Kishore",
              "non_striker": "JC Archer",
              "runs": {
                "batter": 6,
                "extras": 0,
                "total": 6
              }
            },
            {
              "batter": "SO Hetmyer",
              "bowler": "R Sai Kishore",
              "non_striker": "JC Archer",
              "runs": {
                "batter": 1,
                "extras": 0,
                "total": 1
              }
            },
            {
              "batter": "JC Archer",
              "bowler": "R Sai Kishore",
              "non_striker": "SO Hetmyer",
              "runs": {
                "batter": 1,
                "extras": 0,
                "total": 1
              }
            },
            {
              "batter": "SO Hetmyer",
              "bowler": "R Sai Kishore",
              "non_striker": "JC Archer",
              "runs": {
                "batter": 1,
                "extras": 0,
                "total": 1
              }
            }
          ]
        },
        {
          "over": 15,
          "deliveries": [
            {
              "batter": "SO Hetmyer",
              "bowler": "M Prasidh Krishna",
              "non_striker": "JC Archer",
              "runs": {
                "batter": 4,
                "extras": 0,
                "total": 4
              }
            },
            {
              "batter": "SO Hetmyer",
              "bowler": "M Prasidh Krishna",
              "non_striker": "JC Archer",
              "runs": {
                "batter": 1,
                "extras": 0,
                "total": 1
              }
            },
            {
              "batter": "JC Archer",
              "bowler": "M Prasidh Krishna",
              "non_striker": "SO Hetmyer",
              "runs": {
                "batter": 0,
                "extras": 0,
                "total": 0
              },
              "wickets": [
                {
                  "player_out": "JC Archer",
                  "fielders": [
                    {
                      "name": "Shubman Gill"
                    }
                  ],
                  "kind": "caught"
                }
              ]
            },
            {
              "batter": "M Theekshana",
              "bowler": "M Prasidh Krishna",
              "non_striker": "SO Hetmyer",
              "runs": {
                "batter": 1,
                "extras": 0,
                "total": 1
              }
            },
            {
              "batter": "SO Hetmyer",
              "bowler": "M Prasidh Krishna",
              "non_striker": "M Theekshana",
              "runs": {
                "batter": 0,
                "extras": 0,
                "total": 0
              }
            },
            {
              "batter": "SO Hetmyer",
              "bowler": "M Prasidh Krishna",
              "non_striker": "M Theekshana",
              "runs": {
                "batter": 0,
                "extras": 0,
                "total": 0
              },
              "wickets": [
                {
                  "player_out": "SO Hetmyer",
                  "fielders": [
                    {
                      "name": "R Sai Kishore"
                    }
                  ],
                  "kind": "caught"
                }
              ]
            }
          ]
        },
        {
          "over": 16,
          "deliveries": [
            {
              "batter": "M Theekshana",
              "bowler": "R Sai Kishore",
              "non_striker": "TU Deshpande",
              "runs": {
                "batter": 1,
                "extras": 0,
                "total": 1
              }
            },
            {
              "batter": "TU Deshpande",
              "bowler": "R Sai Kishore",
              "non_striker": "M Theekshana",
              "runs": {
                "batter": 2,
                "extras": 0,
                "total": 2
              }
            },
            {
              "batter": "TU Deshpande",
              "bowler": "R Sai Kishore",
              "non_striker": "M Theekshana",
              "runs": {
                "batter": 1,
                "extras": 0,
                "total": 1
              }
            },
            {
              "batter": "M Theekshana",
              "bowler": "R Sai Kishore",
              "non_striker": "TU Deshpande",
              "runs": {
                "batter": 1,
                "extras": 0,
                "total": 1
              }
            },
            {
              "batter": "TU Deshpande",
              "bowler": "R Sai Kishore",
              "non_striker": "M Theekshana",
              "runs": {
                "batter": 0,
                "extras": 0,
                "total": 0
              },
              "wickets": [
                {
                  "player_out": "TU Deshpande",
                  "fielders": [
                    {
                      "name": "Rashid Khan"
                    }
                  ],
                  "kind": "caught"
                }
              ]
            },
            {
              "batter": "Sandeep Sharma",
              "bowler": "R Sai Kishore",
              "non_striker": "M Theekshana",
              "runs": {
                "batter": 2,
                "extras": 0,
                "total": 2
              }
            }
          ]
        },
        {
          "over": 17,
          "deliveries": [
            {
              "batter": "M Theekshana",
              "bowler": "M Prasidh Krishna",
              "non_striker": "Sandeep Sharma",
              "runs": {
                "batter": 1,
                "extras": 0,
                "total": 1
              }
            },
            {
              "batter": "Sandeep Sharma",
              "bowler": "M Prasidh Krishna",
              "non_striker": "M Theekshana",
              "runs": {
                "batter": 1,
                "extras": 0,
                "total": 1
              }
            },
            {
              "batter": "M Theekshana",
              "bowler": "M Prasidh Krishna",
              "non_striker": "Sandeep Sharma",
              "runs": {
                "batter": 0,
                "extras": 0,
                "total": 0
              }
            },
            {
              "batter": "M Theekshana",
              "bowler": "M Prasidh Krishna",
              "non_striker": "Sandeep Sharma",
              "runs": {
                "batter": 0,
                "extras": 0,
                "total": 0
              }
            },
            {
              "batter": "M Theekshana",
              "bowler": "M Prasidh Krishna",
              "non_striker": "Sandeep Sharma",
              "runs": {
                "batter": 0,
                "extras": 0,
                "total": 0
              }
            },
            {
              "batter": "M Theekshana",
              "bowler": "M Prasidh Krishna",
              "non_striker": "Sandeep Sharma",
              "runs": {
                "batter": 0,
                "extras": 0,
                "total": 0
              }
            }
          ]
        },
        {
          "over": 18,
          "deliveries": [
            {
              "batter": "Sandeep Sharma",
              "bowler": "Mohammed Siraj",
              "extras": {
                "wides": 1
              },
              "non_striker": "M Theekshana",
              "runs": {
                "batter": 0,
                "extras": 1,
                "total": 1
              }
            },
            {
              "batter": "Sandeep Sharma",
              "bowler": "Mohammed Siraj",
              "non_striker": "M Theekshana",
              "runs": {
                "batter": 1,
                "extras": 0,
                "total": 1
              }
            },
            {
              "batter": "M Theekshana",
              "bowler": "Mohammed Siraj",
              "non_striker": "Sandeep Sharma",
              "runs": {
                "batter": 0,
                "extras": 0,
                "total": 0
              }
            },
            {
              "batter": "M Theekshana",
              "bowler": "Mohammed Siraj",
              "non_striker": "Sandeep Sharma",
              "runs": {
                "batter": 0,
                "extras": 0,
                "total": 0
              }
            },
            {
              "batter": "M Theekshana",
              "bowler": "Mohammed Siraj",
              "non_striker": "Sandeep Sharma",
              "runs": {
                "batter": 0,
                "extras": 0,
                "total": 0
              }
            },
            {
              "batter": "M Theekshana",
              "bowler": "Mohammed Siraj",
              "non_striker": "Sandeep Sharma",
              "runs": {
                "batter": 1,
                "extras": 0,
                "total": 1
              }
            },
            {
              "batter": "Sandeep Sharma",
              "bowler": "Mohammed Siraj",
              "non_striker": "M Theekshana",
              "runs": {
                "batter": 1,
                "extras": 0,
                "total": 1
              }
            }
          ]
        },
        {
          "over": 19,
          "deliveries": [
            {
              "batter": "Sandeep Sharma",
              "bowler": "R Sai Kishore",
              "non_striker": "M Theekshana",
              "runs": {
                "batter": 1,
                "extras": 0,
                "total": 1
              }
            },
            {
              "batter": "M Theekshana",
              "bowler": "R Sai Kishore",
              "non_striker": "Sandeep Sharma",
              "runs": {
                "batter": 0,
                "extras": 0,
                "total": 0
              },
              "wickets": [
                {
                  "player_out": "M Theekshana",
                  "fielders": [
                    {
                      "name": "B Sai Sudharsan"
                    }
                  ],
                  "kind": "caught"
                }
              ]
            }
          ]
        }
      ],
      "powerplays": [
        {
          "from": 0.1,
          "to": 5.6,
          "type": "mandatory"
        }
      ],
      "target": {
        "overs": 20,
        "runs": 218
      }
    }
  ]
}