{
  "meta": {
    "data_version": "1.1.0",
    "created": "2025-03-27",
    "revision": 1
  },
  "info": {
    "balls_per_over": 6,
    "city": "Hyderabad",
    "dates": [
      "2025-03-27"
    ],
    "event": {
      "name": "Indian Premier League",
      "match_number": 7
    },
    "gender": "male",
    "match_type": "T20",
    "officials": {
      "match_referees": [
        "V Narayan Kutty"
      ],
      "reserve_umpires": [
        "AK Argal"
      ],
      "tv_umpires": [
        "VK Sharma"
      ],
      "umpires": [
        "Abhijit Bhattacharya",
        "UV Gandhe"
      ]
    },
    "outcome": {
      "winner": "Lucknow Super Giants",
      "by": {
        "wickets": 5
      }
    },
    "overs": 20,
    "player_of_match": [
      "SN Thakur"
    ],
    "players": {
      "Sunrisers Hyderabad": [
        "TM Head",
        "Abhishek Sharma",
        "Ishan Kishan",
        "Nithish Kumar Reddy",
        "H Klaasen",
        "Aniket Verma",
        "A Manohar",
        "PJ Cummins",
        "HV Patel",
        "Mohammed Shami",
        "Simarjeet Singh",
        "A Zampa"
      ],
      "Lucknow Super Giants": [
        "DS Rathi",
        "MR Marsh",
        "AK Markram",
        "N Pooran",
        "RR Pant",
        "A Badoni",
        "DA Miller",
        "Abdul Samad",
        "SN Thakur",
        "Ravi Bishnoi",
        "Prince Yadav",
        "Avesh Khan"
      ]
    },
    "registry": {
      "people": {
        "A Badoni": "872b03f7",
        "A Manohar": "0890552f",
        "A Zampa": "14f96089",
        "AK Argal": "0ee78cf3",
        "AK Markram": "6a26221c",
        "Abdul Samad": "8e514b4c",
        "Abhijit Bhattacharya": "59ec9638",
        "Abhishek Sharma": "f29185a1",
        "Aniket Verma": "a3b0600d",
        "Avesh Khan": "eef2536f",
        "DA Miller": "d67d5f00",
        "DS Rathi": "13fc5c6d",
        "H Klaasen": "235c2bb6",
        "HV Patel": "f986ca1a",
        "Ishan Kishan": "752f7486",
        "MR Marsh": "3d8feaf8",
        "Mohammed Shami": "8cf9814c",
        "N Pooran": "3241e3fd",
        "Nithish Kumar Reddy": "aad0c365",
        "PJ Cummins": "ded9240e",
        "Prince Yadav": "80b2fb19",
        "RR Pant": "919a3be2",
        "Ravi Bishnoi": "df064e1a",
        "SN Thakur": "1abb78f8",
        "Simarjeet Singh": "30df8c66",
        "TM Head": "12b610c2",
        "UV Gandhe": "43dd4011",
        "V Narayan Kutty": "4bacee3d",
        "VK Sharma": "a7a49df4"
      }
    },
    "season": "2025",
    "team_type": "club",
    "teams": [
      "Sunrisers Hyderabad",
      "Lucknow Super Giants"
    ],
    "toss": {
      "decision": "field",
      "winner": "Lucknow Super Giants"
    },
    "venue": "Rajiv Gandhi International Stadium, Uppal, Hyderabad"
  },
  "innings": [
    {
      "team": "Sunrisers Hyderabad",
      "overs": [
        {
          "over": 0,
          "deliveries": [
            {
              "batter": "TM Head",
              "bowler": "SN Thakur",
              "non_striker": "Abhishek Sharma",
              "runs": {
                "batter": 0,
                "extras": 0,
                "total": 0
              }
            },
            {
              "batter": "TM Head",
              "bowler": "SN Thakur",
              "non_striker": "Abhishek Sharma",
              "runs": {
                "batter": 0,
                "extras": 0,
                "total": 0
              }
            },
            {
              "batter": "TM Head",
              "bowler": "SN Thakur",
              "non_striker": "Abhishek Sharma",
              "runs": {
                "batter": 4,
                "extras": 0,
                "total": 4
              }
            },
            {
              "batter": "TM Head",
              "bowler": "SN Thakur",
              "non_striker": "Abhishek Sharma",
              "runs": {
                "batter": 0,
                "extras": 0,
                "total": 0
              }
            },
            {
              "batter": "TM Head",
              "bowler": "SN Thakur",
              "non_striker": "Abhishek Sharma",
              "runs": {
                "batter": 1,
                "extras": 0,
                "total": 1
              }
            },
            {
              "batter": "Abhishek Sharma",
              "bowler": "SN Thakur",
              "non_striker": "TM Head",
              "runs": {
                "batter": 1,
                "extras": 0,
                "total": 1
              }
            }
          ]
        },
        {
          "over": 1,
          "deliveries": [
            {
              "batter": "Abhishek Sharma",
              "bowler": "Avesh Khan",
              "non_striker": "TM Head",
              "runs": {
                "batter": 4,
                "extras": 0,
                "total": 4
              }
            },
            {
              "batter": "Abhishek Sharma",
              "bowler": "Avesh Khan",
              "non_striker": "TM Head",
              "runs": {
                "batter": 0,
                "extras": 0,
                "total": 0
              }
            },
            {
              "batter": "Abhishek Sharma",
              "bowler": "Avesh Khan",
              "non_striker": "TM Head",
              "runs": {
                "batter": 0,
                "extras": 0,
                "total": 0
              }
            },
            {
              "batter": "Abhishek Sharma",
              "bowler": "Avesh Khan",
              "non_striker": "TM Head",
              "runs": {
                "batter": 1,
                "extras": 0,
                "total": 1
              }
            },
            {
              "batter": "TM Head",
              "bowler": "Avesh Khan",
              "non_striker": "Abhishek Sharma",
              "runs": {
                "batter": 0,
                "extras": 0,
                "total": 0
              }
            },
            {
              "batter": "TM Head",
              "bowler": "Avesh Khan",
              "non_striker": "Abhishek Sharma",
              "runs": {
                "batter": 4,
                "extras": 0,
                "total": 4
              }
            }
          ]
        },
        {
          "over": 2,
          "deliveries": [
            {
              "batter": "Abhishek Sharma",
              "bowler": "SN Thakur",
              "non_striker": "TM Head",
              "runs": {
                "batter": 0,
                "extras": 0,
                "total": 0
              },
              "wickets": [
                {
                  "player_out": "Abhishek Sharma",
                  "fielders": [
                    {
                      "name": "N Pooran"
                    }
                  ],
                  "kind": "caught"
                }
              ]
            },
            {
              "batter": "Ishan Kishan",
              "bowler": "SN Thakur",
              "non_striker": "TM Head",
              "runs": {
                "batter": 0,
                "extras": 0,
                "total": 0
              },
              "wickets": [
                {
                  "player_out": "Ishan Kishan",
                  "fielders": [
                    {
                      "name": "RR Pant"
                    }
                  ],
                  "kind": "caught"
                }
              ]
            },
            {
              "batter": "Nithish Kumar Reddy",
              "bowler": "SN Thakur",
              "non_striker": "TM Head",
              "runs": {
                "batter": 1,
                "extras": 0,
                "total": 1
              }
            },
            {
              "batter": "TM Head",
              "bowler": "SN Thakur",
              "non_striker": "Nithish Kumar Reddy",
              "runs": {
                "batter": 4,
                "extras": 0,
                "total": 4
              }
            },
            {
              "batter": "TM Head",
              "bowler": "SN Thakur",
              "extras": {
                "wides": 1
              },
              "non_striker": "Nithish Kumar Reddy",
              "runs": {
                "batter": 0,
                "extras": 1,
                "total": 1
              }
            },
            {
              "batter": "TM Head",
              "bowler": "SN Thakur",
              "extras": {
                "wides": 1
              },
              "non_striker": "Nithish Kumar Reddy",
              "runs": {
                "batter": 0,
                "extras": 1,
                "total": 1
              }
            },
            {
              "batter": "TM Head",
              "bowler": "SN Thakur",
              "non_striker": "Nithish Kumar Reddy",
              "runs": {
                "batter": 1,
                "extras": 0,
                "total": 1
              }
            },
            {
              "batter": "Nithish Kumar Reddy",
              "bowler": "SN Thakur",
              "non_striker": "TM Head",
              "runs": {
                "batter": 4,
                "extras": 0,
                "total": 4
              }
            }
          ]
        },
        {
          "over": 3,
          "deliveries": [
            {
              "batter": "TM Head",
              "bowler": "Avesh Khan",
              "non_striker": "Nithish Kumar Reddy",
              "runs": {
                "batter": 6,
                "extras": 0,
                "total": 6
              }
            },
            {
              "batter": "TM Head",
              "bowler": "Avesh Khan",
              "non_striker": "Nithish Kumar Reddy",
              "runs": {
                "batter": 1,
                "extras": 0,
                "total": 1
              }
            },
            {
              "batter": "Nithish Kumar Reddy",
              "bowler": "Avesh Khan",
              "non_striker": "TM Head",
              "runs": {
                "batter": 1,
                "extras": 0,
                "total": 1
              }
            },
            {
              "batter": "TM Head",
              "bowler": "Avesh Khan",
              "non_striker": "Nithish Kumar Reddy",
              "runs": {
                "batter": 6,
                "extras": 0,
                "total": 6
              }
            },
            {
              "batter": "TM Head",
              "bowler": "Avesh Khan",
              "non_striker": "Nithish Kumar Reddy",
              "runs": {
                "batter": 0,
                "extras": 0,
                "total": 0
              }
            },
            {
              "batter": "TM Head",
              "bowler": "Avesh Khan",
              "non_striker": "Nithish Kumar Reddy",
              "runs": {
                "batter": 4,
                "extras": 0,
                "total": 4
              }
            }
          ]
        },
        {
          "over": 4,
          "deliveries": [
            {
              "batter": "Nithish Kumar Reddy",
              "bowler": "DS Rathi",
              "non_striker": "TM Head",
              "runs": {
                "batter": 1,
                "extras": 0,
                "total": 1
              }
            },
            {
              "batter": "TM Head",
              "bowler": "DS Rathi",
              "extras": {
                "noballs": 1
              },
              "non_striker": "Nithish Kumar Reddy",
              "runs": {
                "batter": 1,
                "extras": 1,
                "total": 2
              }
            },
            {
              "batter": "Nithish Kumar Reddy",
              "bowler": "DS Rathi",
              "non_striker": "TM Head",
              "runs": {
                "batter": 1,
                "extras": 0,
                "total": 1
              }
            },
            {
              "batter": "TM Head",
              "bowler": "DS Rathi",
              "non_striker": "Nithish Kumar Reddy",
              "runs": {
                "batter": 0,
                "extras": 0,
                "total": 0
              }
            },
            {
              "batter": "TM Head",
              "bowler": "DS Rathi",
              "non_striker": "Nithish Kumar Reddy",
              "runs": {
                "batter": 2,
                "extras": 0,
                "total": 2
              }
            },
            {
              "batter": "TM Head",
              "bowler": "DS Rathi",
              "non_striker": "Nithish Kumar Reddy",
              "runs": {
                "batter": 1,
                "extras": 0,
                "total": 1
              }
            },
            {
              "batter": "Nithish Kumar Reddy",
              "bowler": "DS Rathi",
              "non_striker": "TM Head",
              "runs": {
                "batter": 2,
                "extras": 0,
                "total": 2
              }
            }
          ]
        },
        {
          "over": 5,
          "deliveries": [
            {
              "batter": "TM Head",
              "bowler": "Ravi Bishnoi",
              "non_striker": "Nithish Kumar Reddy",
              "runs": {
                "batter": 1,
                "extras": 0,
                "total": 1
              }
            },
            {
              "batter": "Nithish Kumar Reddy",
              "bowler": "Ravi Bishnoi",
              "non_striker": "TM Head",
              "runs": {
                "batter": 1,
                "extras": 0,
                "total": 1
              }
            },
            {
              "batter": "TM Head",
              "bowler": "Ravi Bishnoi",
              "non_striker": "Nithish Kumar Reddy",
              "runs": {
                "batter": 6,
                "extras": 0,
                "total": 6
              }
            },
            {
              "batter": "TM Head",
              "bowler": "Ravi Bishnoi",
              "non_striker": "Nithish Kumar Reddy",
              "runs": {
                "batter": 0,
                "extras": 0,
                "total": 0
              }
            },
            {
              "batter": "TM Head",
              "bowler": "Ravi Bishnoi",
              "non_striker": "Nithish Kumar Reddy",
              "runs": {
                "batter": 0,
                "extras": 0,
                "total": 0
              }
            },
            {
              "batter": "TM Head",
              "bowler": "Ravi Bishnoi",
              "non_striker": "Nithish Kumar Reddy",
              "runs": {
                "batter": 0,
                "extras": 0,
                "total": 0
              }
            }
          ]
        },
        {
          "over": 6,
          "deliveries": [
            {
              "batter": "Nithish Kumar Reddy",
              "bowler": "DS Rathi",
              "non_striker": "TM Head",
              "runs": {
                "batter": 3,
                "extras": 0,
                "total": 3
              }
            },
            {
              "batter": "TM Head",
              "bowler": "DS Rathi",
              "non_striker": "Nithish Kumar Reddy",
              "runs": {
                "batter": 4,
                "extras": 0,
                "total": 4
              }
            },
            {
              "batter": "TM Head",
              "bowler": "DS Rathi",
              "non_striker": "Nithish Kumar Reddy",
              "runs": {
                "batter": 0,
                "extras": 0,
                "total": 0
              }
            },
            {
              "batter": "TM Head",
              "bowler": "DS Rathi",
              "non_striker": "Nithish Kumar Reddy",
              "runs": {
                "batter": 1,
                "extras": 0,
                "total": 1
              }
            },
            {
              "batter": "Nithish Kumar Reddy",
              "bowler": "DS Rathi",
              "non_striker": "TM Head",
              "runs": {
                "batter": 1,
                "extras": 0,
                "total": 1
              }
            },
            {
              "batter": "TM Head",
              "bowler": "DS Rathi",
              "non_striker": "Nithish Kumar Reddy",
              "runs": {
                "batter": 0,
                "extras": 0,
                "total": 0
              }
            }
          ]
        },
        {
          "over": 7,
          "deliveries": [
            {
              "batter": "Nithish Kumar Reddy",
              "bowler": "Prince Yadav",
              "non_striker": "TM Head",
              "runs": {
                "batter": 4,
                "extras": 0,
                "total": 4
              }
            },
            {
              "batter": "Nithish Kumar Reddy",
              "bowler": "Prince Yadav",
              "non_striker": "TM Head",
              "runs": {
                "batter": 1,
                "extras": 0,
                "total": 1
              }
            },
            {
              "batter": "TM Head",
              "bowler": "Prince Yadav",
              "non_striker": "Nithish Kumar Reddy",
              "runs": {
                "batter": 0,
                "extras": 0,
                "total": 0
              },
              "wickets": [
                {
                  "player_out": "TM Head",
                  "kind": "bowled"
                }
              ]
            },
            {
              "batter": "H Klaasen",
              "bowler": "Prince Yadav",
              "extras": {
                "wides": 1
              },
              "non_striker": "Nithish Kumar Reddy",
              "runs": {
                "batter": 0,
                "extras": 1,
                "total": 1
              }
            },
            {
              "batter": "H Klaasen",
              "bowler": "Prince Yadav",
              "non_striker": "Nithish Kumar Reddy",
              "runs": {
                "batter": 2,
                "extras": 0,
                "total": 2
              }
            },
            {
              "batter": "H Klaasen",
              "bowler": "Prince Yadav",
              "non_striker": "Nithish Kumar Reddy",
              "runs": {
                "batter": 1,
                "extras": 0,
                "total": 1
              }
            },
            {
              "batter": "Nithish Kumar Reddy",
              "bowler": "Prince Yadav",
              "non_striker": "H Klaasen",
              "runs": {
                "batter": 0,
                "extras": 0,
                "total": 0
              }
            }
          ]
        },
        {
          "over": 8,
          "deliveries": [
            {
              "batter": "H Klaasen",
              "bowler": "DS Rathi",
              "non_striker": "Nithish Kumar Reddy",
              "runs": {
                "batter": 1,
                "extras": 0,
                "total": 1
              }
            },
            {
              "batter": "Nithish Kumar Reddy",
              "bowler": "DS Rathi",
              "non_striker": "H Klaasen",
              "runs": {
                "batter": 1,
                "extras": 0,
                "total": 1
              }
            },
            {
              "batter": "H Klaasen",
              "bowler": "DS Rathi",
              "non_striker": "Nithish Kumar Reddy",
              "runs": {
                "batter": 0,
                "extras": 0,
                "total": 0
              }
            },
            {
              "batter": "H Klaasen",
              "bowler": "DS Rathi",
              "non_striker": "Nithish Kumar Reddy",
              "runs": {
                "batter": 6,
                "extras": 0,
                "total": 6
              }
            },
            {
              "batter": "H Klaasen",
              "bowler": "DS Rathi",
              "non_striker": "Nithish Kumar Reddy",
              "runs": {
                "batter": 0,
                "extras": 0,
                "total": 0
              }
            },
            {
              "batter": "H Klaasen",
              "bowler": "DS Rathi",
              "non_striker": "Nithish Kumar Reddy",
              "runs": {
                "batter": 1,
                "extras": 0,
                "total": 1
              }
            }
          ]
        },
        {
          "over": 9,
          "deliveries": [
            {
              "batter": "H Klaasen",
              "bowler": "Prince Yadav",
              "non_striker": "Nithish Kumar Reddy",
              "runs": {
                "batter": 1,
                "extras": 0,
                "total": 1
              }
            },
            {
              "batter": "Nithish Kumar Reddy",
              "bowler": "Prince Yadav",
              "non_striker": "H Klaasen",
              "runs": {
                "batter": 1,
                "extras": 0,
                "total": 1
              }
            },
            {
              "batter": "H Klaasen",
              "bowler": "Prince Yadav",
              "non_striker": "Nithish Kumar Reddy",
              "runs": {
                "batter": 0,
                "extras": 0,
                "total": 0
              }
            },
            {
              "batter": "H Klaasen",
              "bowler": "Prince Yadav",
              "non_striker": "Nithish Kumar Reddy",
              "runs": {
                "batter": 1,
                "extras": 0,
                "total": 1
              }
            },
            {
              "batter": "Nithish Kumar Reddy",
              "bowler": "Prince Yadav",
              "extras": {
                "wides": 1
              },
              "non_striker": "H Klaasen",
              "runs": {
                "batter": 0,
                "extras": 1,
                "total": 1
              }
            },
            {
              "batter": "Nithish Kumar Reddy",
              "bowler": "Prince Yadav",
              "extras": {
                "wides": 1
              },
              "non_striker": "H Klaasen",
              "runs": {
                "batter": 0,
                "extras": 1,
                "total": 1
              }
            },
            {
              "batter": "Nithish Kumar Reddy",
              "bowler": "Prince Yadav",
              "non_striker": "H Klaasen",
              "runs": {
                "batter": 1,
                "extras": 0,
                "total": 1
              }
            },
            {
              "batter": "H Klaasen",
              "bowler": "Prince Yadav",
              "non_striker": "Nithish Kumar Reddy",
              "runs": {
                "batter": 1,
                "extras": 0,
                "total": 1
              }
            }
          ]
        },
        {
          "over": 10,
          "deliveries": [
            {
              "batter": "H Klaasen",
              "bowler": "Ravi Bishnoi",
              "non_striker": "Nithish Kumar Reddy",
              "runs": {
                "batter": 1,
                "extras": 0,
                "total": 1
              }
            },
            {
              "batter": "Nithish Kumar Reddy",
              "bowler": "Ravi Bishnoi",
              "non_striker": "H Klaasen",
              "review": {
                "by": "Lucknow Super Giants",
                "umpire": "Abhijit Bhattacharya",
                "batter": "Nithish Kumar Reddy",
                "decision": "struck down",
                "type": "wicket",
                "umpires_call": true
              },
              "runs": {
                "batter": 0,
                "extras": 0,
                "total": 0
              }
            },
            {
              "batter": "Nithish Kumar Reddy",
              "bowler": "Ravi Bishnoi",
              "non_striker": "H Klaasen",
              "runs": {
                "batter": 1,
                "extras": 0,
                "total": 1
              }
            },
            {
              "batter": "H Klaasen",
              "bowler": "Ravi Bishnoi",
              "non_striker": "Nithish Kumar Reddy",
              "runs": {
                "batter": 4,
                "extras": 0,
                "total": 4
              }
            },
            {
              "batter": "H Klaasen",
              "bowler": "Ravi Bishnoi",
              "non_striker": "Nithish Kumar Reddy",
              "runs": {
                "batter": 1,
                "extras": 0,
                "total": 1
              }
            },
            {
              "batter": "Nithish Kumar Reddy",
              "bowler": "Ravi Bishnoi",
              "non_striker": "H Klaasen",
              "runs": {
                "batter": 0,
                "extras": 0,
                "total": 0
              }
            }
          ]
        },
        {
          "over": 11,
          "deliveries": [
            {
              "batter": "H Klaasen",
              "bowler": "Prince Yadav",
              "non_striker": "Nithish Kumar Reddy",
              "runs": {
                "batter": 1,
                "extras": 0,
                "total": 1
              }
            },
            {
              "batter": "Nithish Kumar Reddy",
              "bowler": "Prince Yadav",
              "non_striker": "H Klaasen",
              "runs": {
                "batter": 1,
                "extras": 0,
                "total": 1
              }
            },
            {
              "batter": "H Klaasen",
              "bowler": "Prince Yadav",
              "non_striker": "Nithish Kumar Reddy",
              "runs": {
                "batter": 4,
                "extras": 0,
                "total": 4
              }
            },
            {
              "batter": "H Klaasen",
              "bowler": "Prince Yadav",
              "non_striker": "Nithish Kumar Reddy",
              "runs": {
                "batter": 1,
                "extras": 0,
                "total": 1
              }
            },
            {
              "batter": "Nithish Kumar Reddy",
              "bowler": "Prince Yadav",
              "non_striker": "H Klaasen",
              "runs": {
                "batter": 0,
                "extras": 0,
                "total": 0
              }
            },
            {
              "batter": "Nithish Kumar Reddy",
              "bowler": "Prince Yadav",
              "non_striker": "H Klaasen",
              "runs": {
                "batter": 0,
                "extras": 0,
                "total": 0
              },
              "wickets": [
                {
                  "player_out": "H Klaasen",
                  "fielders": [
                    {
                      "name": "Prince Yadav"
                    }
                  ],
                  "kind": "run out"
                }
              ]
            }
          ]
        },
        {
          "over": 12,
          "deliveries": [
            {
              "batter": "Aniket Verma",
              "bowler": "Ravi Bishnoi",
              "non_striker": "Nithish Kumar Reddy",
              "runs": {
                "batter": 1,
                "extras": 0,
                "total": 1
              }
            },
            {
              "batter": "Nithish Kumar Reddy",
              "bowler": "Ravi Bishnoi",
              "non_striker": "Aniket Verma",
              "runs": {
                "batter": 2,
                "extras": 0,
                "total": 2
              }
            },
            {
              "batter": "Nithish Kumar Reddy",
              "bowler": "Ravi Bishnoi",
              "non_striker": "Aniket Verma",
              "runs": {
                "batter": 0,
                "extras": 0,
                "total": 0
              }
            },
            {
              "batter": "Nithish Kumar Reddy",
              "bowler": "Ravi Bishnoi",
              "non_striker": "Aniket Verma",
              "runs": {
                "batter": 2,
                "extras": 0,
                "total": 2
              }
            },
            {
              "batter": "Nithish Kumar Reddy",
              "bowler": "Ravi Bishnoi",
              "non_striker": "Aniket Verma",
              "runs": {
                "batter": 1,
                "extras": 0,
                "total": 1
              }
            },
            {
              "batter": "Aniket Verma",
              "bowler": "Ravi Bishnoi",
              "non_striker": "Nithish Kumar Reddy",
              "runs": {
                "batter": 6,
                "extras": 0,
                "total": 6
              }
            }
          ]
        },
        {
          "over": 13,
          "deliveries": [
            {
              "batter": "Nithish Kumar Reddy",
              "bowler": "Prince Yadav",
              "non_striker": "Aniket Verma",
              "runs": {
                "batter": 1,
                "extras": 0,
                "total": 1
              }
            },
            {
              "batter": "Aniket Verma",
              "bowler": "Prince Yadav",
              "non_striker": "Nithish Kumar Reddy",
              "runs": {
                "batter": 0,
                "extras": 0,
                "total": 0
              }
            },
            {
              "batter": "Aniket Verma",
              "bowler": "Prince Yadav",
              "non_striker": "Nithish Kumar Reddy",
              "runs": {
                "batter": 2,
                "extras": 0,
                "total": 2
              }
            },
            {
              "batter": "Aniket Verma",
              "bowler": "Prince Yadav",
              "extras": {
                "wides": 1
              },
              "non_striker": "Nithish Kumar Reddy",
              "runs": {
                "batter": 0,
                "extras": 1,
                "total": 1
              }
            },
            {
              "batter": "Aniket Verma",
              "bowler": "Prince Yadav",
              "non_striker": "Nithish Kumar Reddy",
              "runs": {
                "batter": 0,
                "extras": 0,
                "total": 0
              }
            },
            {
              "batter": "Aniket Verma",
              "bowler": "Prince Yadav",
              "non_striker": "Nithish Kumar Reddy",
              "runs": {
                "batter": 1,
                "extras": 0,
                "total": 1
              }
            },
            {
              "batter": "Nithish Kumar Reddy",
              "bowler": "Prince Yadav",
              "non_striker": "Aniket Verma",
              "runs": {
                "batter": 1,
                "extras": 0,
                "total": 1
              }
            }
          ]
        },
        {
          "over": 14,
          "deliveries": [
            {
              "batter": "Nithish Kumar Reddy",
              "bowler": "Ravi Bishnoi",
              "non_striker": "Aniket Verma",
              "runs": {
                "batter": 0,
                "extras": 0,
                "total": 0
              },
              "wickets": [
                {
                  "player_out": "Nithish Kumar Reddy",
                  "kind": "bowled"
                }
              ]
            },
            {
              "batter": "A Manohar",
              "bowler": "Ravi Bishnoi",
              "non_striker": "Aniket Verma",
              "runs": {
                "batter": 0,
                "extras": 0,
                "total": 0
              }
            },
            {
              "batter": "A Manohar",
              "bowler": "Ravi Bishnoi",
              "non_striker": "Aniket Verma",
              "runs": {
                "batter": 1,
                "extras": 0,
                "total": 1
              }
            },
            {
              "batter": "Aniket Verma",
              "bowler": "Ravi Bishnoi",
              "non_striker": "A Manohar",
              "runs": {
                "batter": 6,
                "extras": 0,
                "total": 6
              }
            },
            {
              "batter": "Aniket Verma",
              "bowler": "Ravi Bishnoi",
              "non_striker": "A Manohar",
              "runs": {
                "batter": 6,
                "extras": 0,
                "total": 6
              }
            },
            {
              "batter": "Aniket Verma",
              "bowler": "Ravi Bishnoi",
              "non_striker": "A Manohar",
              "runs": {
                "batter": 2,
                "extras": 0,
                "total": 2
              }
            }
          ]
        },
        {
          "over": 15,
          "deliveries": [
            {
              "batter": "A Manohar",
              "bowler": "DS Rathi",
              "non_striker": "Aniket Verma",
              "runs": {
                "batter": 0,
                "extras": 0,
                "total": 0
              }
            },
            {
              "batter": "A Manohar",
              "bowler": "DS Rathi",
              "non_striker": "Aniket Verma",
              "runs": {
                "batter": 1,
                "extras": 0,
                "total": 1
              }
            },
            {
              "batter": "Aniket Verma",
              "bowler": "DS Rathi",
              "non_striker": "A Manohar",
              "runs": {
                "batter": 0,
                "extras": 0,
                "total": 0
              }
            },
            {
              "batter": "Aniket Verma",
              "bowler": "DS Rathi",
              "non_striker": "A Manohar",
              "runs": {
                "batter": 6,
                "extras": 0,
                "total": 6
              }
            },
            {
              "batter": "Aniket Verma",
              "bowler": "DS Rathi",
              "non_striker": "A Manohar",
              "runs": {
                "batter": 6,
                "extras": 0,
                "total": 6
              }
            },
            {
              "batter": "Aniket Verma",
              "bowler": "DS Rathi",
              "non_striker": "A Manohar",
              "runs": {
                "batter": 0,
                "extras": 0,
                "total": 0
              },
              "wickets": [
                {
                  "player_out": "Aniket Verma",
                  "fielders": [
                    {
                      "name": "DA Miller"
                    }
                  ],
                  "kind": "caught"
                }
              ]
            }
          ]
        },
        {
          "over": 16,
          "deliveries": [
            {
              "batter": "A Manohar",
              "bowler": "SN Thakur",
              "non_striker": "PJ Cummins",
              "runs": {
                "batter": 0,
                "extras": 0,
                "total": 0
              }
            },
            {
              "batter": "A Manohar",
              "bowler": "SN Thakur",
              "non_striker": "PJ Cummins",
              "runs": {
                "batter": 0,
                "extras": 0,
                "total": 0
              },
              "wickets": [
                {
                  "player_out": "A Manohar",
                  "fielders": [
                    {
                      "name": "Abdul Samad"
                    }
                  ],
                  "kind": "caught"
                }
              ]
            },
            {
              "batter": "HV Patel",
              "bowler": "SN Thakur",
              "non_striker": "PJ Cummins",
              "runs": {
                "batter": 0,
                "extras": 0,
                "total": 0
              }
            },
            {
              "batter": "HV Patel",
              "bowler": "SN Thakur",
              "non_striker": "PJ Cummins",
              "runs": {
                "batter": 1,
                "extras": 0,
                "total": 1
              }
            },
            {
              "batter": "PJ Cummins",
              "bowler": "SN Thakur",
              "non_striker": "HV Patel",
              "runs": {
                "batter": 6,
                "extras": 0,
                "total": 6
              }
            },
            {
              "batter": "PJ Cummins",
              "bowler": "SN Thakur",
              "non_striker": "HV Patel",
              "runs": {
                "batter": 6,
                "extras": 0,
                "total": 6
              }
            }
          ]
        },
        {
          "over": 17,
          "deliveries": [
            {
              "batter": "HV Patel",
              "bowler": "Avesh Khan",
              "non_striker": "PJ Cummins",
              "runs": {
                "batter": 1,
                "extras": 0,
                "total": 1
              }
            },
            {
              "batter": "PJ Cummins",
              "bowler": "Avesh Khan",
              "non_striker": "HV Patel",
              "runs": {
                "batter": 6,
                "extras": 0,
                "total": 6
              }
            },
            {
              "batter": "PJ Cummins",
              "bowler": "Avesh Khan",
              "non_striker": "HV Patel",
              "runs": {
                "batter": 0,
                "extras": 0,
                "total": 0
              },
              "wickets": [
                {
                  "player_out": "PJ Cummins",
                  "fielders": [
                    {
                      "name": "DS Rathi"
                    }
                  ],
                  "kind": "caught"
                }
              ]
            },
            {
              "batter": "Mohammed Shami",
              "bowler": "Avesh Khan",
              "non_striker": "HV Patel",
              "runs": {
                "batter": 1,
                "extras": 0,
                "total": 1
              }
            },
            {
              "batter": "HV Patel",
              "bowler": "Avesh Khan",
              "non_striker": "Mohammed Shami",
              "runs": {
                "batter": 2,
                "extras": 0,
                "total": 2
              }
            },
            {
              "batter": "HV Patel",
              "bowler": "Avesh Khan",
              "non_striker": "Mohammed Shami",
              "runs": {
                "batter": 1,
                "extras": 0,
                "total": 1
              }
            }
          ]
        },
        {
          "over": 18,
          "deliveries": [
            {
              "batter": "HV Patel",
              "bowler": "SN Thakur",
              "non_striker": "Mohammed Shami",
              "runs": {
                "batter": 1,
                "extras": 0,
                "total": 1
              }
            },
            {
              "batter": "Mohammed Shami",
              "bowler": "SN Thakur",
              "non_striker": "HV Patel",
              "runs": {
                "batter": 0,
                "extras": 0,
                "total": 0
              }
            },
            {
              "batter": "Mohammed Shami",
              "bowler": "SN Thakur",
              "non_striker": "HV Patel",
              "runs": {
                "batter": 0,
                "extras": 0,
                "total": 0
              },
              "wickets": [
                {
                  "player_out": "Mohammed Shami",
                  "fielders": [
                    {
                      "name": "A Badoni"
                    }
                  ],
                  "kind": "caught"
                }
              ]
            },
            {
              "batter": "Simarjeet Singh",
              "bowler": "SN Thakur",
              "non_striker": "HV Patel",
              "runs": {
                "batter": 1,
                "extras": 0,
                "total": 1
              }
            },
            {
              "batter": "HV Patel",
              "bowler": "SN Thakur",
              "non_striker": "Simarjeet Singh",
              "runs": {
                "batter": 1,
                "extras": 0,
                "total": 1
              }
            },
            {
              "batter": "Simarjeet Singh",
              "bowler": "SN Thakur",
              "non_striker": "HV Patel",
              "runs": {
                "batter": 0,
                "extras": 0,
                "total": 0
              }
            }
          ]
        },
        {
          "over": 19,
          "deliveries": [
            {
              "batter": "HV Patel",
              "bowler": "Avesh Khan",
              "non_striker": "Simarjeet Singh",
              "runs": {
                "batter": 1,
                "extras": 0,
                "total": 1
              }
            },
            {
              "batter": "Simarjeet Singh",
              "bowler": "Avesh Khan",
              "non_striker": "HV Patel",
              "runs": {
                "batter": 1,
                "extras": 0,
                "total": 1
              }
            },
            {
              "batter": "HV Patel",
              "bowler": "Avesh Khan",
              "non_striker": "Simarjeet Singh",
              "runs": {
                "batter": 1,
                "extras": 0,
                "total": 1
              }
            },
            {
              "batter": "Simarjeet Singh",
              "bowler": "Avesh Khan",
              "non_striker": "HV Patel",
              "runs": {
                "batter": 1,
                "extras": 0,
                "total": 1
              }
            },
            {
              "batter": "HV Patel",
              "bowler": "Avesh Khan",
              "non_striker": "Simarjeet Singh",
              "runs": {
                "batter": 2,
                "extras": 0,
                "total": 2
              }
            },
            {
              "batter": "HV Patel",
              "bowler": "Avesh Khan",
              "non_striker": "Simarjeet Singh",
              "runs": {
                "batter": 1,
                "extras": 0,
                "total": 1
              }
            }
          ]
        }
      ],
      "powerplays": [
        {
          "from": 0.1,
          "to": 5.6,
          "type": "mandatory"
        }
      ]
    },
    {
      "team": "Lucknow Super Giants",
      "overs": [
        {
          "over": 0,
          "deliveries": [
            {
              "batter": "MR Marsh",
              "bowler": "Abhishek Sharma",
              "non_striker": "AK Markram",
              "replacements": {
                "match": [
                  {
                    "in": "MR Marsh",
                    "out": "DS Rathi",
                    "team": "Lucknow Super Giants",
                    "reason": "impact_player"
                  }
                ]
              },
              "runs": {
                "batter": 1,
                "extras": 0,
                "total": 1
              }
            },
            {
              "batter": "AK Markram",
              "bowler": "Abhishek Sharma",
              "non_striker": "MR Marsh",
              "runs": {
                "batter": 1,
                "extras": 0,
                "total": 1
              }
            },
            {
              "batter": "MR Marsh",
              "bowler": "Abhishek Sharma",
              "non_striker": "AK Markram",
              "runs": {
                "batter": 0,
                "extras": 0,
                "total": 0
              }
            },
            {
              "batter": "MR Marsh",
              "bowler": "Abhishek Sharma",
              "non_striker": "AK Markram",
              "runs": {
                "batter": 1,
                "extras": 0,
                "total": 1
              }
            },
            {
              "batter": "AK Markram",
              "bowler": "Abhishek Sharma",
              "non_striker": "MR Marsh",
              "runs": {
                "batter": 0,
                "extras": 0,
                "total": 0
              }
            },
            {
              "batter": "AK Markram",
              "bowler": "Abhishek Sharma",
              "non_striker": "MR Marsh",
              "runs": {
                "batter": 0,
                "extras": 0,
                "total": 0
              }
            }
          ]
        },
        {
          "over": 1,
          "deliveries": [
            {
              "batter": "MR Marsh",
              "bowler": "Mohammed Shami",
              "non_striker": "AK Markram",
              "runs": {
                "batter": 0,
                "extras": 0,
                "total": 0
              }
            },
            {
              "batter": "MR Marsh",
              "bowler": "Mohammed Shami",
              "non_striker": "AK Markram",
              "runs": {
                "batter": 1,
                "extras": 0,
                "total": 1
              }
            },
            {
              "batter": "AK Markram",
              "bowler": "Mohammed Shami",
              "non_striker": "MR Marsh",
              "runs": {
                "batter": 0,
                "extras": 0,
                "total": 0
              },
              "wickets": [
                {
                  "player_out": "AK Markram",
                  "fielders": [
                    {
                      "name": "PJ Cummins"
                    }
                  ],
                  "kind": "caught"
                }
              ]
            },
            {
              "batter": "N Pooran",
              "bowler": "Mohammed Shami",
              "extras": {
                "wides": 5
              },
              "non_striker": "MR Marsh",
              "runs": {
                "batter": 0,
                "extras": 5,
                "total": 5
              }
            },
            {
              "batter": "N Pooran",
              "bowler": "Mohammed Shami",
              "non_striker": "MR Marsh",
              "runs": {
                "batter": 1,
                "extras": 0,
                "total": 1
              }
            },
            {
              "batter": "MR Marsh",
              "bowler": "Mohammed Shami",
              "non_striker": "N Pooran",
              "runs": {
                "batter": 4,
                "extras": 0,
                "total": 4
              }
            },
            {
              "batter": "MR Marsh",
              "bowler": "Mohammed Shami",
              "non_striker": "N Pooran",
              "runs": {
                "batter": 0,
                "extras": 0,
                "total": 0
              }
            }
          ]
        },
        {
          "over": 2,
          "deliveries": [
            {
              "batter": "N Pooran",
              "bowler": "Simarjeet Singh",
              "non_striker": "MR Marsh",
              "runs": {
                "batter": 4,
                "extras": 0,
                "total": 4
              }
            },
            {
              "batter": "N Pooran",
              "bowler": "Simarjeet Singh",
              "non_striker": "MR Marsh",
              "runs": {
                "batter": 0,
                "extras": 0,
                "total": 0
              }
            },
            {
              "batter": "N Pooran",
              "bowler": "Simarjeet Singh",
              "non_striker": "MR Marsh",
              "runs": {
                "batter": 0,
                "extras": 0,
                "total": 0
              }
            },
            {
              "batter": "N Pooran",
              "bowler": "Simarjeet Singh",
              "non_striker": "MR Marsh",
              "runs": {
                "batter": 6,
                "extras": 0,
                "total": 6
              }
            },
            {
              "batter": "N Pooran",
              "bowler": "Simarjeet Singh",
              "non_striker": "MR Marsh",
              "runs": {
                "batter": 6,
                "extras": 0,
                "total": 6
              }
            },
            {
              "batter": "N Pooran",
              "bowler": "Simarjeet Singh",
              "non_striker": "MR Marsh",
              "runs": {
                "batter": 1,
                "extras": 0,
                "total": 1
              }
            }
          ]
        },
        {
          "over": 3,
          "deliveries": [
            {
              "batter": "N Pooran",
              "bowler": "Mohammed Shami",
              "non_striker": "MR Marsh",
              "runs": {
                "batter": 4,
                "extras": 0,
                "total": 4
              }
            },
            {
              "batter": "N Pooran",
              "bowler": "Mohammed Shami",
              "non_striker": "MR Marsh",
              "runs": {
                "batter": 1,
                "extras": 0,
                "total": 1
              }
            },
            {
              "batter": "MR Marsh",
              "bowler": "Mohammed Shami",
              "non_striker": "N Pooran",
              "runs": {
                "batter": 6,
                "extras": 0,
                "total": 6
              }
            },
            {
              "batter": "MR Marsh",
              "bowler": "Mohammed Shami",
              "non_striker": "N Pooran",
              "runs": {
                "batter": 0,
                "extras": 0,
                "total": 0
              }
            },
            {
              "batter": "MR Marsh",
              "bowler": "Mohammed Shami",
              "non_striker": "N Pooran",
              "runs": {
                "batter": 6,
                "extras": 0,
                "total": 6
              }
            },
            {
              "batter": "MR Marsh",
              "bowler": "Mohammed Shami",
              "extras": {
                "legbyes": 1
              },
              "non_striker": "N Pooran",
              "runs": {
                "batter": 0,
                "extras": 1,
                "total": 1
              }
            }
          ]
        },
        {
          "over": 4,
          "deliveries": [
            {
              "batter": "MR Marsh",
              "bowler": "Abhishek Sharma",
              "non_striker": "N Pooran",
              "runs": {
                "batter": 0,
                "extras": 0,
                "total": 0
              }
            },
            {
              "batter": "MR Marsh",
              "bowler": "Abhishek Sharma",
              "non_striker": "N Pooran",
              "runs": {
                "batter": 4,
                "extras": 0,
                "total": 4
              }
            },
            {
              "batter": "MR Marsh",
              "bowler": "Abhishek Sharma",
              "non_striker": "N Pooran",
              "runs": {
                "batter": 0,
                "extras": 0,
                "total": 0
              }
            },
            {
              "batter": "MR Marsh",
              "bowler": "Abhishek Sharma",
              "non_striker": "N Pooran",
              "runs": {
                "batter": 1,
                "extras": 0,
                "total": 1
              }
            },
            {
              "batter": "N Pooran",
              "bowler": "Abhishek Sharma",
              "non_striker": "MR Marsh",
              "runs": {
                "batter": 6,
                "extras": 0,
                "total": 6
              }
            },
            {
              "batter": "N Pooran",
              "bowler": "Abhishek Sharma",
              "non_striker": "MR Marsh",
              "runs": {
                "batter": 6,
                "extras": 0,
                "total": 6
              }
            }
          ]
        },
        {
          "over": 5,
          "deliveries": [
            {
              "batter": "MR Marsh",
              "bowler": "PJ Cummins",
              "non_striker": "N Pooran",
              "runs": {
                "batter": 1,
                "extras": 0,
                "total": 1
              }
            },
            {
              "batter": "N Pooran",
              "bowler": "PJ Cummins",
              "non_striker": "MR Marsh",
              "runs": {
                "batter": 4,
                "extras": 0,
                "total": 4
              }
            },
            {
              "batter": "N Pooran",
              "bowler": "PJ Cummins",
              "non_striker": "MR Marsh",
              "runs": {
                "batter": 0,
                "extras": 0,
                "total": 0
              }
            },
            {
              "batter": "N Pooran",
              "bowler": "PJ Cummins",
              "non_striker": "MR Marsh",
              "runs": {
                "batter": 4,
                "extras": 0,
                "total": 4
              }
            },
            {
              "batter": "N Pooran",
              "bowler": "PJ Cummins",
              "extras": {
                "wides": 1
              },
              "non_striker": "MR Marsh",
              "runs": {
                "batter": 0,
                "extras": 1,
                "total": 1
              }
            },
            {
              "batter": "N Pooran",
              "bowler": "PJ Cummins",
              "non_striker": "MR Marsh",
              "runs": {
                "batter": 0,
                "extras": 0,
                "total": 0
              }
            },
            {
              "batter": "N Pooran",
              "bowler": "PJ Cummins",
              "non_striker": "MR Marsh",
              "runs": {
                "batter": 1,
                "extras": 0,
                "total": 1
              }
            }
          ]
        },
        {
          "over": 6,
          "deliveries": [
            {
              "batter": "N Pooran",
              "bowler": "A Zampa",
              "non_striker": "MR Marsh",
              "replacements": {
                "match": [
                  {
                    "in": "A Zampa",
                    "out": "TM Head",
                    "team": "Sunrisers Hyderabad",
                    "reason": "impact_player"
                  }
                ]
              },
              "runs": {
                "batter": 1,
                "extras": 0,
                "total": 1
              }
            },
            {
              "batter": "MR Marsh",
              "bowler": "A Zampa",
              "non_striker": "N Pooran",
              "runs": {
                "batter": 1,
                "extras": 0,
                "total": 1
              }
            },
            {
              "batter": "N Pooran",
              "bowler": "A Zampa",
              "non_striker": "MR Marsh",
              "runs": {
                "batter": 6,
                "extras": 0,
                "total": 6
              }
            },
            {
              "batter": "N Pooran",
              "bowler": "A Zampa",
              "extras": {
                "wides": 1
              },
              "non_striker": "MR Marsh",
              "runs": {
                "batter": 0,
                "extras": 1,
                "total": 1
              }
            },
            {
              "batter": "N Pooran",
              "bowler": "A Zampa",
              "non_striker": "MR Marsh",
              "runs": {
                "batter": 6,
                "extras": 0,
                "total": 6
              }
            },
            {
              "batter": "N Pooran",
              "bowler": "A Zampa",
              "non_striker": "MR Marsh",
              "runs": {
                "batter": 4,
                "extras": 0,
                "total": 4
              }
            },
            {
              "batter": "N Pooran",
              "bowler": "A Zampa",
              "non_striker": "MR Marsh",
              "runs": {
                "batter": 0,
                "extras": 0,
                "total": 0
              }
            }
          ]
        },
        {
          "over": 7,
          "deliveries": [
            {
              "batter": "MR Marsh",
              "bowler": "HV Patel",
              "non_striker": "N Pooran",
              "runs": {
                "batter": 1,
                "extras": 0,
                "total": 1
              }
            },
            {
              "batter": "N Pooran",
              "bowler": "HV Patel",
              "non_striker": "MR Marsh",
              "runs": {
                "batter": 1,
                "extras": 0,
                "total": 1
              }
            },
            {
              "batter": "MR Marsh",
              "bowler": "HV Patel",
              "non_striker": "N Pooran",
              "runs": {
                "batter": 4,
                "extras": 0,
                "total": 4
              }
            },
            {
              "batter": "MR Marsh",
              "bowler": "HV Patel",
              "extras": {
                "wides": 1
              },
              "non_striker": "N Pooran",
              "runs": {
                "batter": 0,
                "extras": 1,
                "total": 1
              }
            },
            {
              "batter": "MR Marsh",
              "bowler": "HV Patel",
              "non_striker": "N Pooran",
              "runs": {
                "batter": 1,
                "extras": 0,
                "total": 1
              }
            },
            {
              "batter": "N Pooran",
              "bowler": "HV Patel",
              "extras": {
                "wides": 1
              },
              "non_striker": "MR Marsh",
              "runs": {
                "batter": 0,
                "extras": 1,
                "total": 1
              }
            },
            {
              "batter": "N Pooran",
              "bowler": "HV Patel",
              "extras": {
                "wides": 1
              },
              "non_striker": "MR Marsh",
              "runs": {
                "batter": 0,
                "extras": 1,
                "total": 1
              }
            },
            {
              "batter": "N Pooran",
              "bowler": "HV Patel",
              "non_striker": "MR Marsh",
              "runs": {
                "batter": 4,
                "extras": 0,
                "total": 4
              }
            },
            {
              "batter": "N Pooran",
              "bowler": "HV Patel",
              "non_striker": "MR Marsh",
              "runs": {
                "batter": 1,
                "extras": 0,
                "total": 1
              }
            }
          ]
        },
        {
          "over": 8,
          "deliveries": [
            {
              "batter": "N Pooran",
              "bowler": "PJ Cummins",
              "non_striker": "MR Marsh",
              "runs": {
                "batter": 3,
                "extras": 0,
                "total": 3
              }
            },
            {
              "batter": "MR Marsh",
              "bowler": "PJ Cummins",
              "extras": {
                "wides": 1
              },
              "non_striker": "N Pooran",
              "runs": {
                "batter": 0,
                "extras": 1,
                "total": 1
              }
            },
            {
              "batter": "MR Marsh",
              "bowler": "PJ Cummins",
              "non_striker": "N Pooran",
              "runs": {
                "batter": 4,
                "extras": 0,
                "total": 4
              }
            },
            {
              "batter": "MR Marsh",
              "bowler": "PJ Cummins",
              "non_striker": "N Pooran",
              "runs": {
                "batter": 1,
                "extras": 0,
                "total": 1
              }
            },
            {
              "batter": "N Pooran",
              "bowler": "PJ Cummins",
              "non_striker": "MR Marsh",
              "review": {
                "by": "Lucknow Super Giants",
                "umpire": "UV Gandhe",
                "batter": "N Pooran",
                "decision": "struck down",
                "type": "wicket"
              },
              "runs": {
                "batter": 0,
                "extras": 0,
                "total": 0
              },
              "wickets": [
                {
                  "player_out": "N Pooran",
                  "kind": "lbw"
                }
              ]
            },
            {
              "batter": "RR Pant",
              "bowler": "PJ Cummins",
              "non_striker": "MR Marsh",
              "runs": {
                "batter": 0,
                "extras": 0,
                "total": 0
              }
            },
            {
              "batter": "RR Pant",
              "bowler": "PJ Cummins",
              "non_striker": "MR Marsh",
              "runs": {
                "batter": 0,
                "extras": 0,
                "total": 0
              }
            }
          ]
        },
        {
          "over": 9,
          "deliveries": [
            {
              "batter": "MR Marsh",
              "bowler": "A Zampa",
              "non_striker": "RR Pant",
              "runs": {
                "batter": 4,
                "extras": 0,
                "total": 4
              }
            },
            {
              "batter": "MR Marsh",
              "bowler": "A Zampa",
              "non_striker": "RR Pant",
              "runs": {
                "batter": 1,
                "extras": 0,
                "total": 1
              }
            },
            {
              "batter": "RR Pant",
              "bowler": "A Zampa",
              "non_striker": "MR Marsh",
              "runs": {
                "batter": 1,
                "extras": 0,
                "total": 1
              }
            },
            {
              "batter": "MR Marsh",
              "bowler": "A Zampa",
              "non_striker": "RR Pant",
              "runs": {
                "batter": 1,
                "extras": 0,
                "total": 1
              }
            },
            {
              "batter": "RR Pant",
              "bowler": "A Zampa",
              "non_striker": "MR Marsh",
              "runs": {
                "batter": 1,
                "extras": 0,
                "total": 1
              }
            },
            {
              "batter": "MR Marsh",
              "bowler": "A Zampa",
              "non_striker": "RR Pant",
              "runs": {
                "batter": 1,
                "extras": 0,
                "total": 1
              }
            }
          ]
        },
        {
          "over": 10,
          "deliveries": [
            {
              "batter": "MR Marsh",
              "bowler": "PJ Cummins",
              "non_striker": "RR Pant",
              "runs": {
                "batter": 0,
                "extras": 0,
                "total": 0
              }
            },
            {
              "batter": "MR Marsh",
              "bowler": "PJ Cummins",
              "extras": {
                "wides": 1
              },
              "non_striker": "RR Pant",
              "runs": {
                "batter": 0,
                "extras": 1,
                "total": 1
              }
            },
            {
              "batter": "MR Marsh",
              "bowler": "PJ Cummins",
              "non_striker": "RR Pant",
              "runs": {
                "batter": 4,
                "extras": 0,
                "total": 4
              }
            },
            {
              "batter": "MR Marsh",
              "bowler": "PJ Cummins",
              "non_striker": "RR Pant",
              "runs": {
                "batter": 4,
                "extras": 0,
                "total": 4
              }
            },
            {
              "batter": "MR Marsh",
              "bowler": "PJ Cummins",
              "non_striker": "RR Pant",
              "runs": {
                "batter": 0,
                "extras": 0,
                "total": 0
              }
            },
            {
              "batter": "MR Marsh",
              "bowler": "PJ Cummins",
              "non_striker": "RR Pant",
              "runs": {
                "batter": 0,
                "extras": 0,
                "total": 0
              },
              "wickets": [
                {
                  "player_out": "MR Marsh",
                  "fielders": [
                    {
                      "name": "Nithish Kumar Reddy"
                    }
                  ],
                  "kind": "caught"
                }
              ]
            },
            {
              "batter": "A Badoni",
              "bowler": "PJ Cummins",
              "non_striker": "RR Pant",
              "runs": {
                "batter": 0,
                "extras": 0,
                "total": 0
              }
            }
          ]
        },
        {
          "over": 11,
          "deliveries": [
            {
              "batter": "RR Pant",
              "bowler": "Simarjeet Singh",
              "non_striker": "A Badoni",
              "runs": {
                "batter": 6,
                "extras": 0,
                "total": 6
              }
            },
            {
              "batter": "RR Pant",
              "bowler": "Simarjeet Singh",
              "non_striker": "A Badoni",
              "runs": {
                "batter": 0,
                "extras": 0,
                "total": 0
              }
            },
            {
              "batter": "RR Pant",
              "bowler": "Simarjeet Singh",
              "non_striker": "A Badoni",
              "runs": {
                "batter": 0,
                "extras": 0,
                "total": 0
              }
            },
            {
              "batter": "RR Pant",
              "bowler": "Simarjeet Singh",
              "non_striker": "A Badoni",
              "runs": {
                "batter": 1,
                "extras": 0,
                "total": 1
              }
            },
            {
              "batter": "A Badoni",
              "bowler": "Simarjeet Singh",
              "non_striker": "RR Pant",
              "runs": {
                "batter": 4,
                "extras": 0,
                "total": 4
              }
            },
            {
              "batter": "A Badoni",
              "bowler": "Simarjeet Singh",
              "non_striker": "RR Pant",
              "runs": {
                "batter": 0,
                "extras": 0,
                "total": 0
              }
            }
          ]
        },
        {
          "over": 12,
          "deliveries": [
            {
              "batter": "RR Pant",
              "bowler": "A Zampa",
              "non_striker": "A Badoni",
              "runs": {
                "batter": 1,
                "extras": 0,
                "total": 1
              }
            },
            {
              "batter": "A Badoni",
              "bowler": "A Zampa",
              "non_striker": "RR Pant",
              "runs": {
                "batter": 1,
                "extras": 0,
                "total": 1
              }
            },
            {
              "batter": "RR Pant",
              "bowler": "A Zampa",
              "non_striker": "A Badoni",
              "runs": {
                "batter": 1,
                "extras": 0,
                "total": 1
              }
            },
            {
              "batter": "A Badoni",
              "bowler": "A Zampa",
              "non_striker": "RR Pant",
              "runs": {
                "batter": 1,
                "extras": 0,
                "total": 1
              }
            },
            {
              "batter": "RR Pant",
              "bowler": "A Zampa",
              "non_striker": "A Badoni",
              "runs": {
                "batter": 1,
                "extras": 0,
                "total": 1
              }
            },
            {
              "batter": "A Badoni",
              "bowler": "A Zampa",
              "non_striker": "RR Pant",
              "runs": {
                "batter": 0,
                "extras": 0,
                "total": 0
              },
              "wickets": [
                {
                  "player_out": "A Badoni",
                  "fielders": [
                    {
                      "name": "HV Patel"
                    }
                  ],
                  "kind": "caught"
                }
              ]
            }
          ]
        },
        {
          "over": 13,
          "deliveries": [
            {
              "batter": "RR Pant",
              "bowler": "Mohammed Shami",
              "non_striker": "DA Miller",
              "runs": {
                "batter": 1,
                "extras": 0,
                "total": 1
              }
            },
            {
              "batter": "DA Miller",
              "bowler": "Mohammed Shami",
              "non_striker": "RR Pant",
              "runs": {
                "batter": 1,
                "extras": 0,
                "total": 1
              }
            },
            {
              "batter": "RR Pant",
              "bowler": "Mohammed Shami",
              "non_striker": "DA Miller",
              "runs": {
                "batter": 1,
                "extras": 0,
                "total": 1
              }
            },
            {
              "batter": "DA Miller",
              "bowler": "Mohammed Shami",
              "non_striker": "RR Pant",
              "runs": {
                "batter": 4,
                "extras": 0,
                "total": 4
              }
            },
            {
              "batter": "DA Miller",
              "bowler": "Mohammed Shami",
              "non_striker": "RR Pant",
              "runs": {
                "batter": 1,
                "extras": 0,
                "total": 1
              }
            },
            {
              "batter": "RR Pant",
              "bowler": "Mohammed Shami",
              "non_striker": "DA Miller",
              "runs": {
                "batter": 1,
                "extras": 0,
                "total": 1
              }
            }
          ]
        },
        {
          "over": 14,
          "deliveries": [
            {
              "batter": "RR Pant",
              "bowler": "HV Patel",
              "extras": {
                "wides": 1
              },
              "non_striker": "DA Miller",
              "runs": {
                "batter": 0,
                "extras": 1,
                "total": 1
              }
            },
            {
              "batter": "RR Pant",
              "bowler": "HV Patel",
              "non_striker": "DA Miller",
              "runs": {
                "batter": 0,
                "extras": 0,
                "total": 0
              },
              "wickets": [
                {
                  "player_out": "RR Pant",
                  "fielders": [
                    {
                      "name": "Mohammed Shami"
                    }
                  ],
                  "kind": "caught"
                }
              ]
            },
            {
              "batter": "Abdul Samad",
              "bowler": "HV Patel",
              "non_striker": "DA Miller",
              "runs": {
                "batter": 1,
                "extras": 0,
                "total": 1
              }
            },
            {
              "batter": "DA Miller",
              "bowler": "HV Patel",
              "non_striker": "Abdul Samad",
              "runs": {
                "batter": 1,
                "extras": 0,
                "total": 1
              }
            },
            {
              "batter": "Abdul Samad",
              "bowler": "HV Patel",
              "non_striker": "DA Miller",
              "runs": {
                "batter": 4,
                "extras": 0,
                "total": 4
              }
            },
            {
              "batter": "Abdul Samad",
              "bowler": "HV Patel",
              "non_striker": "DA Miller",
              "runs": {
                "batter": 0,
                "extras": 0,
                "total": 0
              }
            },
            {
              "batter": "Abdul Samad",
              "bowler": "HV Patel",
              "non_striker": "DA Miller",
              "runs": {
                "batter": 6,
                "extras": 0,
                "total": 6
              }
            }
          ]
        },
        {
          "over": 15,
          "deliveries": [
            {
              "batter": "DA Miller",
              "bowler": "A Zampa",
              "non_striker": "Abdul Samad",
              "runs": {
                "batter": 1,
                "extras": 0,
                "total": 1
              }
            },
            {
              "batter": "Abdul Samad",
              "bowler": "A Zampa",
              "non_striker": "DA Miller",
              "runs": {
                "batter": 6,
                "extras": 0,
                "total": 6
              }
            },
            {
              "batter": "Abdul Samad",
              "bowler": "A Zampa",
              "non_striker": "DA Miller",
              "runs": {
                "batter": 4,
                "extras": 0,
                "total": 4
              }
            },
            {
              "batter": "Abdul Samad",
              "bowler": "A Zampa",
              "non_striker": "DA Miller",
              "runs": {
                "batter": 1,
                "extras": 0,
                "total": 1
              }
            },
            {
              "batter": "DA Miller",
              "bowler": "A Zampa",
              "non_striker": "Abdul Samad",
              "runs": {
                "batter": 1,
                "extras": 0,
                "total": 1
              }
            },
            {
              "batter": "Abdul Samad",
              "bowler": "A Zampa",
              "non_striker": "DA Miller",
              "runs": {
                "batter": 0,
                "extras": 0,
                "total": 0
              }
            }
          ]
        },
        {
          "over": 16,
          "deliveries": [
            {
              "batter": "DA Miller",
              "bowler": "Ishan Kishan",
              "non_striker": "Abdul Samad",
              "runs": {
                "batter": 4,
                "extras": 0,
                "total": 4
              }
            }
          ]
        }
      ],
      "powerplays": [
        {
          "from": 0.1,
          "to": 5.7,
          "type": "mandatory"
        }
      ],
      "target": {
        "overs": 20,
        "runs": 191
      }
    }
  ]
}